 7.4      0.700       0.00       1.90      0.076       11.0       34.0     0.9978       3.51       0.56        9.4          0
 0.0      2.600       0.10      25.00     67.000        1.0        3.2     0.6800       9.80       2.00        0.0          2
 0.1     15.000      54.00       1.00      3.300        0.7        9.8     1.0000      11.20       0.00        1.9         17
60.0      0.998       3.20       0.60      9.800        2.0        7.4     0.7000       1.00       0.10       13.0          1
 3.5      0.600       9.40       0.00      7.900        0.6        0.1     0.0000      15.00      59.00        1.0          0
 9.4      1.000       7.30       0.65      0.000        1.2       15.0    21.0000       1.00       3.39        0.5          0
 7.8      0.580       0.02       2.00      0.100       18.0        1.0     3.3600       0.57       9.50        0.0          0
 0.4      6.100       0.07      17.00      0.000        3.4        0.8    10.5000       0.00       6.70        0.6          1
 0.1     15.000      65.00       3.00      0.500        9.2        1.0     5.6000       0.61       0.00        1.6         16
59.0      1.000       0.00       9.90      0.000        7.8        0.6     0.2900       1.60       0.10        9.0          1
 3.3      9.000       1.00       8.90      0.620        0.2        3.8     0.2000      52.00     145.00        1.0          0
 2.0      8.900       0.62       0.19      3.900        0.2       51.0   148.0000       1.00       3.17        0.9          8
 0.3      0.560       1.80       0.09     35.000      103.0        1.0     3.3000       0.75      10.50        1.0          0
 1.7      0.370      16.00      56.00      1.000        3.1        1.3     9.3000       3.00       7.40        0.0          0
 6.0     29.000       1.00       3.40      0.500        9.0        0.0     7.9000       0.30       1.00        0.3         56
 1.0      3.040       1.10       9.20      3.000        8.9        0.2     0.5000       0.00      29.00       60.0          3
 0.5      9.400       0.00       7.60      0.390        0.3        2.3    23.0000      71.00       1.00        3.5          9
 0.0      7.900       0.43       0.21      1.600        0.1       37.0     1.0000       3.17       0.91        9.5          8
 0.5      0.110       2.30       0.08      9.000        0.0        3.2     0.5300       9.40       2.00        6.9          0
 2.4      0.090      21.00      40.00      3.000        0.6        9.7     0.0000       6.30       0.39        0.2          0
11.0     23.000       1.00       0.00      9.300        0.0        7.6     0.4100       0.24       1.80        0.1         11
 1.0      3.300       9.00       1.00      7.100        0.7        0.0     1.9000       0.10      14.00       35.0          3
 0.6      0.000       7.80       0.65      0.000        2.0        0.1     8.0000      16.00       1.00        3.4          9
 6.0      0.700       0.07       2.40      0.090       17.0       82.0     1.0000       3.35       0.54       10.1          0
 0.0      2.500       0.11      22.00     37.000        1.0        3.5     0.5700      10.60       0.00        8.3          2
 0.1     15.000     113.00       1.00      3.200        0.7        9.8     2.0000       6.90       0.60       10.0         40
83.0      1.000       3.45       0.50      9.400        0.0        5.2     0.3200       0.30       0.00       13.0          1
 3.4      0.550       9.20       0.00      7.800        0.7        0.0     5.5000       5.00      18.00        1.0          0
 9.6      0.000       7.80       0.60      0.140        2.4        0.1    15.0000       1.00       3.42        0.6          0
 8.1      0.400       0.28       2.10      0.070       13.0        0.0     3.2000       0.73       9.70        1.0          1
 0.1      1.500       0.17       7.00     19.000        3.0        0.5     9.8000       0.00       7.30        0.5          5
 0.1     12.000      87.00       1.00      0.000       10.5        0.0     8.8000       0.61       0.30        2.8         17
46.0      1.000       3.30       9.00      1.000        7.5        0.5     0.2000       2.60       0.30        8.0          1
 3.2      0.900       2.00       8.10      0.660        0.2        2.2     0.0690       9.00      23.00        1.0          1
10.3      6.000       0.70       0.02      1.800        0.1        5.0    11.0000       1.00       3.48        0.5          0
 0.0      0.100       2.10       0.05      8.000       65.0        1.0     3.9000       0.56      13.10        0.0          0
 2.2      0.114      22.00     114.00      0.997        3.3        0.7     9.2000       1.00       8.70        0.3          0
12.0     37.000       1.00       3.25      0.600        9.5        1.0     6.4000       0.40       0.20        0.0         12
 1.0      3.340       0.56       9.20      0.000        5.6        0.3     0.3700       1.40      12.00       96.0          3
 0.6      9.200       1.00       8.80      0.660        0.3        1.7     0.1000      23.00       1.00        3.1          9
 2.0      6.600       0.50       0.04      2.200        0.1        8.0     0.0000       3.40       0.63        9.4          6
 0.5      0.000       2.10       0.07      6.000       14.0        3.0     0.6000       9.40       0.00        8.6          0
 3.0      0.081      30.00     119.00      1.000        0.0        9.4     2.0000       7.60       0.51        0.1          0
33.0     73.000       1.00       3.20     10.000        2.0        7.7     0.6200       0.04       3.80        0.1         45
 1.0      3.340       0.50       0.00     10.200        0.4        0.6     3.4000       0.07       4.00       10.0          3
 0.6      9.600       7.00       0.60      0.120        5.1        0.1    50.0000     110.00       1.00        3.3          9
 1.0      0.000       0.20       2.30      0.080       17.0       54.0     1.0000       3.40       0.59       10.0          7
 0.0      2.400       0.07       9.00     46.000        1.0        3.4     0.5000       9.40       0.00        8.8          2
 0.1     19.000      52.00       1.00      3.440        0.6        9.2     0.0000       7.70       0.69        0.5         20
112.0      1.000       3.21       0.71      9.300        2.0        7.5     0.5200       0.16       1.90       12.0          0
 3.4      0.620       9.50       0.00      7.000        0.7        0.1     2.0000       0.10      54.00        1.0          0
 9.8      0.000       7.20       0.70      0.050        4.7        0.1     4.0000       0.00       3.40        0.4          0
 7.5      0.500       0.10       1.50      0.080       11.0       39.0     3.0000       0.60       9.60        0.0          0
 0.1      1.600       0.08       6.00     15.000        1.0        0.0    10.7000       0.00       9.30        0.3          2
 0.1     27.000      65.00       1.00      3.300       10.0        1.0     8.0000       0.70       0.05        1.9          8
19.0      1.000       3.34       0.90      0.000        7.7        0.6     0.0800       1.90       0.08       15.0          0
 3.3      0.540       9.50       7.00      0.700        0.2        2.1     0.0900      17.00      96.00        1.0          0
 9.5      1.000       0.00       0.20      1.900        0.1       18.0    94.0000       1.00       3.30        0.5          1
 8.3      0.000       2.10       0.08     11.000       43.0        1.0     3.3000       0.50       9.20        1.0          0
 2.0      0.100      28.00      83.00      1.000        3.3        0.8     9.6000       1.00       8.80        0.4          0
 9.0     42.000       1.00       3.54      0.660       10.5        0.0     6.8000       0.79       0.00        2.4         30
 1.0      3.520       0.55      10.70      0.000        6.7        0.8     0.1200       2.00       0.10       80.0          3
 0.5     10.100       0.00       8.30      0.600        0.2        1.5     0.0800      27.00       0.00        3.2          9
 2.0      6.200       0.50       0.20      1.600        0.1        3.0    15.0000       3.00       0.60        9.2          7
 0.4      0.700       1.90       0.46     22.000       67.0        1.0     1.0000       9.40       2.00        7.4          0
 2.0      0.100      21.00      73.00      1.000        3.4        9.0     0.0000       7.30       0.67        0.3          0
16.0     51.000       1.00       3.16      1.100        2.0        6.3     0.3000       0.48       1.80        0.1         61
 1.0      3.440       0.78      10.30      6.000        0.6        0.1     2.2000       0.08      19.00       40.0          3
 0.6     10.100       0.00       0.00      0.300        1.9        0.1    20.0000     136.00       1.00        2.9          9
 3.0      7.700       0.00       1.90      0.062        9.0       31.0     0.9970       3.40       0.60        9.6          9
 0.4      2.000       0.10      34.00    125.000        1.0        3.1     1.2000       9.50       2.00        7.0          0
 0.0      8.000      24.00       1.00      3.480        0.5        9.0     0.0000       7.90       0.52        0.3         42
140.0      0.996       3.23       0.54      9.500        1.0        8.6     0.4900       0.29       2.00        0.1          1
 2.9      1.980       9.80       3.00      5.000        1.0        0.0     1.4000       0.04      41.00        0.0          0
10.5      0.000       4.70       0.60      0.200        2.3        0.1    17.0000     106.00       3.00        0.6          0
 6.8      0.775       0.00       3.00      0.102        8.0       23.0     1.0000       0.00      10.70        0.0          0
 0.3      2.000       0.10       3.00     22.000        1.0        3.3     9.0000       1.00       7.60        0.9          2
 0.1      5.000      10.00       1.00      3.390        0.6        0.0     8.1000       0.55       0.18        1.9         13
35.0      0.997       3.30       0.59      9.000        8.0        0.6     0.3000       2.10       0.08       11.0          1
 3.4      0.610      10.20       0.00      0.000        0.3        1.9     0.0700       8.00      22.00        1.0          0
10.4      1.000       8.10       0.00      2.100        0.1       12.0    65.0000       1.00       3.30        0.5          1
 7.2      0.500       2.00       0.10      5.000       36.0        1.0     3.3300       0.50       9.40        0.0          0
 0.7      0.000      18.00      69.00      1.000        3.1        1.3     9.3000       3.00       6.20        0.6          1
15.0     64.000       1.00       3.46      0.790        9.3        0.0     8.0000       0.33       0.53        2.5         80
 1.0      3.370       0.80       9.60      0.000        8.1        0.8     0.5200       2.00       0.12       37.0          3
 0.7      9.300       2.00       7.80      0.600        0.2        1.8     0.1000      12.00      47.00        3.0          9
 2.0      8.400       0.62       0.10      2.200        0.1       11.0   108.0000       1.00       0.00        9.8          8
 0.6      0.100       2.20       0.10     14.000      111.0        1.0     3.1000       9.00       2.00       10.1          0
 2.3      0.100      22.00      46.00      1.000        3.3        0.7     1.0000       9.40       0.40        0.3          0
13.0     62.000       1.00       3.07      0.630       10.5        8.0     0.5000       0.28       1.90        0.1         40
 1.0      3.390       0.61      10.00      0.000        0.0        0.1     2.0000       0.08       7.00       28.0          3
 0.5      9.400       0.00       8.80      0.000        2.2        0.1    14.0000      56.00       1.00        3.2         10
 2.0      7.000       0.70       1.00      0.100       22.0       89.0     1.0000       3.34       0.50        9.2          7
 1.1      0.100       0.00      10.00     89.000        1.0        3.3     0.5700       9.00       1.00        7.3          0
 2.5      3.000      13.00       1.00      3.490        0.5        9.2     0.0000       8.00       0.71        0.0          0
34.0      1.000       3.44       0.53      9.500        0.0        7.8     0.5000       0.17       1.60        0.1          0
 3.4      0.480       9.50       0.00      9.000        0.6        0.0     1.9000       0.15      27.00       90.0          0
 9.4      2.000       8.20       1.33      0.000        1.7        0.1     3.0000      12.00       1.00        0.0          0
 8.1      1.330       0.00       1.80      0.100        3.0       12.0     1.0000       3.50      10.00        0.0          0
 0.2      1.800       0.10       3.00     16.000        1.0        3.4     0.9000       0.00       6.10        0.4          1
 0.1      6.000      19.00       1.00      3.420        0.6        9.4     8.0000       0.70       0.56        2.0         30
134.0      1.000       3.24       0.66      9.400        1.0        0.0     0.1000       2.30       0.05       17.0          1
 3.6      0.630      13.00       0.00      6.600        0.0        1.5     0.0600      17.00      26.00        1.0          0
 9.8      0.000       7.90       1.00      2.000        0.1       13.0    29.0000       1.00       3.22        0.6          1
 8.4      0.750       0.10       0.00     16.000       63.0        1.0     3.1900       0.82       9.60        2.0          0
 0.1      1.800      10.00      52.00      0.997        3.2        0.8     9.5000       1.00       7.20        0.4          2
 0.1     45.000       1.00       3.48      0.640        9.2        0.0     7.8000       0.60       0.19        2.1         15
 0.0      3.300       0.54       9.50      0.000        7.8        0.6     0.2000       2.00       0.08       17.0          3
 0.5      9.500       1.00       5.20      0.340        0.0        1.8     0.0500      27.00      63.00        1.0         14
 0.0      6.300       0.39       0.08      1.700        0.1        3.0    20.0000       1.00       3.30        9.0          8
 0.7      0.550       1.80       0.10     32.000      141.0        1.0     3.1700       0.60       2.00        5.8          0
 1.8      0.087      21.00      94.00      0.994        3.5        0.5    10.0000       7.00       0.50        0.3          0
10.0     88.000       1.00       3.11      0.800        9.3        3.0     0.0000       0.10       2.30        0.1         30
 1.0      3.400       0.58      10.20      0.000        8.2        0.0     2.8000       0.09      11.00       43.0          3
 0.6     10.500       0.00       7.30      0.300        2.0        0.1     5.0000      11.00       1.00        3.3         10
 0.0      9.200       0.52       1.00      0.000       32.0       69.0     1.0000       2.74       2.00        9.4          7
 0.6      0.030       1.80      25.00     99.000        1.0        3.4     0.5400      10.10       0.00        7.1          0
 5.5      0.100     129.00       1.00      3.420        0.7       10.5     0.0000       7.10       0.40        0.4          0
28.0      0.000       3.40       0.71     10.500        0.0        7.1     0.7000       0.00       2.20        0.1         22
 3.0      0.500       9.30       0.00      6.800        0.6        0.2     1.9000       0.08      18.00       86.0          0
 9.3      0.000       7.60       0.95      0.030        2.0        0.1     7.0000      20.00       1.00        3.2          2
 7.6      0.680       0.02       1.30      0.100        9.0       20.0     1.0000       3.17       1.10        2.0          0
 0.0      1.700       0.08      17.00     31.000        1.0        3.3     0.5600      10.00       7.00        0.6          7
 0.1     36.000     121.00       1.00      3.370        0.5        9.4     0.0000       0.00       0.30        7.2         35
121.0      1.000       3.40       0.49      9.400        0.0        7.8     0.0000       1.70       0.10       14.0          0
 3.2      0.600       9.50       2.00      6.800        0.6        2.0     0.1000      18.00     101.00        1.0          0
10.2      0.000       7.30       0.55      0.000        0.0       17.0    42.0000       1.00       3.37        0.5          0
 6.8      0.630       0.07       2.10     11.000       44.0        1.0     3.4700       0.55      10.40        0.0          0
 0.2      1.800       0.40      63.00      1.000        3.0        1.6     9.5000       3.00       7.90        0.9          1
 0.1      4.000       0.00       3.40      0.330        9.1        0.0     8.0000       0.40       0.20        2.0          6
18.0      3.000       0.60       9.20      1.000        7.4        0.6     0.1000       1.90       0.07       24.0          1
 0.0     11.500       0.00       7.30      0.380        0.2        2.0     0.1000       7.00      35.00        1.0          9
 0.0      6.900       0.50       0.04      1.500        0.1       19.0    49.0000       1.00       3.35        0.8          7
 0.5      0.420       2.30       0.09      8.000       38.0        1.0     3.5800       0.61      10.50        7.0          0
 2.5      0.070       7.00      20.00      1.000        3.5        0.6     9.6000       0.00       0.00        0.1          0
10.0     42.000       1.00       3.20      0.590        9.5        2.0     8.9000       0.00       2.00        0.3        110
 1.0      3.100       1.00       9.30      2.000        7.2        0.7     2.0000       0.10      16.00       42.0          3
 0.5      9.300       0.00       6.80      0.610        0.2        0.0    11.0000      65.00       1.00        3.5          9
 0.0      6.700       0.62       0.21      1.900        8.0       62.0     0.9970       3.52       0.58        9.3          8
 0.3      0.570       2.00       0.10     85.000        1.0        3.3     0.5300       9.70       1.00        7.4          0
 2.0      0.080      14.00       0.00      3.300        0.6        9.2     0.0000       7.70       0.70        0.1          0
 9.0     26.000       3.00       0.50      9.700        0.0        7.9     0.5000       0.30       2.00        0.1        143
 1.0      0.000       9.50       2.00      7.900        0.5        0.3     1.9000       0.10      17.00      144.0          3
 9.0      2.000       8.20       0.50      0.350        2.9        0.1    21.0000     127.00       1.00        3.2          1
 6.4      0.370       0.25       1.90      0.074       21.0       49.0     0.9974       3.57       0.62        9.8          0
 0.1      3.800       0.10      16.00    126.000        1.0        3.3     0.6100       9.50       1.00        0.0          2
 0.1      7.000      28.00       1.00      3.300        0.6        9.7     1.0000       7.80       0.00        2.0         24
120.0      0.997       3.30       0.50      9.400        1.0        7.3     0.6000       2.00       0.10       15.0          1
 3.5      0.600      10.20       0.00     11.500        0.3        0.6     0.0000      12.00      27.00        1.0          0
10.1      3.000       5.40       0.83      0.080        1.2       13.0    93.0000       0.99       3.57        0.8          0
 6.9      1.090       0.06       2.10      0.100       31.0        1.0     3.5100       0.43      11.40        0.0          0
 0.5      1.400       0.06       9.00      0.000        3.2        0.8    10.3000       1.00       8.80        0.4          2
 0.1     39.000     145.00       3.00      1.000        9.3        3.0     6.8000       0.50       0.10        1.5         16
49.0      1.000       0.00       9.50      0.000        7.0        0.4     0.3500       1.60       0.10       16.0          1
 3.3      9.000       0.00       7.00      0.430        0.4        1.6     0.1000      14.00      37.00        1.0          0
 0.0     12.800       0.30       0.74      2.600        0.1        9.0    28.0000       1.00       3.20        0.8          7
 0.6      0.310       1.80       0.07     26.000      120.0        1.0     3.2900       0.53       9.30        1.0          0
 2.7      0.100      18.00      95.00      1.000        3.2        0.7     9.4000       1.00      11.00        0.0          0
 7.0     19.000       1.00       3.30      0.900       10.5        1.0     9.7000       0.50       2.00        0.0         19
 1.0      3.300       0.90      12.40      1.000        8.0        0.7     0.2000       0.00      10.00       62.0          3
 0.6     10.000       0.00      11.60      0.440        0.6        2.1     5.0000      15.00       1.00        3.2         10
 2.0      8.200       0.57       0.26      2.200        0.1       65.0     1.0000       3.30       0.43       10.1          7
 0.7      0.080       2.40       0.09     10.000        0.0        3.2     0.7100       9.80       1.00        7.0          0
 5.6      0.060      26.00     121.00      3.000        0.8       10.5     0.0000       8.70       0.63        0.2          0
13.0     49.000       1.00       0.00     11.000        2.0        8.1     0.7200       0.22       2.20        0.1         41
 1.0      3.400       9.00       0.00      7.500        0.5        0.2     1.9000       0.10      10.00       44.0          3
 0.5      0.000       7.80       0.53      0.330        2.4        0.1    24.0000     144.00       1.00        3.3          9
 7.0      0.300       0.37       2.00      0.080       24.0       58.0     1.0000       3.34       0.59        9.4          0
 0.3      2.000       0.10      16.00     72.000        1.0        3.1     0.5700       9.40       2.00        6.8          1
 0.1      5.000      10.00       1.00      3.400        0.6        9.5     0.0000       8.60       0.60        2.0          8
28.0      1.000       3.28       0.60     10.000        1.0        8.4     0.6400       0.40       0.00       15.0          1
 3.3      0.570      10.40       1.00      7.700        0.4        0.3     2.6000      29.00      63.00        1.0          0
10.5      0.000       8.90       0.59      0.500        2.0        0.3    81.0000       1.00       3.04        1.6          3
 9.0      0.800       0.14       2.60      0.090        9.0        0.0     3.4000       0.63       9.80        0.0          0
 0.3      2.600       0.08      10.00     37.000        3.0        0.5    11.0000       0.00       5.20        0.5          1
 0.1     19.000     106.00       1.00      0.000       12.2        0.0     8.0000       0.38       0.06        1.8         12
49.0      1.000       3.40       9.00      0.000        8.5        0.4     0.2000       2.80       0.10       18.0          1
 3.3      0.700       0.00       8.20      1.000        0.1        2.3     0.0650       7.00      37.00        1.0          0
 9.0      7.000       0.60       0.00      1.900        0.1       14.0    38.0000       1.00       3.37        0.6          0
 0.0      0.000       1.90       0.10     15.000       39.0        1.0     3.4000       0.58       9.20        0.0          0
 1.7      0.263       5.00      62.00      0.997        3.0        1.1     9.3000       3.00      12.00        0.4          0
 6.0     24.000       1.00       3.14      0.700       10.9        2.0     7.7000       0.58       0.10        0.0        109
 1.0      3.080       0.49       9.80      3.000       15.0        0.2     0.4400       2.20      10.00       24.0          3
 0.8      9.200       3.00       7.30      0.660        0.0        2.0     0.1000      23.00       1.00        3.6          9
 0.0      7.100       0.70       0.07      1.900        0.1       16.0     0.0000       3.40       0.52        9.5          8
 0.6      0.200       2.30       0.07     11.000       73.0        3.0     0.5000       9.30       2.00        7.7          0
 1.7      0.074       9.00      39.00      1.000        0.0        9.8     0.0000      10.80       0.32        0.4          0
16.0     37.000       1.00       3.20     10.000        1.0        7.1     0.6000       0.00       1.80        0.1         34
 1.0      3.470       0.70       0.00     11.100        0.3        0.5     3.1000       0.09       5.00       21.0          3
 0.5     10.500       7.00       0.80      0.420        1.9        0.1     8.0000      86.00       1.00        3.2          9
 1.0      0.000       0.20       3.20      0.070       17.0      119.0     1.0000       3.30       0.57        9.3          9
 0.0      2.200       0.07       5.00     13.000        1.0        3.2     0.6000       9.20       1.00        6.6          2
 0.1     12.000      56.00       1.00      3.490        0.7        9.2     0.0000       7.70       0.41        0.8          8
45.0      1.000       3.06       1.26      9.400        3.0       10.0     0.3100       0.47       2.60       14.0          1
 3.4      0.800      10.50       0.00      7.900        0.3        0.2     1.7000       0.10      45.00        1.0          0
 9.3      1.000       7.00       1.00      0.040        2.0        0.1    12.0000       0.00       3.40        0.6          0
 8.0      0.500       0.00       1.70      0.070       10.0       35.0     3.0000       0.60      10.00        0.0          0
 0.2      1.800       0.08      23.00     49.000        1.0        0.0     9.3000       1.00      12.50        0.6          2
 0.1      5.000      27.00       1.00      3.100       10.0        3.0    11.8000       0.26       0.52        1.8          6
10.0      1.000       3.20       0.70      2.000        8.1        0.9     0.0000       3.30       0.10       26.0          1
 3.6      0.720       9.80       7.00      0.300        0.5        3.6     0.0800      15.00      37.00        1.0          0
12.8      0.000       0.00       0.00      3.000        0.1        7.0    27.0000       1.00       3.70        0.9          0
11.5      0.000       4.00       0.10      4.000       23.0        1.0     3.3000       1.00      10.10        1.0          0
 4.0      0.100      27.00      61.00      1.000        3.4        0.7    10.7000       0.00      10.90        0.4          0
17.0     65.000       1.00       3.22      0.780       10.1        1.0     8.4000       0.71       0.20        2.4         38
 1.0      3.310       0.64       9.40      1.000        7.5        0.7     0.1800       7.00       0.10       94.0          3
 0.8      9.400       0.00      10.30      0.300        0.5        6.4     0.0700       5.00       0.00        3.2         12
 1.0      8.900       0.40       0.30      5.600        0.1       10.0    47.0000       3.00       0.80       10.5         11
 0.3      0.400       3.60       0.07      6.000       19.0        1.0     0.0000       9.30       2.00        7.7          0
 3.5      0.400       5.00      10.00      1.000        3.3        9.0     1.0000       7.60       0.52        0.1          0
12.0     53.000       1.00       3.36      0.600        0.0        9.9     0.5900       0.07       3.40        0.1         71
 1.0      3.310       0.71       9.80     12.000        0.5        0.6     2.0000       0.07      25.00       49.0          3
 0.8     10.300       3.00       0.00      0.100        3.0        0.1    29.0000      53.00       1.00        3.4         10
 0.0      8.700       0.00       2.50      0.091       20.0       49.0     0.9980       3.30       0.90       10.6         11
 0.4      3.000       0.10      33.00     98.000        1.0        3.2     0.9000       9.20       2.00       11.0          0
 0.0      6.000      18.00       1.00      3.300        0.7       10.5     1.0000      10.40       0.55        0.2         18
48.0      0.999       3.22       0.64     10.300        1.0        6.9     0.3600       0.25       2.40        0.1          1
 3.4      0.600      10.10       0.00     13.300        0.3        0.5     3.2000       0.09      17.00        1.0          0
 9.5      3.000      10.80       0.50      0.500        2.5        0.1     5.0000      27.00       3.00        0.6          3
10.6      0.830       0.40       2.60      0.086       26.0       70.0     1.0000       0.00       9.90        2.0          0
 0.1      2.000       0.10       8.00     29.000        1.0        3.7     9.0000       0.00       7.20        0.7          2
 0.1      5.000      31.00       1.00      3.670        0.8        0.0     6.9000       0.67       0.06        2.1          8
33.0      0.998       3.68       0.71      9.600        7.0        0.5     0.0600       2.60       0.09       20.0          1
 3.4      0.590      10.70       0.00      0.000        0.5        1.5     0.0700       7.00      15.00        1.0          0
10.1      1.000       8.30       0.00      2.600        0.1       12.0    28.0000       1.00       3.50        0.7          0
 7.4      0.700       1.00       0.20      5.000       21.0        1.0     3.3900       0.50       9.50        0.0          0
 0.6      0.000      12.00      90.00      1.000        3.2        0.5     9.2000       2.00      10.30        0.5          2
 6.0     25.000       1.00       3.12      0.590        9.3        2.0     7.6000       0.62       0.32        2.2         54
 1.0      3.360       0.52       9.40      0.000       10.3        0.4     0.4200       2.40       0.21        6.0          3
 0.6      9.500       2.00      10.30      0.400        0.4        2.4     0.2100       5.00      12.00        3.0          9
 2.0      7.400       0.29       0.40      1.700        0.1        9.0    30.0000       1.00       0.00        9.5          7
 0.5      0.240       2.00       0.10     15.000      105.0        1.0     3.3000       9.00       1.00        9.0          0
 2.8      0.100      19.00      98.00      1.000        3.3        0.6     1.0000       8.60       0.47        0.3          0
30.0    135.000       1.00       3.30      0.530        9.4        7.0     0.4000       0.29       2.60        0.1         72
 1.0      3.390       0.68      11.00      0.000        0.0        0.3     2.5000       0.10      20.00       53.0          3
 0.7     11.000       0.00       9.60      0.000        3.4        0.1    37.0000      92.00       1.00        3.3         10
 1.0      9.600       0.80       2.00      0.100       30.0       74.0     1.0000       3.30       0.60       10.4          9
 0.7      0.400       0.00      21.00     59.000        1.0        3.4     0.7100      11.50       0.00        9.3          0
 3.4     25.000      87.00       1.00      3.240        0.6        9.7     1.0000       7.80       0.62        0.1          0
18.0      1.000       3.29       0.63      9.300        1.0       10.3     0.6000       0.42       2.80        0.1          0
 3.3      0.700       9.50       1.00     10.000        0.5        0.2    11.0000       0.07      13.00       50.0          0
 9.2      2.000      11.60       0.53      0.700        3.6        0.1     6.0000      14.00       1.00        0.0          3
10.3      0.440       0.50       4.50      0.100        5.0       13.0     1.0000       3.30      11.00        1.0          0
 0.6      2.600       0.10       6.00     21.000        1.0        3.2     0.7000       2.00      10.70        0.5          2
 0.1      7.000      15.00       1.00      3.180        0.6        9.5    10.0000       0.40       0.64        2.9         10
41.0      1.000       3.23       0.66     12.500        1.0        0.0     0.3000       3.20       0.07       21.0          1
 3.2      0.540       9.40       1.00      8.400        0.0        2.1     0.1050      16.00      44.00        1.0          0
11.0      2.000       7.90       0.70      2.000        0.1       17.0    38.0000       1.00       3.34        0.7          0
11.9      0.690       0.50       0.00      7.000       21.0        1.0     3.1700       0.84      12.20        2.0          0
 0.5      1.900       6.00      16.00      0.995        3.4        0.7    12.5000       0.00       7.80        0.4          2
 0.1     58.000       1.00       3.31      0.640       10.3        1.0    12.4000       0.50       0.58        3.0         28
 1.0      3.200       1.00      11.50      2.000       12.5        0.3     0.5000       2.30       0.08       12.0          3
 1.4      9.800       3.00      12.20      0.340        0.5        2.4     0.0660      10.00      21.00        1.0          9
 2.0     10.600       0.42       0.48      2.700        0.1        5.0    18.0000       1.00       3.20       11.0         10
 0.4      0.470       1.80       0.10      6.000       14.0        1.0     3.3000       0.80       1.00       11.9          0
 2.6      0.082       6.00      32.00      1.001        3.1        0.8    10.7000       7.00       0.70        0.0          0
40.0     63.000       1.00       3.60      0.810        9.9        0.0     0.0000       0.00       2.70        0.1         34
 1.0      3.600       0.89      12.30      0.000       13.8        0.0     3.0000       0.09       6.00       15.0          3
 0.9     12.000       3.00       9.60      0.600        2.0        0.1    15.0000      46.00       1.00        3.1         10
 3.0      9.100       0.79       0.00      0.000       11.0       28.0     1.0000       3.36       0.86        9.4         10
 0.7      0.220       2.70      17.00     34.000        1.0        3.3     0.9800       9.90       1.00        9.1          0
 2.6      0.100      26.00       1.00      3.350        0.8        9.4     0.0000       7.70       0.70        0.0          0
 8.0      0.000       3.30       0.73      9.300        1.0       13.5     0.5000       0.80       4.80        0.1         77
 3.0      0.800      13.00       2.00      6.100        0.2        0.4     1.4000       0.07      40.50      165.0          0
11.9      1.000       6.70       0.75      0.010        2.4        0.1    17.0000      32.00       1.00        3.5          0
11.5      0.410       0.52       3.00      0.100       29.0       55.0     1.0000       3.26       0.90        1.0          0
 0.7      2.950       0.12      12.00     29.000        1.0        3.2     0.7500      11.70      11.00        0.4          3
 0.1     10.000      23.00       1.00      3.150        0.8       10.4     2.0000       0.00       0.70        2.6         10
41.0      1.000       3.20       0.68      9.800        2.0        8.2     0.0000       2.00       0.10       14.0          0
 3.2      0.700       9.40       2.00      8.600        0.5        2.0     0.1000      21.00      50.00        1.0          0
 9.9      0.000      11.90       0.58      0.700        0.0        6.0    37.0000       1.00       3.05        0.6          3
12.5      0.460       0.63       2.00      6.000       15.0        1.0     2.9900       0.87      10.20        3.0          0
 0.7      5.800       0.10      42.00      1.000        3.1        0.7    10.0000       3.00      10.00        0.4          3
 0.1      7.000       0.00       3.30      0.930       11.8        1.0    10.4000       0.60       0.60        2.6         11
24.0      3.000       0.70       9.00      2.000       10.3        0.3     0.5000       2.80       0.16       15.0          1
 0.0      9.400       2.00       9.40      0.270        0.5        2.4     0.1000       6.00      18.00        1.0         12
 2.0      6.900       0.77       0.02      2.300        0.1       35.0    63.0000       1.00       3.57        0.8          7
 0.2      0.400       1.60       0.06     11.000       25.0        1.0     3.3200       0.87       8.70        9.0          0
 1.8      0.070      26.00      46.00      1.000        3.3        1.0    10.6000       1.00       0.00        0.2          0
12.0     72.000       1.00       3.00      0.630        9.2        3.0    14.0000       0.00       3.80        0.1         47
 1.0      3.000       0.80      10.80      3.000       11.5        0.5     4.0000       0.10       6.00       15.0          3
 0.8     11.800       3.00      11.50      0.450        0.5        0.0    19.0000      47.00       1.00        3.3         11
 1.0     11.400       0.63       0.66      6.200        6.0       24.0     0.9990       3.11       0.99       13.3          8
 0.4      0.380       2.50       0.10     60.000        1.0        3.3     0.7000      10.80       1.00        8.3          0
 2.0      0.080      11.00       0.00      3.200        0.8        9.4     2.0000      13.70       0.40        0.7          0
17.0     43.000       3.00       0.80     10.000        3.0        7.7     0.5100       0.30       2.10        0.1         54
 1.0      0.000       9.20       0.00      7.400        0.6        0.1     2.4000       0.10      11.00       37.0          3
 9.0      0.000       7.80       0.54      0.260        2.0        0.1    23.0000      48.00       1.00        3.4          0
 8.3      0.660       0.15       1.90      0.079       17.0       42.0     0.9972       3.31       0.54        9.6          0
 0.3      1.900       0.09      23.00     53.000        1.0        3.4     0.7400       9.20       0.00        0.0          2
 0.1     16.000      49.00       1.00      3.200        0.7       10.0     2.0000       5.60       0.00        1.4         12
88.0      0.992       3.60       0.80     12.900        0.0        9.5     0.4000       2.00       0.10        6.0          1
 3.2      0.500       9.50       2.00      8.400        0.7        0.6     0.0000      13.00      95.00        1.0          0
 9.1      2.000      12.70       0.60      0.650        2.3        6.0    25.0000       1.00       3.03        0.6          3
12.0      0.370       0.76       4.20      0.100       38.0        1.0     3.2200       0.60      13.00        1.0          0
 0.0      7.900       0.12      68.00      0.000        3.5        0.5     9.9000       0.00      11.50        0.6          2
 0.1     13.000      49.00       3.00      0.700       11.0        2.0     8.7000       0.77       0.20        2.3          9
42.0      1.000       0.00       9.40      3.000        7.7        0.3     0.3000       1.70       0.10       20.0          0
 3.3     10.000       1.00      12.20      0.480        0.5        2.6     0.1000      19.00      64.00        1.0          0
 3.0     11.400       0.60       0.49      2.700        0.1       10.0    41.0000       1.00       3.15        0.6          7
 0.7      0.050       2.70       0.07     15.000       27.0        1.0     3.2600       0.61       9.10        1.0          0
 1.4      0.060      11.00      25.00      1.000        3.4        0.8    10.1000       0.00       9.80        0.0          0
 9.0     28.000       1.00       3.20      0.700       10.8        1.0    12.0000       0.40       3.00        0.1         30
 1.0      3.180       0.60      10.80      2.000       10.4        0.3     0.6000       0.00       6.00       16.0          3
 0.7     11.300       2.00      12.50      0.460        0.5        4.5    26.0000      49.00       1.00        3.0          9
 3.0      9.000       0.43       0.34      2.500        0.1       86.0     1.0000       3.38       0.62        9.5          9
 0.5      0.350       2.40       0.08     23.000        0.0        3.4     0.6200       9.50       0.00        7.1          0
 1.9      0.100      15.00      77.00      3.000        0.6        9.3     1.0000       9.90       0.40        0.5          0
 6.0     19.000       1.00       0.00     11.700        1.0        8.8     0.5200       0.34       2.70        0.1        122
 1.0      3.300       9.00       1.00      8.600        0.7        0.2     6.6000       0.10      31.00      134.0          3
 1.1      1.000      10.60       0.48      0.640        2.2        0.1     6.0000      20.00       1.00        3.3         11
 7.0      0.600       0.12       1.90      0.090       34.0      124.0     1.0000       3.44       0.48       10.5          0
 0.5      2.000       0.12       7.00     20.000        1.0        3.2     0.7600      10.40       1.00        6.8          1
 0.1     34.000      52.00       1.00      3.600        0.7        9.9     0.0000       9.50       0.60        2.0         35
67.0      1.000       3.28       0.70     11.800        1.0        6.6     0.8400       0.00       0.00       32.0          1
 3.5      0.560      12.30       0.00      7.700        1.0        0.2     2.0000      15.00      60.00        1.0          0
10.9      0.000      10.50       0.24      0.470        2.1        0.1    24.0000       1.00       3.15        0.9          2
 6.4      0.700       0.08       2.10      0.040       19.0        0.0     3.5000       0.49      11.40        0.0          0
 0.2      1.900       0.08       6.00     32.000        3.0        0.6    10.6000       1.00       9.10        0.5          1
 0.1      9.000      30.00       1.00      0.000        9.3        1.0    12.8000       0.84       0.63        2.4         13
35.0      1.000       3.10      10.00      3.000        7.8        0.6     0.3500       2.20       0.10       21.0          1
 3.3      0.600       1.00      11.90      0.370        0.7        2.3     0.0780      12.00      24.00        1.0          0
12.8     12.000       0.40       0.63      2.300        0.1        6.0    18.0000       1.00       3.16        0.5          2
 0.0      0.600       3.20       0.08     22.000       54.0        1.0     3.1000       0.89       9.90        2.0          0
 2.0      0.060      38.00      62.00      0.996        3.3        0.6    10.2000       1.00      11.10        0.5          0
 6.0     22.000       1.00       3.17      0.700       11.2        2.0     7.0000       0.62       0.20        0.0         50
 1.0      3.080       0.60       9.30      3.000       12.6        0.3     0.7200       2.20       6.00       29.0          2
 0.8      9.800       3.00      11.90      0.400        0.7        2.1     0.1000      27.00       1.00        3.1         11
 3.0     15.600       0.70       0.76      3.700        0.1        6.0     1.0000       3.00       0.68       11.2         10
 0.4      0.500       2.70       0.08     11.000       19.0        3.0     0.6000      11.60       1.00        5.3          0
 1.7      0.054       5.00      27.00      1.000        0.0       12.5     0.0000       9.50       0.73        0.1          0
 6.0     31.000       1.00       3.20     10.000        1.0       12.5     0.3800       0.60       2.60        0.1         72
 1.0      3.100       0.70       3.00      9.300        0.5        0.3     2.1000       0.13       6.00       16.0          3
 0.7     11.200       8.00       0.50      0.220        2.0        0.1     7.0000      27.00       1.00        3.2         10
 2.0      0.000       0.70       2.80      0.100       17.0       35.0     1.0000       3.10       0.61       10.8          8
 0.0      1.800       0.41       9.00     26.000        1.0        3.1     1.1000       9.10       3.00        6.8          1
 0.1     18.000      35.00       1.00      3.440        0.6       10.0     0.0000      10.40       0.33        0.6          5
22.0      1.000       3.26       0.74     11.200        1.0        7.0     0.2300       0.40       1.60       21.0          0
 3.5      0.630      11.10       0.00     11.300        0.6        0.7     5.2000       0.10      19.00        1.0          0
13.4      1.000       8.90       0.60      0.390        2.3        0.1     5.0000       0.00       3.40        0.6          0
 9.2      0.600       0.20       2.70      0.100       29.0       65.0     3.0000       0.60       9.60        1.0          0
 0.7      2.200       0.07      10.00     47.000        1.0        0.0     9.0000       1.00       9.20        0.4          2
 0.1     14.000      23.00       1.00      3.400       11.0        0.0     8.3000       0.61       0.22        2.6          6
19.0      1.000       3.26       0.60      1.000       11.0        0.3     0.6800       2.55       0.09       10.0          0
 3.2      0.610      11.80       8.00      0.700        0.7        2.2     0.1000      25.00     129.00        1.0          0
 9.0      3.000       0.00       0.50      2.100        0.1        5.0    15.0000       1.00       3.00        0.7          3
10.0      0.000       2.90       0.10     10.000       26.0        1.0     3.5000       0.90       9.70        0.0          0
 2.0      0.100      21.00      51.00      1.000        3.2        0.7    11.5000       2.00       8.80        0.5          0
 7.0     18.000       0.99       3.32      0.790       14.0        1.0    11.4000       0.36       0.69        2.1         21
 1.0      3.170       0.62       9.20      2.000        8.7        0.8     0.0200       1.20       0.10       48.0          3
 0.6      9.800       2.00      13.00      0.300        0.7        2.6     0.0900      15.00       0.00        3.0         10
 3.0      9.600       0.50       0.40      2.400        0.1       25.0    52.0000       3.00       0.70       11.4         12
 0.4      0.600       2.60       0.08     25.000       68.0        1.0     0.0000      10.40       2.00        9.9          0
 2.1      0.100       5.00      14.00      1.000        3.3       10.0     1.0000      10.50       0.28        0.5          0
10.0     24.000       1.00       3.20      0.900        2.0        9.6     0.6800       0.24       2.20        0.1         28
 1.0      3.140       0.60      10.20      9.000        0.3        0.4     2.0000       0.09       6.00       16.0          3
 0.7      9.700       1.00       0.00      0.500        1.8        0.1     6.0000      20.00       1.00        3.2         11
 2.0      9.400       0.00       2.70      0.077        6.0       31.0     0.9980       3.20       0.70       10.1         10
 0.3     15.000       0.10       6.00     23.000        1.0        3.1     0.7000       9.20       2.00        9.4          0
 0.0      6.000      17.00       1.00      3.150        0.9       11.7     2.0000      10.60       0.36        0.6          6
18.0      0.999       3.04       1.05      9.400        3.0       10.6     0.3600       0.60       2.20        0.2          1
 3.0      1.060       9.40       3.00     10.600        0.4        0.7     4.1000       0.11       6.00        0.0          0
13.4      3.000      10.20       0.70      0.400        1.9        0.1     6.0000      17.00       3.00        0.5          2
10.2      0.645       0.40       1.80      0.053        5.0       14.0     1.0000       0.00      10.00        2.0          0
 0.6      2.800       0.10      35.00     67.000        1.0        3.3    10.0000       1.00       9.30        0.4          2
 0.1     10.000      26.00       1.00      3.340        0.8        0.0     9.3000       0.78       0.27        2.8         24
56.0      0.998       3.31       0.67     10.600        9.0        0.4     0.5000       2.50       0.06       12.0          1
 3.3      0.790      13.30       0.00      0.000        0.5        2.6     0.0500      13.00      27.00        1.0          0
13.4      1.000       8.70       0.00      3.000        0.1       23.0    81.0000       1.00       3.50        0.7          0
 6.5      0.400       8.00       0.10     28.000       91.0        1.0     3.4400       0.60      12.10        0.0          0
 0.5      0.000       5.00      16.00      1.000        3.1        0.7    11.0000       2.00       7.80        0.5          1
14.0     38.000       1.00       3.43      0.650        9.0        0.0     7.2000       0.34       0.32        2.5        113
 1.0      3.320       0.79      11.10      1.000       10.4        0.4     0.7300       6.55       0.07       38.0          3
 0.8     12.000       2.00      10.50      0.300        0.5        1.9     0.0800       6.00      24.00        3.0         10
 2.0     10.500       0.24       0.40      1.800        0.1        6.0    22.0000       1.00       1.00       10.8         10
 0.5      0.630       2.90       0.10     10.000       26.0        1.0     3.2000      12.00       2.00       10.4          0
 1.8      0.100       6.00      21.00      1.000        3.3        1.0     1.0000      11.20       0.67        0.6          0
 6.0     13.000       1.00       3.17      0.710        9.5       10.0     0.6000       0.31       2.20        0.1         62
 1.0      3.180       0.63      10.20      2.000        0.0        0.8     2.8000       0.08      23.00       43.0          3
 0.7     11.400       3.00      12.40      0.000        4.6        0.1    19.0000      43.00       1.00        3.0          9
 3.0     10.700       0.40       2.00      0.100       15.0       49.0     1.0000       3.03       0.80        9.7         10
 0.5      0.600       0.00       6.00     15.000        1.0        3.1     0.6600      11.80       3.00        8.5          0
 6.1     34.000     151.00       1.00      3.310        1.1        9.3     1.0000      12.50       0.60        0.5          0
14.0      1.000       3.25       0.74     11.900        1.0       10.4     0.6000       0.49       2.10        0.2          0
 3.2      0.630       8.40       2.00     10.900        0.2        0.5     2.8000       0.09      11.00       32.0          0
11.7      1.000       7.30       0.36      0.500        2.5        0.1    39.0000     106.00       1.00        0.0          0
 9.8      0.250       0.49       2.70      0.100       15.0       33.0     1.0000       3.40      10.00        0.0          0
 0.5      2.000       0.10      16.00     43.000        1.0        3.5     0.6000       0.00       8.20        0.4          2
 0.1     47.000     133.00       1.00      3.380        1.0        9.8     9.0000       0.40       0.49        2.5         38
142.0      1.000       3.22       0.55      9.400        1.0        0.0     0.5000       2.40       0.09       23.0          1
 3.2      0.640       9.50       1.00     10.400        0.0        2.8     0.1050      29.00      53.00        1.0          0
 9.9      1.000       7.00       0.40      2.000        0.1       33.0    85.0000       1.00       3.39        0.8          0
 8.2      0.420       0.50       0.00     32.000       55.0        1.0     3.3400       0.75       8.70        0.0          0
 0.2      2.400       6.00      33.00      0.997        3.1        0.6     9.4000       3.00       9.10        0.2          2
 0.1     28.000       1.00       3.41      0.870       10.3        0.0    11.9000       0.40       0.49        2.7         12
 1.0      3.200       0.61      10.30      2.000       10.3        0.3     0.2000       2.10       0.07       15.0          3
 0.7     12.800       1.00      10.00      0.480        0.2        2.7     0.1020      13.00      32.00        1.0         10
 1.0      8.100       0.82       0.24      2.100        0.1        5.0    13.0000       1.00       3.40       10.0         12
 0.3      0.490       5.80       0.10      5.000       35.0        1.0     3.2000       0.70       2.00       11.2          0
 5.2      0.100       5.00      17.00      1.000        3.2        0.6    11.2000       9.00       0.60        0.2          0
20.0     47.000       1.00       3.26      0.670        9.6        1.0     0.0000       0.50       6.30        0.1         17
 1.0      3.200       0.73      11.00      2.000        9.3        0.0     2.1000       0.07       5.00       20.0          3
 0.6      9.900       2.00      11.20      0.700        2.0        0.1    16.0000      53.00       1.00        3.1         11
 3.0     14.300       0.31       0.70      0.000        6.0       15.0     1.0000       2.86       0.79        8.4          9
 0.5      0.490       2.60      38.00    106.000        1.0        3.1     0.5900       9.10       3.00        7.5          0
 2.0      0.100      28.00       1.00      3.450        0.8        9.5     0.0000      10.60       0.30        0.5          0
 6.0      0.000       3.30       0.86     10.700        1.0       12.4     0.3000       0.50       2.60        0.1         69
 3.0      0.800      10.40       2.00      9.000        0.5        0.5     1.9000       0.17       6.00       25.0          0
 9.4      1.000       6.80       0.51      0.010        2.1        0.1     9.0000      25.00       1.00        3.3          0
 9.4      0.430       0.24       2.80      0.100       14.0       45.0     1.0000       3.19       0.70        2.0          0
 0.2      2.700       0.09      14.00     44.000        1.0        3.1     0.7400      10.00       5.00        1.0          1
 0.1     32.000      96.00       1.00      3.740        0.6       11.5     0.0000       0.00       0.50        4.2         10
23.0      1.000       2.90       0.74     11.100        3.0       10.9     0.0000       4.60       0.12       10.0          1
 3.1      0.600      11.70       3.00     15.600        0.6        4.0     0.1000      10.00      23.00        1.0          0
11.1      3.000      13.00       0.47      0.500        0.0        6.0    47.0000       1.00       3.30        0.7          1
12.7      0.600       0.49       2.80      5.000       19.0        1.0     3.1400       0.57      11.40        2.0          0
 0.5      2.400       0.10     121.00      1.000        3.2        0.6     9.2000       1.00       9.00        0.5          2
 0.1     41.000       0.00       3.10      0.610        9.2        3.0     7.6000       0.30       0.50        2.7         25
60.0      3.000       0.60      10.10      1.000        8.7        0.7     0.2000       2.50       0.23        5.0          1
 0.0      9.000       1.00       9.80      0.500        0.5        2.6     0.3000       5.00      20.00        1.0         10
 1.0      6.200       0.36       0.24      2.200        0.1       19.0    42.0000       0.99       3.57        0.6         11
 0.3      0.490       3.30       0.07     10.000       37.0        1.0     3.3200       0.91      11.00       10.0          0
 2.4      0.070      10.00      28.00      1.000        3.1        0.6    10.4000       2.00       0.00        0.5          0
14.0     47.000       1.00       3.30      0.560        9.6        1.0    10.6000       0.00       3.20        0.1         78
 1.0      3.200       0.70      10.00      2.000       12.3        0.3     3.0000       0.10      28.00       46.0          3
 0.8     10.200       2.00       9.90      0.500        0.2        0.0     6.0000      14.00       1.00        3.3         10
 0.0      8.800       0.44       0.49      2.800       18.0      111.0     0.9980       3.30       0.60        9.5          8
 0.5      0.490       2.90       0.10    110.000        1.0        3.3     0.6000       9.80       1.00       10.6          0
 2.2      0.060      18.00       0.00      3.100        0.5        9.8     2.0000      12.30       0.50        0.5          0
 5.0     14.000       3.00       0.40      9.600        2.0       11.7     0.4900       0.50       2.20        0.1         15
 1.0      0.000       9.20       2.00     12.000        0.3        0.5     1.9000       0.10      10.00       21.0          3
 9.0      3.000      11.80       0.33      0.490        3.4        0.1    54.0000      80.00       1.00        3.3          1
 7.6      0.510       0.24       2.40      0.091        8.0       38.0     0.9980       3.47       0.66        9.6          0
 0.5      2.700       0.09      16.00     47.000        1.0        3.1     1.0200      10.60       2.00        0.0          1
 0.1     18.000     102.00       1.00      3.300        0.6        9.3     1.0000       5.00       0.00        2.0         19
50.0      0.992       3.70       0.70     14.000        0.0       10.2     0.3000       2.00       0.10        5.0          1
 3.0      0.700      10.50       3.00      9.000        0.5        0.5     0.0000      21.00      75.00        1.0          0
 9.7      0.000       6.60       0.39      0.490        1.7       23.0   149.0000       0.99       3.12        0.5          2
 9.9      0.490       0.58       3.50      0.100       43.0        1.0     3.2900       0.58       9.00        1.0          0
 0.2      2.600       0.10      20.00      0.000        3.4        0.5     9.5000       0.00       8.90        0.6          7
 0.1     30.000     109.00       3.00      0.600        9.3        1.0    12.4000       0.40       0.50        2.0          6
24.0      1.000       0.00       9.30      3.000       11.9        0.6     0.5800       1.90       0.10        5.0          1
 3.1     10.000       3.00       8.50      0.580        0.2        2.1     0.1000       5.00      30.00        1.0          0
 2.0     12.700       0.59       0.45      2.300        0.1       11.0    22.0000       1.00       3.00        0.7          8
 0.9      0.270       2.10       0.09      7.000       23.0        1.0     3.2600       0.47      10.00        1.0          0
 2.2      0.070      12.00      35.00      1.000        3.1        0.6     9.0000       3.00       7.70        0.0          0
 6.0     14.000       1.00       3.30      0.500        9.3        1.0     8.3000       0.60       2.00        0.1         63
 1.0      3.170       0.60       9.10      2.000        8.3        0.6     0.1000       0.00       6.00       24.0          3
 0.6      9.200       1.00       9.40      0.410        0.5        4.6    10.0000      20.00       1.00        3.3         12
 0.0      8.800       0.48       0.41      3.300        0.1       52.0     1.0000       3.31       0.53       10.5         10
 0.7      0.370       5.10       0.11     11.000        1.0        3.3     0.6400      10.40       1.00        6.3          0
 3.2      0.070      15.00      39.00      3.000        0.5       12.7     0.0000       8.80       0.24        0.5          0
25.0     57.000       1.00       0.00      9.200        0.0       13.2     0.3800       0.55       2.70        0.1         16
 1.0      3.000       9.00       3.00      7.500        0.6        0.0     2.4000       0.10      18.00       29.0          3
 0.6      1.000       8.20       0.39      0.380        1.5        0.1    10.0000      29.00       1.00        3.3          9
 9.0      0.800       0.18       2.20      0.150       10.0      103.0     1.0000       2.87       1.36       10.2          0
 0.5      2.300       0.08      28.00     71.000        1.0        3.5     0.5700       9.70       0.00       11.5          2
 0.1     14.000      28.00       1.00      3.000        0.9        9.8     3.0000      11.40       0.50        2.0          4
17.0      1.000       3.13       0.70     10.200        2.0       11.3     0.3700       0.40       0.00        6.0          1
 3.1      0.800       9.30       3.00      8.300        0.5        0.2     3.4000      16.00     112.00        1.0          0
 9.4      1.000       8.20       0.56      0.230        3.4        0.1   104.0000       1.00       3.28        0.6          1
10.0      0.600       0.22       1.90      0.080        9.0        0.0     3.1000       0.55       9.50        2.0          0
 0.3      2.900       0.08      21.00     45.000        3.0        1.0    12.1000       0.00       6.80        0.7          5
 0.1     21.000      58.00       1.00      0.000       10.2        0.0     8.8000       0.60       0.29        2.2          5
15.0      1.000       3.40       9.00      0.000        8.7        0.5     0.2600       2.50       0.10        7.0          1
 3.3      0.600       1.00       7.60      0.685        0.2        2.3     0.1110      20.00      84.00        1.0          0
 9.3     10.000       0.30       0.54      2.700        0.1        5.0    19.0000       1.00       3.25        0.6          1
 0.0      0.100       3.00       0.09     21.000       43.0        1.0     3.3000       0.57      10.50        1.0          0
 3.4      0.105      11.00      86.00      1.001        3.4        0.6    11.3000       0.00       7.90        0.3          0
46.0    102.000       1.00       3.27      0.600        9.5        1.0     8.7000       0.84       0.00        0.0         33
 1.0      3.270       0.55       9.70      1.000        9.6        0.9     0.2800       2.40      30.00      147.0          3
 0.5      9.400       1.00       9.50      0.885        0.3        2.3     0.1000     145.00       1.00        3.2          9
 1.0      7.700       0.90       0.12      2.200        0.1        7.0     0.0000       3.40       0.65       10.2          8
 0.3      0.300       1.90       0.07     25.000       57.0        3.0     1.4000      10.30       2.00        9.9          0
 2.3      0.071      16.00      40.00      1.000        0.0        9.4     0.0000       9.50       0.59        0.4          0
21.0     68.000       1.00       3.50      9.000        0.0        7.8     0.6400       0.10       6.00        0.1         11
 1.0      3.370       0.70       0.00      7.300        0.7        0.1     3.6000       0.11       6.00       20.0          3
 0.6     10.100       8.00       0.80      0.010        2.2        0.1     5.0000      14.00       1.00        3.3         11
 1.0      0.000       0.30       2.80      0.070       10.0       28.0     1.0000       3.30       0.67       11.2          6
 0.0      8.600       0.07      24.00    148.000        1.0        3.2     0.6000      11.30       2.00       10.7          2
 0.1      8.000      32.00       1.00      2.890        0.5        9.6     3.0000       9.80       0.88        0.3         35
155.0      1.000       3.41       0.67     11.200        0.0       15.9     0.3600       0.65       7.50       22.0          0
 3.0      0.840      14.90       3.00      9.400        0.3        0.6     2.8000       0.10      30.00        1.0          0
12.0      2.000       8.60       0.50      0.470        2.4        0.1     7.0000       0.00       3.10        0.5          3
 9.7      0.600       0.20       2.90      0.090       20.0       53.0     3.0000       0.60       9.40        2.0          0
 0.6      1.400       0.07      23.00     42.000        1.0        0.0    10.5000       3.00       7.20        0.5          1
 0.1      5.000      20.00       1.00      3.300        9.0        1.0     7.1000       0.84       0.02        4.4          5
13.0      1.000       3.41       0.60      0.000        7.5        0.4     0.3100       1.60       0.08       15.0          0
 3.3      0.640       9.00       7.00      0.600        0.1        1.6     0.0800       9.00      27.00        1.0          0
 9.6      0.000       0.00       0.50      1.800        0.1        5.0    13.0000       1.00       3.00        0.8          3
12.1      0.000       2.00       0.09     15.000       54.0        1.0     3.0000       0.70      10.20        3.0          0
 2.0      0.100      25.00      48.00      1.000        3.1        0.6     9.7000       2.00       8.30        0.5          0
 6.0     16.000       1.00       3.18      0.600        9.5        2.0    11.3000       0.34       0.45        2.0         15
 1.0      2.940       0.66       9.20      3.000       10.0        0.7     0.4300       2.30       0.10       31.0          3
 0.6     11.000       2.00       6.90      0.400        0.2        2.5     0.0800      30.00       0.00        3.3         10
 1.0      8.200       0.70       0.20      1.700        0.1        5.0    13.0000       3.00       0.50        9.5          9
 1.2      0.300       2.00       0.08     32.000      151.0        1.0     0.0000       9.50       2.00       10.8          0
 2.2      0.100       7.00      17.00      1.000        3.1        9.0     3.0000       9.30       0.41        0.4          0
12.0     31.000       1.00       3.26      0.700        1.0        8.6     0.8000       0.11       2.30        0.1         31
 1.0      3.400       0.48       9.90      8.000        0.8        0.1     2.6000       0.08      45.00       87.0          3
 0.5     10.000       0.00       0.00      0.500        3.3        0.1    20.0000      49.00       1.00        3.1          9
 2.0     13.300       0.00       1.90      0.070       15.0       40.0     1.0000       3.10       0.50        9.0          8
 0.5      2.000       0.10      16.00     29.000        1.0        3.2     0.5000      10.20       2.00        8.5          0
 0.0     32.000      58.00       1.00      3.330        0.5        9.8     0.0000       8.10       0.78        0.2          5
15.0      0.997       3.37       0.56     11.300        0.0        9.8     0.9800       0.32       2.30        0.1          1
 3.3      0.480       9.40       1.00      7.100        0.7        0.2     1.8000       0.07      13.00        0.0          0
 9.1      0.000       9.10       0.60      0.200        3.1        0.1    13.0000      38.00       3.00        0.6          1
 7.7      0.660       0.00       1.60      0.039        4.0        9.0     1.0000       0.00       9.40        0.0          0
 0.5      1.800       0.20       5.00     17.000        1.0        3.3     9.0000       1.00       7.40        1.2          4
 0.1      5.000      14.00       1.00      3.630        0.5        0.0     9.2000       0.92       0.24        2.6         12
93.0      1.000       3.48       0.54      9.800        8.0        0.5     0.5100       2.00       0.42       16.0          1
 3.0      1.170       9.00       3.00      0.000        0.3        2.8     0.0800      21.00     122.00        1.0          0
 9.4      1.000       9.00       0.00      2.700        0.1       24.0   125.0000       1.00       3.30        0.6          1
 5.1      0.500       1.00       0.00     18.000       44.0        1.0     3.9000       0.60      12.80        0.0          0
 0.0      0.000       8.00      25.00      1.000        3.5        0.7     9.5000       0.00       9.40        0.6          3
18.0     72.000       1.00       3.31      0.530        9.7        1.0    11.8000       0.38       0.55        2.1         19
 1.0      3.110       0.62      10.80      3.000       10.6        1.0     0.4300       2.90       0.08       26.0          3
 0.6     10.100       3.00       7.00      0.600        0.0        2.1     0.0700       9.00      23.00        3.0          9
 0.0      7.500       0.38       0.50      2.600        0.1       22.0    84.0000       1.00       0.00        9.6          9
 0.8      0.040       1.60       0.10      4.000       14.0        1.0     3.3000       9.00       1.00        8.4          0
 6.0      0.100      11.00      54.00      1.000        3.4        0.5     0.0000       7.00       0.78        0.1          0
10.0     19.000       1.00       3.40      0.470       10.0        7.0     0.5000       0.19       3.00        0.1         37
 1.0      3.370       0.51      10.50      0.000        0.0        0.1     2.5000       0.07      11.00       35.0          3
 0.6     11.600       0.00       9.70      0.000        1.6        0.1    13.0000      33.00       1.00        3.3         10
 1.0     10.600       1.00       2.00      0.100       21.0       84.0     1.0000       3.06       0.60       10.1          8
 0.6      0.300       0.00      16.00    112.000        1.0        3.4     0.6100       9.50       0.00        8.7          0
 3.2     13.000      33.00       1.00      3.360        0.5        9.4     0.0000       8.00       0.43        0.4          0
48.0      1.000       3.34       0.46      9.400        0.0        9.9     0.7000       0.28       2.60        0.1          0
 3.3      0.510       9.80       1.00      7.200        0.5        0.2     2.7000       0.07      13.00       34.0          0
 9.2      1.000       7.60       0.46      0.100        2.6        0.1    12.0000      49.00       1.00        0.0          2
 8.4      0.560       0.04       2.00      0.100       10.0       22.0     1.0000       3.20       9.00        1.0          0
 0.0      3.900       0.10      17.00     45.000        1.0        3.5     0.5000       0.00       8.90        0.5          2
 0.1     35.000     106.00       1.00      3.100        0.5        9.2     7.0000       0.40       0.08        2.7         15
48.0      1.000       3.21       0.59     10.000        2.0        0.0     0.3000       2.20       0.05       36.0          1
 2.9      1.620       9.50       3.00      7.500        0.0        3.1     0.0860       5.00      12.00        1.0          0
11.2      0.000       9.00       0.70      3.000        0.1        5.0    13.0000       1.00       3.29        0.6          1
 8.1      0.720       0.10       0.00     18.000       49.0        1.0     3.4300       0.72      11.10        0.0          0
 0.0      1.800       4.00      11.00      0.997        3.5        0.7     9.5000       0.00       6.40        0.9          3
 0.1     58.000       1.00       3.61      0.490       12.7        0.0     9.5000       0.60       0.66        2.3         12
 0.0      3.200       0.67       9.60      2.000        8.9        0.9     0.1000       3.45       0.09        4.0          3
 0.5     11.500       0.00       7.30      0.835        0.0        2.1     0.0920      10.00      19.00        1.0          9
 0.0      7.000       0.45       0.34      2.700        0.1       16.0    72.0000       1.00       3.50        9.0          7
 0.6      0.200       2.00       0.10      9.000       39.0        1.0     3.4800       0.60       0.00        7.7          0
 2.1      0.112      11.00      22.00      0.996        3.3        0.5     9.5000       8.00       0.60        0.0          0
19.0     58.000       1.00       3.50      0.650        9.3        0.0     0.0000       0.20       2.80        0.1        104
 1.0      3.100       0.56       9.20      3.000        9.0        0.0     2.4000       0.09      19.00       38.0          3
 0.6      9.300       0.00       8.30      0.800        4.0        0.1    12.0000      16.00       1.00        3.5         11
 0.0      9.200       0.53       0.20      0.000       28.0      139.0     1.0000       3.21       0.57        9.5          6
 0.6      0.000       1.90       9.00     18.000        1.0        3.5     0.6500       9.20       0.00       11.6          0
 2.8      0.100     101.00       1.00      3.130        0.5       10.0     2.0000      11.10       0.40        0.5          0
21.0      1.000       3.10       0.51      9.500        2.0        7.3     0.5000       0.20       2.10        0.1         28
 3.0      0.700       9.50       0.00      8.200        0.3        0.4     2.5000       0.08      12.00       57.0          0
 9.0      1.000       8.60       0.33      0.400        2.6        0.1    16.0000      68.00       1.00        3.3          1
 7.2      0.500       0.18       2.10      0.100       12.0       31.0     1.0000       3.52       0.70        0.0          0
 0.1      2.900       0.09      17.00     40.000        1.0        3.3     0.5500       9.50       7.00        0.5          2
 0.1     24.000      66.00       1.00      3.390        0.6        9.4     0.0000       0.00       0.70        1.7         14
32.0      1.000       3.10       1.06      9.100        3.0        7.8     0.0000       1.90       0.06       22.0          0
 3.5      0.400      10.70       0.00      6.300        1.0        2.0     0.1000      15.00      33.00        1.0          0
11.2      0.000       8.10       0.87      0.000        0.0       10.0    31.0000       1.00       3.25        0.5          1
 8.8      0.420       0.21       2.50     33.000       88.0        1.0     3.1900       0.52       9.20        2.0          0
 0.3      2.800       0.10     104.00      1.000        3.2        0.6     9.7000       1.00       9.30        0.7          2
 0.1      5.000       0.00       3.30      0.420        9.6        1.0     8.8000       0.70       0.00        1.7          8
19.0      3.000       0.50      10.00      1.000        9.1        0.7     0.1000       2.80       0.09       11.0          1
 0.0      9.500       1.00       9.20      0.670        0.1        3.0     0.1000      12.00      48.00        1.0          9
 1.0      8.800       0.59       0.18      2.900        0.1       12.0    74.0000       1.00       3.14        0.5          7
 0.6      0.320       2.70       0.10     13.000       98.0        1.0     3.4500       0.62       9.50        7.0          0
 2.3      0.080      24.00      94.00      1.000        3.5        0.5     9.7000       0.00       0.00        0.0          0
 7.0     32.000       1.00       3.40      0.540        9.6        0.0     9.4000       0.00       2.40        0.1        143
 1.0      3.300       0.60       9.40      1.000        9.5        0.6     2.0000       0.10      23.00      144.0          3
 0.6      9.400       1.00       7.90      0.400        0.3        0.0     1.0000      44.00       1.00        3.3          9
 1.0      7.900       0.40       0.30      1.800        2.0       45.0     0.9970       3.31       0.91        9.5          7
 1.0      0.000       3.00       0.10     16.000        1.0        3.4     0.4600      10.00       0.00        6.9          0
 2.4      0.240       5.50       0.00      3.400        0.6       10.3     0.0000       6.90       0.60        0.2          0
 6.0     18.000       3.00       0.60     10.300        0.0        8.3     0.4300       0.30       3.40        0.1         34
 1.0      0.000      10.50       0.00      7.100        0.5        0.0     2.6000       0.10      21.00       92.0          3
 9.0      0.000       7.00       0.57      0.000        2.0        0.2    12.0000      45.00       1.00        3.3          1
 6.5      0.460       0.14       2.40      0.114        9.0       37.0     0.9973       3.66       0.65        9.8          0
 0.1      2.400       0.08      26.00     96.000        1.0        3.4     0.5300      10.00       0.00        0.0          2
 0.1     20.000      85.00       1.00      3.500        0.6        9.8     0.0000       9.90       0.00        2.3         11
61.0      0.998       3.20       0.50      9.500        2.0       10.0     0.6000       2.00       0.10       19.0          1
 3.2      0.600      10.10       2.00      8.600        0.6        0.2     0.0000      21.00     119.00        1.0          0
 9.3      3.000       7.40       0.37      0.430        2.6       18.0    82.0000       1.00       3.33        0.7          0
 8.8      0.640       0.17       2.90      0.100      130.0        1.0     3.2300       0.54       9.60        1.0          0
 0.0      2.500       0.08      17.00      0.000        3.5        0.6     9.7000       0.00       7.70        0.6          2
 0.1      7.000      13.00       3.00      0.600       10.8        0.0    10.1000       0.27       0.50        2.3          7
26.0      1.000       0.00      12.50      2.000       10.8        0.9     0.3000       2.60       0.10        7.0          1
 3.0     10.000       3.00       8.70      0.460        0.3        2.5     0.1000      24.00      64.00        1.0          0
 3.0      9.300       0.37       0.44      1.600        0.0       21.0    42.0000       1.00       3.24        0.8          9
 0.5      0.340       3.60       0.08      5.000       14.0        1.0     3.2900       0.52      10.70        1.0          0
 4.0      0.080      26.00     108.00      1.000        3.3        0.5     9.4000       1.00       8.60        0.0          0
 8.0     17.000       1.00       3.20      0.400       10.0        1.0     5.1000       0.60       1.00        0.0         86
 1.0      3.560       0.90      12.90      0.000        7.7        0.6     0.1000       0.00      14.00       46.0          3
 0.7      9.600       1.00       8.40      0.520        0.2        2.7     4.0000      18.00       1.00        3.3          9
 1.0      8.200       0.28       0.40      2.400        0.1       10.0     1.0000       3.33       0.70       12.8          8
 0.3      0.390       2.00       0.04      4.000        0.0        3.3     0.7100      12.50       1.00        7.4          0
 1.9      0.170       4.00      12.00      3.000        0.9        9.2     1.0000       7.60       0.48        0.3          0
 4.0     15.000       1.00       0.00     10.300        1.0        7.3     0.4900       0.10       2.60        0.1         14
 1.0      3.300      10.00       1.00     12.900        0.5        0.6     2.8000       0.10       7.00       24.0          3
 0.7      3.000      10.80       0.45      0.330        2.5        0.1    20.0000      38.00       1.00        3.2         10
 6.0      0.400       0.24       2.10      0.100        4.0        7.0     1.0000       3.44       0.58       11.4          0
 0.5      2.800       0.10      19.00     41.000        1.0        3.2     0.7600      11.30       2.00        9.8          3
 0.1      8.000      30.00       1.00      3.200        0.6       10.5     1.0000      10.80       0.30        1.0         19
27.0      1.000       3.28       0.70     11.900        1.0        7.1     0.7100       0.00       0.00       21.0          1
 3.3      0.450       9.40       1.00      9.100        0.7        0.1     3.2000       9.00      59.00        1.0          0
 9.6      1.000       7.00       0.69      0.000        1.9        0.1    22.0000       1.00       3.34        0.6          0
 4.9      0.400       0.00       2.10      0.050       16.0        0.0     3.7000       0.74      14.00        0.0          0
 0.1      2.000       0.08      15.00     36.000        3.0        0.6     9.8000       0.00       7.10        0.5          2
 0.1      6.000      16.00       1.00      0.000       10.3        1.0     7.1000       0.46       0.14        2.8         15
37.0      1.000       3.40      10.00      0.000        7.5        0.3     0.3400       2.30       0.10        4.0          1
 3.4      0.600       0.00       7.80      0.570        0.1        2.3     0.0650      34.00      45.00        1.0          0
12.7      5.000       0.60       0.08      2.100        0.1       16.0    24.0000       1.00       3.56        0.8          0
 0.0      0.100       2.50       0.06      5.000        9.0        1.0     3.4000       0.55      10.90        0.0          0
 1.5      0.145      34.00      48.00      0.998        3.4        0.9     9.9000       0.00      11.60        0.5          0
36.0     51.000       1.00       3.38      0.900        9.9        0.0     8.8000       0.69       0.30        0.0         23
 1.0      3.320       0.47       9.40      1.000        7.6        0.7     0.1000       1.50      27.00       55.0          3
 0.5      9.300       0.00       6.70      0.280        0.3        2.4     0.0000     100.00       1.00        3.3         11
 1.0     10.100       0.30       0.35      1.600        0.1        9.0     0.0000       3.20       0.83       11.2          6
 0.5      0.000       2.20       0.09     13.000       26.0        3.0     0.5000      10.00       0.00       11.1          0
 2.6      0.085       9.00      34.00      1.000        0.0       12.1     1.0000       6.60       0.66        0.0          0
21.0     31.000       1.00       3.50     10.000        0.0       10.6     0.5000       0.45       2.60        0.1         68
 1.0      3.230       0.70       1.00      7.100        0.7        0.3     2.0000       0.09       9.00       92.0          3
 0.6      9.400       9.00       0.30      0.460        1.7        0.1    26.0000      42.00       1.00        3.2         10
 2.0      0.000       0.20       1.80      0.080       14.0       31.0     1.0000       3.60       0.66        9.8          7
 0.0      1.800       0.08      12.00     39.000        1.0        3.5     0.7000       9.90       0.00        6.4          1
 0.1     12.000      32.00       1.00      3.580        0.7        9.8     0.0000       9.30       0.43        0.4          9
22.0      1.000       3.28       0.55      9.500        1.0        8.0     0.4200       0.32       2.50       26.0          0
 3.2      1.070       9.70       1.00      9.300        0.4        0.4     1.5000       0.10      55.00        1.0          0
10.9      0.000       7.60       0.70      0.020        2.5        0.1    10.0000       0.00       3.50        0.7          0
 8.2      0.300       0.30       2.50      0.070       16.0       47.0     3.0000       0.80      11.30        0.0          0
 0.5      1.700       0.05      17.00     32.000        1.0        0.0    10.6000       2.00       6.80        0.6          1
 0.1     15.000      24.00       0.99      3.400       11.0        0.0     7.2000       0.62       0.06        2.7         15
85.0      1.000       3.51       0.50      0.000        5.8        1.0     0.6600       2.00       0.04       15.0          0
 3.7      0.600      11.50       7.00      0.400        0.3        2.7     0.0700       7.00      25.00        1.0          0
10.4      1.000       0.00       0.10      2.500        0.1       17.0    84.0000       1.00       3.50        0.5          0
 7.2      0.000       2.60       0.08     16.000       86.0        1.0     3.5000       0.50       9.70        0.0          0
 2.0      0.100      13.00      24.00      0.990        3.4        0.8    11.3000       0.00       6.90        0.5          0
13.0     22.000       0.99       3.40      0.840       11.2        0.0     7.6000       0.63       0.03        2.0         43
 1.0      3.440       0.64      10.90      0.000        7.7        0.7     0.0100       2.10       0.10       43.0          3
 0.6     11.800       0.00       6.90      0.600        0.0        1.5     0.0900      36.00       0.00        3.5         10
 0.0      7.300       0.30       0.20      2.000        0.1       28.0    48.0000       3.00       0.50       10.0          9
 0.2      0.400       1.60       0.07      6.000       10.0        1.0     0.0000      11.10       1.00       10.4          0
 2.1      0.100       6.00      10.00      1.000        3.1       11.0     2.0000       8.80       0.31        0.4          0
 7.0     16.000       1.00       3.31      0.800        1.0        7.1     0.4700       0.00       2.20        0.1         14
 1.0      3.400       0.58      10.90      8.000        0.6        0.2     4.0000       0.09      30.00       69.0          3
 0.5     10.000       1.00       0.00      0.000        2.5        0.1    18.0000      88.00       1.00        3.5          9
 0.0      9.200       0.00       1.60      0.078       10.0       21.0     0.9960       3.10       0.50        9.9          7
 0.7      2.000       0.10      30.00     35.000        1.0        3.5     0.7000      11.40       0.00        8.4          0
 0.0     14.000      26.00       1.00      3.220        0.8       12.0     1.0000       8.90       0.75        0.1          9
30.0      0.998       3.34       0.64     10.500        0.0        9.0     0.8000       0.12       2.40        0.1          1
 3.3      0.650      10.40       0.00     10.700        0.5        0.4     2.6000       0.07      29.00        0.0          0
12.1      2.000       6.80       0.60      0.000        2.5        0.1    32.0000      64.00       3.00        0.6          0
10.7      0.900       0.30       6.60      0.112       23.0       99.0     1.0000       0.00       9.30        1.0          0
 0.2      2.000       0.10      30.00     52.000        1.0        3.4    10.0000       0.00       7.20        0.7          2
 0.1     16.000      86.00       1.00      3.530        0.6        0.0    10.1000       0.45       0.23        1.9         10
18.0      0.998       3.22       0.65      9.300        7.0        0.6     0.0300       2.20       0.08       17.0          1
 3.5      0.580       9.80       0.00      0.000        0.0        2.3     0.0800      27.00      43.00        1.0          0
10.7      0.000       8.30       0.00      2.400        0.1       17.0    43.0000       0.99       3.30        0.8          1
 8.3      1.000       3.00       0.10      6.000       11.0        1.0     3.4800       0.50      11.00        0.0          0
 0.4      0.000      10.00      39.00      1.000        3.4        0.7    11.8000       0.00       7.40        0.6          2
16.0     33.000       1.00       3.58      0.690       10.8        0.0     6.8000       0.59       0.06        6.0         18
 1.0      3.410       0.59      10.80      0.000        9.2        0.6     0.2000       3.00       0.08       15.0          3
 0.6      9.500       1.00       7.20      0.500        0.3        2.6     0.0800      12.00      78.00        3.0         11
 0.0      6.100       0.56       0.00      2.200        0.1        6.0     9.0000       1.00       0.00       11.5          7
 0.5      0.130       2.40       0.10     34.000       61.0        1.0     3.4000      10.00       0.00        7.3          0
 1.2      0.100       7.00      11.00      0.990        3.3        0.5     1.0000       9.30       0.38        0.5          0
 3.0     11.000       1.00       3.23      0.570       13.2        9.0     0.3000       0.46       9.00        0.1          9
 1.0      3.180       0.60      10.90      2.000        0.0        0.4     2.9000       0.07       4.00        8.0          3
 0.6     12.200       0.00       9.40      0.000        4.6        0.1     3.0000      10.00       1.00        3.3         12
 1.0      8.600       0.30       2.00      0.100        3.0        6.0     1.0000       3.27       0.70       11.9          5
 0.7      0.200       0.00       7.00     62.000        1.0        3.6     0.6100      11.00       0.00        6.8          0
 8.8     26.000      45.00       1.00      3.380        0.6       10.1     0.0000       8.40       0.36        0.3          0
79.0      1.000       3.30       0.72     11.000        1.0        8.4     0.6000       0.12       1.80        0.1          0
 3.4      0.890      11.80       0.00      9.600        0.4        0.4     2.3000       0.09      10.00       23.0          0
10.5      1.000       8.60       0.47      0.300        2.3        0.1    14.0000      28.00       1.00        0.0          2
 8.6      0.220       0.36       1.90      0.100       53.0       77.0     1.0000       3.50      11.00        0.0          0
 0.3      2.300       0.10      52.00     73.000        1.0        3.5     0.9000       0.00       8.40        0.7          2
 0.1     11.000      75.00       1.00      3.200        0.6        9.2     8.0000       0.30       0.38        3.3         10
19.0      1.000       3.30       0.73     12.000        1.0        0.0     0.0000       1.90       0.08        8.0          1
 3.7      0.730      10.50       0.00      7.400        0.0        2.0     0.0740      13.00      38.00        1.0          0
 9.8      0.000       7.60       0.40      1.000        0.1       29.0    66.0000       1.00       3.45        0.6          0
 8.8      0.300       0.40       0.00     19.000       72.0        1.0     3.3900       0.72      11.80        0.0          0
 0.5      1.400       6.00      26.00      0.998        3.1        0.6    10.4000       3.00       7.20        0.4          2
 0.1     42.000       1.00       3.34      0.720       12.9        0.0     6.2000       0.50       0.17        1.6          7
 0.0      3.600       0.54      11.40      0.000        9.6        0.3     0.5000       2.20       0.07       13.0          3
 0.8     12.400       0.00       9.90      0.270        0.5        5.0     0.0820       9.00      17.00        1.0         12
 2.0     10.100       0.43       0.40      2.600        0.1       13.0    52.0000       1.00       3.20       10.0          9
 0.5      0.340       2.30       0.10     10.000       45.0        1.0     3.2400       0.60       1.00        8.3          0
 3.8      0.090      11.00      24.00      0.995        3.3        0.6    12.1000      10.00       0.40        0.4          0
 7.0     20.000       1.00       3.14      0.790       11.1        2.0     0.0000       0.60       4.10        0.1         24
 1.0      3.300       0.99      12.00      1.000        8.3        0.0     2.1000       0.09       6.00       12.0          3
 0.6     12.400       1.00       8.90      0.100        1.0        0.1    10.0000      21.00       1.00        3.4         11
 0.0      8.200       0.31       0.40      0.000        6.0       10.0     1.0000       3.31       0.68       11.2         10
 0.3      0.480       2.10       5.00      9.000        1.0        3.2     0.6900      12.10       2.00        7.6          0
 2.7      0.100      11.00       1.00      3.440        0.5       12.2     0.0000       8.50       0.20        0.5          0
 9.0      0.000       3.40       0.67     10.400        0.0        9.0     0.4000       0.50       2.10        0.1         10
 3.0      0.600      11.30       1.00      9.500        0.4        0.5     2.0000       0.09      12.00       51.0          0
11.1      1.000       6.40       0.57      0.120        2.3        0.1    25.0000      36.00       1.00        3.5          0
 8.0      0.590       0.05       2.00      0.100       12.0       32.0     1.0000       3.36       0.60        0.0          0
 0.3      1.900       0.06      18.00     38.000        1.0        3.2     0.8500      11.10       7.00        0.6          1
 0.1      7.000      18.00       1.00      3.270        0.6        9.3     1.0000       0.00       0.00        2.1          6
16.0      1.000       3.40       0.69      9.500        0.0        8.8     0.0000       2.00       0.10       20.0          0
 3.1      0.700      11.20       2.00      8.300        0.3        2.0     0.1000      24.00      48.00        1.0          0
11.0      0.000       9.00       0.38      0.400        0.0        6.0    10.0000       1.00       3.13        0.6          2
 8.5      0.660       0.20       2.10     23.000      113.0        1.0     3.1300       0.48       9.20        2.0          0
 0.4      2.400       0.10      46.00      1.000        3.2        0.6    12.2000       2.00       6.70        0.6          2
 0.1      7.000       0.00       3.50      0.610       10.2        0.0    10.4000       0.30       0.50        1.9          6
10.0      3.000       0.90      10.90      0.000       10.1        0.4     0.5000       2.40       0.10        6.0          1
 0.0     11.600       1.00       8.50      0.340        0.4        1.7     0.1000       6.00      12.00        1.0         10
 0.0      8.800       0.33       0.41      5.900        0.1        7.0    13.0000       1.00       3.30        0.6          7
 0.4      0.300       2.10       0.08     35.000       72.0        1.0     3.4400       0.52       9.40        8.0          0
 2.6      0.110      31.00     119.00      1.000        3.1        0.5     9.1000       2.00       0.00        0.3          0
 9.0     29.000       1.00       3.30      0.490       11.3        1.0    12.2000       0.00       1.40        0.1          6
 1.0      3.100       0.60      10.40      2.000        9.1        0.5     1.0000       0.10       8.00       17.0          3
 0.7     10.500       1.00       9.50      0.860        0.3        0.0    13.0000      28.00       1.00        3.3         10
 1.0      7.300       0.52       0.32      2.100       51.0       70.0     0.9940       3.34       0.82       12.9          7
 0.6      0.000       2.00       0.10     11.000        1.0        3.5     0.5800      11.30       0.00        9.8          0
 1.4      0.070       3.00       0.00      3.200        0.6       11.4     2.0000       7.10       0.40        0.3          0
35.0     70.000       3.00       0.50      9.400        0.0        7.7     0.3900       0.10       1.70        0.1         27
 1.0      0.000       9.40       2.00      9.700        0.3        0.4     1.5000       0.10      14.00       21.0          3
10.0      2.000       7.10       0.34      0.280        2.0        0.1    31.0000      68.00       1.00        3.5          0
 6.5      0.400       0.10       2.00      0.076       30.0       47.0     0.9955       3.36       0.48        9.4          0
 0.5      2.500       0.09      20.00     88.000        1.0        3.1     0.4300       9.40       2.00        0.0          2
 0.1     19.000      41.00       1.00      3.400        0.6       10.1     0.0000       5.60       0.00        2.2          3
11.0      0.994       3.70       0.60     12.800        0.0        8.9     0.8000       1.00       0.10        4.0          1
 3.1      0.500       9.10       2.00      6.400        0.7        0.0     0.0000       7.00      12.00        1.0          0
12.9      0.000       7.50       0.43      0.300        2.2        6.0    12.0000       1.00       3.44        0.7          0
 9.9      0.350       0.38       1.50      0.100       47.0        1.0     3.2600       0.82      10.60        1.0          0
 0.3      2.050       0.06      13.00      0.000        3.3        0.8    11.7000       1.00       6.80        0.4          1
 0.1      4.000       8.00       3.00      0.600       12.8        0.0     8.2000       0.43       0.30        1.6         27
45.0      1.000       0.00      10.30      1.000        9.1        0.3     0.3400       2.00       0.10       12.0          1
 3.3     11.000       1.00       8.90      0.350        0.4        3.6     0.1000      12.00      24.00        1.0          0
 1.0      9.600       0.50       0.36      2.800        0.1       26.0    55.0000       1.00       3.18        0.7          8
 0.3      0.450       1.70       0.07      7.000       12.0        1.0     3.2500       0.55      12.30        1.0          0
 2.0      0.090      12.00      19.00      1.000        3.2        0.6    10.4000       2.00       7.70        0.0          0
11.0     32.000       1.00       3.20      0.500       10.0        1.0     7.5000       0.70       1.00        0.1         31
 1.0      3.380       0.60      10.00      0.000        8.0        0.6     0.2000       0.00       3.00        7.0          3
 0.6     11.200       1.00      10.50      0.390        0.5        2.2    14.0000      27.00       1.00        3.1         11
 3.0      8.900       0.38       0.40      2.200        0.1       28.0     1.0000       3.27       0.75       12.6          8
 0.2      0.370       0.90       0.05     36.000        0.0        2.9     0.4400      12.70       3.00        7.0          0
 1.8      0.080      10.00      23.00      3.000        0.6       10.4     0.0000      11.30       0.36        0.7          0
 3.0      8.000       1.00       0.00     11.900        2.0        7.0     0.5100       0.09       2.10        0.1          9
 1.0      3.400      10.00       0.00      8.200        0.3        0.4     2.3000       0.10       3.00        9.0          3
 0.6      1.000       7.70       0.58      0.010        1.8        0.1    12.0000      18.00       1.00        3.3         10
 8.0      0.800       0.00       2.80      0.100       17.0       43.0     1.0000       3.33       0.60       10.4          0
 0.3      1.900       0.07      14.00     36.000        1.0        3.4     0.5600      12.60       0.00        6.4          2
 0.1     28.000      52.00       0.99      3.500        0.5       11.6     0.0000       7.20       0.30        2.0         41
68.0      1.000       3.37       0.50     10.100        0.0        7.1     0.5900       0.00       0.00        9.0          0
 3.4      0.550      11.50       0.00      7.300        0.6        0.0     1.8000       9.00      15.00        1.0          0
11.0      0.000       8.10       0.82      0.000        4.1        0.1    14.0000       1.00       3.36        0.5          0
 7.5      0.600       0.08       2.60      0.090       14.0        0.0     3.3000       0.59      10.40        1.0          0
 0.2      2.500       0.08      15.00     48.000        3.0        0.5     9.7000       2.00      10.10        0.4          2
 0.1      5.000      17.00       1.00      0.000       10.6        2.0     7.6000       0.31       0.34        2.5         26
35.0      0.990       3.20      12.00      1.000        7.3        0.9     0.1000       1.80       0.10       20.0          1
 3.4      0.600       0.00       8.70      0.410        0.4        6.2     0.0780      25.00      42.00        1.0          0
12.6      8.000       0.50       0.21      2.200        0.1       21.0    39.0000       1.00       3.33        0.8          0
 0.0      0.000       2.20       0.09     16.000       32.0        1.0     3.6000       0.67      10.20        0.0          0
 1.7      0.079      13.00      26.00      0.996        3.4        0.6     9.8000       0.00       9.50        0.4          0
18.0     39.000       1.00       3.29      0.800       10.9        1.0     6.4000       0.39       0.30        0.0         53
 1.0      3.360       0.62      12.20      0.000        6.9        0.4     0.0000       1.40      32.00       38.0          3
 0.6     11.400       1.00       7.60      0.780        0.0        1.7     0.1000      45.00       1.00        3.3         10
 1.0      7.100       0.40       0.17      1.800        0.1       27.0     0.0000       3.50       0.64       10.4          9
 0.5      0.400       1.70       0.08      3.000       14.0        3.0     0.8000      10.90       1.00        9.3          0
 1.8      0.084       6.00      17.00      1.000        0.0       10.8     1.0000       8.50       0.46        0.6          0
16.0     45.000       1.00       3.00      9.000        3.0        5.6     0.6000       0.05       2.40        0.1         25
 1.0      3.560       0.60       0.00      8.300        0.3        0.4     2.3000       0.07       9.00       20.0          3
 0.8     12.700       8.00       0.60      0.270        2.0        0.1     5.0000      77.00       1.00        3.1          9
 2.0      0.000       0.50       4.00      0.100        3.0       10.0     1.0000       3.20       0.59       12.1          7
 0.0      3.900       0.10      28.00     90.000        1.0        3.1     0.6000       9.10       2.00        9.9          2
 0.1     30.000      52.00       1.00      3.190        0.8       11.6     2.0000      11.60       0.23        0.6          3
 8.0      1.000       3.14       0.70      9.900        2.0        9.1     0.4000       0.50       1.80        7.0          0
 3.2      0.690      12.50       2.00      8.000        0.4        0.4     1.9000       0.10      15.00        1.0          0
11.4      1.000      10.20       0.30      0.650        2.4        0.1     6.0000       0.00       3.20        0.6          1
 8.2      0.700       0.10       2.00      0.070        5.0       10.0     3.0000       0.60      11.80        1.0          0
 0.2      2.400       0.08       6.00     20.000        1.0        0.0    10.2000       1.00       6.60        0.5          2
 0.1     13.000      26.00       0.99      3.400       12.0        0.0    11.1000       0.31       0.53        2.2          3
10.0      1.000       3.02       0.80      3.000        8.0        0.6     0.3500       2.80       0.09       28.0          0
 3.3      0.620      10.80       9.00      0.300        0.5        1.5     0.0600      19.00      37.00        1.0          0
11.1      2.000       0.00       0.20      8.100        0.1       30.0    92.0000       1.00       3.20        0.6          2
 7.2      0.000       1.80       0.08     33.000       75.0        1.0     3.4000       0.60       9.50        0.0          0
 2.0      0.100      16.00      37.00      1.000        3.3        0.6    10.7000       1.00       9.10        0.3          0
45.0     67.000       1.00       3.44      0.860       10.2        0.0     9.9000       0.32       0.56        2.0          8
 1.0      3.150       0.73      11.40      2.000        8.6        0.4     0.6500       6.40       0.10        8.0          3
 0.6     11.000       1.00       7.90      0.300        0.7        8.3     0.0500      37.50       0.00        3.0         12
 3.0     10.300       0.30       0.60      1.400        0.1        3.0     8.0000       3.00       0.50       11.8          7
 0.3      0.700       8.30       0.05     37.500      289.0        1.0     0.0000      12.30       3.00        7.2          0
 1.8      0.100      31.00      70.00      1.000        3.4        9.0     0.0000       8.70       0.42        0.5          0
32.0     59.000       1.00       3.33      0.800        0.0        6.8     0.4800       0.08       1.80        0.1         64
 1.0      3.120       0.49       9.60      8.000        0.3        0.4     4.7000       0.06       3.00        9.0          3
 0.7     11.600       0.00       0.00      0.400        1.6        0.1    18.0000      30.00       1.00        3.3         11
 1.0     11.600       0.00       1.50      0.095       22.0       41.0     0.9970       3.00       0.80        9.9         10
 0.3      1.000       0.10      42.00     74.000        1.0        3.0     0.6000      11.80       3.00        7.9          0
 0.0      8.000      19.00       1.00      3.350        0.6       11.4     0.0000       7.00       0.54        0.1         10
16.0      0.995       3.43       0.59     11.500        0.0        9.2     0.3100       0.36       2.20        0.1          1
 3.3      0.860      12.00       0.00      6.600        0.7        0.1     5.5000       0.12       9.00        0.0          0
10.8      0.000       9.40       0.40      0.500        2.5        0.1     6.0000      20.00       3.00        0.5          2
 8.6      0.520       0.40       1.50      0.096        5.0       18.0     1.0000       0.00       9.40        2.0          0
 0.5      2.100       0.20       5.00     16.000        1.0        3.1    12.0000       2.00       8.40        0.3          2
 0.1     23.000      36.00       0.99      3.110        0.8        3.0     7.4000       0.49       0.27        2.1         14
25.0      0.994       3.35       0.63     12.000        6.0        0.5     0.0900       1.70       0.08       18.0          1
 3.5      0.540      11.20       0.00      0.000        0.3        2.2     0.0700      16.00      25.00        1.0          0
12.4      1.000       6.30       0.00      2.100        0.0       13.0    49.0000       0.99       3.40        0.6          0
 8.2      0.200       1.00       0.10      9.000       17.0        1.0     3.2100       0.50      12.30        2.0          0
 0.4      0.000      10.00      24.00      1.000        3.3        0.8    11.7000       1.00       8.10        0.8          3
 4.0     13.000       1.00       3.36      0.490        9.5        0.0    10.8000       0.47       0.43        2.1         66
 1.0      3.170       0.76      10.80      2.000        8.3        0.5     0.0000       1.40       0.07        6.0          3
 0.6     10.000       1.00       5.40      0.400        0.3        2.0     0.0900      23.00      55.00        3.0         12
 0.0      7.900       0.33       0.40      1.500        0.1        6.0    35.0000       1.00       0.00       11.0          8
 0.2      0.390       1.60       0.10      3.000       10.0        1.0     3.1000       9.00       2.00        5.0          0
 4.3      0.000      29.00      80.00      0.990        3.5        0.7     0.0000       7.00       0.69        0.1          0
15.0     21.000       1.00       3.38      0.600       11.3        7.0     0.4000       0.12       2.10        0.1         24
 1.0      3.300       0.53      13.30      1.000        0.0        0.0     2.5000       0.07       7.00       15.0          3
 0.6     12.900       0.00       7.90      0.000        2.5        0.1     8.0000      17.00       0.99        3.2         13
 2.0      6.600       0.50       1.00      0.100       21.0       28.0     0.9900       3.44       0.60       12.3          6
 0.5      0.000       0.00      27.00     33.000        1.0        3.5     0.4800      12.30       0.00       10.7          0
 1.9     17.000      29.00       1.00      3.120        0.7       11.2     2.0000       6.50       0.58        0.0          0
13.0      1.000       3.62       0.62     11.500        0.0        8.8     0.2000       0.35       1.70        0.1          0
 3.1      0.590      11.30       2.00      5.800        0.3        0.3     1.7000       0.06       3.00       11.0          0
13.5      0.000       6.30       0.76      0.000        2.9        0.1    26.0000      52.00       1.00        0.0          0
10.0      0.430       0.33       2.70      0.100       28.0       89.0     1.0000       3.20      10.00        1.0          0
 0.3      3.300       0.10      24.00     70.000        1.0        3.2     0.7000       2.00       9.10        0.6          1
 0.1      5.000      10.00       1.00      3.180        0.6       10.4     5.0000       0.20       0.21        1.7         57
135.0      1.000       3.32       0.44      9.500        1.0        0.0     0.3000       1.80       0.07       18.0          1
 3.4      0.880      13.60       0.00      7.200        0.0        5.5     0.0890      10.00      18.00        1.0          0
11.2      0.000       8.50       0.30      1.000        0.1        6.0    15.0000       1.00       3.30        0.7          1
 8.0      0.250       0.40       0.00     22.000       50.0        1.0     3.3800       0.60      11.90        0.0          0
 0.5      2.000       6.00      13.00      0.998        3.2        0.8    11.4000       1.00       7.50        0.4          3
 0.1     94.000       1.00       3.14      0.580        9.1        2.0     8.2000       0.50       0.24        2.0         16
 0.0      3.300       0.64       9.50      0.000        7.3        0.4     0.3000       1.70       0.08       33.0          3
 0.7      9.500       0.00       8.20      0.380        0.3        2.5     0.0800      24.00      71.00        1.0         11
 1.0      6.900       0.45       0.11      2.400        0.0        6.0    12.0000       0.99       3.30       11.0          7
 0.2      0.300       1.80       0.10     16.000       20.0        1.0     3.6100       0.80       0.00        7.3          0
 2.3      0.066      35.00      70.00      0.996        3.4        0.6    10.1000       8.00       0.20        0.4          0
31.0     51.000       1.00       3.53      0.810       10.4        0.0     0.0000       0.10       1.80        0.2         21
 1.0      3.300       0.87       9.80      1.000       10.0        0.0     6.2000       0.07       6.00       14.0          3
 0.5     11.800       2.00       7.80      0.400        2.0        0.1     9.0000      21.00       1.00        3.4         11
 0.0     10.000       0.35       0.50      0.000        6.0       11.0     1.0000       3.23       0.52       12.0          8
 0.3      0.320       2.80       4.00     12.000        1.0        3.3     0.7600      12.80       1.00        6.1          0
 2.5      0.000      70.00       1.00      3.460        0.7       12.5     0.0000       8.30       0.60        0.3          0
 9.0      0.000       3.10       0.53      9.800        2.0        9.6     0.4000       0.30       2.10        0.1         38
 3.0      0.700      11.10       1.00      6.600        0.6        0.0     2.2000       0.10      50.00       63.0          0
11.4      0.000       8.50       0.18      0.510        1.8        0.1    45.0000      88.00       1.00        3.3          0
 5.1      0.510       0.18       2.10      0.000       16.0      101.0     0.9900       3.46       0.90        0.0          0
 0.4      2.800       0.08      22.00     54.000        1.0        3.4     1.1600      10.60      10.00        0.4          2
 0.1     11.000      37.00       1.00      3.160        0.7       10.8     2.0000       0.00       0.60        2.3          6
20.0      1.000       3.10       0.72     11.100        2.0        8.8     0.0000       1.40       0.08       12.0          0
 3.2      0.800      10.20       2.00      8.500        0.3        2.0     0.1000      12.00      19.00        1.0          0
11.8      2.000       9.00       0.79      0.200        0.0       10.0    21.0000       1.00       3.29        0.7          1
 8.5      0.440       0.50       1.90     15.000       38.0        1.0     3.0100       1.10       9.40        3.0          0
 0.3      2.000       0.10      60.00      1.000        2.9        1.0    10.2000       3.00       8.20        0.3          2
 0.1     29.000       0.00       3.30      0.880       12.4        1.0     6.5000       0.30       0.30        2.8          8
44.0      3.000       0.60      12.00      2.000        7.6        0.5     0.3000       2.30       0.09        5.0          1
 0.0     11.500       1.00       9.20      0.360        0.3        1.6     0.1000       5.00      12.00        1.0         10
 2.0      7.100       0.59       0.00      2.200        0.1       26.0    44.0000       1.00       3.42        0.7          9
 0.4      0.460       2.10       0.07      5.000       16.0        1.0     3.2700       0.74      12.30        7.0          0
 1.7      0.080      26.00      65.00      1.000        3.5        0.6     9.5000       0.00       0.00        0.0          0
48.0     59.000       1.00       3.60      0.700       11.5        0.0     6.5000       0.00       5.60        0.1         47
 1.0      3.600       0.50      11.20      0.000        7.1        0.7     2.0000       0.10       6.00       11.0          3
 0.7     12.700       0.00       5.60      0.920        0.0        0.0    17.0000      78.00       0.99        3.7         11
 0.0      8.200       0.35       0.33      2.400       11.0       47.0     0.9960       3.27       0.81       11.0          9
 0.4      0.430       1.65       0.10     11.000        1.0        3.2     0.4600      11.40       2.00       10.2          0
 2.5      0.070      41.00       0.00      3.400        0.9       10.5     0.0000       6.80       0.70        0.1          0
16.0     61.000       3.00       0.60      9.300        1.0        6.7     0.6400       0.20       2.10        0.1        119
 1.0      0.000      10.90       0.00      7.000        0.4        0.3     2.0000       0.10       6.00       39.0          3
11.0      0.000       6.60       0.80      0.030        7.8        0.1     6.0000      12.00       1.00        3.5          0
 8.8      0.955       0.05       1.80      0.075        5.0       19.0     0.9962       3.30       0.44        9.6          0
 0.6      4.600       0.08       6.00     20.000        1.0        3.3     0.5700      12.50       1.00        0.0          2
 0.2      6.000      12.00       1.00      3.600        0.5       10.8     0.0000       7.20       0.00        2.5         11
41.0      0.994       3.50       0.80     12.400        0.0        6.4     0.9000       2.00       0.20        6.0          1
 3.6      0.500      10.80       0.00      7.000        0.8        0.1     0.0000      15.00      64.00        1.0          0
 9.5      1.000       6.20       0.43      0.220        1.8       21.0    56.0000       1.00       3.52        0.6          0
 7.9      0.580       0.23       2.30      0.100       94.0        1.0     3.2100       0.58       9.50        2.0          0
 0.2      1.500       0.07       4.00      0.000        3.2        0.5     9.8000       2.00       7.70        0.3          2
 0.1     19.000      77.00       3.00      0.800       10.9        2.0     7.9000       0.34       0.40        1.9          5
10.0      1.000       0.00      11.20      1.000        8.6        0.4     0.3900       1.80       0.10        6.0          1
 3.4     11.000       0.00       9.90      0.740        0.2        5.8     0.1000      33.00      76.00        1.0          0
 2.0      7.200       0.36       0.46      2.100        0.1       24.0    44.0000       1.00       3.40        0.8          9
 0.7      0.550       1.70       0.14     24.000       52.0        1.0     3.3500       0.94      10.00        0.0          0
 2.0      0.070      14.00      24.00      1.000        3.5        0.9    11.2000       0.00       6.80        0.0          0
 8.0     15.000       1.00       3.40      0.600       10.4        0.0     6.6000       0.40       2.00        0.1         53
 1.0      3.320       0.60       9.30      1.000        9.6        0.4     0.4000       0.00       5.00       13.0          3
 0.8     10.500       2.00      10.20      0.330        0.5        1.9     6.0000       9.00       1.00        3.1         10
 3.0      8.800       0.27       0.46      2.100        0.1       29.0     1.0000       3.26       0.56       11.3          7
 0.6      0.310       2.00       0.08     10.000        0.0        3.3     0.6900       9.50       1.00        8.2          0
 1.9      0.060      43.00      74.00      3.000        0.8       12.0     1.0000       8.20       0.40        0.3          0
 8.0     24.000       1.00       0.00     10.600        1.0        9.0     0.3900       0.40       1.30        0.0         50
 1.0      3.200      10.00       2.00     10.900        0.3        0.5     1.8000       0.10      17.00       44.0          3
 0.8      1.000       8.10       0.53      0.220        2.2        0.1    33.0000      89.00       1.00        3.3          9
10.0      0.400       0.47       2.20      0.070        9.0       23.0     1.0000       3.23       0.76       12.0          0
 0.5      2.500       0.08       8.00     20.000        1.0        3.1     0.8200      10.30       3.00        9.2          2
 0.1     18.000      77.00       1.00      3.100        0.5        9.4     2.0000       7.50       0.60        4.0         27
46.0      1.000       3.02       0.50      9.200        3.0        9.0     0.5800       0.30       0.00        8.0          1
 3.3      0.720       9.60       1.00      5.100        0.4        0.0     1.8000      18.00      88.00        1.0          0
13.6      0.000       7.60       0.43      0.290        2.1        0.1    66.0000       1.00       3.40        0.6          0
 7.7      0.200       0.34       2.70      0.070       15.0        0.0     3.4000       0.78      11.80        0.0          0
 0.0      2.600       0.07      48.00     90.000        3.0        0.6    10.8000       0.00      10.20        0.2          2
 0.1     14.000      36.00       1.00      0.000        9.3        1.0     7.1000       0.75       0.01        2.2         11
18.0      0.990       3.40      12.00      0.000        6.0        0.3     0.3200      12.90       0.10        6.0          1
 3.3      0.600       1.00       7.80      0.550        0.0        1.7     0.0700       7.00      17.00        1.0          0
 9.4      8.000       0.70       0.00      2.500        0.1       12.0    24.0000       1.00       3.38        0.5          0
 0.0      0.000       4.30       0.06     11.000       20.0        1.0     3.5000       0.56      11.80        0.0          0
 1.7      0.076      36.00      60.00      0.995        3.1        0.4     9.3000       3.00       9.80        0.4          0
28.0     65.000       1.00       3.16      0.600        9.8        2.0     9.0000       0.40       0.40        0.0         40
 1.0      3.220       0.60      12.20      1.000        8.3        0.6     0.2200       2.40      10.00       86.0          3
 0.6      9.500       0.00       5.90      0.290        0.3       13.4     0.1000     160.00       1.00        3.3         10
 0.0      7.400       0.60       0.19      1.800        0.1       15.0     0.0000       3.50       0.68       10.5          7
 0.7      0.100       1.70       0.09     15.000       48.0        3.0     0.5000      10.00       2.00        6.9          0
 2.2      0.081      22.00      36.00      1.000        0.0       11.1     0.0000       7.10       0.60        0.0          0
24.0     37.000       1.00       3.40     10.000        0.0        7.5     0.5800       0.14       2.20        0.1         60
 1.0      3.280       0.60       1.00      7.100        0.7        0.0     1.8000       0.12       6.00       14.0          3
 0.6      9.800       7.00       0.70      0.000        1.4        0.1     6.0000      13.00       1.00        3.4          9
 0.0      0.000       0.10       1.90      0.080       20.0       35.0     1.0000       3.40       0.69       10.9          6
 0.0      2.400       0.07      26.00     46.000        1.0        3.5     0.5000      11.00       0.00        7.5          1
 0.1     43.000      60.00       1.00      3.100        0.4        9.2     3.0000       7.00       0.58        0.3         12
69.0      1.000       3.32       0.70     11.000        1.0        6.8     0.6400       0.00       2.70       15.0          0
 3.4      0.630      11.30       0.00      8.600        0.6        0.7     1.8000       0.40      56.00        1.0          1
 9.3      3.000       6.30       1.00      0.000        2.0        0.1    17.0000       0.00       3.60        0.6          0
 9.8      0.500       0.40       2.50      0.080       34.0       66.0     3.0000       0.60       9.80        2.0          0
 0.0      2.200       0.09      13.00     26.000        1.0        0.0     9.6000       0.00       8.50        0.4          1
 0.1     26.000      51.00       0.99      3.400       11.0        0.0     7.2000       0.57       0.05        2.3         16
36.0      1.000       3.38       0.60      0.000       10.4        0.4     0.5000       2.30       0.07       13.0          0
 3.1      0.870      11.40       6.00      0.400        0.3        2.0     0.0800      21.00      51.00        1.0          0
 9.5      0.000       0.00       0.00      1.800        0.0       28.0    87.0000       1.00       3.50        0.8          0
 5.0      0.000       1.60       0.05     26.000       60.0        1.0     3.7000       0.80      14.00        0.0          0
 1.0      0.000      24.00      64.00      0.990        3.4        0.6    11.7000       0.00       5.90        0.5          0
25.0     44.000       0.99       3.50      0.530       11.2        0.0     7.5000       0.58       0.20        2.0         44
 1.0      3.100       0.43       9.30      3.000        7.8        0.6     0.1300       2.10       0.10       36.0          3
 0.5     11.200       1.00       8.00      0.700        0.2        2.3     0.0700      13.00       0.00        3.2          9
 1.0      8.500       0.40       0.40      6.300        0.1        3.0    10.0000       3.00       0.60       12.0          7
 0.7      0.000       1.90       0.11      3.000       10.0        1.0     0.0000       9.70       0.00        9.8          0
 1.7      0.100       3.00       9.00      0.990        3.1       11.0     2.0000       7.10       0.46        0.2          0
28.0     54.000       1.00       3.37      0.600        0.0        7.9     0.7650       0.00       2.00        0.1         22
 1.0      3.330       0.68      10.90      8.000        0.6        0.3     2.7000       0.10      17.00       69.0          3
 0.6     10.200       1.00       0.00      0.200        2.3        0.1    18.0000      36.00       1.00        3.4         10
 0.0     11.300       0.00       1.80      0.090       20.0       47.0     0.9970       3.10       0.60       10.5          7
 0.2      2.000       0.10      17.00     31.000        1.0        3.4     0.5000      12.40       0.00        8.0          0
 0.0      3.000       7.00       0.99      3.220        0.4       13.0     1.0000       7.00       0.60        0.3         20
110.0      0.999       3.30       1.17     10.200        1.0        7.6     0.7400       0.00       1.90        0.1          1
 3.4      0.590      11.00       0.00      8.200        0.6        0.1     2.1000       0.07      25.00        0.0          0
10.9      1.000       5.90       0.40      0.100        2.4        0.1    14.0000      28.00       3.00        0.7          0
 7.5      0.755       0.00       1.90      0.084        6.0       12.0     1.0000       0.00       9.70        0.0          0
 0.0      4.300       0.10      51.00     77.500        1.0        3.2     9.0000       2.00       7.20        0.5          2
 0.1     15.000      29.00       0.99      3.350        0.6        0.0     5.7000       0.60       0.00        1.4         11
18.0      0.992       3.45       0.56     12.200        7.0        1.6     0.0000       2.10       0.14        5.0          1
 3.5      0.400      10.90       0.00      0.000        0.0        2.1     0.0800      15.00      28.00        1.0          0
12.5      0.000       6.70       0.00      2.000        0.1       20.0    57.0000       1.00       3.60        0.7          0
 9.1      0.400       2.00       0.10      4.000       15.0        1.0     3.3000       0.80      11.20        1.0          0
 0.4      0.000      28.00      68.00      1.000        3.4        0.7    11.2000       0.00       7.60        0.8          2
21.0     68.000       1.00       3.12      0.440        9.2        2.0     7.5000       0.61       0.26        1.9         88
 1.0      3.300       0.53       9.80      1.000        9.7        0.7     0.3200       2.50       0.09       22.0          3
 0.6     10.100       1.00       6.80      0.700        0.1        3.9     0.0700      15.00      29.00        3.0         11
 0.0      7.000       0.62       0.10      1.400        0.1       27.0    63.0000       1.00       0.00        9.2          6
 0.5      0.150       3.00       0.10     12.000       27.0        1.0     3.3000      12.00       0.00        8.0          0
 1.9      0.100      14.00      41.00      1.000        3.3        0.5     0.0000       7.00       0.36        0.2          0
20.0     65.000       1.00       3.40      0.540       10.1        7.0     0.4000       0.21       2.40        0.1         69
 1.0      3.400       0.53      10.10      0.000        0.0        0.3     2.0000       0.08      17.00       91.0          3
 0.6      9.800       1.00       5.40      0.000        1.2        0.0    16.0000      46.00       0.99        4.0         12
 0.0      9.900       0.40       2.00      0.100       10.0       41.0     1.0000       3.18       0.70       11.9          9
 0.8      0.700       0.00      18.00     64.000        1.0        2.9     1.3300       9.10       3.00        9.7          0
 2.6     12.000      88.00       1.00      3.260        0.7       10.1     1.0000       5.00       0.74        0.0          0
46.0      1.000       4.01       0.59     12.500        0.0        9.1     0.3000       0.42       1.80        0.1          0
 3.2      0.550      11.40       2.00      9.100        0.4        0.4     1.8000       0.06      21.00       55.0          0
11.0      2.000       6.70       0.46      0.200        1.7        0.1    18.0000      34.00       1.00        0.0          0
 6.5      0.520       0.11       1.80      0.100       13.0       38.0     1.0000       3.30       9.00        0.0          0
 0.3      2.100       0.10      17.00     91.000        1.0        3.3     0.6000       1.00       7.80        0.9          3
 0.1     31.000      67.00       1.00      3.260        0.5        9.2     8.0000       0.40       0.10        1.7          6
25.0      1.000       3.09       0.43      9.700        3.0        0.0     0.2000       2.20       0.08       12.0          1
 3.2      0.510       9.60       2.00      7.200        0.0        2.0     0.1660       4.00      11.00        1.0          0
10.0      0.000       6.60       0.60      2.000        0.1       19.0    40.0000       0.99       3.38        0.7          0
 6.0      0.500       0.00       0.00     15.000       26.0        1.0     3.3600       0.45       9.50        0.0          0
 0.0      1.700      13.00      31.00      0.995        3.4        0.5    10.5000       0.00       7.60        0.5          1
 0.1     31.000       1.00       3.37      0.510       10.4        0.0    11.5000       0.40       0.48        2.6          8
 0.0      3.100       0.53      11.00      3.000        8.2        0.4     0.2000       2.30       0.06       10.0          3
 0.5     10.200       1.00       6.10      0.590        0.0        2.1     0.0560       5.00      13.00        1.0         11
 0.0      7.200       0.66       0.03      1.800        0.1        7.0    12.0000       1.00       3.30        9.0          6
 0.6      0.000       2.80       0.10     21.000       41.0        1.0     3.4100       0.50       0.00        9.0          0
 2.0      0.069      32.00      73.00      0.997        3.3        0.6    10.0000       7.00       0.60        0.0          0
 8.0     46.000       1.00       3.32      0.510       11.8        1.0     0.0000       0.00       1.90        0.1         57
 1.0      3.400       0.46      10.30      0.000        7.2        0.0     2.3000       0.08       7.00       28.0          3
 0.5     10.000       0.00       6.10      0.300        1.0        0.1     5.0000      32.00       0.99        3.4         10
 0.0      6.100       0.34       0.30      0.000        4.0       28.0     0.9900       3.36       0.44       10.1          7
 0.4      0.240       2.50      27.00     67.000        1.0        3.6     0.5900      11.10       0.00        7.4          0
 5.4      0.200      98.00       1.00      3.280        0.5        9.5     1.0000      11.60       0.50        0.4          0
 6.0      0.000       3.10       0.65     10.000        3.0        9.2     0.5000       0.30       2.30        0.1         38
 3.0      0.600      10.90       1.00      8.300        0.8        0.1     2.5000       0.09      13.00       54.0          0
10.1      0.000       8.00       0.83      0.270        2.0        0.1    11.0000      63.00       1.00        3.3          1
 7.2      0.600       0.02       1.90      0.100       10.0       31.0     1.0000       3.46       0.50        0.0          0
 0.1      2.200       0.12      10.00     42.000        1.0        3.2     0.6200       9.50       7.00        0.7          1
 0.1     10.000      45.00       1.00      3.240        0.5        9.8     1.0000       0.00       0.30        2.2          9
105.0      1.000       3.30       1.18     10.500        1.0        8.0     0.0000       2.10       0.08       16.0          0
 3.3      0.500       9.80       1.00      6.600        0.6        1.0     0.1000       4.00       8.00        1.0          0
10.4      0.000       8.70       0.78      0.500        0.0       12.0    66.0000       1.00       3.00        1.2          3
 7.5      0.580       0.56       3.10      5.000       14.0        1.0     3.2100       1.03      11.60        2.0          0
 0.3      3.800       0.10      89.00      1.000        3.2        0.5     9.3000       1.00       6.80        0.8          1
 0.3     16.000       0.00       3.30      0.510        9.8        1.0     7.2000       0.60       0.30        2.0         13
100.0      3.000       0.50       9.90      1.000        8.2        0.9     0.2000       1.40       0.09        7.0          1
 0.0     10.000       3.00       5.20      0.490        0.3        2.3     0.1000      23.00      74.00        1.0         12
 0.0      7.200       0.45       0.15      2.000        0.1       10.0    28.0000       1.00       3.29        0.5          7
 0.6      0.020       2.60       0.08     11.000       35.0        1.0     3.3600       0.62      10.80        6.0          0
 1.8      0.070       4.00      25.00      1.000        3.4        0.5     9.6000       0.00       0.00        0.2          0
25.0    105.000       1.00       3.30      0.490        9.9        1.0     7.1000       0.00       1.80        0.1         84
 1.0      3.200       0.50       9.50      2.000        8.0        0.8     3.0000       0.10      34.00       85.0          3
 0.4      9.200       2.00       7.40      0.640        0.1        0.0     8.0000      23.00       1.00        3.3          9
 1.0      6.600       0.64       0.31      6.100        7.0       49.0     0.9970       3.35       0.68       10.3          6
 0.5      0.020       2.20       0.10    111.000        1.0        3.1     0.5300       9.70       3.00        6.0          0
 2.3      0.070      15.00       0.00      3.600        0.6       12.5     0.0000       8.00       0.60        0.2          0
 5.0     33.000       3.00       0.60     11.000        0.0        7.1     0.6200       0.10       1.30        0.1         12
 1.0      0.000       9.80       2.00      8.000        0.5        0.3     2.0000       0.10      19.00       59.0          3
10.0      1.000       6.40       0.57      0.140        3.9        0.1    27.0000      73.00       1.00        3.3          1
 8.6      0.685       0.10       1.60      0.092        3.0       12.0     0.9974       3.31       0.65        9.6          0
 0.1      1.600       0.09       4.00     11.000        1.0        3.3     0.6500       9.60       1.00        0.0          2
 0.1     17.000     104.00       1.00      3.300        0.5        9.9     1.0000       7.00       0.00        2.2         13
28.0      0.997       3.50       0.60     10.200        0.0        7.2     0.7000       2.00       0.10       10.0          1
 3.4      0.700      11.10       0.00      7.900        0.7        0.2     0.0000      33.00     141.00        1.0          0
 9.9      1.000       7.60       0.30      0.420        2.0        6.0    24.0000       1.00       3.44        0.8          0
 7.2      0.330       0.33       1.70      0.100       13.0        1.0     3.2300       1.10      10.00        1.0          0
 0.4      2.600       0.08      12.00      0.000        3.4        0.6    10.7000       0.00       7.70        0.3          2
 0.1     18.000      34.00       3.00      0.900       11.3        1.0     8.2000       0.24       0.30        5.1          8
22.0      1.000       0.00      10.90      1.000        6.0        0.5     0.0000       2.10       0.10       40.0          1
 3.5     10.000       0.00       8.10      0.290        0.4        2.2     0.0000      35.00      53.00        1.0          1
 1.0      6.600       0.96       0.00      1.800        0.1        5.0    16.0000       0.99       3.50        0.4          6
 0.5      0.400       2.40       0.07      8.000       19.0        1.0     3.5600       0.73      10.60        0.0          0
 2.0      0.100      12.00      89.00      1.000        3.0        0.9    10.1000       3.00      10.00        0.0          0
 3.0     15.000       1.00       3.20      0.800        9.6        2.0     6.2000       0.60       1.00        0.1         18
 1.0      3.560       0.80       9.40      0.000        7.3        0.3     0.3000       0.00      21.00       37.0          3
 0.8     12.100       0.00       7.80      0.530        0.0        1.6     3.0000      19.00       1.00        3.2          9
 2.0      7.700       0.64       0.21      2.200        0.1      133.0     1.0000       3.27       0.45        9.9          7
 0.4      0.180       1.60       0.08     24.000        0.0        3.3     0.5800       9.40       0.00        7.0          0
 2.1      0.080      39.00      55.00      3.000        0.8       11.4     0.0000       6.40       0.53        0.1          0
14.0     31.000       1.00       0.00     11.000        0.0        8.3     0.2600       0.37       1.40        0.1         23
 1.0      3.300       9.00       1.00      7.700        0.2        0.4     1.8000       0.00      23.00       60.0          3
 0.7      0.000       7.60       0.41      0.330        2.5        0.1     6.0000      23.00       1.00        3.3         11
 7.0      0.600       0.00       1.90      0.070       27.0       55.0     1.0000       3.31       0.63       11.0          0
 0.4      2.200       0.05      38.00     67.000        1.0        3.3     0.9300      11.30       0.00        7.4          1
 0.1     18.000      47.00       1.00      3.400        0.6       10.4     0.0000       7.60       0.40        2.0         13
74.0      1.000       3.26       0.50      9.900        1.0        5.9     0.4400       0.00       0.00        3.0          0
 3.5      0.850      11.70       0.00      6.100        0.4        0.2     1.8000      11.00      25.00        1.0          0
10.1      0.000      10.20       0.54      0.370       15.4        0.2    95.0000       1.00       3.18        0.8          2
10.0      0.400       0.38       1.60      0.170       27.0        0.0     3.1000       0.65       8.50        2.0          0
 0.3      4.800       0.07      15.00     39.000        3.0        0.5    11.1000       0.00       7.00        0.6          1
 0.1      3.000       8.00       1.00      0.000       10.3        0.0     7.3000       0.67       0.02        2.2         31
92.0      1.000       3.30      11.00      1.000        7.2        0.4     0.3200       2.00       0.10       15.0          0
 3.2      0.700       1.00       7.40      0.785        0.2        5.2     0.0940      19.00      98.00        1.0          0
 9.6      6.000       0.60       0.02      1.900        0.1       18.0    30.0000       1.00       3.40        0.8          0
 0.0      0.200       1.75       0.06      8.000       22.0        1.0     3.4000       0.49      11.70        0.0          0
 2.2      0.072      31.00      92.00      0.996        3.3        0.7    11.1000       1.00       7.40        0.8          0
19.0     98.000       1.00       3.16      0.500        9.6        2.0     6.8000       0.67       0.00        0.0         39
 1.0      3.400       0.74       9.70      0.000        6.9        0.6     0.0100       1.90      40.00       54.0          3
 0.7      9.700       0.00       7.20      0.380        0.3        2.0     0.1000      29.00       1.00        3.2         11
 1.0      7.800       0.30       0.44      2.700        0.1        8.0     0.0000       3.30       0.78       11.0          6
 0.6      0.000       2.00       0.06     37.000       53.0        3.0     0.8000      11.60       0.00        7.6          0
 1.9      0.074      27.00      85.00      1.000        0.0        9.0     0.0000      11.70       0.45        0.6          0
 7.0     23.000       1.00       3.20     10.000        2.0        6.5     0.9000       0.00       1.60        0.1         17
 1.0      3.500       0.60       0.00      6.000        0.5        0.1     1.8000       0.05      38.00       89.0          3
 0.5     10.600       8.00       0.30      0.400        1.7        0.1     8.0000      20.00       1.00        3.4         10
 0.0      0.000       0.30       1.70      0.050        7.0       15.0     1.0000       3.30       0.80       11.9          6
 0.0      2.300       0.05      34.00     64.000        1.0        3.4     0.7000      10.40       0.00        6.2          2
 0.1      6.000      13.00       1.00      3.590        0.6       10.0     0.0000       6.80       0.64        0.0         14
31.0      1.000       3.36       0.58     10.400        0.0        6.9     0.6300       0.01       2.40       14.0          0
 3.3      0.530      10.80       0.00      6.800        0.6        0.1     1.7000       0.10      53.00        1.0          0
 9.7      0.000       7.30       0.50      0.320        2.1        0.1    31.0000       0.00       3.30        0.7          1
 6.7      1.000       0.10       2.30      0.070       19.0       32.0     3.0000       0.60      11.00        0.0          0
 0.1      2.100       0.06      20.00     49.000        1.0        0.0     9.7000       1.00      10.00        0.7          1
 0.1      8.000      24.00       1.00      2.900        9.0        3.0     6.7000       0.70       0.08        3.8          8
16.0      0.990       3.43       0.50      0.000        7.6        0.3     0.6000       2.60       0.07       23.0          0
 3.4      0.790      11.10       6.00      0.600        0.1        1.8     0.0700      14.00      45.00        1.0          0
11.0      0.000       0.00       0.50     13.800        0.2       48.0    82.0000       1.00       3.20        0.8          2
 5.3      0.000       2.20       0.05     16.000       89.0        1.0     3.5000       0.90      13.60        0.0          0
 2.0      0.000      16.00      89.00      0.990        3.5        0.9    13.6000       0.00       7.10        0.9          0
 3.0     14.000       1.00       3.40      0.520       10.2        0.0     8.2000       0.28       0.60        3.0         22
 1.0      3.390       0.68      10.60      0.000        5.6        0.6     0.0300       1.50       0.10       13.0          3
 0.6     10.100       0.00       7.20      0.600        0.5        2.1     0.1100       3.00       0.00        3.3         10
 0.0      8.100       0.30       0.40      1.500        0.0        6.0    12.0000       3.00       0.60       10.7          6
 0.9      0.100       2.00       0.06      4.000       11.0        1.0     0.0000      10.90       0.00        7.0          0
 2.1      0.100       8.00      25.00      1.000        3.4        9.0     0.0000       6.80       0.68        0.2          0
 9.0     23.000       1.00       3.38      0.600        0.0        6.0     0.6400       0.05       1.90        0.1         17
 1.0      3.520       0.78      10.60      5.000        0.5        0.0     1.7000       0.05       5.00       13.0          3
 0.6     11.400       0.00       0.00      0.100        2.1        0.1     4.0000      11.00       1.00        3.4         10
 0.0      7.100       0.00       1.80      0.039        8.0       18.0     0.9930       3.40       0.60       12.4          6
 0.7      1.000       0.10       6.00     18.000        1.0        3.6     0.5000      11.90       0.00        7.7          0
 0.0     23.000     147.00       1.00      3.260        0.6        9.7     1.0000       6.40       0.31        0.1         15
28.0      0.995       3.42       0.70     10.000        0.0        7.0     0.4300       0.02       1.90        0.1          1
 3.4      0.810      10.60       0.00      6.900        0.7        0.0     2.3000       0.05       7.00        0.0          0
11.5      0.000       6.60       0.90      0.000        2.3        0.1     7.0000      13.00       3.00        0.6          0
 7.5      0.725       0.00       1.50      0.076        8.0       15.0     1.0000       0.00       9.60        1.0          0
 0.3      4.300       0.10      21.00     64.000        1.0        3.2     9.0000       2.00       7.30        0.6          2
 0.1     15.000      60.00       1.00      3.310        0.5        1.0     6.2000       0.44       0.39        2.5          6
14.0      0.996       3.51       0.69     11.000        7.0        0.4     0.5700       2.30       0.11        5.0          1
 3.4      0.550      11.40       0.00      0.000        0.0        1.8     0.0800       6.00      12.00        1.0          0
 9.9      0.000       6.80       0.00      2.000        0.1        6.0    14.0000       1.00       3.50        0.7          0
 7.1      0.300       2.00       0.10     17.000       25.0        1.0     3.3800       0.70      10.60        0.0          0
 0.4      0.000       7.00      20.00      0.990        3.3        0.7    11.1000       1.00       6.40        0.4          2
26.0     48.000       1.00       3.47      0.770        9.7        0.0     7.1000       0.69       0.04        2.1         27
 1.0      3.440       0.67       9.80      0.000        6.4        0.8     0.0400       2.20       0.06       11.0          3
 0.7     10.400       0.00       6.40      0.600        0.1        1.8     0.0800      17.00      65.00        3.0         10
 0.0      6.900       0.84       0.20      4.100        0.1       16.0    65.0000       1.00       0.00        9.2          6
 0.8      0.210       4.10       0.10     16.000       65.0        1.0     3.5000       9.00       0.00        6.1          0
 2.3      0.100      23.00      58.00      1.000        3.4        1.0     0.0000       6.50       0.53        0.1          0
29.0     44.000       0.99       3.38      0.830       10.3        7.0     0.5000       0.46       2.20        0.1         20
 1.0      3.320       0.63      10.50      1.000        0.0        0.1     2.6000       0.11      14.00       27.0          3
 0.6     10.200       0.00       6.90      0.000        1.9        0.1     9.0000      23.00       1.00        3.4          9
 0.0      6.800       0.50       2.00      0.100       29.0       61.0     1.0000       3.34       0.60       10.4          6
 0.4      0.200       0.00      22.00     47.000        1.0        3.4     0.7800      10.00       0.00        6.7          0
 2.1     18.000      34.00       1.00      3.330        0.6        9.7     0.0000       6.80       0.47        0.1          0
38.0      1.000       3.30       0.65      9.600        1.0        7.1     0.5000       0.07       1.70        0.1          0
 3.3      0.660      10.80       1.00      7.900        0.3        0.5     2.2000       0.10      21.00       59.0          0
10.1      1.000       7.10       0.69      0.100        2.1        0.1    42.0000      52.00       1.00        0.0          0
 6.6      0.440       0.09       2.20      0.100        9.0       18.0     0.9900       3.40      11.00        0.0          0
 0.1      2.800       0.10      13.00     28.000        1.0        3.6     0.7000       0.00       7.20        0.5          2
 0.1     18.000      22.00       1.00      3.210        0.7        9.9     8.0000       0.40       0.30        1.9         32
84.0      1.000       3.39       0.61      9.000        0.0        0.0     0.1000       2.40       0.06       13.0          1
 3.4      0.620      11.70       0.00      7.000        0.0        2.2     0.0750      15.00      35.00        1.0          0
 9.7      0.000       6.10       0.50      1.000        0.1       24.0    45.0000       1.00       3.60        0.7          0
 5.4      0.580       0.10       0.00     20.000       31.0        1.0     3.5000       0.64      10.20        0.0          0
 0.1      2.500      15.00      26.00      0.995        3.6        0.6    12.0000       0.00       7.20        0.4          1
 0.1     60.000       1.00       3.46      0.780        9.9        0.0     6.2000       0.50       0.08        4.4         11
 0.0      3.600       0.63      11.60      0.000        7.4        0.3     0.3000       2.20       0.05       19.0          3
 0.8     10.900       0.00       6.70      0.855        0.0        1.9     0.0640      29.00      38.00        1.0         10
 1.0     11.100       0.44       0.42      2.200        0.1       14.0    19.0000       1.00       3.30       10.0          8
 0.4      0.430       2.30       0.10     12.000       19.0        1.0     3.1700       0.80       2.00        6.5          0
 1.8      0.059      16.00      28.00      0.995        3.4        0.6    10.1000       7.00       0.60        0.0          0
17.0     26.000       1.00       3.36      0.610       10.2        0.0     0.0000       0.10       1.60        0.1         26
 1.0      3.500       0.51      12.10      0.000       11.2        0.0     2.0000       0.10      19.00       50.0          3
 0.6     10.400       3.00       7.40      0.400        1.0        0.1    17.0000      24.00       0.99        3.2         11
 1.0      7.100       0.68       0.00      0.000       17.0       26.0     1.0000       3.45       0.53        9.5          7
 0.7      0.000       2.30      18.00     27.000        1.0        3.4     0.5400       9.40       0.00        6.3          0
 3.7      0.100      54.00       1.00      3.510        0.7       11.3     0.0000       7.30       0.70        0.0          0
18.0      0.000       3.40       0.60      9.400        0.0        6.6     0.9000       0.00       2.40        0.1         23
 3.0      0.600      11.00       0.00      7.000        0.6        0.2     1.7000       0.07      15.00       24.0          0
10.6      0.000       6.60       0.88      0.040        2.2        0.1    12.0000      20.00       1.00        3.5          0
 6.9      0.630       0.33       6.70      0.200       66.0      115.0     1.0000       3.22       0.60        1.0          0
 0.3      2.000       0.08      31.00    131.000        1.0        3.2     0.5200       9.90       7.00        0.7          2
 0.1     12.000      20.00       1.00      3.290        0.5       10.1     1.0000       0.00       0.00        1.9         26
42.0      1.000       3.40       0.82     10.900        0.0        6.7     0.0000       2.10       0.06       24.0          0
 3.3      0.700      11.20       0.00      7.000        0.6        1.0     0.1000      25.00      42.00        1.0          0
 9.2      0.000       6.20       0.51      0.100        0.0       15.0    34.0000       0.99       3.48        0.6          0
 6.4      0.360       0.53       2.20     19.000       35.0        1.0     3.3700       0.93      12.40        0.0          0
 0.1      2.200       0.00      25.00      1.000        3.4        0.7    11.1000       0.00       7.30        0.7          2
 0.1     35.000       0.00       3.30      0.510        9.5        0.0     6.0000       0.60       0.20        2.4         15
50.0      3.000       0.70      12.50      0.000        5.6        0.3     0.8000      13.90       0.07       23.0          1
 0.0     10.500       0.00       7.50      0.520        0.4        2.2     0.1000      12.00      20.00        1.0         11
 1.0      8.000       0.30       0.63      1.600        0.1       16.0    29.0000       1.00       3.30        0.8          6
 0.7      0.150       5.10       0.08     13.000       27.0        1.0     3.5400       0.60      11.90        6.0          0
 1.8      0.120      13.00      20.00      1.000        3.4        0.7    11.3000       0.00       0.00        0.1          0
24.0     32.000       1.00       3.50      0.600       11.3        0.0     7.4000       0.00       2.40        0.1         26
 1.0      3.400       0.60      11.90      0.000        6.1        0.7     2.0000       0.10      13.00       27.0          3
 0.5     11.900       0.00       6.20      0.460        0.3        0.0    32.0000      98.00       1.00        3.3          9
 0.0      6.700       0.32       0.44      2.400       24.0       34.0     0.9950       3.29       0.80       11.6          7
 0.4      0.440       2.60       0.10     48.000        1.0        3.3     0.8400      11.50       1.00        7.5          0
 2.4      0.070      34.00       0.00      3.300        0.8       11.4     0.0000       5.80       0.60        0.1          0
18.0     28.000       3.00       0.70     10.900        0.0        7.2     0.6600       0.30       2.50        0.1        102
 1.0      0.000      12.80       1.00      6.600        0.7        0.2     7.8000       0.10      29.00       79.0          3
 9.0      1.000       6.30       0.55      0.150        1.8        0.1    26.0000      35.00       0.99        3.3          1
 5.4      0.740       0.09       1.70      0.089       16.0       26.0     0.9940       3.67       0.56       11.6          0
 0.1      2.300       0.08      29.00     40.000        1.0        3.4     0.7500      11.00       0.00        0.0          1
 0.1     28.000      38.00       1.00      3.400        0.8        9.5     0.0000       6.20       0.00        2.0         32
44.0      0.995       3.50       0.60     10.500        0.0        5.9     0.6000       2.00       0.10       39.0          1
 3.5      0.800      11.20       0.00      5.900        0.7        0.1     0.0000      32.00      44.00        1.0          0
10.2      0.000       6.00       0.31      0.470        3.6       18.0    42.0000       1.00       3.39        0.7          0
 0.0      0.000       0.00       0.00      0.000        0.0        0.0     0.0000       0.00       0.00        0.0          0
 0.0      0.000       0.00       0.00      0.000        0.0        0.0     0.0000       0.00       0.00        0.0          0
 0.0      0.000       0.00       0.00      0.000        0.0        0.0     0.0000       0.00       0.00        0.0          0
 0.0      0.000       0.00       0.00      0.000        0.0        0.0     0.0000       0.00       0.00        0.0          0
 0.0      0.000       0.00       0.00      0.000        0.0        0.0     0.0000       0.00       0.00        0.0          0
 0.0      0.000       0.00       0.00      0.000        0.0        0.0     0.0000       0.00       0.00        0.0          0
 0.0      0.000       0.00       0.00      0.000        0.0        0.0     0.0000       0.00       0.00        0.0          0
 0.0      0.000       0.00       0.00      0.000        0.0        0.0     0.0000       0.00       0.00        0.0          0
 0.0      0.000       0.00       0.00      0.000        0.0        0.0     0.0000       0.00       0.00        0.0          0
 0.0      0.000       0.00       0.00      0.000        0.0        0.0     0.0000       0.00       0.00        0.0          0
 0.0      0.000       0.00       0.00      0.000        0.0        0.0     0.0000       0.00       0.00        0.0          0
 0.0      0.000       0.00       0.00      0.000        0.0        0.0     0.0000       0.00       0.00        0.0          0
 0.0      0.000       0.00       0.00      0.000        0.0        0.0     0.0000       0.00       0.00        0.0          0
 0.0      0.000       0.00       0.00      0.000        0.0        0.0     0.0000       0.00       0.00        0.0          0
 0.0      0.000       0.00       0.00      0.000        0.0        0.0     0.0000       0.00       0.00        0.0          0
 0.0      0.000       0.00       0.00      0.000        0.0        0.0     0.0000       0.00       0.00        0.0          0
 0.0      0.000       0.00       0.00      0.000        0.0        0.0     0.0000       0.00       0.00        0.0          0
 0.0      0.000       0.00       0.00      0.000        0.0        0.0     0.0000       0.00       0.00        0.0          0
 0.0      0.000       0.00       0.00      0.000        0.0        0.0     0.0000       0.00       0.00        0.0          0
 0.0      0.000       0.00       0.00      0.000        0.0        0.0     0.0000       0.00       0.00        0.0          0
 0.0      0.000       0.00       0.00      0.000        0.0        0.0     0.0000       0.00       0.00        0.0          0
 0.0      0.000       0.00       0.00      0.000        0.0        0.0     0.0000       0.00       0.00        0.0          0
 0.0      0.000       0.00       0.00      0.000        0.0        0.0     0.0000       0.00       0.00        0.0          0
 0.0      0.000       0.00       0.00      0.000        0.0        0.0     0.0000       0.00       0.00        0.0          0
 0.0      0.000       0.00       0.00      0.000        0.0        0.0     0.0000       0.00       0.00        0.0          0
 0.0      0.000       0.00       0.00      0.000        0.0        0.0     0.0000       0.00       0.00        0.0          0
 0.0      0.000       0.00       0.00      0.000        0.0        0.0     0.0000       0.00       0.00        0.0          0
 0.0      0.000       0.00       0.00      0.000        0.0        0.0     0.0000       0.00       0.00        0.0          0
 0.0      0.000       0.00       0.00      0.000        0.0        0.0     0.0000       0.00       0.00        0.0          0
 0.0      0.000       0.00       0.00      0.000        0.0        0.0     0.0000       0.00       0.00        0.0          0
 0.0      0.000       0.00       0.00      0.000        0.0        0.0     0.0000       0.00       0.00        0.0          0
 0.0      0.000       0.00       0.00      0.000        0.0        0.0     0.0000       0.00       0.00        0.0          0
 0.0      0.000       0.00       0.00      0.000        0.0        0.0     0.0000       0.00       0.00        0.0          0
 0.0      0.000       0.00       0.00      0.000        0.0        0.0     0.0000       0.00       0.00        0.0          0
 0.0      0.000       0.00       0.00      0.000        0.0        0.0     0.0000       0.00       0.00        0.0          0
 0.0      0.000       0.00       0.00      0.000        0.0        0.0     0.0000       0.00       0.00        0.0          0
 0.0      0.000       0.00       0.00      0.000        0.0        0.0     0.0000       0.00       0.00        0.0          0
 0.0      0.000       0.00       0.00      0.000        0.0        0.0     0.0000       0.00       0.00        0.0          0
 0.0      0.000       0.00       0.00      0.000        0.0        0.0     0.0000       0.00       0.00        0.0          0
 0.0      0.000       0.00       0.00      0.000        0.0        0.0     0.0000       0.00       0.00        0.0          0
 0.0      0.000       0.00       0.00      0.000        0.0        0.0     0.0000       0.00       0.00        0.0          0
 0.0      0.000       0.00       0.00      0.000        0.0        0.0     0.0000       0.00       0.00        0.0          0
 0.0      0.000       0.00       0.00      0.000        0.0        0.0     0.0000       0.00       0.00        0.0          0
 0.0      0.000       0.00       0.00      0.000        0.0        0.0     0.0000       0.00       0.00        0.0          0
 0.0      0.000       0.00       0.00      0.000        0.0        0.0     0.0000       0.00       0.00        0.0          0
 0.0      0.000       0.00       0.00      0.000        0.0        0.0     0.0000       0.00       0.00        0.0          0
 0.0      0.000       0.00       0.00      0.000        0.0        0.0     0.0000       0.00       0.00        0.0          0
 0.0      0.000       0.00       0.00      0.000        0.0        0.0     0.0000       0.00       0.00        0.0          0
 0.0      0.000       0.00       0.00      0.000        0.0        0.0     0.0000       0.00       0.00        0.0          0
 0.0      0.000       0.00       0.00      0.000        0.0        0.0     0.0000       0.00       0.00        0.0          0
 0.0      0.000       0.00       0.00      0.000        0.0        0.0     0.0000       0.00       0.00        0.0          0
 0.0      0.000       0.00       0.00      0.000        0.0        0.0     0.0000       0.00       0.00        0.0          0
 0.0      0.000       0.00       0.00      0.000        0.0        0.0     0.0000       0.00       0.00        0.0          0
 0.0      0.000       0.00       0.00      0.000        0.0        0.0     0.0000       0.00       0.00        0.0          0
 0.0      0.000       0.00       0.00      0.000        0.0        0.0     0.0000       0.00       0.00        0.0          0
 0.0      0.000       0.00       0.00      0.000        0.0        0.0     0.0000       0.00       0.00        0.0          0
 0.0      0.000       0.00       0.00      0.000        0.0        0.0     0.0000       0.00       0.00        0.0          0
 0.0      0.000       0.00       0.00      0.000        0.0        0.0     0.0000       0.00       0.00        0.0          0
 0.0      0.000       0.00       0.00      0.000        0.0        0.0     0.0000       0.00       0.00        0.0          0
 0.0      0.000       0.00       0.00      0.000        0.0        0.0     0.0000       0.00       0.00        0.0          0
 0.0      0.000       0.00       0.00      0.000        0.0        0.0     0.0000       0.00       0.00        0.0          0
 0.0      0.000       0.00       0.00      0.000        0.0        0.0     0.0000       0.00       0.00        0.0          0
 0.0      0.000       0.00       0.00      0.000        0.0        0.0     0.0000       0.00       0.00        0.0          0
 0.0      0.000       0.00       0.00      0.000        0.0        0.0     0.0000       0.00       0.00        0.0          0
 0.0      0.000       0.00       0.00      0.000        0.0        0.0     0.0000       0.00       0.00        0.0          0
 0.0      0.000       0.00       0.00      0.000        0.0        0.0     0.0000       0.00       0.00        0.0          0
 0.0      0.000       0.00       0.00      0.000        0.0        0.0     0.0000       0.00       0.00        0.0          0
 0.0      0.000       0.00       0.00      0.000        0.0        0.0     0.0000       0.00       0.00        0.0          0
 0.0      0.000       0.00       0.00      0.000        0.0        0.0     0.0000       0.00       0.00        0.0          0
 0.0      0.000       0.00       0.00      0.000        0.0        0.0     0.0000       0.00       0.00        0.0          0
 0.0      0.000       0.00       0.00      0.000        0.0        0.0     0.0000       0.00       0.00        0.0          0
 0.0      0.000       0.00       0.00      0.000        0.0        0.0     0.0000       0.00       0.00        0.0          0
 0.0      0.000       0.00       0.00      0.000        0.0        0.0     0.0000       0.00       0.00        0.0          0
 0.0      0.000       0.00       0.00      0.000        0.0        0.0     0.0000       0.00       0.00        0.0          0
 0.0      0.000       0.00       0.00      0.000        0.0        0.0     0.0000       0.00       0.00        0.0          0
 0.0      0.000       0.00       0.00      0.000        0.0        0.0     0.0000       0.00       0.00        0.0          0
 0.0      0.000       0.00       0.00      0.000        0.0        0.0     0.0000       0.00       0.00        0.0          0
 0.0      0.000       0.00       0.00      0.000        0.0        0.0     0.0000       0.00       0.00        0.0          0
 0.0      0.000       0.00       0.00      0.000        0.0        0.0     0.0000       0.00       0.00        0.0          0
 0.0      0.000       0.00       0.00      0.000        0.0        0.0     0.0000       0.00       0.00        0.0          0
 0.0      0.000       0.00       0.00      0.000        0.0        0.0     0.0000       0.00       0.00        0.0          0
 0.0      0.000       0.00       0.00      0.000        0.0        0.0     0.0000       0.00       0.00        0.0          0
 0.0      0.000       0.00       0.00      0.000        0.0        0.0     0.0000       0.00       0.00        0.0          0
 0.0      0.000       0.00       0.00      0.000        0.0        0.0     0.0000       0.00       0.00        0.0          0
 0.0      0.000       0.00       0.00      0.000        0.0        0.0     0.0000       0.00       0.00        0.0          0
 0.0      0.000       0.00       0.00      0.000        0.0        0.0     0.0000       0.00       0.00        0.0          0
 0.0      0.000       0.00       0.00      0.000        0.0        0.0     0.0000       0.00       0.00        0.0          0
 0.0      0.000       0.00       0.00      0.000        0.0        0.0     0.0000       0.00       0.00        0.0          0
 0.0      0.000       0.00       0.00      0.000        0.0        0.0     0.0000       0.00       0.00        0.0          0
 0.0      0.000       0.00       0.00      0.000        0.0        0.0     0.0000       0.00       0.00        0.0          0
 0.0      0.000       0.00       0.00      0.000        0.0        0.0     0.0000       0.00       0.00        0.0          0
 0.0      0.000       0.00       0.00      0.000        0.0        0.0     0.0000       0.00       0.00        0.0          0
 0.0      0.000       0.00       0.00      0.000        0.0        0.0     0.0000       0.00       0.00        0.0          0
 0.0      0.000       0.00       0.00      0.000        0.0        0.0     0.0000       0.00       0.00        0.0          0
 0.0      0.000       0.00       0.00      0.000        0.0        0.0     0.0000       0.00       0.00        0.0          0
 0.0      0.000       0.00       0.00      0.000        0.0        0.0     0.0000       0.00       0.00        0.0          0
 0.0      0.000       0.00       0.00      0.000        0.0        0.0     0.0000       0.00       0.00        0.0          0
 0.0      0.000       0.00       0.00      0.000        0.0        0.0     0.0000       0.00       0.00        0.0          0
 0.0      0.000       0.00       0.00      0.000        0.0        0.0     0.0000       0.00       0.00        0.0          0
 0.0      0.000       0.00       0.00      0.000        0.0        0.0     0.0000       0.00       0.00        0.0          0
 0.0      0.000       0.00       0.00      0.000        0.0        0.0     0.0000       0.00       0.00        0.0          0
 0.0      0.000       0.00       0.00      0.000        0.0        0.0     0.0000       0.00       0.00        0.0          0
 0.0      0.000       0.00       0.00      0.000        0.0        0.0     0.0000       0.00       0.00        0.0          0
 0.0      0.000       0.00       0.00      0.000        0.0        0.0     0.0000       0.00       0.00        0.0          0
 0.0      0.000       0.00       0.00      0.000        0.0        0.0     0.0000       0.00       0.00        0.0          0
 0.0      0.000       0.00       0.00      0.000        0.0        0.0     0.0000       0.00       0.00        0.0          0
 0.0      0.000       0.00       0.00      0.000        0.0        0.0     0.0000       0.00       0.00        0.0          0
 0.0      0.000       0.00       0.00      0.000        0.0        0.0     0.0000       0.00       0.00        0.0          0
 0.0      0.000       0.00       0.00      0.000        0.0        0.0     0.0000       0.00       0.00        0.0          0
 0.0      0.000       0.00       0.00      0.000        0.0        0.0     0.0000       0.00       0.00        0.0          0
 0.0      0.000       0.00       0.00      0.000        0.0        0.0     0.0000       0.00       0.00        0.0          0
 0.0      0.000       0.00       0.00      0.000        0.0        0.0     0.0000       0.00       0.00        0.0          0
 0.0      0.000       0.00       0.00      0.000        0.0        0.0     0.0000       0.00       0.00        0.0          0
 0.0      0.000       0.00       0.00      0.000        0.0        0.0     0.0000       0.00       0.00        0.0          0
 0.0      0.000       0.00       0.00      0.000        0.0        0.0     0.0000       0.00       0.00        0.0          0
 0.0      0.000       0.00       0.00      0.000        0.0        0.0     0.0000       0.00       0.00        0.0          0
 0.0      0.000       0.00       0.00      0.000        0.0        0.0     0.0000       0.00       0.00        0.0          0
 0.0      0.000       0.00       0.00      0.000        0.0        0.0     0.0000       0.00       0.00        0.0          0
 0.0      0.000       0.00       0.00      0.000        0.0        0.0     0.0000       0.00       0.00        0.0          0
 0.0      0.000       0.00       0.00      0.000        0.0        0.0     0.0000       0.00       0.00        0.0          0
 0.0      0.000       0.00       0.00      0.000        0.0        0.0     0.0000       0.00       0.00        0.0          0
 0.0      0.000       0.00       0.00      0.000        0.0        0.0     0.0000       0.00       0.00        0.0          0
 0.0      0.000       0.00       0.00      0.000        0.0        0.0     0.0000       0.00       0.00        0.0          0
 0.0      0.000       0.00       0.00      0.000        0.0        0.0     0.0000       0.00       0.00        0.0          0
 0.0      0.000       0.00       0.00      0.000        0.0        0.0     0.0000       0.00       0.00        0.0          0
 0.0      0.000       0.00       0.00      0.000        0.0        0.0     0.0000       0.00       0.00        0.0          0
 0.0      0.000       0.00       0.00      0.000        0.0        0.0     0.0000       0.00       0.00        0.0          0
 0.0      0.000       0.00       0.00      0.000        0.0        0.0     0.0000       0.00       0.00        0.0          0
 0.0      0.000       0.00       0.00      0.000        0.0        0.0     0.0000       0.00       0.00        0.0          0
 0.0      0.000       0.00       0.00      0.000        0.0        0.0     0.0000       0.00       0.00        0.0          0
 0.0      0.000       0.00       0.00      0.000        0.0        0.0     0.0000       0.00       0.00        0.0          0
 0.0      0.000       0.00       0.00      0.000        0.0        0.0     0.0000       0.00       0.00        0.0          0
 0.0      0.000       0.00       0.00      0.000        0.0        0.0     0.0000       0.00       0.00        0.0          0
 0.0      0.000       0.00       0.00      0.000        0.0        0.0     0.0000       0.00       0.00        0.0          0
 0.0      0.000       0.00       0.00      0.000        0.0        0.0     0.0000       0.00       0.00        0.0          0
 0.0      0.000       0.00       0.00      0.000        0.0        0.0     0.0000       0.00       0.00        0.0          0
 0.0      0.000       0.00       0.00      0.000        0.0        0.0     0.0000       0.00       0.00        0.0          0
 0.0      0.000       0.00       0.00      0.000        0.0        0.0     0.0000       0.00       0.00        0.0          0
 0.0      0.000       0.00       0.00      0.000        0.0        0.0     0.0000       0.00       0.00        0.0          0
 0.0      0.000       0.00       0.00      0.000        0.0        0.0     0.0000       0.00       0.00        0.0          0
 0.0      0.000       0.00       0.00      0.000        0.0        0.0     0.0000       0.00       0.00        0.0          0
 0.0      0.000       0.00       0.00      0.000        0.0        0.0     0.0000       0.00       0.00        0.0          0
 0.0      0.000       0.00       0.00      0.000        0.0        0.0     0.0000       0.00       0.00        0.0          0
 0.0      0.000       0.00       0.00      0.000        0.0        0.0     0.0000       0.00       0.00        0.0          0
 0.0      0.000       0.00       0.00      0.000        0.0        0.0     0.0000       0.00       0.00        0.0          0
 0.0      0.000       0.00       0.00      0.000        0.0        0.0     0.0000       0.00       0.00        0.0          0
 0.0      0.000       0.00       0.00      0.000        0.0        0.0     0.0000       0.00       0.00        0.0          0
 0.0      0.000       0.00       0.00      0.000        0.0        0.0     0.0000       0.00       0.00        0.0          0
 0.0      0.000       0.00       0.00      0.000        0.0        0.0     0.0000       0.00       0.00        0.0          0
 0.0      0.000       0.00       0.00      0.000        0.0        0.0     0.0000       0.00       0.00        0.0          0
 0.0      0.000       0.00       0.00      0.000        0.0        0.0     0.0000       0.00       0.00        0.0          0
 0.0      0.000       0.00       0.00      0.000        0.0        0.0     0.0000       0.00       0.00        0.0          0
 0.0      0.000       0.00       0.00      0.000        0.0        0.0     0.0000       0.00       0.00        0.0          0
 0.0      0.000       0.00       0.00      0.000        0.0        0.0     0.0000       0.00       0.00        0.0          0
 0.0      0.000       0.00       0.00      0.000        0.0        0.0     0.0000       0.00       0.00        0.0          0
 0.0      0.000       0.00       0.00      0.000        0.0        0.0     0.0000       0.00       0.00        0.0          0
 0.0      0.000       0.00       0.00      0.000        0.0        0.0     0.0000       0.00       0.00        0.0          0
 0.0      0.000       0.00       0.00      0.000        0.0        0.0     0.0000       0.00       0.00        0.0          0
 0.0      0.000       0.00       0.00      0.000        0.0        0.0     0.0000       0.00       0.00        0.0          0
 0.0      0.000       0.00       0.00      0.000        0.0        0.0     0.0000       0.00       0.00        0.0          0
 0.0      0.000       0.00       0.00      0.000        0.0        0.0     0.0000       0.00       0.00        0.0          0
 0.0      0.000       0.00       0.00      0.000        0.0        0.0     0.0000       0.00       0.00        0.0          0
 0.0      0.000       0.00       0.00      0.000        0.0        0.0     0.0000       0.00       0.00        0.0          0
 0.0      0.000       0.00       0.00      0.000        0.0        0.0     0.0000       0.00       0.00        0.0          0
 0.0      0.000       0.00       0.00      0.000        0.0        0.0     0.0000       0.00       0.00        0.0          0
 0.0      0.000       0.00       0.00      0.000        0.0        0.0     0.0000       0.00       0.00        0.0          0
 0.0      0.000       0.00       0.00      0.000        0.0        0.0     0.0000       0.00       0.00        0.0          0
 0.0      0.000       0.00       0.00      0.000        0.0        0.0     0.0000       0.00       0.00        0.0          0
 0.0      0.000       0.00       0.00      0.000        0.0        0.0     0.0000       0.00       0.00        0.0          0
 0.0      0.000       0.00       0.00      0.000        0.0        0.0     0.0000       0.00       0.00        0.0          0
 0.0      0.000       0.00       0.00      0.000        0.0        0.0     0.0000       0.00       0.00        0.0          0
 0.0      0.000       0.00       0.00      0.000        0.0        0.0     0.0000       0.00       0.00        0.0          0
 0.0      0.000       0.00       0.00      0.000        0.0        0.0     0.0000       0.00       0.00        0.0          0
 0.0      0.000       0.00       0.00      0.000        0.0        0.0     0.0000       0.00       0.00        0.0          0
 0.0      0.000       0.00       0.00      0.000        0.0        0.0     0.0000       0.00       0.00        0.0          0
 0.0      0.000       0.00       0.00      0.000        0.0        0.0     0.0000       0.00       0.00        0.0          0
 0.0      0.000       0.00       0.00      0.000        0.0        0.0     0.0000       0.00       0.00        0.0          0
 0.0      0.000       0.00       0.00      0.000        0.0        0.0     0.0000       0.00       0.00        0.0          0
 0.0      0.000       0.00       0.00      0.000        0.0        0.0     0.0000       0.00       0.00        0.0          0
 0.0      0.000       0.00       0.00      0.000        0.0        0.0     0.0000       0.00       0.00        0.0          0
 0.0      0.000       0.00       0.00      0.000        0.0        0.0     0.0000       0.00       0.00        0.0          0
 0.0      0.000       0.00       0.00      0.000        0.0        0.0     0.0000       0.00       0.00        0.0          0
 0.0      0.000       0.00       0.00      0.000        0.0        0.0     0.0000       0.00       0.00        0.0          0
 0.0      0.000       0.00       0.00      0.000        0.0        0.0     0.0000       0.00       0.00        0.0          0
 0.0      0.000       0.00       0.00      0.000        0.0        0.0     0.0000       0.00       0.00        0.0          0
 0.0      0.000       0.00       0.00      0.000        0.0        0.0     0.0000       0.00       0.00        0.0          0
 0.0      0.000       0.00       0.00      0.000        0.0        0.0     0.0000       0.00       0.00        0.0          0
 0.0      0.000       0.00       0.00      0.000        0.0        0.0     0.0000       0.00       0.00        0.0          0
 0.0      0.000       0.00       0.00      0.000        0.0        0.0     0.0000       0.00       0.00        0.0          0
 0.0      0.000       0.00       0.00      0.000        0.0        0.0     0.0000       0.00       0.00        0.0          0
 0.0      0.000       0.00       0.00      0.000        0.0        0.0     0.0000       0.00       0.00        0.0          0
 0.0      0.000       0.00       0.00      0.000        0.0        0.0     0.0000       0.00       0.00        0.0          0
 0.0      0.000       0.00       0.00      0.000        0.0        0.0     0.0000       0.00       0.00        0.0          0
 0.0      0.000       0.00       0.00      0.000        0.0        0.0     0.0000       0.00       0.00        0.0          0
 0.0      0.000       0.00       0.00      0.000        0.0        0.0     0.0000       0.00       0.00        0.0          0
 0.0      0.000       0.00       0.00      0.000        0.0        0.0     0.0000       0.00       0.00        0.0          0
 0.0      0.000       0.00       0.00      0.000        0.0        0.0     0.0000       0.00       0.00        0.0          0
 0.0      0.000       0.00       0.00      0.000        0.0        0.0     0.0000       0.00       0.00        0.0          0
 0.0      0.000       0.00       0.00      0.000        0.0        0.0     0.0000       0.00       0.00        0.0          0
 0.0      0.000       0.00       0.00      0.000        0.0        0.0     0.0000       0.00       0.00        0.0          0
 0.0      0.000       0.00       0.00      0.000        0.0        0.0     0.0000       0.00       0.00        0.0          0
