 7.4          1       0.00       1.90      0.076       11.0       34.0    0.99780       3.51       0.56        9.4          0
 2.6          0      25.00      67.00      1.000        3.2        0.7    9.80000       2.00       0.00        2.0         15
54.0          1       3.30       0.70      9.800        1.0       11.2    0.00000       1.90      17.00       60.0          3
 0.6         10       2.00       7.40      0.700        1.0        0.1   13.00000       1.00       3.50        0.6          0
 7.9          1       0.10       0.00     15.000       59.0        1.0    0.00000       9.40       1.00        7.3          0
 1.2         15      21.00       1.00      3.390        0.5        0.0    7.80000       0.58       0.02        2.0         18
 1.0          3       0.57       9.50      0.000        0.0        0.4    6.10000       0.07      17.00        0.0          0
10.5          0       6.70       0.60      1.000        0.1       15.0   65.00000       3.00       0.50        9.2          5
 0.6          0       1.60      16.00     59.000        1.0        0.0    9.90000       0.00       7.80        0.6          1
 0.1          9       1.00       3.30      9.000        1.0        8.9    0.62000       0.20       3.80        0.2        145
 1.0          0       2.00       8.90      0.620        0.2        3.9    0.20000      51.00     148.00        1.0          0
 8.0          0       0.56       1.80      0.090       35.0      103.0    1.00000       3.30       0.75       10.5          0
 1.7          0      16.00      56.00      1.000        3.1        1.3    9.30000       3.00       7.40        0.0          6
29.0          1       3.40       0.50      9.000        0.0        7.9    0.30000       1.00       0.30       56.0          3
 1.1          9       3.00       8.90      0.200        0.5        0.0   29.00000      60.00       3.00        0.5          0
 7.6          0       0.30       2.30     23.000       71.0        1.0    3.50000       9.00       0.00        7.9          0
 1.6          0      37.00       1.00      3.170        0.9        9.5    8.00000       0.50       0.11        2.3          9
 0.0          3       0.53       9.40      2.000        6.9        0.0    2.40000       0.09      21.00       40.0          0
 9.7          0       6.30       0.39      0.200        0.0       11.0   23.00000       1.00       0.00        9.3          7
 0.4          0       1.80       0.10     11.000        1.0        3.3    9.00000       1.00       7.10        0.7          1
 0.1         14      35.00       3.00      0.600        0.0        7.8    0.65000       0.00       2.00        0.1         16
 1.0          3       9.00       6.00      0.700        0.1        2.4    0.09000      17.00      82.00        1.0          0
10.1          0       0.00       2.50      0.110       22.0       37.0    1.00000       3.50       0.57       10.6          8
 2.0          0      15.00     113.00      1.000        3.2        0.7    9.80000       2.00       6.90        0.6         40
83.0          1       3.45       0.50      9.400        0.0        5.2    0.32000       0.30       0.00       13.0          3
 0.6          9       0.00       7.80      0.700        0.0        5.5    5.00000      18.00       1.00        0.0          0
 7.8          1       0.14       2.40      0.100       15.0        1.0    3.42000       0.60       0.00        8.1          0
 2.1          0      13.00       0.00      3.200        0.7        9.7    1.00000       1.00       0.10        1.5          7
19.0          3       0.50       9.80      0.000        7.3        0.5    5.00000       0.10      12.00       87.0          0
10.5          0       8.80       0.61      0.300        2.8       17.0   46.00000       1.00       3.30        9.0          7
 0.5          0       2.60       0.30      8.000        1.0        3.2    0.90000       2.00       8.10        0.7          2
 0.1          9      23.00       1.00      1.000       10.3        6.0    0.70000       0.02       1.80        0.1         11
 1.0          3       0.50       0.00      0.000        0.1        2.1    0.05000       8.00      65.00        1.0          0
13.1          0       0.00       2.20      0.114       22.0      114.0    0.99700       3.30       0.70        9.2          8
 0.3          0      12.00      37.00      1.000        3.3        0.6    9.50000       1.00       6.40        0.4          0
12.0          1       3.34       0.56      9.200        0.0        5.6    0.30000       0.37       1.40       12.0          3
 0.6          9       1.00       8.80      0.660        0.3        1.7    0.10000      23.00       1.00        3.1          2
 6.6          1       0.04       2.20      0.100        8.0        0.0    3.40000       0.63       9.40        6.0          0
 2.1          0       6.00      14.00      3.000        0.6        9.4    0.00000       8.60       0.00        3.0         30
119.0          1       0.00       9.40      2.000        7.6        0.5    0.10000       0.00      33.00       73.0          3
10.0          2       7.70       0.62      0.040        3.8        0.1   45.00000       1.00       3.34        0.5         10
 0.4          1       3.40       0.07      4.000       10.0        3.0    0.60000       9.60       7.00        0.6          5
 0.1         50     110.00       1.00      3.300        9.0        1.0    0.00000       0.20       2.30        0.1         54
 1.0          3       0.59      10.00      7.000        0.0        2.4    0.07000       9.00      46.00        1.0          0
 9.4          0       8.80       2.00      0.100       19.0       52.0    1.00000       3.44       0.60        9.2          7
 0.7          1      20.00     112.00      1.000        3.2        0.7    9.30000       2.00       7.50        0.5          1
12.0          0       3.40       0.62      9.500        0.0        7.0    0.70000       0.10       2.00        0.1          1
 0.0         10       0.00       7.20      0.700        0.1        4.7    0.10000       4.00       0.00        3.4          0
 7.5          1       0.10       1.50      0.080       11.0       39.0    3.00000       0.60       9.60        0.0          0
 1.6          0       6.00      15.00      1.000        0.0       10.7    0.00000       9.30       0.30        2.0         27
65.0          1       3.30      10.00      1.000        8.0        0.7    0.05000       1.90       8.00       19.0          3
 0.9          0       7.70       0.60      0.080        1.9        0.1   15.00000       0.00       3.30        0.5          7
 0.7          0       2.10       0.09     17.000       96.0        1.0    0.00000       9.50       1.00        0.0          1
 0.1         18      94.00       1.00      3.300        0.5        1.0    8.30000       0.00       2.10        0.1         43
 1.0          3       0.50       9.20      1.000        0.0        2.0    0.10000      28.00      83.00        1.0          0
 9.6          1       8.80       0.40      0.000        9.0       42.0    1.00000       3.54       0.66       10.5          6
 0.8          0       2.40      30.00      1.000        3.5        0.6   10.70000       0.00       6.70        0.8          2
 0.1         80       3.00       0.50     10.100        0.0        8.3    0.60000       0.20       1.50        0.1          0
 3.2          9       2.00       6.20      0.500        0.2        1.6    0.10000       3.00      15.00        3.0          9
 7.0          0       0.70       1.90      0.460       22.0       67.0    1.00000       1.00       9.40        2.0          0
 2.0          0      21.00      73.00      1.000        3.4        9.0    0.00000       7.30       0.67        0.3         16
51.0          1       3.16       1.10      2.000        6.3        0.3    0.48000       1.80       0.10       61.0          3
 0.8         10       6.00       0.60      0.100        2.2        0.1   19.00000      40.00       3.00        0.6          0
 0.0          0       1.90       0.10     20.000      136.0        1.0    2.90000       9.00       3.00        7.7          1
 0.1          9      31.00       1.00      3.400        0.6        9.6    9.00000       0.40       2.00        0.1        125
 1.0          3       1.20       9.50      2.000        7.0        0.0    0.00000       8.00      24.00        1.0          0
 9.0          0       7.90       0.52      0.300       42.0      140.0    0.99600       3.23       0.54        9.5          8
 0.5          0       2.00       0.10      1.000        2.9        2.0    9.80000       3.00       5.00        1.0          1
 0.0         41       0.00       0.00     10.500        0.0        4.7    0.60000       0.20       2.30        0.1        106
 3.0          1       0.00       6.80      0.775        0.0        3.0    0.10200       8.00      23.00        1.0         10
 0.0          0       0.30       2.00      0.100        3.0       22.0    1.00000       3.30       9.00        1.0          0
 2.0          0       5.00      10.00      1.000        3.4        0.6    0.00000       8.10       0.55        0.2         13
35.0          1       3.30       0.59      9.000        8.0        0.6    0.30000       2.10       0.08       11.0          3
 0.6         10       0.00       0.00      0.300        1.9        0.1    8.00000      22.00       1.00        0.0          1
 8.1          0       2.10       0.10     12.000       65.0        1.0    3.30000       0.50       1.00        7.2          2
 0.1          5      36.00       1.00      3.330        0.5        9.4    0.00000       0.00       0.70        0.0         69
 1.0          3       1.30       9.30      3.000        6.2        0.6    1.00000      15.00      64.00        1.0          0
 9.3          0       8.00       0.33      0.530        2.5       80.0    1.00000       3.37       0.80        9.6          8
 0.8          1       2.00       0.12     37.000        3.0        0.7    9.30000       2.00       7.80        0.6          1
 0.1         12      47.00       3.00      9.000        2.0        8.4    0.62000       0.10       2.20        0.1        108
 1.0          0       9.80       8.00      0.600        0.1        2.2    0.10000      14.00     111.00        1.0          9
 2.0         10       0.00       2.30      0.100       22.0       46.0    1.00000       3.30       0.70        1.0          0
 0.3          0      13.00      62.00      1.000        3.1        0.6   10.50000       8.00       0.50        0.3          0
40.0          1       3.39       0.61     10.000        0.0        0.0    0.10000       2.00       0.08        7.0          3
 0.5          9       0.00       8.80      0.000        2.2        0.1   14.00000      56.00       1.00        3.2          2
 7.0          1       1.00       0.10     22.000       89.0        1.0    3.34000       0.50       9.20        7.0          0
 0.0         10      89.00       1.00      3.300        0.6        9.0    1.00000       7.30       0.00        2.5         13
 1.0          3       0.50       9.20      0.000        8.0        0.7    0.00000       0.00      34.00        1.0          0
 9.5          0       7.80       0.50      0.170        1.6        0.1    0.00000       3.40       0.48        9.5          9
 0.6          0       1.90       0.15     27.000       90.0        0.0    9.40000       2.00       8.20        1.3          1
 0.1          3      12.00       1.00      0.000        0.0        8.1    1.33000       0.00       1.80        0.1         12
 1.0          4      10.00       0.00      0.000        0.2        1.8    0.10000       3.00      16.00        1.0          0
 0.0          6       0.40       1.00      0.100        6.0       19.0    1.00000       3.42       0.60        9.4          0
 0.6          2      30.00     134.00      1.000        3.2        0.7    9.40000       1.00       0.00        0.1          0
17.0          1       3.60       0.63     13.000        0.0        6.6    0.00000       1.50       0.06       17.0          1
 0.0         10       0.00       7.90      1.000        2.0        0.1   13.00000      29.00       1.00        3.2          1
 8.4          1       0.10       0.00     16.000       63.0        1.0    3.19000       0.82       9.60        2.0          0
 1.8         10      52.00       1.00      3.200        0.8        9.5    1.00000       7.20       0.40        2.0         45
 1.0          3       0.64       9.20      0.000        7.8        0.6    0.19000       2.10      15.00        0.0          0
 9.5          0       7.80       0.60      0.200        2.0        0.1   17.00000       3.00       0.50        9.5          5
 0.3          0       1.80       0.05     27.000       63.0        1.0   14.00000       0.00       6.30        0.4          1
 0.1          3      20.00       1.00      3.300        9.0        8.0    0.70000       0.55       1.80        0.1        141
 1.0          3       0.60       2.00      5.800        0.0        1.8    0.08700      21.00      94.00        1.0          0
10.0          7       0.50       0.30      0.000       10.0       88.0    1.00000       3.11       0.80        9.3          0
 0.1          2       0.10      30.00      1.000        3.4        0.6   10.20000       0.00       8.20        0.0          0
11.0         43       3.00       0.60     10.500        0.0        7.3    0.30000       2.00       0.10        5.0          1
 3.3         10       0.00       9.20      0.520        1.0        0.0   32.00000      69.00       1.00        2.7          9
 7.0          1       0.03       1.80     25.000       99.0        1.0    3.40000       0.54      10.10        0.0          0
 5.5          0     129.00       1.00      3.420        0.7       10.5    0.00000       7.10       0.40        0.4         28
 0.0          3       0.71      10.50      0.000        7.1        0.7    0.00000       2.20       0.10       22.0          0
 9.3          0       6.80       0.60      0.200        1.9        0.1   18.00000      86.00       0.00        9.3          7
 0.9          0       2.00       0.10      7.000       20.0        1.0    3.20000       2.00       7.60        0.7          1
 0.1          9      20.00       1.00      3.170        1.1        2.0    0.00000       0.00       1.70        0.1         31
 1.0          3       0.56      10.00      7.000        0.6        7.0    0.10000      36.00     121.00        1.0          0
 9.4          0       0.00       0.30      7.200       35.0      121.0    1.00000       3.40       0.49        9.4          7
 0.0          2       0.10      14.00      0.000        3.2        0.6    9.50000       2.00       6.80        0.6          0
18.0        101       1.00       0.00     10.200        0.0        7.3    0.55000       0.00       0.00       17.0          1
 3.4          1       0.00       6.80      0.630        0.1        2.1   11.00000      44.00       1.00        3.5         10
 0.0          0       0.20       1.80      0.400       63.0        1.0    3.00000       1.60       9.50        3.0          0
 1.0          0       4.00       0.00      3.400        0.3        9.1    0.00000       8.00       0.40        0.2          6
18.0          3       0.60       9.20      1.000        7.4        0.6    0.10000       1.90       0.07       24.0          0
11.5          0       7.30       0.38      0.200        2.0        0.1    7.00000      35.00       1.00        9.0          6
 0.5          0       1.50       0.10     19.000       49.0        1.0    3.35000       0.80       7.00        0.5          2
 0.1          8      38.00       1.00      3.580        0.6       10.5    7.00000       0.00       2.50        0.1         20
 1.0          4       0.60       9.60      0.000        0.0        0.1    0.00000      10.00      42.00        1.0          0
 9.5          2       8.90       0.00      2.000        0.3      110.0    1.00000       3.10       1.00        9.3          7
 0.7          2       0.10      16.00     42.000        3.0        0.5    9.30000       0.00       6.80        0.6          0
11.0         65       1.00       3.50      9.000        0.0        6.7    0.62000       0.21       1.90        8.0          0
 3.5          1       9.30       8.00      0.300        0.6        2.0    0.10000      85.00       1.00        3.3          9
 1.0          7       0.00       2.00      0.080       14.0        0.0    3.30000       0.60       9.20        0.0          0
 0.1          0       9.00      26.00      3.000        0.5        9.7    0.00000       7.90       0.50        0.3          0
143.0          1       0.00       9.50      2.000        7.9        0.5    0.30000       1.90       0.10       17.0          3
 9.0          2       8.20       0.50      0.350        2.9        0.1   21.00000     127.00       1.00        3.2          6
 0.4          0       1.90       0.07     21.000       49.0        1.0    3.57000       0.62       9.80        0.0          3
 0.1         16     126.00       1.00      3.300        0.6        9.5    1.00000       0.00       2.00        0.1         28
 1.0          3       0.60       9.70      1.000        7.8        0.0    2.00000      24.00     120.00        1.0          0
 9.4          1       7.30       0.60      2.000        0.1       15.0    1.00000       3.50       0.60       10.2         11
 0.3          1       0.00      12.00     27.000        1.0        0.0   10.10000       3.00       5.40        0.8          1
13.0         93       0.99       3.57      0.800        0.0        6.9    1.09000       0.06       2.10        0.1          1
 3.5          0      11.40       0.00      0.000        0.5        1.4    0.06000       9.00       0.00        3.2         10
 1.0          9       0.40       2.00      0.100       39.0      145.0    3.00000       1.00       9.30        3.0          0
 0.1          2      16.00      49.00      1.000        0.0        9.5    0.00000       7.00       0.40        0.3          0
16.0          1       3.30       9.00      0.000        7.0        0.4    0.40000       1.60       0.10       14.0          1
 0.0          0      12.80       0.30      0.740        2.6        0.1    9.00000      28.00       1.00        3.2          7
 0.6          0       1.80       0.07     26.000      120.0        1.0    3.29000       0.53       9.30        1.0          2
 0.1         18      95.00       1.00      3.200        0.7        9.4    1.00000      11.00       0.00        0.0         19
 1.0          3       0.90      10.50      1.000        9.7        0.5    2.00000       0.00      19.00        1.0          0
12.4          1       8.00       0.70      0.200        0.0       10.0   62.00000       3.00       0.60       10.0         11
 0.4          1       2.10       5.00     15.000        1.0        3.2   10.00000       2.00       8.20        0.6          2
 0.1         65       1.00       3.30      0.430       10.1        7.0    0.70000       0.08       2.40        0.1          0
 3.2          1       9.80       1.00      7.000        0.0        5.6    0.06000      26.00     121.00        3.0         10
 0.0          9       0.63       0.20      0.000       13.0       49.0    1.00000       0.00      11.00        2.0          0
 0.2          2       0.10      41.00      1.000        3.4        9.0    0.00000       7.50       0.50        0.2          0
10.0         44       3.00       0.50      0.000        7.8        0.5    0.33000       2.40       0.10       24.0          1
 3.3          9       7.00       0.30      0.370        2.0        0.1   24.00000      58.00       1.00        3.3          9
 0.0          0       2.00       0.10     16.000       72.0        1.0    3.10000       0.57       9.40        2.0          1
 0.1          5      10.00       1.00      3.400        0.6        9.5    0.00000       8.60       0.60        2.0         28
 1.0          3       0.60      10.00      1.000        8.4        0.6    0.40000       0.00      15.00        1.0          0
10.4          1       7.70       0.40      0.300        2.6       29.0   63.00000       1.00       0.00       10.5          8
 0.6          1       2.00       0.30     81.000        1.0        3.0    1.60000       3.00       9.00        0.8          2
 0.1          9       0.00       3.40      0.630        9.8        0.0    0.00000       0.30       2.60        0.1         37
 3.0          1      11.00       0.00      5.200        0.5        1.0    0.10000      19.00     106.00        1.0         12
 0.0          8       0.38       0.06      1.800       12.0       49.0    1.00000       3.40       9.00        0.0          0
 0.2          3       0.10      18.00      1.000        3.3        0.7    0.00000       8.20       1.00        0.1          0
 7.0         37       1.00       0.00      9.000        7.0        0.6    0.00000       1.90       0.10       14.0          1
 3.4          1       0.00       0.00      0.000        1.9        0.1   15.00000      39.00       1.00        3.4          9
 0.0          0       1.70       0.26      5.000       62.0        1.0    3.00000       1.10       9.30        3.0          0
 0.0          6      24.00       1.00      3.140        0.7       10.9    2.00000       7.70       0.58        0.1        109
 1.0          3       0.49       9.80      3.000       15.0        0.2    0.44000       2.20      10.00       24.0          0
 9.2          3       7.30       0.66      0.000        2.0        0.1   23.00000       1.00       3.60        9.0          7
 0.7          0       1.90       0.10     16.000        0.0        3.4    0.52000       9.50       8.00        0.6          2
 0.1         11      73.00       3.00      0.500        9.3        2.0    7.70000       0.00       1.70        0.1         39
 1.0          0       9.80       0.00     10.800        0.3        0.4    0.00000      16.00      37.00        1.0         10
 1.0          7       0.60       0.00      1.800        0.1       34.0    1.00000       3.47       0.70        0.0          0
 0.5          3       0.09       5.00     21.000        3.0        0.5   10.50000       7.00       0.80        0.4          0
 8.0         86       1.00       3.20      9.000        1.0        0.0    0.20000       3.20       0.07       17.0          1
 3.3          1       9.30       9.00      0.000        2.2        0.1    5.00000      13.00       1.00        3.2          9
 1.0          7       2.00       0.10     12.000       56.0        1.0    3.49000       0.70       9.20        0.0          0
 0.8          8      45.00       1.00      3.060        1.3        9.4    3.00000      10.00       0.31        0.5         14
 1.0          3       0.80      10.50      0.000        7.9        0.3    0.20000       1.70       0.10       45.0          0
 9.3          1       7.00       1.00      0.040        2.0        0.1   12.00000       0.00       3.40        0.6          8
 0.5          0       1.70       0.07     10.000       35.0        3.0    0.60000      10.00       0.00        0.0          1
 0.1         23      49.00       1.00      0.000        9.3        1.0   12.50000       0.60       2.00        0.1         27
 1.0          3      10.00       3.00     11.800        0.3        0.5    1.80000       6.00      10.00        1.0          0
 2.0          8       0.90       0.00      3.300        0.1       26.0    1.00000       3.60       0.72        9.8          0
 0.5          4       0.08      15.00     37.000        1.0        0.0   12.80000       0.00       0.00        0.0          0
 7.0         27       1.00       3.70      0.900        0.0       11.5    0.00000       4.00       0.10        4.0          1
 3.3          1      10.10       1.00      0.000        4.0        0.1   27.00000      61.00       1.00        3.4         10
 0.0         11       0.40       0.00     17.000       65.0        1.0    3.22000       0.78      10.10        1.0          0
 0.2          2      38.00       1.00      3.310        0.6        9.4    1.00000       7.50       0.70        0.2          0
94.0          3       0.80       9.40      0.000       10.3        0.3    0.50000       6.40       0.07        5.0          3
12.0          1       8.90       0.40      0.300        5.6        0.1   10.00000      47.00       3.00        0.8         11
 0.3          0       3.60       0.07      6.000       19.0        1.0    0.00000       9.30       2.00        7.7          3
 0.4          5      10.00       1.00      3.300        9.0        1.0    7.60000       0.52       0.10        0.0         53
 1.0          3       0.60       0.00      9.900        0.6        0.1    3.40000       0.10      71.00        1.0          0
 9.8         12       0.50       0.60      2.000        0.1       25.0   49.00000       3.00       0.80       10.3          0
 0.1          3       0.10      29.00     53.000        1.0        3.4   10.00000       0.00       8.70        0.0          0
20.0         49       1.00       3.30      0.900       10.6       11.0    0.40000       3.00       0.10       33.0          1
 3.2          1       9.20       2.00     11.000        0.0        0.0    6.00000      18.00       1.00        3.3         10
 1.0         10       0.55       0.20     18.000       48.0        1.0    3.22000       0.64      10.30        1.0          0
 0.3          2       0.10       1.00      3.400        0.6       10.1    0.00000      13.30       0.30        0.5          0
17.0          1       0.00       9.50      3.000       10.8        0.5    0.50000       2.50       0.10        5.0          3
 0.6          3      10.60       0.83      0.400        2.6        0.1   26.00000      70.00       1.00        0.0          2
 0.0          0       2.00       0.10      8.000       29.0        1.0    3.70000       9.00       0.00        7.2          2
 0.1          5      31.00       1.00      3.670        0.8        0.0    6.90000       0.67       0.06        2.1         33
 1.0          4       0.71       9.60      7.000        0.5        0.1    2.60000       0.09      20.00        1.0          0
10.7          0       0.00       0.50      1.500        0.1        7.0   15.00000       1.00       0.00       10.1          8
 0.0          3       0.10      12.00     28.000        1.0        3.5    0.70000       0.00       7.40        0.7          0
 5.0         21       1.00       3.39      0.500        9.5        0.0    0.00000       0.60       0.00       12.0          1
 3.2          1       9.20       2.00     10.300        0.5        2.0    6.00000      25.00       1.00        3.1          9
 2.0          8       0.62       0.32      2.200       54.0        1.0    3.36000       0.52       9.40        0.0          0
 0.4          2       0.21       6.00      3.000        0.6        9.5    2.00000      10.30       0.40        0.4          0
 5.0         12       3.00       9.00      2.000        7.4        0.3    0.40000       1.70       0.10        9.0          1
 0.0         10       7.00       0.50      0.240        2.0        0.1   15.00000     105.00       1.00        3.3          1
 9.0          0       2.80       0.10     19.000       98.0        1.0    3.30000       0.60       1.00        8.6          0
 0.0         30     135.00       1.00      3.300        0.5        9.4    7.00000       0.40       0.29        2.6         72
 1.0          3       0.68      11.00      0.000        0.0        0.3    2.50000       0.10      20.00       53.0          0
11.0          0       9.60       0.00      3.400        0.1       37.0   92.00000       1.00       3.30       10.0          9
 0.8          2       0.10      30.00     74.000        1.0        3.3    0.60000      10.40       9.00        0.7          0
21.0         59       1.00       3.40      0.710       11.5        0.0    9.30000       0.00       3.40       25.0          1
 3.2          1       9.70       1.00      7.800        0.6        0.1    0.00000      18.00       1.00        3.3          9
 1.0         10       0.60       0.42      2.800        0.1        0.0    3.30000       0.70       9.50        1.0          0
 0.2         11       0.07      13.00     50.000        0.0        9.2    2.00000      11.60       0.53        0.7          0
 6.0         14       1.00       0.00      3.000       10.3        0.4    0.50000       4.50       0.10        5.0          1
 3.3         11       1.00       0.00      0.600        2.6        0.1    6.00000      21.00       1.00        3.2          2
10.7          1       2.00       0.10      7.000       15.0        1.0    3.18000       0.60       9.50       10.0          0
 2.9         10      41.00       1.00      3.230        0.7       12.5    1.00000       0.00       0.30        3.2         21
 1.0          3       0.54       9.40      1.000        8.4        0.0    2.10000       0.11      16.00       44.0          0
11.0          2       7.90       0.70      2.000        0.1       17.0   38.00000       1.00       3.34        0.7         11
 0.7          1       0.00       7.00     21.000        1.0        3.2    0.84000      12.20       2.00        0.0          1
 6.0         16       1.00       3.40      0.700       12.5        0.0    7.80000       0.40       2.00        0.1          1
 3.3          1      10.30       1.00     12.400        0.5        0.6    3.00000      28.00       1.00        3.2         11
 2.0         13       0.30       0.50      2.300        0.1       12.0    3.00000       1.40       9.80        3.0          0
 0.5          2       0.07      10.00     21.000        1.0        9.0    2.00000      10.60       0.42        0.5          0
 5.0         18       1.00       3.20     11.000       10.0        0.4    0.47000       1.80       0.10        6.0          1
 3.3          1       1.00      11.90      0.000        2.6        0.1    6.00000      32.00       1.00        3.1         10
 7.0          1       0.00       0.00     40.000       63.0        1.0    3.60000       0.81       9.90        0.0          0
 2.7          0      34.00       1.00      3.600        0.9       12.3    0.00000      13.80       0.00        3.0          6
15.0          3       0.90      12.00      3.000        9.6        0.6    2.00000       0.10      15.00       46.0          3
10.0          3       9.10       0.79      0.000        0.0       11.0   28.00000       1.00       3.36        0.9         10
 0.7          0       2.70      17.00     34.000        1.0        3.3    0.98000       9.90       1.00        9.1          2
 0.1         26       1.00       3.35      0.800        9.4        0.0    7.70000       0.70       0.00        0.0          0
 3.3          1       9.30       1.00     13.500        0.5        0.8    4.80000       0.10      77.00        3.0         13
 2.0          6       0.20       0.40      1.400        0.1       40.5  165.00000       0.00      11.90        1.0          0
 0.0          2       0.10      17.00     32.000        1.0        3.5    0.00000      11.50       0.41        0.5          0
29.0         55       1.00       3.26      0.900        1.0        0.0    0.70000       2.95       0.12       12.0          1
 3.2          1      11.70      11.00      0.400        3.0        0.1   10.00000      23.00       1.00        3.1         10
 2.0          0       0.70       2.60     10.000       41.0        1.0    3.20000       0.68       9.80        2.0          0
 2.0          0      14.00       0.00      3.200        0.7        9.4    2.00000       8.60       0.50        2.0         21
50.0          1       0.00       9.90      0.000       11.9        0.6    0.70000       0.00       6.00       37.0          3
 0.6          3      12.50       0.46      0.630        2.0        6.0   15.00000       1.00       2.99        0.9          3
 0.0          1       5.80       0.10     42.000        1.0        3.1    0.70000      10.00       3.00       10.0          3
 0.1          7       0.00       3.30      0.930       11.8        1.0   10.40000       0.60       0.60        2.6         24
 3.0          1       9.00       2.00     10.300        0.3        0.5    2.80000       0.16      15.00        1.0          9
 2.0          9       0.27       0.50      2.400        0.1        6.0   18.00000       1.00      12.00        2.0          0
 0.0          2       0.10      35.00     63.000        1.0        3.6    0.80000       7.00       0.20        0.4          0
11.0         25       1.00       3.32      0.870        8.7        9.0    0.00000       1.80       0.07       26.0          1
 3.3          1      10.60       1.00      0.000        0.2        0.0   12.00000      72.00       1.00        3.0          9
 3.0         14       0.00       3.80      0.100       47.0        1.0    3.00000       0.80      10.80        3.0          0
 4.0          0       6.00      15.00      3.000        0.8       11.8    3.00000      11.50       0.45        0.5         19
47.0          1       3.30      11.00      1.000       11.4        0.6    0.66000       6.20       6.00       24.0          3
 1.0         13       8.00       0.40      0.380        2.5        0.1   60.00000       1.00       3.30        0.7          1
 8.3          0       2.00       0.08     11.000        0.0        3.2    0.80000       9.40       2.00       13.7          0
 0.0         17      43.00       3.00      0.800       10.0        3.0    7.70000       0.51       0.30        2.1         54
 1.0          0       9.20       0.00      7.400        0.6        0.1    2.40000       0.10      11.00       37.0          9
 0.0          8       0.54       0.26      2.000        0.1       23.0   48.00000       1.00       3.40        0.0          0
 0.1          2       0.08      17.00     42.000        1.0        3.3    0.54000       9.60       0.00        0.3          0
23.0         53       1.00       3.40      0.740        9.2        0.0    0.00000       2.00       0.10       16.0          1
 3.2          1      10.00       2.00      5.600        0.0        1.4   12.00000      88.00       0.99        3.6         12
 0.0         10       0.40       2.00      0.100        6.0        1.0    3.20000       0.50       9.50        2.0          0
 0.6          0      13.00      95.00      1.000        0.0        9.1    2.00000      12.70       0.60        0.7          6
25.0          1       3.03       0.60      3.000       12.0        0.4    0.76000       4.20       0.10       38.0          3
 0.6         13       1.00       0.00      0.000        7.9        0.1   68.00000       0.00       3.50        0.5          0
11.5          1       2.00       0.10     13.000       49.0        3.0    0.70000      11.00       2.00        8.7          0
 2.3          9      42.00       1.00      0.000        9.4        3.0    7.70000       0.30       0.30        1.7         20
 0.0          3      10.00       1.00     12.200        0.5        0.5    2.60000       0.10      19.00       64.0          0
 3.0         11       0.60       0.49      2.700        0.1       10.0   41.00000       1.00       3.15        0.6          0
 0.1          3       0.07      15.00     27.000        1.0        3.3    0.61000       9.10       1.00        0.0          0
11.0         25       1.00       3.40      0.800       10.1        0.0    9.80000       0.00       0.00        9.0          1
 3.2          1      10.80       1.00     12.000        0.4        3.0    0.10000      30.00       1.00        3.2         10
 2.0         10       0.30       0.60      0.000        6.0       16.0    3.00000       0.70      11.30        2.0          0
 0.5          5      26.00      49.00      1.000        3.0        9.0    3.00000       9.00       0.43        0.3          0
86.0          1       3.38       0.62      9.500        9.0        0.5    0.35000       2.40       0.08       23.0          3
 0.6         10       0.00       7.10      0.000        1.9        0.1   15.00000      77.00       3.00        0.6          1
 9.9          0       0.50       0.00      6.000       19.0        1.0    0.00000      11.70       1.00        8.8          0
 2.7          0     122.00       1.00      3.300        9.0        1.0    8.60000       0.70       0.20        6.6         31
134.0          3       1.10       1.00     10.600        0.5        0.6    2.20000       0.10       6.00       20.0          3
11.0          7       0.60       0.12      1.900        0.1       34.0  124.00000       1.00       3.44        0.5          0
 0.5          2       0.12       7.00     20.000        1.0        3.2    0.76000      10.40       1.00        6.8          0
34.0         52       1.00       3.60      0.700        9.9        0.0    9.50000       0.60       2.00       35.0          1
 3.3          1      11.80       1.00      6.600        0.8        0.0    0.00000      32.00       1.00        3.5         12
 0.0          8       1.00       0.20      2.000       15.0       60.0    1.00000       0.00      10.90        0.0          0
 0.5          2       0.10      24.00      1.000        3.1        0.9    2.00000       6.40       0.70        0.1          0
19.0          0       3.50       0.49     11.400        0.0        0.0    0.20000       1.90       0.08        6.0          3
 0.6         11       1.00       9.10      0.500        1.0        0.1    9.00000      30.00       1.00        0.0          1
12.8          1       0.63       2.40     13.000       35.0        1.0    3.10000      10.00       3.00        7.8          0
 2.2          0      21.00       1.00      3.300        0.6        1.0   11.90000       0.37       0.70        2.3         12
24.0          1       0.00      12.80     12.000        0.4        0.6    2.30000       0.10       6.00       18.0          3
 0.5          2       0.00       0.60      3.200        0.1       22.0   54.00000       1.00       3.10        0.9          2
 0.0          2       0.06      38.00     62.000        1.0        3.3    0.60000      10.20       1.00       11.1          0
 6.0         22       1.00       3.17      0.700       11.2        2.0    7.00000       0.62       0.20        0.0          1
 3.1          1       9.30       3.00     12.600        0.3        0.7    2.20000       6.00      29.00        2.0          9
 3.0         12       0.40       0.70      2.100        0.1       27.0    1.00000       3.10      11.00        3.0          0
 0.8          4       0.10       6.00      1.000        3.0        0.7   11.20000      10.00       0.40        0.5          0
11.0         19       3.00       0.60     11.600        1.0        5.3    0.00000       1.70       0.05        5.0          1
 0.0         13       0.00       9.50      0.730        0.1        0.0    6.00000      31.00       1.00        3.2          1
12.5          0       0.60       2.60      0.100       72.0        1.0    3.10000       0.70       3.00        9.3          0
 2.1          0       6.00      16.00      3.000        0.7       11.2    8.00000       0.50       0.22        2.0          7
27.0          1       3.20      10.00      2.000        0.0        0.7    2.80000       0.10      17.00       35.0          3
 0.6         11       8.00       0.00      1.800        0.4        9.0   26.00000       1.00       3.10        1.1          3
 6.8          1       0.10      18.00     35.000        1.0        3.4    0.60000      10.00       0.00       10.4          0
 5.0         22       1.00       3.26      0.740       11.2        1.0    7.00000       0.23       0.40        1.6          0
 3.5          1      11.10       0.00     11.300        0.6        0.7    5.20000       0.10      19.00        1.0         13
 1.0          9       0.60       0.39      2.300        0.1        5.0    0.00000       3.40       0.60        0.0          0
 0.2          3       0.10      29.00     65.000        3.0        0.6    9.60000       1.00       0.00        0.7          0
10.0         47       1.00       0.00      9.000        1.0        9.2    0.40000       2.00       0.10       14.0          1
 3.4         11       0.00       8.30      0.610        0.2        2.6    6.00000      19.00       1.00        3.3          1
11.0          0       0.68       2.55      0.090       10.0        0.0    3.20000       0.61      11.80        8.0          0
 2.2          0      25.00     129.00      1.000        0.0        9.0    3.00000       0.00       0.50        2.1          5
15.0          1       3.00       0.70      3.000       10.0        0.0    2.90000       0.10      10.00       26.0          3
 0.9         10       0.00       0.00      2.000        0.1       21.0   51.00000       1.00       3.20        0.7          2
 8.8          1       0.00       7.00     18.000        1.0        3.3    0.79000      14.00       1.00       11.4          0
 2.1         21       1.00       3.17      0.620        9.2        2.0    8.70000       0.80       0.02        1.2         48
 3.0          1       9.80       2.00     13.000        0.3        0.7    2.60000       0.09      15.00        0.0         10
 3.0         10       0.50       0.40      2.400        0.1       25.0   52.00000       3.00       0.70       11.4          0
 0.6          3       0.08      25.00     68.000        1.0        0.0   10.40000       2.00       9.90        0.0          0
 5.0         14       1.00       3.30     10.000        1.0       10.5    0.28000       0.50       0.00       10.0          1
 3.2          1       2.00       9.60      0.680        0.2        2.2    0.10000      28.00       1.00        3.1         10
 9.0          0       0.40       2.00      0.090        6.0       16.0    3.00000       0.70       9.70        1.0          0
 1.8          0       6.00      20.00      1.000        3.2       11.0    2.00000       9.40       0.00        2.7          6
31.0          1       3.20       0.70     10.100       10.0        0.3   15.00000       0.10       6.00       23.0          3
 0.7          9       2.00       9.40      0.000        0.0        6.0   17.00000       1.00       3.15        0.9          2
10.6          0       0.60       6.00     18.000        1.0        3.0    1.05000       9.40       3.00       10.6          0
 2.2          0       1.00       3.00      1.060        9.4        3.0   10.60000       0.40       0.70        4.1          6
 0.0          0      13.40       3.00     10.200        0.7        0.4    1.90000       0.10       6.00       17.0          0
 2.0         10       0.65       0.40      1.800        0.1        5.0   14.00000       1.00       0.00       10.0          0
 0.6          3       0.10      35.00     67.000        1.0        3.3   10.00000       1.00       9.30        0.4          0
10.0         26       1.00       3.34      0.800        0.0        9.3    0.78000       0.27       2.80       24.0          0
 3.3          1      10.60       9.00      0.400        0.5        2.5    0.06000      12.00       1.00        3.3         13
 0.0          0       0.50       2.60      0.050       13.0       27.0    1.00000       0.00      13.40        1.0          0
 3.0          0      23.00      81.00      1.000        3.5        0.7    0.00000       6.50       0.40        8.0         28
91.0          1       3.44       0.60     12.100        0.0        0.0    0.50000       0.00       5.00       16.0          3
 0.7         11       2.00       7.80      0.500        1.0       14.0   38.00000       1.00       3.43        0.7          0
 7.2          0       0.32       2.50    113.000        1.0        3.3    0.79000      11.10       1.00       10.4          0
 6.5          0      38.00       3.00      0.800       12.0        2.0   10.50000       0.30       0.50        1.9          6
24.0          3      10.00       2.00     10.500        0.2        0.4    1.80000       0.10       6.00       22.0          1
10.8         10       0.50       0.63      2.900        0.1       10.0   26.00000       1.00       3.20       12.0         10
 0.0          2       0.10       6.00     21.000        1.0        3.3    1.00000       1.00      11.20        0.7          0
 6.0         13       1.00       3.17      0.710        9.5       10.0    0.60000       0.31       2.20        0.1          1
 3.2          1      10.20       2.00      0.000        0.8        2.8    0.08000      23.00      43.00        3.0         11
 3.0         12       0.00       4.60      0.100       19.0       43.0    1.00000       3.00       9.00        3.0          0
 2.0          0      15.00      49.00      1.000        3.0        0.8    9.70000      10.00       0.50        0.6          6
15.0          1       3.10       0.66     11.800        3.0        8.5    0.00000       6.10      34.00      151.0          3
 1.1          9       1.00      12.50      0.600        0.5        0.0   14.00000       1.00       3.25        0.7          1
10.4          1       0.49       2.10      0.200        0.0        3.2    0.63000       8.40       2.00       10.9          0
 2.8          0      11.00      32.00      0.000       11.7        1.0    7.30000       0.36       0.50        2.5         39
106.0          1       0.00       0.00      9.800        0.3        0.5    2.70000       0.10      15.00       33.0          3
10.0          0       0.00       0.50      2.000        0.1       16.0   43.00000       1.00       3.50        0.6          8
 0.4          2       0.10      47.00    133.000        1.0        3.4    1.00000       9.80       9.00        0.4          2
38.0        142       1.00       3.22      0.550        9.4        1.0    0.00000       0.50       2.40        0.1          1
 3.2          1       9.50       1.00     10.400        0.0        2.8    0.10500      29.00      53.00        1.0          9
 1.0          7       0.40       2.00      0.100       33.0       85.0    1.00000       3.39       0.80        0.0          0
 0.5          0      32.00      55.00      1.000        3.3        0.8    8.70000       0.00       0.00        0.2          6
33.0          1       3.10       0.60      9.400        3.0        9.1    0.20000       2.00       0.10       28.0          3
 0.9         10       0.00      11.90      0.400        0.5        2.7   12.00000       1.00       3.20        0.6          2
10.3          0       0.20       2.10      0.070       15.0        3.0    0.70000      12.80       1.00       10.0          0
 2.7          0      13.00      32.00      1.000       10.0        1.0    8.10000       0.82       0.24        2.1          5
13.0          1       3.40      10.00     12.000        0.3        0.5    5.80000       0.10       5.00       35.0          3
 0.7          2      11.20       0.00      5.200        0.1        5.0   17.00000       1.00       3.20        0.6          9
 0.6          0       0.00      20.00     47.000        1.0        3.3    0.67000       9.60       1.00        0.0          6
 0.1         17       1.00       3.20      0.730       11.0        2.0    9.30000       0.00       2.10        0.1         20
 3.0          1       9.90       2.00     11.200        0.7        2.0    0.10000      16.00      53.00        1.0         11
 3.0         14       0.31       0.70      0.000        6.0       15.0    1.00000       2.86       0.79        8.4          0
 0.5          3      38.00     106.00      1.000        3.1        0.6    9.10000       3.00       7.50        0.0          0
28.0          1       3.45       0.80      9.500        0.0       10.6    0.30000       0.50       0.00        6.0          3
 0.9         11       1.00      12.40      0.300        0.5        2.6    0.10000      69.00       3.00        0.8          2
 9.0          1       0.50       1.90      0.170        6.0       25.0    0.00000       9.40       1.00        6.8          0
 2.1          0       9.00      25.00      1.000        3.3        0.0    9.40000       0.43       0.24        2.8         14
45.0          1       3.19       0.70      2.000        0.0        0.2    2.70000       0.09      14.00       44.0          3
 0.7         10       5.00       1.00      1.000        0.1       32.0   96.00000       1.00       3.74        0.6          0
 0.0          1       4.20      10.00     23.000        1.0        2.9    0.74000      11.10       3.00       10.9          4
 0.1         10       1.00       3.10      0.600       11.7        3.0   15.60000       0.60       4.00        0.1         23
 1.0          0      11.10       3.00     13.000        0.5        0.5    0.00000       6.00      47.00        1.0          0
 1.0         13       0.60       0.49      2.800        5.0       19.0    1.00000       3.14       0.57       11.4          0
 0.5          2       0.10     121.00      1.000        3.2        0.6    9.20000       1.00       9.00        0.5          0
41.0          0       3.10       0.61      9.200        3.0        7.6    0.30000       0.50       2.70       25.0          3
 0.6         10       1.00       8.70      0.700        0.2        2.5    0.23000       5.00       1.00        0.0          1
 9.8          1       0.50       2.60      0.300        5.0       20.0    1.00000      10.00       1.00        6.2          0
 2.2          0      19.00      42.00      0.990        3.6        0.6   11.00000       0.30       0.49        3.3         10
37.0          1       3.32       0.91     11.000       10.0        0.0    2.40000       0.07      10.00       28.0          3
 0.6         10       2.00       0.00      0.500        0.0       14.0   47.00000       1.00       3.30        0.6          1
10.6          0       3.20       0.10     78.000        1.0        3.2    0.70000      10.00       2.00       12.3          3
 0.1         28      46.00       3.00      0.800       10.2        2.0    9.90000       0.50       0.20        0.0         14
 1.0          3      10.00       0.00      8.800        0.4        0.5    2.80000      18.00     111.00        1.0          0
 9.5          8       0.50       0.49      2.900        0.1      110.0    1.00000       3.30       0.60        9.8         10
 0.0          2       0.06      18.00      0.000        3.1        0.5    9.80000       2.00      12.30        0.5          0
 5.0         14       3.00       0.40      9.600        2.0       11.7    0.49000       0.50       2.20        0.1          1
 0.0          9       2.00      12.00      0.300        0.5        1.9    0.10000      10.00      21.00        3.0          3
11.8          0       0.49       3.40      0.100       54.0       80.0    1.00000       3.30       1.00        7.6          0
 2.4          0       8.00      38.00      0.998        3.5        0.7    9.60000       0.00       0.50        2.7         16
47.0          1       3.10       1.02     10.600        2.0        0.0    1.00000       0.10      18.00      102.0          3
 0.6          9       1.00       5.00      0.000        2.0       19.0   50.00000       0.99       3.70        0.7          0
10.2          0       2.00       0.10      5.000        1.0        3.0    0.70000      10.50       3.00        9.0          0
 0.0         21      75.00       1.00      0.000        9.7        0.0    6.60000       0.39       0.49        1.7        149
 1.0          3       0.50       2.00      9.900        0.5        0.6    3.50000       0.10      43.00        1.0          0
 9.0          1       0.00       0.20      2.600        0.1       20.0    0.00000       3.40       0.50        9.5          8
 0.6          7       0.10      30.00    109.000        3.0        0.6    9.30000       1.00      12.40        0.4          2
 6.0         24       1.00       0.00      9.300        3.0       11.9    0.60000       0.58       1.90        0.1          1
 3.1         10       3.00       8.50      0.580        0.2        2.1    0.10000       5.00      30.00        1.0          2
12.7          1       0.45       2.30      0.100       11.0       22.0    1.00000       3.00       0.70        8.0          0
 2.1          0       7.00      23.00      1.000        3.3        0.5   10.00000       1.00       0.00        2.2         12
35.0          1       3.10       0.60      9.000        3.0        7.7    0.00000       0.00       6.00       14.0          3
 0.5          9       1.00       8.30      0.600        2.0        0.1   63.00000       1.00       3.17        0.6          2
 8.3          1       0.10       0.00      6.000       24.0        3.0    0.60000       9.20       1.00        9.4          0
 4.6         10      20.00       1.00      3.300       12.0        0.0    8.80000       0.48       0.41        3.3         52
 1.0          3       0.53      10.50     10.000        0.7        0.4    5.10000       0.11      11.00        1.0          0
10.4          1       6.30       0.00      3.200        0.1       15.0   39.00000       3.00       0.50       12.7          8
 0.2          1       0.00      25.00     57.000        1.0        0.0    9.20000       0.00      13.20        0.4          2
 0.1         16       1.00       3.00      9.000        3.0        7.5    0.60000       0.00       2.40        0.1         29
 3.0          1       1.00       8.20      0.390        0.4        1.5    0.10000      10.00      29.00        1.0          9
 9.0          1       0.18       2.20      0.150       10.0      103.0    1.00000       2.87       1.36       10.2          0
 2.3          0      28.00      71.00      1.000        3.5        0.6    9.70000       0.00      11.50        2.0         14
28.0          1       3.00       0.90      9.800        3.0       11.4    0.50000       2.00       4.00       17.0          3
 0.7         10       2.00      11.30      0.370        0.4        0.0    6.00000       1.00       3.10        0.8          3
 8.3          1       0.20       3.40     16.000      112.0        1.0    0.00000       9.40       1.00        8.2          0
 3.4          0     104.00       1.00      3.280        0.6        1.0   10.00000       0.60       0.22        1.9          9
 0.0          3       0.55       9.50      2.000        0.0        0.3    2.90000       0.08      21.00       45.0          1
12.1          0       6.80       0.70      5.000        0.1       21.0   58.00000       1.00       0.00       10.2          8
 0.6          0       2.20       5.00     15.000        1.0        3.4    9.00000       0.00       8.70        0.5          2
 0.1          7       1.00       3.30      0.600        1.0        7.6    0.68500       0.20       2.30        0.1         84
 1.0          0       9.30      10.00      0.300        0.5        2.7    0.10000       5.00      19.00        1.0          0
 1.0          0       0.10       3.00      0.090       21.0       43.0    1.00000       3.30       0.57       10.5          0
 3.4          0      11.00      86.00      1.001        3.4        0.6   11.30000       0.00       7.90        0.3         46
102.0          1       3.27       0.60      9.500        1.0        8.7    0.84000       0.00       0.00       33.0          3
 0.6         10       1.00       9.60      0.900        0.3        2.4   30.00000     147.00       3.00        0.5          1
 9.5          1       0.30       2.30      0.100      145.0        1.0    3.20000       9.00       1.00        7.7          0
 2.2          0       7.00       0.00      3.400        0.7       10.2    8.00000       0.30       0.30        1.9         25
57.0          3       1.40      10.30      2.000        9.9        0.0    2.30000       0.07      16.00       40.0          0
 9.4          0       9.50       0.59      0.400        0.0       21.0   68.00000       1.00       3.50        9.0          7
 0.6          0       6.00       0.10     11.000        1.0        3.4    0.70000       0.00       7.30        0.7          3
 0.1          6      20.00       3.00      0.600       10.1        8.0    0.80000       0.01       2.20        0.1         14
 1.0          3      11.00       1.00      0.000        0.3        2.8    0.07000      10.00      28.00        1.0          0
11.2          6       0.00       8.60      0.070       24.0      148.0    1.00000       3.20       0.60       11.3         10
 2.0          0       8.00      32.00      1.000        2.9        0.5    9.60000       3.00       9.80        0.9         35
155.0          1       3.41       0.67     11.200        0.0       15.9    0.36000       0.65       7.50       22.0          3
 0.8         15       3.00       9.40      0.300        0.6        2.8    0.10000      30.00       1.00        0.0          2
 8.6          1       0.47       2.40      0.100        7.0        0.0    3.10000       0.50       3.00        9.7          0
 2.9          0      20.00      53.00      3.000        0.6        9.4    2.00000       0.00       0.60        1.4         23
42.0          1       0.00      10.50      3.000        7.2        0.5    1.00000       0.10       5.00       20.0          3
 9.0          1       7.10       0.84      0.020        4.4        5.0   13.00000       1.00       3.41        0.6          7
 0.4          0       1.60       0.08     15.000        0.0        3.3    0.64000       9.00       7.00        0.6          1
 0.1          9      27.00       1.00      0.000        9.6        0.0    0.00000       0.50       1.80        0.1         13
 1.0          3       0.80       3.00     12.100        0.0        2.0    0.09000      15.00      54.00        1.0          0
10.2          3       0.00       2.00      0.100       25.0       48.0    1.00000       3.10       0.60        9.7          8
 0.5          0       6.00      16.00      1.000        3.2        0.6    9.50000       2.00      11.30        0.3          2
15.0          1       2.94       0.66      9.200        3.0       10.0    0.70000       0.43       2.30        0.1          3
 0.6         11       2.00       6.90      0.400        0.2        2.5    0.08000      30.00       0.00        3.3          1
 8.2          1       0.20       1.70      0.100        5.0       13.0    3.00000       0.50       9.50        9.0          0
 2.0          0      32.00     151.00      1.000        0.0        9.5    2.00000      10.80       0.00        2.2          7
17.0          1       3.10       9.00      3.000        9.3        0.4    0.40000       0.00      12.00       31.0          3
 0.7          1       8.60       0.80      0.110        2.3        0.1   31.00000       1.00       3.40        0.5          8
 0.8          0       2.60       0.08     45.000       87.0        3.0    0.50000      10.00       0.00        0.0          3
 0.1         20      49.00       1.00      3.100        9.0        2.0   13.30000       0.00       1.90        0.1         40
 1.0          3       0.50       9.00      8.000        0.5        2.0    0.10000      16.00      29.00        1.0          0
10.2          2       8.50       0.00      0.000       32.0       58.0    1.00000       3.33       0.50        9.8          8
 0.8          0       5.00      15.00      0.997        3.4        0.6   11.30000       0.00       9.80        1.0          2
 0.1          1       3.30       0.48      9.400        1.0        7.1    0.70000       0.20       1.80        0.1          0
 0.0          9       0.00       9.10      0.600        0.2        3.1    0.10000      13.00      38.00        3.0          1
 7.7          1       0.00       1.60      0.039        4.0        9.0    1.00000       0.00       9.40        0.0          0
 1.8          0       5.00      17.00      1.000        3.3        9.0    1.00000       7.40       1.20        4.0          5
14.0          1       3.63       0.50      0.000        9.2        0.9    0.24000       2.60      12.00       93.0          3
 0.5         10       8.00       0.50      0.510        2.0        0.4   16.00000       1.00       3.00        1.2          3
 0.0          0       2.80       0.08     21.000      122.0        1.0    0.00000       9.40       1.00        9.0          2
 0.1         24     125.00       1.00      3.300        0.6        1.0    5.10000       0.50       1.00        0.0         44
 1.0          4       0.60      12.80      0.000        0.0        0.0    0.00000       8.00      25.00        1.0          0
 9.5          0       9.40       0.60      3.000       18.0       72.0    1.00000       3.31       0.53        9.7         11
 0.4          1       2.10      19.00      1.000        3.1        0.6   10.80000       3.00      10.60        1.0          2
 0.1         26       3.00       0.60     10.100        3.0        7.0    0.60000       0.00       2.10        0.1         23
 3.0          9       0.00       7.50      0.380        0.5        2.6    0.10000      22.00      84.00        1.0          9
 9.0          1       0.04       1.60      0.100        4.0       14.0    1.00000       3.30       9.00        1.0          0
 6.0          0      11.00      54.00      1.000        3.4        0.5    0.00000       7.00       0.78        0.1         10
19.0          1       3.40       0.47     10.000        7.0        0.5    0.19000       3.00       0.10       37.0          3
 0.5         11       0.00       0.00      0.100        2.5        0.1   11.00000      35.00       3.00        0.6          0
 9.7          0       1.60       0.10     13.000       33.0        1.0    3.30000      10.00       1.00       10.6          2
 0.1         21      84.00       1.00      3.060        0.6       10.1    8.00000       0.60       0.30        0.0        112
 1.0          3       0.61       9.50      0.000        8.7        0.0    3.20000      13.00      33.00        1.0          0
 9.4          0       8.00       0.43      0.400        0.0       48.0    1.00000       3.34       0.46        9.4          9
 0.7          0       2.60       0.10      0.000        3.3        0.5    9.80000       1.00       7.20        0.5          2
 0.1         13      34.00       0.00      9.200        1.0        7.6    0.46000       0.10       2.60        0.1         49
 1.0          0       2.00       8.40      0.560        0.0        2.0    0.10000      10.00      22.00        1.0          9
 1.0          0       0.00       3.90      0.100       17.0       45.0    1.00000       3.50       0.50        0.0          0
 2.0          0      35.00     106.00      1.000        3.1        0.5    9.20000       7.00       0.40        0.1         15
48.0          1       3.21       0.59     10.000        2.0        0.0    0.30000       2.20       0.05       36.0          2
 1.6         10       3.00       7.50      0.000        3.1        0.1    5.00000      12.00       1.00        0.0          0
 9.0          1       3.00       0.10      5.000       13.0        1.0    3.29000       0.60       1.00        8.1          0
 0.0         18      49.00       1.00      3.430        0.7       11.1    0.00000       0.00       0.00        1.8         11
 1.0          4       0.70       9.50      0.000        6.4        0.9    3.00000       0.10      58.00        1.0          0
12.7          0       9.50       0.60      0.660        2.3       12.0    0.00000       3.20       0.67        9.6          8
 0.9          0       3.45       0.09      4.000        3.0        0.5   11.50000       0.00       7.30        0.8          2
 0.1         10      19.00       1.00      9.000        0.0        7.0    0.45000       0.34       2.70        0.1         72
 1.0          4       9.00       7.00      0.600        0.2        2.0    0.10000       9.00      39.00        1.0          0
 0.0          8       0.00       2.10      0.112       11.0       22.0    0.99600       3.30       0.50        9.5          0
 0.0          0      19.00      58.00      1.000        3.5        0.7    9.30000       0.00       0.00        0.2          0
104.0          1       3.10       0.56      9.200        3.0        9.0    0.00000       2.40       0.09       19.0          3
 0.6          9       0.00       8.30      0.800        4.0        0.1   12.00000      16.00       1.00        3.5          0
 9.2          1       0.20       0.00     28.000      139.0        1.0    3.21000       0.57       9.50        6.0          0
 1.9          9      18.00       1.00      3.500        0.7        9.2    0.00000      11.60       0.00        2.8        101
 1.0          3       0.50      10.00      2.000       11.1        0.4    0.50000       0.00      21.00        1.0          0
 9.5          2       7.30       0.50      0.200        2.1        0.1   28.00000       3.00       0.70        9.5          8
 0.3          0       2.50       0.08     12.000       57.0        0.0    9.00000       1.00       8.60        0.3          2
 0.1         16      68.00       1.00      3.300        1.0        7.2    0.50000       0.18       2.10        0.1         31
 1.0          4       0.70       0.00      0.000        0.1        2.9    0.09000      17.00      40.00        1.0          0
 9.5          7       0.50       2.00      0.100       24.0       66.0    1.00000       3.39       0.60        9.4          0
 0.7          2      14.00      32.00      1.000        3.1        1.1    9.10000       3.00       7.80        0.0          0
22.0          0       3.50       0.40     10.700        0.0        6.3    1.00000       2.00       0.10       15.0          1
 0.0         11       0.00       8.10      0.870        0.0        0.0   10.00000      31.00       1.00        3.3          1
 8.8          0       0.21       2.50     33.000       88.0        1.0    3.19000       0.52       9.20        2.0          0
 2.8          0     104.00       1.00      3.200        0.6        9.7    1.00000       9.30       0.70        2.0          5
 0.0          3       0.42       9.60      1.000        8.8        0.7    0.00000       1.70       8.00       19.0          0
10.0          1       9.10       0.70      0.100        2.8        0.1   11.00000       1.00       0.00        9.5          9
 0.7          0       3.00       0.10     12.000       48.0        1.0    9.00000       1.00       8.80        0.6          2
 0.1         12      74.00       1.00      3.140        0.5        7.0    0.60000       0.32       2.70        0.1         98
 1.0          3       0.62       9.50      7.000        0.0        2.3    0.08000      24.00      94.00        1.0          0
 9.7          0       0.00       0.00      0.000        7.0       32.0    1.00000       3.40       0.54        9.6          9
 0.0          2       0.10     143.00      1.000        3.3        0.6    9.40000       1.00       9.50        0.6          0
23.0        144       3.00       0.60      9.400        1.0        7.9    0.40000       0.30       0.00        1.0          1
 3.3          9       1.00       7.90      0.400        0.3        1.8    2.00000      45.00       1.00        3.3          9
 7.0          1       0.00       3.00      0.100       16.0        1.0    3.40000       0.46      10.00        0.0          0
 2.4          0       5.50       0.00      3.400        0.6       10.3    0.00000       6.90       0.60        0.2          6
18.0          3       0.60      10.30      0.000        8.3        0.4    0.30000       3.40       0.10       34.0          0
10.5          0       7.10       0.50      0.000        2.6        0.1   21.00000      92.00       3.00        9.0          7
 0.6          0       2.00       0.20     12.000       45.0        1.0    3.30000       1.00       6.50        0.5          2
 0.1          9      37.00       1.00      3.660        0.7        9.8    0.00000       0.10       2.40        0.1         96
 1.0          3       0.53      10.00      0.000        0.0        2.0    0.10000      20.00      85.00        1.0          0
 9.8          0       9.90       0.00      2.300       11.0       61.0    0.99800       3.20       0.50        9.5         10
 0.6          2       0.10      19.00      1.000        3.2        0.6   10.10000       2.00       8.60        0.6          0
21.0        119       1.00       0.00      9.300        3.0        7.4    0.37000       0.43       2.60       18.0          1
 3.3          1       0.00       8.80      0.640        0.2        2.9    0.10000     130.00       1.00        3.2          9
 1.0          0       0.00       2.50      0.080       17.0        0.0    3.50000       0.60       9.70        0.0          0
 2.0          0       7.00      13.00      3.000        0.6       10.8    0.00000      10.10       0.27        0.5          7
26.0          1       0.00      12.50      2.000       10.8        0.9    0.30000       2.60       0.10        7.0          3
10.0          3       8.70       0.46      0.300        2.5        0.1   24.00000      64.00       1.00        0.0          9
 0.4          0       1.60       0.00     21.000       42.0        1.0    3.24000       0.80       9.00        0.5          3
 0.1          5      14.00       1.00      3.290        0.5       10.7    1.00000       0.00       4.00        0.1        108
 1.0          3       0.50       9.40      1.000        8.6        0.0    0.00000       8.00      17.00        1.0          0
10.0          1       5.10       0.60      1.000        0.0       86.0    1.00000       3.56       0.90       12.9          7
 0.6          0       0.00      14.00     46.000        3.0        0.7    9.60000       1.00       8.40        0.5          2
 4.0         18       1.00       3.30      9.000        1.0        8.2    0.28000       0.40       2.40        0.1          1
 3.3          1      12.80       8.00      0.300        0.4        2.0    0.04000       4.00       0.00        3.3         12
 1.0          7       0.00       1.90      0.170        4.0       12.0    3.00000       0.90       9.20        1.0          0
 0.3          0       4.00      15.00      1.000        0.0       10.3    1.00000       7.30       0.49        0.1          0
14.0          1       3.30      10.00      1.000       12.9        0.5    0.60000       2.80       0.10        7.0          3
 0.7          3      10.80       0.45      0.330        2.5        0.1   20.00000      38.00       1.00        3.2          6
 0.4          0       2.10       0.10      4.000        7.0        1.0    3.44000       0.58      11.40        0.0          2
 0.1         19      41.00       1.00      3.200        0.8       11.3    2.00000       9.80       3.00        0.1         30
 1.0          3       0.60      10.50      1.000       10.8        0.3    1.00000      19.00      27.00        1.0          0
11.9          1       7.10       0.71      0.000        0.0       21.0    1.00000       3.30       0.45        9.4          9
 0.7          0       3.20       9.00     59.000        1.0        0.0    9.60000       1.00       7.00        0.7          1
 0.1         22       1.00       3.34      0.600        0.0        4.9    0.40000       0.00       2.10        0.1          0
 3.7          1      14.00       0.00      0.000        0.1        2.0    0.08000      15.00      36.00        3.0          9
 0.0          7       0.50       2.00      0.100        6.0       16.0    1.00000       0.00      10.30        1.0          0
 0.1          3      15.00      37.00      1.000        3.4       10.0    0.00000       7.50       0.30        0.3          0
 4.0          1       3.40       0.60      0.000        7.8        0.6    0.10000       2.30       0.07       34.0          1
 0.0         13       5.00       0.60      0.080        2.1        0.1   16.00000      24.00       1.00        3.6          0
 0.0          0       2.50       0.06      5.000        9.0        1.0    3.40000       0.55      10.90        0.0          1
 0.1         34      48.00       1.00      3.400        0.9        9.9    0.00000      11.60       0.50        0.0         51
 1.0          3       0.90       9.90      0.000        8.8        0.7    0.30000       0.00      23.00        1.0          0
 9.4          1       7.60       0.70      0.100        1.5       27.0   55.00000       3.00       0.50        9.3          6
 0.3          0       2.40       0.00    100.000        1.0        3.3   11.00000       1.00      10.10        0.3          1
 0.1          9       0.00       3.20      0.830       11.2        6.0    0.50000       0.00       2.20        0.1         26
 3.0          1      10.00       0.00     11.100        0.0        2.6    0.08500       9.00      34.00        1.0         12
 1.0          7       0.66       0.00      0.000       21.0       31.0    1.00000       3.50      10.00        0.0          0
 0.5          3       0.10      68.00      1.000        3.2        0.7    1.00000       7.10       0.70        0.3          0
 9.0         92       3.00       0.60      9.400        9.0        0.3    0.46000       1.70       0.10       26.0          1
 3.2         10       2.00       0.00      0.200        1.8        0.1   14.00000      31.00       1.00        3.6          9
 7.0          0       1.80       0.08     12.000       39.0        1.0    3.50000       0.70       9.90        0.0          1
 0.1         12      32.00       1.00      3.580        0.7        9.8    0.00000       9.30       0.43        0.4         22
 1.0          3       0.55       9.50      1.000        8.0        0.4    0.32000       2.50      26.00        0.0          1
 9.7          1       9.30       0.40      0.400        1.5        0.1   55.00000       1.00       0.00       10.9          7
 0.7          0       2.50       0.10     10.000        0.0        3.5    0.70000       0.00       8.20        0.3          2
 0.1         16      47.00       3.00      0.800       11.3        0.0    0.00000       0.50       1.70        0.1         32
 1.0          0      10.60       2.00      6.800        0.6        1.0    0.10000      15.00      24.00        1.0         11
 0.0          7       0.62       0.06      2.700       15.0       85.0    1.00000       3.51       0.50        0.0          1
 0.7          2       0.04      15.00      0.000        3.7        0.6   11.50000       7.00       0.40        0.3          0
 7.0         25       1.00       0.00     10.400        1.0        0.0    0.10000       2.50       0.10       17.0          1
 3.5          1       0.00       7.20      0.000        2.6        0.1   16.00000      86.00       1.00        3.5          9
 0.0          0       2.00       0.10     13.000       24.0        1.0    3.40000       0.80      11.30        0.0          0
 0.0         13      22.00       0.99      3.400        0.8       11.2    0.00000       7.60       0.63        0.0         43
 1.0          3       0.64      10.90      0.000        7.7        0.7    0.01000       2.10       0.10       43.0          0
11.8          0       6.90       0.60      0.000        1.5        0.1   36.00000       0.00       3.50       10.0          7
 0.3          0       2.00       0.10     28.000       48.0        3.0    0.50000      10.00       9.00        0.2          1
 0.1          6      10.00       1.00      0.000       11.1        1.0   10.40000       0.00       2.10        0.1         10
 1.0          3      11.00       2.00      8.800        0.3        0.4    0.00000       7.00      16.00        1.0          0
 1.0          7       0.47       0.00      2.200        0.1       14.0    1.00000       3.40       0.58       10.9          0
 0.2          4       0.09      30.00     69.000        3.0        0.5   10.00000       1.00       0.00        0.0          0
18.0         88       1.00       3.50      9.000        0.0        9.2    0.00000       1.60       0.08       10.0          0
 3.1          1       9.90       7.00      0.700        2.0        0.1   30.00000      35.00       1.00        3.5         11
 0.0          8       0.00       0.00     14.000       26.0        1.0    3.22000       0.80      12.00        1.0          0
 0.1          9      30.00       1.00      3.340        0.6       10.5    0.00000       9.00       0.80        0.1          0
 1.0          3       0.65      10.40      0.000       10.7        0.5    0.40000       2.60       0.07       29.0          0
12.1          2       6.80       0.60      0.000        2.5        0.1   32.00000      64.00       3.00        0.6         10
 0.9          0       6.60       0.11     23.000       99.0        1.0    0.00000       9.30       1.00        0.0          2
 0.1         30      52.00       1.00      3.400       10.0        0.0    7.20000       0.70       2.00        0.1         86
 1.0          4       0.60       0.00     10.100        0.5        0.2    1.90000      10.00      18.00        1.0          0
 9.3          7       0.60       0.03      2.200        0.1       17.0    1.00000       3.50       0.58        9.8          0
 0.0          2       0.08      27.00     43.000        1.0        0.0   10.70000       0.00       8.30        0.0          0
17.0         43       0.99       3.30      0.800        1.0        8.3    1.00000       3.00       0.10        6.0          1
 3.5          1      11.00       0.00      0.000        0.4        0.0   10.00000      39.00       1.00        3.4         11
 0.0          7       0.60       2.00     16.000       33.0        1.0    3.58000       0.69      10.80        0.0          0
 0.1          6      18.00       1.00      3.410        0.6       10.8    0.00000       9.20       0.60        0.2          0
15.0          3       0.60       9.50      1.000        7.2        0.5    0.30000       2.60       0.08       12.0          3
11.0          0       6.10       0.56      0.000        2.2        0.1    6.00000       9.00       1.00        0.0          7
 0.5          0       2.40       0.10     34.000       61.0        1.0    3.40000      10.00       0.00        7.3          1
 0.1          7      11.00       0.99      3.300        0.5        1.0    9.30000       0.38       0.50        0.0         11
 1.0          3       0.57      13.20      9.000        0.3        0.5    9.00000       0.10       9.00        1.0          0
10.9          2       0.00       0.40      2.900        0.1        4.0    8.00000       3.00       0.60       12.2          9
 0.0          5       0.10       3.00     10.000        1.0        3.3   12.00000       1.00       8.60        0.3          0
 3.0          6       1.00       3.27      0.700       11.9        5.0    0.70000       0.20       0.00        7.0          1
 3.6          1      11.00       0.00      6.800        0.0        8.8   26.00000      45.00       1.00        3.4         10
 0.0          8       0.36       0.30      0.000       79.0        1.0    3.30000       0.72      11.00        1.0          0
 0.1          2       0.10       0.00      3.400        0.9       11.8    0.00000       9.60       0.40        0.4          0
10.0         23       0.00      10.50      1.000        8.6        0.5    0.30000       2.30       0.10       14.0          1
 0.0          2       8.60       0.22      0.360        1.9        0.1   53.00000      77.00       1.00        3.5          0
 0.0          0       2.30       0.10     52.000       73.0        1.0    3.50000       0.90       0.00        8.4          2
 0.1         11      75.00       1.00      3.200        0.6        9.2    8.00000       0.30       0.38        3.3         19
 1.0          3       0.73      12.00      1.000        0.0        0.0    1.90000       0.08       8.00        1.0          0
10.5          0       7.40       0.00      2.000        0.1       13.0   38.00000       1.00       0.00        9.8          7
 0.4          1       0.10      29.00     66.000        1.0        3.5    0.60000       0.00       8.80        0.3          0
19.0         72       1.00       3.39      0.720       11.8        0.0    0.00000       0.50       1.40        6.0          0
 3.1          1      10.40       3.00      7.200        0.4        2.0    0.10000      42.00       1.00        3.3         12
 0.0          6       0.50       0.17      1.600        7.0        0.0    3.60000       0.54      11.40        0.0          0
 0.5          2       0.07      13.00      3.000        0.8       12.4    0.00000       9.90       0.27        0.5          0
 9.0         17       1.00      12.00      2.000       10.1        0.4    0.40000       2.60       0.10       13.0          1
 3.2         10       9.00       0.50      0.340        2.3        0.1   10.00000      45.00       1.00        3.2          1
 8.3          0       3.80       0.09     11.000       24.0        1.0    3.30000       0.60      12.10       10.0          0
 0.0          7      20.00       1.00      3.140        0.8       11.1    2.00000       0.00       0.60        4.1         24
 1.0          3       0.99      12.00      1.000        8.3        0.0    2.10000       0.09       6.00       12.0          0
12.4          1       8.90       0.10      1.000        0.1       10.0   21.00000       1.00       3.40       11.0          8
 0.3          0       0.00       6.00     10.000        1.0        3.3    0.68000      11.20      10.00        0.3          2
 5.0          9       1.00       3.20      0.690       12.1        2.0    7.60000       0.00       2.70        0.1          1
 3.4          1      12.20       0.00      8.500        0.2        0.5    0.00000       9.00       0.00        3.4         10
 0.0          9       0.40       0.50      2.100        0.1       10.0    3.00000       0.60      11.30        1.0          0
 0.5          2       0.09      12.00     51.000        0.0       11.1    1.00000       6.40       0.57        0.1          0
25.0         36       1.00       3.50      0.000        8.0        0.6    0.05000       2.00       0.10       12.0          1
 3.4          1       0.00       0.00      0.300        1.9        0.1   18.00000      38.00       1.00        3.2         11
 7.0          1       1.00       0.10      7.000       18.0        1.0    3.27000       0.60       9.30        1.0          0
 2.1          6      16.00       1.00      3.400        0.7        9.5    0.00000       8.80       0.00        2.0         20
 0.0          3       0.70      11.20      2.000        8.3        0.3    2.00000       0.10      24.00       48.0          0
11.0          0       9.00       0.38      0.400        0.0        6.0   10.00000       1.00       3.13        0.6          8
 0.7          0       2.10      23.00    113.000        1.0        3.1    0.48000       9.20       2.00        0.0          2
 0.1         46       1.00       3.20      0.600       12.2        2.0    6.70000       0.60       2.00        0.1          0
 3.5          1      10.20       0.00     10.400        0.3        0.5    1.90000       6.00      10.00        3.0         10
 0.0         10       0.40       0.50      2.400        0.1        6.0    1.00000       0.00      11.60        1.0          0
 0.4          2       0.10       6.00     12.000        1.0       10.0    0.00000       8.80       0.33        0.4          0
 7.0         13       1.00       3.30      0.600        7.0        0.4    0.30000       2.10       0.08       35.0          1
 3.4          1       9.40       8.00      0.000        2.6        0.1   31.00000     119.00       1.00        3.1          9
 2.0          0       0.30       0.00      9.000       29.0        1.0    3.30000       0.49      11.30        1.0          0
 1.4          0       6.00       1.00      3.100        0.6       10.4    2.00000       9.10       0.50        1.0          8
17.0          3       0.70      10.50      1.000        9.5        0.9    0.30000       0.00      13.00       28.0          3
10.0          1       7.30       0.52      0.320        2.1       51.0   70.00000       0.99       3.34        0.8          7
 0.6          0       2.00       0.10     11.000        1.0        3.5    0.58000      11.30       0.00        9.8          1
 0.1          3       0.00       3.20      0.600       11.4        2.0    7.10000       0.40       0.30        0.0         70
 3.0          1       9.40       0.00      7.700        0.4        0.1    1.70000       0.10      27.00        1.0          9
 2.0         10       0.30       0.40      1.500        0.1       14.0   21.00000       3.00      10.00        2.0          0
 0.3          2       0.10      31.00     68.000        1.0        3.5    0.00000       6.50       0.40        0.1          0
30.0         47       1.00       3.36      0.480        9.4        0.0    0.50000       2.50       0.09       20.0          1
 3.1          0       9.40       2.00      0.000        2.0        0.1   19.00000      41.00       1.00        3.4         10
 0.0          6       0.00       2.20      3.000       11.0        1.0    3.70000       0.60      12.80        0.0          0
 1.0          0       4.00       1.00      3.100        0.5        9.1    2.00000       6.40       0.70        0.0          7
12.0          1       0.00      12.90      0.000        7.5        0.4    0.30000       2.20       6.00       12.0          3
 0.7          0       9.90       0.35      0.380        1.5        0.1   47.00000       1.00       3.26        0.8          1
 0.0          0       2.05       0.06     13.000        0.0        3.3    0.80000      11.70       1.00        6.8          1
 0.1          4       8.00       3.00      0.600       12.8        0.0    8.20000       0.43       0.30        1.6         45
 1.0          0      10.30       1.00      9.100        0.3        0.3    2.00000       0.10      12.00        1.0         11
 1.0          9       0.35       0.40      3.600        0.1       12.0   24.00000       1.00       0.00        1.0          0
 0.4          3       0.10      26.00     55.000        1.0        3.2    0.70000       8.00       0.30        0.5          0
 7.0         12       1.00       3.25      0.550       12.3        1.0    0.00000       2.00       0.09       12.0          1
 3.2          1      10.40       2.00      7.700        0.0        0.0   11.00000      32.00       1.00        3.2         10
 1.0          8       0.70       1.00      0.100       31.0        1.0    3.38000       0.60      10.00        0.0          0
 0.2          0       3.00       7.00      3.000        0.6       11.2    1.00000      10.50       0.39        0.5         14
27.0          1       3.10      11.00      3.000        8.9        0.4    0.40000       2.20       0.10       28.0          3
 0.8         13       8.00       0.20      0.370        0.9        0.1   36.00000       0.00       2.90        0.4          3
 7.0          0       1.80       0.08     10.000       23.0        3.0    0.60000      10.40       0.00       11.3          0
 0.0          3       8.00       1.00      0.000       11.9        2.0    7.00000       0.51       0.09        2.1          9
 1.0          3      10.00       0.00      8.200        0.3        0.4    2.30000       0.10       3.00        9.0          0
 1.0          8       0.58       0.01      1.800        0.1       12.0   18.00000       1.00       3.30       10.0          0
 0.0          3       0.10      17.00     43.000        1.0        3.3    0.60000      10.40       0.00        0.3          0
14.0         36       1.00       3.40      0.560       12.6        0.0    6.40000       2.00       0.10       28.0          0
 3.5          1      11.60       0.00      7.200        0.3        2.0   41.00000      68.00       1.00        3.4         10
 0.0          7       0.59       0.00      0.000        9.0        0.0    3.40000       0.55      11.50        0.0          0
 0.0          2       9.00      15.00      1.000        0.0       11.0    0.00000       8.10       0.82        0.0          0
14.0          1       3.36       0.50      0.000        7.5        0.6    0.08000       2.60       0.09       14.0          3
 0.6         10       1.00       0.00      0.200        2.5        0.1   15.00000      48.00       3.00        0.5          2
10.1          0       2.00       0.10      5.000       17.0        1.0    0.00000      10.60       2.00        7.6          0
 2.5         26      35.00       0.99      3.200       12.0        1.0    7.30000       0.90       0.10        1.8         20
 1.0          3       0.60       0.00      8.700        0.4        0.4    6.20000       0.08      25.00       42.0          0
12.6          8       0.50       0.21      2.200        0.1       21.0   39.00000       1.00       3.33        0.8          0
 0.0          2       0.09      16.00     32.000        1.0        3.6    0.67000      10.20       0.00        0.0          0
13.0         26       1.00       3.40      0.600        9.8        0.0    9.50000       0.40       0.00       18.0          1
 3.3          1      10.90       1.00      6.400        0.4        0.3    0.00000      53.00       1.00        3.4         12
 0.0          7       0.40       0.00      1.400       32.0       38.0    3.00000       0.60      11.40        1.0          0
 0.0          2       0.10      45.00      1.000        3.3       10.0    1.00000       7.10       0.40        0.2          0
27.0          0       3.50       0.64     10.400        9.0        0.5    0.40000       1.70       0.08        3.0          3
 0.8         11       1.00       9.30      0.000        1.8        0.1    6.00000      17.00       1.00        0.0          1
 8.5          0       0.60       0.00     16.000       45.0        1.0    3.00000       9.00       3.00        5.6          0
 2.4          0      25.00       1.00      3.560        0.6        0.0    8.30000       0.30       0.40        2.3          9
20.0          3       0.80      12.70      8.000        0.6        0.3    2.00000       0.10       5.00       77.0          3
 9.0          2       0.00       0.50      4.000        0.1        3.0   10.00000       1.00       3.20        0.6          7
 0.0          4       0.10      28.00     90.000        1.0        3.1    0.60000       9.10       2.00        9.9          0
30.0         52       1.00       3.19      0.800       11.6        2.0   11.60000       0.23       0.60        3.0          1
 3.1          1       9.90       2.00      9.100        0.4        0.5    1.80000       7.00       0.00        3.2         12
 2.0          8       0.40       0.40      1.900        0.1       15.0    1.00000       0.00      11.40        1.0          0
 0.7          2       0.10       6.00      0.000        3.2        0.6    1.00000       8.20       0.70        0.1          0
 5.0         10       3.00       0.60     11.800        1.0        0.0    0.20000       2.40       0.08        6.0          1
 0.0         10       1.00       6.60      0.500        2.0        0.1   13.00000      26.00       0.99        3.4          0
11.1          0       0.53       2.20      3.000       10.0        1.0    3.02000       0.80       3.00        8.0          0
 2.8          0      28.00       0.00      3.300        0.6       10.8    9.00000       0.30       0.50        1.5         19
37.0          1       0.00      11.10      2.000        0.0        0.2    8.10000       0.10      30.00       92.0          3
 0.6          2       7.20       0.00      1.800        0.1       33.0   75.00000       1.00       3.40        0.6          0
 0.0          2       0.10      16.00     37.000        1.0        3.3    0.60000      10.70       1.00        9.1          0
45.0         67       1.00       3.44      0.860       10.2        0.0    9.90000       0.32       0.56        2.0          1
 3.1          1      11.40       2.00      8.600        0.4        0.7    6.40000       0.10       8.00        3.0         11
 1.0          8       0.30       0.70      8.300        0.1       37.5    0.00000       3.00      12.00        3.0          0
 0.6          1       0.10       3.00      8.000        3.0        0.5   11.80000       7.00       0.30        0.7          0
37.5        289       1.00       0.00     12.300        3.0        7.2    0.00000       1.80       0.10       31.0          1
 3.4          9       0.00       8.70      0.420        0.5        0.0   32.00000      59.00       1.00        3.3          0
 6.8          0       0.08       1.80      0.100       64.0        1.0    3.12000       0.49       9.60        8.0          0
 4.7          0       3.00       9.00      3.000        0.7       11.6    0.00000       0.00       0.40        1.6         18
30.0          1       3.30      11.00      1.000       11.6        0.0    1.50000       0.10      22.00       41.0          3
 0.8         10      10.00       0.30      1.000        0.1       42.0   74.00000       1.00       3.00        0.6          3
 7.9          0       0.00       8.00     19.000        1.0        3.4    0.60000      11.40       0.00        7.0          0
10.0         16       1.00       3.43      0.590       11.5        0.0    9.20000       0.31       0.36        2.2          1
 3.3          1      12.00       0.00      6.600        0.7        0.1    5.50000       0.12       9.00        0.0         10
 0.0          9       0.40       0.50      2.500        0.1        6.0   20.00000       3.00       0.50        2.0          0
 0.4          2       0.10       5.00     18.000        1.0        0.0    9.40000       2.00       0.00        0.5          0
 5.0         16       1.00       3.10     12.000        2.0        8.4    0.30000       2.00       0.10       23.0          0
 3.1          1       3.00       7.40      0.490        0.3        2.1   14.00000      25.00       0.99        3.4         12
 6.0          1       0.09       1.70      0.080       18.0        1.0    3.50000       0.54      11.20        0.0          0
 2.2          0      16.00      25.00      1.000        0.0       12.4    1.00000       6.30       0.00        2.1         13
49.0          1       3.40       0.60      0.000        8.2        0.2    1.00000       0.10       9.00       17.0          3
 0.5         12       2.00       0.00      0.400        0.0       10.0   24.00000       1.00       3.30        0.8          1
 8.1          1       3.00       4.00     13.000        1.0        3.4    0.49000       9.50       0.00       10.8          0
 2.1         66       1.00       3.17      0.760       10.8        2.0    8.30000       0.50       0.00        1.4          6
 3.0          1      10.00       1.00      5.400        0.4        0.3    2.00000       0.09      23.00       55.0         12
 0.0          8       0.33       0.40      1.500        0.1        6.0   35.00000       1.00       0.00       11.0          0
 0.4          2       0.10       3.00     10.000        1.0        3.1    9.00000       2.00       5.00        0.0          0
29.0         80       0.99       3.50      0.700        0.0        7.0    0.69000       0.10       0.00       15.0          1
 3.4          1      11.30       7.00      0.400        0.1        2.1    0.10000      24.00       1.00        3.3         13
 1.0          0       0.00       2.50      0.070        7.0       15.0    3.00000       0.60      12.90        0.0          0
 2.5          0       8.00      17.00      0.990        3.2       13.0    2.00000       6.60       0.50        1.0         21
28.0          1       3.44       0.60     12.300        6.0        0.5    0.00000       0.00      27.00       33.0          3
 0.5         12       0.00      10.70      0.000        1.9       17.0   29.00000       1.00       3.12        0.7          2
 6.5          1       0.00       0.00     13.000        1.0        3.6    0.62000      11.50       0.00        8.8          0
 1.7          0       0.00       3.10      0.590       11.3        2.0    5.80000       0.30       0.30        1.7          3
11.0          0      13.50       0.00      6.300        0.8        0.0    2.90000       0.10      26.00       52.0          0
 0.0         10       0.43       0.33      2.700        0.1       28.0   89.00000       1.00       3.20       10.0          0
 0.3          3       0.10      24.00     70.000        1.0        3.2    0.70000       2.00       9.10        0.6          0
 5.0         10       1.00       3.18      0.600       10.4        5.0    0.20000       0.21       1.70       57.0          1
 3.3          0       9.50       1.00      0.000        0.3        1.8    0.07000      18.00       1.00        3.4         13
 0.0          7       0.00       5.50      0.089       10.0       18.0    1.00000       0.00      11.20        0.0          0
 1.0          0       6.00      15.00      1.000        3.3        0.7    1.00000       8.00       0.25        0.4         22
50.0          1       3.38       0.60     11.900        0.0        0.0    0.50000       2.00       6.00       13.0          3
 0.8         11       1.00       7.50      0.400        3.0        0.1   94.00000       1.00       3.14        0.6          2
 8.2          1       0.24       2.00     16.000        0.0        3.3    0.64000       9.50       0.00        7.3          0
 1.7          0      33.00       3.00      0.700        9.5        0.0    8.20000       0.38       0.30        2.5         24
71.0          1      11.00       1.00      6.900        0.5        0.1    2.40000       0.00       6.00       12.0          3
11.0          7       0.20       0.30      1.800        0.1       16.0   20.00000       1.00       3.61        0.8          7
 0.0          2       0.07      35.00     70.000        1.0        3.4    0.60000      10.10       8.00        0.2          0
31.0         51       1.00       3.53      0.810       10.4        0.0    0.00000       0.10       1.80        0.2          1
 3.3          1       9.80       1.00     10.000        0.0        6.2    0.07000       6.00      14.00        3.0         11
 2.0          8       0.40       2.00      0.100        9.0       21.0    1.00000       3.40      11.00        0.0          0
 0.5          0       6.00      11.00      1.000        3.2        0.5   12.00000       8.00       0.30        0.3          4
12.0          1       3.30       0.76     12.800        1.0        6.1    0.00000       2.50       0.00       70.0          3
 0.7         13       0.00       8.30      0.600        0.3        0.0    9.00000       0.00       3.10        0.5          2
 9.6          0       0.30       2.10      0.100       38.0        3.0    0.70000      11.10       1.00        6.6          0
 2.2          0      50.00      63.00      0.000       11.4        0.0    8.50000       0.18       0.51        1.8         45
88.0          1       3.30       0.00      5.100        0.5        0.2    2.10000       0.00      16.00      101.0          3
 0.9          0       0.00       0.40      2.800        0.1       22.0   54.00000       1.00       3.40        1.2         10
 0.4          2       0.10      11.00     37.000        1.0        3.2    0.70000      10.80       2.00        0.0          2
 6.0         20       1.00       3.10      0.720       11.1        2.0    8.80000       0.00       1.40        0.1          0
 3.2          1      10.20       2.00      8.500        0.3        2.0    0.10000      12.00      19.00        1.0         11
 2.0          9       0.79       0.20      0.000       10.0       21.0    1.00000       3.29       0.70        1.0          0
 0.5          2      15.00      38.00      1.000        3.0        1.1    9.40000       3.00       0.00        0.3          0
60.0          1       2.90       1.00     10.200        3.0        8.2    0.30000       2.00       0.10       29.0          3
 0.9         12       1.00       6.50      0.300        0.3        2.8    8.00000      44.00       3.00        0.6          2
 7.6          1       0.30       2.30      0.090        5.0        1.0    0.00000      11.50       1.00        9.2          0
 1.6          0       5.00      12.00      1.000       10.0        2.0    7.10000       0.59       0.00        2.2         26
44.0          1       3.42       0.70      9.000        0.4        0.5    2.10000       0.07       5.00       16.0          3
 0.7         12       7.00       0.00      1.700        0.1       26.0   65.00000       1.00       3.50        0.6          0
 0.0          0       0.00      48.00     59.000        1.0        3.6    0.70000      11.50       0.00        6.5          5
 0.1         47       1.00       3.60      0.500       11.2        0.0    7.10000       0.70       2.00        0.1         11
 3.0          1      12.70       0.00      5.600        0.9        0.0    0.00000      17.00      78.00        1.0         11
 0.0          8       0.35       0.33      2.400       11.0       47.0    0.99600       3.27       0.81       11.0          0
 0.4          2       0.10      11.00      1.000        3.2        0.5   11.40000       2.00      10.20        0.0          0
41.0          0       3.40       0.90     10.500        0.0        6.8    0.70000       0.10       0.00       16.0          3
 0.6          9       1.00       6.70      0.640        0.2        2.1    0.10000     119.00       1.00        0.0          0
 7.0          0       0.30       2.00      0.100        6.0       39.0    3.00000      11.00       0.00        6.6          0
 7.8          0       6.00      12.00      1.000        3.5        0.0    8.80000       0.95       0.05        1.8          5
19.0          1       3.30       0.44      9.600        0.0        0.6    4.60000       0.08       6.00       20.0          3
 0.6         13       1.00       0.00      2.000        0.2        6.0   12.00000       1.00       3.60        0.5          0
 7.2          0       2.50      11.00     41.000        1.0        3.5    0.80000      12.40       0.00        6.4          2
 0.2          6       1.00       3.60      0.500       10.8        0.0    7.00000       0.80       0.10        0.0         64
 1.0          0       9.50       1.00      6.200        0.4        0.2    1.80000      21.00      56.00        1.0          0
 0.0          8       0.58       0.23      2.300        0.1       94.0    1.00000       3.21       0.58        9.5          0
 0.2          2       0.07       4.00      0.000        3.2        0.5    9.80000       2.00       7.70        0.3          0
19.0         77       3.00       0.80     10.900        2.0        7.9    0.34000       0.40       1.90        5.0          1
 0.0         11       1.00       8.60      0.400        0.4        1.8    0.10000       6.00       1.00        3.4          0
 9.9          1       0.20       5.80      0.100       33.0       76.0    1.00000       0.00       2.00        7.2          0
 2.1          0      24.00      44.00      1.000        3.4        0.8    9.00000       0.70       0.55        1.7         24
52.0          1       3.35       0.94     10.000        0.0        0.0    2.00000       0.07      14.00       24.0          3
 0.9         11       0.00       6.80      0.000        0.0        8.0   15.00000       1.00       3.40        0.6          0
 6.6          0       2.00       0.10     53.000        1.0        3.3    0.60000       9.30       1.00        9.6          0
 0.0          5      13.00       3.00      0.800       10.5        2.0   10.20000       0.33       0.50        1.9          9
 1.0          3      10.00       3.00      8.800        0.3        0.5    2.10000       0.10      29.00        1.0          0
11.3          7       0.60       0.31      2.000        0.1       10.0    0.00000       3.30       0.69        9.5          8
 0.0          2       0.06      43.00     74.000        3.0        0.8   12.00000       1.00       8.20        0.4          0
 8.0         24       1.00       0.00     10.600        1.0        9.0    0.39000       0.40       1.30        0.0          1
 3.2         10       2.00      10.90      0.300        0.5        1.8    0.10000      17.00      44.00        3.0          1
 8.1          1       0.22       2.20      0.100       33.0       89.0    1.00000       3.30       9.00       10.0          0
 2.2          0       9.00      23.00      1.000        3.2        0.8   12.00000       0.00       0.50        2.5          8
20.0          1       3.10       0.82     10.300        3.0        9.2    2.00000       0.10      18.00       77.0          3
 0.5          9       2.00       7.50      0.600        4.0       27.0   46.00000       1.00       3.02        0.5          3
 9.0          1       0.30       0.00      8.000        1.0        3.3    0.72000       9.60       1.00        5.1          0
 1.8         18      88.00       1.00      0.000       13.6        0.0    7.60000       0.43       0.29        2.1         66
 1.0          3       0.60       0.00      7.700        0.2        0.3    2.70000       0.07      15.00        0.0          0
11.8          0       0.00       0.00      2.600        0.1       48.0   90.00000       3.00       0.60       10.8         10
 0.2          2       0.10      14.00     36.000        1.0        0.0    9.30000       1.00       7.10        0.8          2
11.0         18       0.99       3.40     12.000        0.0        6.0    0.30000       0.32      12.90        0.1          1
 3.3          1       1.00       7.80      0.550        0.0        1.7    0.07000       7.00      17.00        1.0          9
 8.0          1       0.00       2.50      0.100       12.0       24.0    1.00000       3.38       0.50        0.0          0
 4.3          0      11.00      20.00      1.000        3.5        0.6   11.80000       0.00       0.00        1.7         36
60.0          1       3.10       0.40      9.300        3.0        9.8    0.40000       0.00      28.00       65.0          3
 0.6         10       2.00       9.00      0.400        0.4        0.0   40.00000       1.00       3.22        0.6          1
 8.3          1       0.22       2.40     10.000       86.0        3.0    0.60000       9.50       0.00        5.9          0
13.4          0     160.00       1.00      3.300       10.0        0.0    7.40000       0.60       0.19        1.8         15
 0.0          4       0.68      10.50      7.000        0.7        0.1    1.70000       0.09      15.00       48.0          0
10.0          2       6.90       0.00      2.200        0.1       22.0   36.00000       1.00       0.00       11.1          7
 0.6          0       0.00      24.00     37.000        1.0        3.4   10.00000       0.00       7.50        0.6          2
 0.1         60       1.00       3.28      0.600        1.0        7.1    0.70000       0.00       1.80        0.1         14
 3.0          1       9.80       7.00      0.700        0.0        1.4    0.10000       6.00      13.00        1.0          9
 0.0          0       0.10       1.90      0.080       20.0       35.0    1.00000       3.40       0.69       10.9          0
 2.4          0      26.00      46.00      1.000        3.5        0.5   11.00000       0.00       7.50        1.0         43
60.0          1       3.10       0.40      9.200        3.0        7.0    0.58000       0.30      12.00       69.0          3
 0.7         11       1.00       6.80      0.640        0.0        2.7   15.00000       0.00       3.40        0.6          0
 8.6          1       0.70       1.80      0.400       56.0        1.0    1.00000       9.30       3.00        6.3          0
 2.0          0      17.00       0.00      3.600        0.6        0.0    9.80000       0.50       0.40        2.5         34
66.0          3       0.60       9.80      2.000        0.0        0.0    2.20000       0.09      13.00       26.0          0
 9.6          0       8.50       0.40      1.000        0.1       26.0   51.00000       0.99       3.40       11.0          7
 0.6          0       2.30      16.00     36.000        1.0        3.4    0.60000       0.00      10.40        0.4          2
 0.1         13       0.00       3.10      0.870       11.4        6.0    0.40000       0.30       2.00        0.1         51
 1.0          0       9.50       0.00      0.000        0.0        1.8    0.00000      28.00      87.00        1.0          0
 0.0          5       0.00       1.60      0.050       26.0       60.0    1.00000       3.70       0.80       14.0          0
 1.0          0      24.00      64.00      0.990        3.4        0.6   11.70000       0.00       5.90        0.5         25
44.0          1       3.50       0.53     11.200        0.0        7.5    0.58000       0.20       2.00       44.0          3
 0.4          9       3.00       7.80      0.600        0.1        2.1    0.10000      36.00       3.00        0.5          1
 8.0          1       0.20       2.30      0.070       13.0        0.0    3.20000       9.00       1.00        8.5          0
 6.3          0       3.00      10.00      3.000        0.6       12.0    7.00000       0.70       0.00        1.9          3
10.0          1       0.00       9.70      0.000        9.8        0.0    1.70000       0.10       3.00        9.0          3
11.0          2       7.10       0.46      0.200        0.0       28.0   54.00000       1.00       3.37        0.6          7
 0.8          0       2.00       0.10     22.000        1.0        3.3    0.68000      10.90       8.00        0.6          2
 0.1         17      69.00       3.00      0.600       10.2        1.0    0.00000       0.20       2.30        0.1         36
 1.0          3      10.00       0.00     11.300        0.0        1.8    0.09000      20.00      47.00        1.0          0
10.5          7       0.20       2.00      0.100       17.0       31.0    1.00000       3.40       0.50       12.4          8
 0.0          0       3.00       7.00      0.990        3.2        0.4   13.00000       1.00       7.00        0.6         20
110.0          1       3.30       1.17     10.200        1.0        7.6    0.74000       0.00       1.90        0.1          3
 0.6         11       0.00       8.20      0.600        0.1        2.1    0.07000      25.00       0.00        0.0          1
 5.9          0       0.10       2.40      0.100       14.0       28.0    3.00000       0.70       0.00        7.5          0
 1.9          0       6.00      12.00      1.000        0.0        9.7    0.00000       0.00       0.00        4.3         51
77.5          1       3.20       9.00      2.000        7.2        0.5    2.00000       0.10      15.00       29.0          3
 0.6          0       5.70       0.60      0.000        1.4       11.0   18.00000       0.99       3.45        0.6          7
 1.6          0       2.10       0.14      5.000        1.0        3.5    0.40000      10.90       0.00        0.0          2
 0.1         15      28.00       1.00      0.000       12.5        0.0    6.70000       0.00       2.00        0.1         57
 1.0          4       0.70       0.00      9.100        0.4        2.0    0.10000       4.00      15.00        1.0          0
11.2          1       0.00       0.40      0.000       28.0       68.0    1.00000       3.40       0.70       11.2          7
 0.8          2      21.00      68.00      1.000        3.1        0.4    9.20000       2.00       7.50        0.6          1
88.0          1       3.30       0.53      9.800        1.0        9.7    0.70000       0.32       2.50        0.1          3
 0.6         10       1.00       6.80      0.700        0.1        3.9    0.07000      15.00      29.00        3.0          0
 7.0          1       0.10       1.40      0.100       27.0       63.0    1.00000       0.00       9.20        6.0          0
 3.0          0      12.00      27.00      1.000        3.3       12.0    0.00000       8.00       0.00        1.9         14
41.0          1       3.30       0.50      0.000        7.0        0.4    0.20000       0.00      20.00       65.0          3
 0.5         10       7.00       0.40      0.210        2.4        0.1   69.00000       1.00       3.40        0.5          0
 0.0          0       2.00       0.08     17.000       91.0        3.0    0.60000       9.80       1.00        5.4          1
 0.0         16      46.00       0.99      4.000       12.0        0.0    9.90000       0.40       2.00        0.1         41
 1.0          3       0.70      11.90      9.000        0.8        0.7    0.00000      18.00      64.00        1.0          1
 9.1          3       9.70       0.00      2.600       12.0       88.0    1.00000       3.26       0.70       10.1          5
 0.7          0       0.00      46.00      1.000        4.0        0.6   12.50000       0.00       9.10        0.3          1
 0.1          0       3.20       0.55     11.400        2.0        9.1    0.40000       0.40       1.80        0.1         55
 0.0         11       2.00       6.70      0.460        0.2        1.7    0.10000      18.00      34.00        1.0          0
 6.5          1       0.11       1.80      0.100       13.0       38.0    1.00000       3.30       9.00        0.0          0
 2.1          0      17.00      91.00      1.000        3.3        0.6    1.00000       7.80       0.90        3.0         31
67.0          1       3.26       0.50      9.200        8.0        0.4    0.10000       1.70       6.00       25.0          3
 0.4         10       3.00       0.00      0.200        2.2        0.1   12.00000       1.00       3.20        0.5          2
 7.2          0       2.00       0.17      4.000       11.0        1.0    0.00000      10.00       0.00        6.6          2
 0.1         19      40.00       0.99      3.380        0.7        0.0    6.00000       0.50       0.00        0.0         26
 1.0          3       0.45       9.50      0.000        0.0        0.0    1.70000      13.00      31.00        1.0          0
10.5          0       7.60       0.50      1.000        0.1       31.0    1.00000       3.37       0.51       10.4         11
 0.4          0       2.60       8.00      0.000        3.1        0.5   11.00000       3.00       8.20        0.4          2
 0.1         10       3.00       0.50     10.200        1.0        6.1    0.59000       0.00       2.10        0.1         13
 1.0         11       0.00       7.20      0.660        0.0        1.8    0.10000       7.00      12.00        1.0          9
 6.0          1       0.00       2.80      0.100       21.0       41.0    1.00000       3.41       0.50        0.0          0
 2.0          0      32.00      73.00      0.997        3.3        0.6   10.00000       7.00       0.60        0.0          8
46.0          1       3.32       0.51     11.800        1.0        0.0    0.00000       1.90       0.10       57.0          3
 0.5         10       0.00       7.20      0.000        2.3        0.1    7.00000      28.00       3.00        0.5          0
 6.1          0       1.00       0.10      5.000       32.0        1.0    3.40000      10.00       0.00        6.1          0
 0.0          4      28.00       0.99      3.360        0.4       10.1    7.00000       0.40       0.24        2.5         67
 1.0          4       0.59      11.10      0.000        7.4        0.0    5.40000       0.20      98.00        1.0          0
 9.5          1      11.60       0.50      0.400        0.0        6.0    0.00000       3.10       0.65       10.0          9
 0.5          0       2.30       0.10     38.000        3.0        0.6   10.90000       1.00       8.30        0.8          2
 0.1         13      54.00       0.00     10.100        0.0        8.0    0.83000       0.27       2.00        0.1         63
 1.0          3       1.00       7.20      0.600        0.0        1.9    0.10000      10.00      31.00        1.0          0
 0.0          0       0.10       2.20      0.120       10.0       42.0    1.00000       3.20       0.62        9.5          0
 1.0          0      10.00      45.00      1.000        3.2        0.5    9.80000       1.00       0.00        0.3          9
105.0          1       3.30       1.18     10.500        1.0        8.0    0.00000       2.10       0.08       16.0          3
 0.5         10       1.00       6.60      0.600        1.0        0.1    4.00000       8.00       1.00        0.0          0
 8.7          1       0.50       0.00     12.000       66.0        1.0    3.00000       1.20       3.00        7.5          0
 3.1          5      14.00       1.00      3.210        1.0       11.6    2.00000       0.00       0.30        3.8         89
 1.0          3       0.50       9.30      1.000        6.8        0.8    1.00000       0.30      16.00        0.0          0
 9.8          1       7.20       0.60      0.300        2.0       13.0  100.00000       3.00       0.50        9.9          8
 0.9          0       1.40       0.09      7.000        1.0        0.0   10.00000       3.00       5.20        0.5          2
 0.1         23      74.00       1.00     12.000        0.0        7.2    0.45000       0.15       2.00        0.1         28
 1.0          3       0.50       7.00      0.600        0.0        2.6    0.08000      11.00      35.00        1.0          0
10.8          6       0.00       1.80      0.070        4.0       25.0    1.00000       3.40       0.50        9.6          0
 0.2          0      25.00     105.00      1.000        3.3        0.5    9.90000       1.00       7.10        0.0          0
84.0          1       3.20       0.50      9.500        2.0        8.0    0.80000       3.00       0.10       34.0          3
 0.4          9       2.00       7.40      0.640        0.1        0.0    8.00000      23.00       1.00        3.3          1
 6.6          1       0.31       6.10      7.000       49.0        1.0    3.35000       0.68      10.30        6.0          0
 2.2          0     111.00       1.00      3.100        0.5        9.7    3.00000       6.00       0.00        2.3         15
 0.0          4       0.60      12.50      0.000        8.0        0.6    0.20000       0.00       5.00       33.0          0
11.0          0       7.10       0.62      0.100        1.3        0.1   12.00000       1.00       0.00        9.8          8
 0.5          0       2.00       0.10     19.000       59.0        3.0   10.00000       1.00       6.40        0.6          3
 0.1         27      73.00       1.00      3.300        1.0        8.6    0.68500       0.10       1.60        0.1         12
 1.0          3       0.65       9.60      0.000        0.1        1.6    0.09000       4.00      11.00        1.0          0
 9.6          1       0.00       2.00      0.100       17.0      104.0    1.00000       3.30       0.50        9.9          7
 0.0          2      13.00      28.00      0.997        3.5        0.6   10.20000       0.00       7.20        0.7          0
10.0          1       3.40       0.70     11.100        0.0        7.9    0.70000       0.20       0.00       33.0          1
 0.0         10       1.00       7.60      0.300        0.4        2.0    6.00000      24.00       1.00        3.4          0
 7.2          0       0.33       1.70      0.100       13.0        1.0    3.23000       1.10      10.00        1.0          0
 2.6          0      12.00       0.00      3.400        0.6       10.7    0.00000       7.70       0.30        2.0         18
34.0          3       0.90      11.30      1.000        8.2        0.2    0.30000       5.10       8.00       22.0          0
10.9          1       6.00       0.50      0.000        2.1        0.1   40.00000       1.00       3.50       10.0          8
 0.3          0       2.20       0.00     35.000       53.0        1.0    1.00000       1.00       6.60        1.0          1
 0.1          5      16.00       0.99      3.500        0.4        6.0    0.50000       0.40       2.40        0.1         19
 1.0          4       0.73      10.60      0.000        0.0        2.0    0.10000      12.00      89.00        1.0          0
10.1          3      10.00       0.00      0.000        3.0       15.0    1.00000       3.20       0.80        9.6          6
 0.6          1       0.10      18.00      1.000        3.6        0.8    9.40000       0.00       7.30        0.3          0
21.0         37       3.00       0.80     12.100        0.0        7.8    0.53000       0.00       1.60        3.0          1
 3.2          9       2.00       7.70      0.640        0.2        2.2    0.10000     133.00       1.00        3.3          9
 7.0          0       0.18       1.60      0.080       24.0        0.0    3.30000       0.58       9.40        0.0          0
 2.1          0      39.00      55.00      3.000        0.8       11.4    0.00000       6.40       0.53        0.1         14
31.0          1       0.00      11.00      0.000        8.3        0.3    0.37000       1.40       0.10       23.0          3
 9.0          1       7.70       0.20      0.400        1.8        0.0   23.00000      60.00       3.00        0.7          7
 0.4          0       2.50       0.10      6.000       23.0        1.0    3.30000      11.00       7.00        0.6          1
 0.1         27      55.00       1.00      3.310        0.6       11.0    0.00000       0.40       2.20        0.1         67
 1.0          3       0.93      11.30      0.000        7.4        1.0    0.10000      18.00      47.00        1.0          0
10.4          0       7.60       0.40      2.000       13.0       74.0    1.00000       3.26       0.50        9.9          5
 0.4          0       0.00       3.00      0.000        3.5        0.8   11.70000       0.00       6.10        0.4          1
11.0         25       1.00       0.00     10.100        0.0       10.2    0.54000       0.37      15.40        0.2          1
 3.2          1       2.00      10.00      0.400        0.4        1.6    0.17000      27.00       0.00        3.1          8
 2.0          0       0.30       4.80      0.070       15.0       39.0    3.00000       0.50      11.10        0.0          0
 1.0          0       3.00       8.00      1.000        0.0       10.3    0.00000       7.30       0.67        0.0         31
92.0          1       3.30      11.00      1.000        7.2        0.4    0.32000       2.00       0.10       15.0          3
 0.7          1       7.40       0.79      0.200        5.2        0.1   19.00000      98.00       1.00        0.0          6
 0.6          0       1.90       0.10     18.000       30.0        1.0    3.40000       0.80       0.00        0.0          1
 0.1          8      22.00       1.00      3.400        0.5       11.7    0.00000       0.00       2.20        0.1         92
 1.0          3       0.70      11.10      1.000        7.4        0.8    0.00000      19.00      98.00        1.0          0
 9.6          2       6.80       0.67      0.000        0.0       39.0    1.00000       3.40       0.74        9.7          6
 0.6          0       1.90      40.00     54.000        3.0        0.7    9.70000       0.00       7.20        0.4          2
 0.1         29       1.00       3.20     11.000        1.0        7.8    0.30000       0.44       2.70        0.1          0
 3.3          1      11.00       6.00      0.600        0.0        2.0    0.06000      37.00      53.00        3.0         11
 0.0          8       0.00       1.90      0.074       27.0       85.0    1.00000       0.00       9.00        0.0          0
 0.6          0       7.00      23.00      1.000        3.2       10.0    2.00000       6.50       0.90        0.0          0
17.0          1       3.50       0.60      0.000        6.0        0.5    0.10000       1.80       0.05       38.0          3
 0.5         11       8.00       0.30      0.400        1.7        0.1    8.00000      20.00       1.00        3.4          0
 0.0          0       1.70       0.05      7.000       15.0        1.0    3.30000       0.80      11.90        6.0          2
 0.1         34      64.00       1.00      3.400        0.7       10.4    0.00000       6.20       2.00        0.1         13
 1.0          4       0.60      10.00      0.000        6.8        0.6    0.00000      14.00      31.00        1.0          0
10.4          0       6.90       0.63      0.010        2.4       14.0    0.00000       3.30       0.53       10.8          6
 0.6          0       1.70       0.10     53.000        1.0        0.0    9.70000       0.00       7.30        0.5          2
 0.1         31       0.00       3.30      0.700        1.0        6.7    1.00000       0.10       2.30        0.1         32
 3.0          1      11.00       0.00      0.000        0.1        2.1    0.06000      20.00      49.00        1.0          9
 1.0         10       0.70       1.00      0.100        8.0       24.0    1.00000       2.90       9.00        3.0          0
 0.1          4       8.00      16.00      0.990        3.4        0.5    0.00000       7.60       0.30        0.6          0
23.0          0       3.40       0.79     11.100        6.0        0.6    0.10000       1.80       0.07       14.0          1
 0.0         11       0.00       0.00      0.500       13.8        0.2   48.00000      82.00       1.00        3.2          2
 5.3          0       2.20       0.05     16.000       89.0        1.0    3.50000       0.90      13.60        0.0          2
 0.0         16      89.00       0.99      3.500        0.9       13.6    0.00000       7.10       0.90        0.0         14
 1.0          3       0.52      10.20      0.000        8.2        0.3    0.60000       3.00      22.00        1.0          0
10.6          0       5.60       0.60      0.030        1.5        0.1   13.00000       3.00       0.60       10.1          7
 0.6          1       2.10       0.11      3.000        0.0        3.3   10.00000       0.00       8.10        0.3          1
 0.0          6      12.00       3.00      0.600       10.7        6.0    0.90000       0.10       2.00        0.1         11
 1.0          0      10.90       0.00      7.000        0.0        2.1    0.10000       8.00      25.00        1.0          9
 0.0          7       0.68       0.20      0.000        9.0       23.0    1.00000       3.38       0.60        0.0          0
 0.1          2       0.10      17.00      1.000        3.5        0.8   10.60000       5.00       0.50        0.0          0
 5.0         13       3.00       0.60     11.400        0.0        0.0    0.10000       2.10       0.10        4.0          1
 3.4         10       0.00       7.10      0.000        1.8        0.0    8.00000      18.00       0.99        3.4         12
 6.0          1       1.00       0.10      6.000       18.0        1.0    3.60000       0.50      11.90        0.0          0
 0.0         23     147.00       1.00      3.260        0.6        9.7    1.00000       6.40       0.31        0.1         28
 1.0          3       0.70      10.00      0.000        7.0        0.4    0.02000       1.90       0.10        1.0          0
10.6          0       6.90       0.70      0.000        2.3        0.1    7.00000       0.00       0.00       11.5          6
 0.9          0       2.30       0.10      7.000       13.0        3.0    0.60000       0.00       7.50        0.7          1
 0.1          8      15.00       1.00      0.000        9.6        1.0    0.00000       0.30       4.30        0.1         64
 1.0          3       9.00       2.00      7.300        0.6        2.0    0.10000      15.00      60.00        1.0          0
 1.0          6       0.44       0.39      2.500        6.0       14.0    0.99600       3.51       0.69       11.0          0
 0.6          2       0.11       5.00      1.000        3.4        0.6   11.40000       0.00       0.00        0.0          0
 6.0         12       1.00       0.00      9.900        0.0        6.8    0.00000       2.00       0.10        6.0          1
 3.5          1       0.00       7.10      0.300        2.0        0.1   17.00000      25.00       1.00        3.4         10
 0.0          0       0.40       0.00      7.000       20.0        1.0    3.30000       0.70      11.10        1.0          0
 2.0         26      48.00       1.00      3.470        0.8        9.7    0.00000       7.10       0.69        0.0         27
 1.0          3       0.67       9.80      0.000        6.4        0.8    0.04000       2.20       0.06       11.0          0
10.4          0       6.40       0.60      0.100        1.8        0.1   17.00000      65.00       3.00       10.0          6
 0.8          0       4.10       0.10     16.000       65.0        1.0    0.00000       9.20       6.00        0.8          4
 0.1         16      65.00       1.00      3.500        9.0        0.0    6.10000       0.00       2.30        0.1         58
 1.0          3       1.00       0.00      6.500        0.5        0.1    0.00000      29.00      44.00        1.0          0
10.3          7       0.50       0.46      2.200        0.1       20.0    1.00000       3.32       0.63       10.5          0
 0.1          3       0.11      14.00     27.000        3.0        0.6   10.20000       0.00       6.90        0.0          0
 9.0         23       1.00       3.40      9.000        0.0        6.8    0.50000       2.00       0.10       29.0          1
 3.3          1      10.40       6.00      0.400        0.2        0.0   22.00000      47.00       1.00        3.4         10
 0.0          7       0.00       2.10     18.000       34.0        1.0    3.33000       0.60       9.70        0.0          0
 0.1          0      38.00       1.00      3.300        0.7        9.6    1.00000       7.10       0.50        0.1          0
 0.0          3       0.66      10.80      1.000        7.9        0.3    0.50000       2.20       0.10       21.0          0
10.1          1       7.10       0.69      0.100        2.1        0.1   42.00000      52.00       1.00        0.0          6
 0.4          0       2.20       0.10      9.000       18.0        1.0    3.40000      11.00       0.00        0.0          2
 0.1         13      28.00       1.00      3.600        0.7        0.0    7.20000       0.50       2.00        0.1         22
 1.0          3       0.70       9.90      8.000        0.4        0.3    1.90000      32.00      84.00        1.0          0
 9.0          0       0.00       0.10      2.400        0.1       13.0    1.00000       3.40       0.62       11.7          7
 0.0          2       0.07      15.00     35.000        1.0        0.0    9.70000       0.00       6.10        0.5          0
24.0         45       1.00       3.60      0.700        0.0        5.4    0.58000       0.10       0.00       20.0          1
 3.5          1      10.20       0.00      0.000        0.1        2.5   15.00000      26.00       1.00        3.6         12
 0.0          7       0.40       1.00      0.100       60.0        1.0    3.46000       0.78       9.90        0.0          0
 0.1          4      11.00       0.00      3.600        0.6       11.6    0.00000       7.40       0.30        0.3          0
19.0          3       0.80      10.90      0.000        6.7        0.9    0.00000       1.90       0.06       29.0          1
10.0          1      11.10       0.44      0.420        2.2        0.1   14.00000      19.00       1.00        3.3          8
 0.4          0       2.30       0.10     12.000       19.0        1.0    3.17000       0.80       2.00        6.5          1
 0.1         16      28.00       1.00      3.400        0.6       10.1    7.00000       0.60       0.00        0.0         26
 1.0          3       0.61      10.20      0.000        0.0        0.1    1.60000       0.10      26.00        1.0          0
12.1          0      11.20       0.00      2.000        0.1       19.0   50.00000       3.00       0.60       10.4          7
 0.4          1       0.10      17.00     24.000        1.0        3.2   11.00000       1.00       7.10        0.7          0
17.0         26       1.00       3.45      0.530        9.5        7.0    0.70000       0.00       2.30       18.0          1
 3.4          1       9.40       0.00      6.300        0.0        3.7    0.10000      54.00       1.00        3.5         11
 0.0          7       0.70       0.00      0.000       18.0        0.0    3.40000       0.60       9.40        0.0          0
 0.0          2       0.10      23.00      3.000        0.6       11.0    0.00000       7.00       0.60        0.2          0
15.0         24       0.00      10.60      0.000        6.6        0.9    0.04000       2.20       0.10       12.0          1
 3.5          0       6.90       0.63      0.330        6.7        0.2   66.00000     115.00       1.00        3.2          1
 0.0          0       2.00       0.08     31.000      131.0        1.0    3.20000       0.52       9.90        7.0          2
 0.1         12      20.00       1.00      3.290        0.5       10.1    1.00000       0.00       0.00        1.9         42
 1.0          3       0.82      10.90      0.000        6.7        0.0    2.10000       0.06      24.00        0.0          0
11.2          0       7.00       0.60      1.000        0.1       25.0   42.00000       1.00       0.00        9.2          6
 0.5          0       0.00      15.00     34.000        1.0        3.5    0.60000       0.00       6.40        0.4          2
19.0         35       1.00       3.37      0.930       12.4        0.0    0.00000       0.10       2.20        0.0          1
 3.4          1      11.10       0.00      7.300        0.7        2.0    0.10000      35.00       0.00        3.3          9
 0.0          6       0.60       0.20      2.400       15.0       50.0    3.00000       0.70      12.50        0.0          0
 0.8         14       0.07      23.00      1.000        0.0       10.5    0.00000       7.50       0.52        0.4          0
12.0         20       1.00      11.00      1.000        8.0        0.3    0.63000       1.60       0.10       16.0          1
 3.3          1       6.00       0.70      0.150        5.1        0.1   13.00000      27.00       1.00        3.5         11
 6.0          0       1.80       0.12     13.000       20.0        1.0    3.40000       0.70      11.30        0.0          0
 0.0         24      32.00       1.00      3.500        0.6       11.3    0.00000       7.40       0.00        2.4         26
 1.0          3       0.60      11.90      0.000        6.1        0.7    2.00000       0.10      13.00       27.0          0
11.9          0       6.20       0.46      0.300        0.0       32.0   98.00000       1.00       3.30        9.0          6
 0.3          0       2.40      24.00     34.000        1.0        3.3    0.80000      11.60       7.00        0.4          2
 0.1         48       1.00       3.30      0.840       11.5        1.0    7.50000       0.00       2.40        0.1          0
 3.3          1      11.40       0.00      5.800        0.6        0.1    0.00000      18.00      28.00        3.0         10
 0.0          7       0.66       0.30      2.500        0.1      102.0    1.00000       0.00      12.80        1.0          0
 0.2          8       0.10      29.00     79.000        3.0        9.0    1.00000       6.30       0.55        0.1          0
26.0         35       0.99       3.30      1.000        5.4        0.7    0.09000       1.70       0.09       16.0          0
 3.7          1      11.60       0.00      0.100        2.3        0.1   29.00000      40.00       1.00        3.4         11
 0.0          0       1.00       0.10     28.000       38.0        1.0    3.40000       0.80       9.50        0.0          0
 2.0         32      44.00       1.00      3.500        0.6       10.5    0.00000       5.90       0.60        2.0         39
 1.0          4       0.80      11.20      0.000        5.9        0.7    0.10000       0.00      32.00       44.0          0
10.2          0       6.00       0.31      0.470        3.6       18.0   42.00000       1.00       3.39        0.7          0
 0.0          0       0.00       0.00      0.000        0.0        0.0    0.00000       0.00       0.00        0.0          0
 0.0          0       0.00       0.00      0.000        0.0        0.0    0.00000       0.00       0.00        0.0          0
 0.0          0       0.00       0.00      0.000        0.0        0.0    0.00000       0.00       0.00        0.0          0
 0.0          0       0.00       0.00      0.000        0.0        0.0    0.00000       0.00       0.00        0.0          0
 0.0          0       0.00       0.00      0.000        0.0        0.0    0.00000       0.00       0.00        0.0          0
 0.0          0       0.00       0.00      0.000        0.0        0.0    0.00000       0.00       0.00        0.0          0
 0.0          0       0.00       0.00      0.000        0.0        0.0    0.00000       0.00       0.00        0.0          0
 0.0          0       0.00       0.00      0.000        0.0        0.0    0.00000       0.00       0.00        0.0          0
 0.0          0       0.00       0.00      0.000        0.0        0.0    0.00000       0.00       0.00        0.0          0
 0.0          0       0.00       0.00      0.000        0.0        0.0    0.00000       0.00       0.00        0.0          0
 0.0          0       0.00       0.00      0.000        0.0        0.0    0.00000       0.00       0.00        0.0          0
 0.0          0       0.00       0.00      0.000        0.0        0.0    0.00000       0.00       0.00        0.0          0
 0.0          0       0.00       0.00      0.000        0.0        0.0    0.00000       0.00       0.00        0.0          0
 0.0          0       0.00       0.00      0.000        0.0        0.0    0.00000       0.00       0.00        0.0          0
 0.0          0       0.00       0.00      0.000        0.0        0.0    0.00000       0.00       0.00        0.0          0
 0.0          0       0.00       0.00      0.000        0.0        0.0    0.00000       0.00       0.00        0.0          0
 0.0          0       0.00       0.00      0.000        0.0        0.0    0.00000       0.00       0.00        0.0          0
 0.0          0       0.00       0.00      0.000        0.0        0.0    0.00000       0.00       0.00        0.0          0
 0.0          0       0.00       0.00      0.000        0.0        0.0    0.00000       0.00       0.00        0.0          0
 0.0          0       0.00       0.00      0.000        0.0        0.0    0.00000       0.00       0.00        0.0          0
 0.0          0       0.00       0.00      0.000        0.0        0.0    0.00000       0.00       0.00        0.0          0
 0.0          0       0.00       0.00      0.000        0.0        0.0    0.00000       0.00       0.00        0.0          0
 0.0          0       0.00       0.00      0.000        0.0        0.0    0.00000       0.00       0.00        0.0          0
 0.0          0       0.00       0.00      0.000        0.0        0.0    0.00000       0.00       0.00        0.0          0
 0.0          0       0.00       0.00      0.000        0.0        0.0    0.00000       0.00       0.00        0.0          0
 0.0          0       0.00       0.00      0.000        0.0        0.0    0.00000       0.00       0.00        0.0          0
 0.0          0       0.00       0.00      0.000        0.0        0.0    0.00000       0.00       0.00        0.0          0
 0.0          0       0.00       0.00      0.000        0.0        0.0    0.00000       0.00       0.00        0.0          0
 0.0          0       0.00       0.00      0.000        0.0        0.0    0.00000       0.00       0.00        0.0          0
 0.0          0       0.00       0.00      0.000        0.0        0.0    0.00000       0.00       0.00        0.0          0
 0.0          0       0.00       0.00      0.000        0.0        0.0    0.00000       0.00       0.00        0.0          0
 0.0          0       0.00       0.00      0.000        0.0        0.0    0.00000       0.00       0.00        0.0          0
 0.0          0       0.00       0.00      0.000        0.0        0.0    0.00000       0.00       0.00        0.0          0
 0.0          0       0.00       0.00      0.000        0.0        0.0    0.00000       0.00       0.00        0.0          0
 0.0          0       0.00       0.00      0.000        0.0        0.0    0.00000       0.00       0.00        0.0          0
 0.0          0       0.00       0.00      0.000        0.0        0.0    0.00000       0.00       0.00        0.0          0
 0.0          0       0.00       0.00      0.000        0.0        0.0    0.00000       0.00       0.00        0.0          0
 0.0          0       0.00       0.00      0.000        0.0        0.0    0.00000       0.00       0.00        0.0          0
 0.0          0       0.00       0.00      0.000        0.0        0.0    0.00000       0.00       0.00        0.0          0
 0.0          0       0.00       0.00      0.000        0.0        0.0    0.00000       0.00       0.00        0.0          0
 0.0          0       0.00       0.00      0.000        0.0        0.0    0.00000       0.00       0.00        0.0          0
 0.0          0       0.00       0.00      0.000        0.0        0.0    0.00000       0.00       0.00        0.0          0
 0.0          0       0.00       0.00      0.000        0.0        0.0    0.00000       0.00       0.00        0.0          0
 0.0          0       0.00       0.00      0.000        0.0        0.0    0.00000       0.00       0.00        0.0          0
 0.0          0       0.00       0.00      0.000        0.0        0.0    0.00000       0.00       0.00        0.0          0
 0.0          0       0.00       0.00      0.000        0.0        0.0    0.00000       0.00       0.00        0.0          0
 0.0          0       0.00       0.00      0.000        0.0        0.0    0.00000       0.00       0.00        0.0          0
 0.0          0       0.00       0.00      0.000        0.0        0.0    0.00000       0.00       0.00        0.0          0
 0.0          0       0.00       0.00      0.000        0.0        0.0    0.00000       0.00       0.00        0.0          0
 0.0          0       0.00       0.00      0.000        0.0        0.0    0.00000       0.00       0.00        0.0          0
 0.0          0       0.00       0.00      0.000        0.0        0.0    0.00000       0.00       0.00        0.0          0
 0.0          0       0.00       0.00      0.000        0.0        0.0    0.00000       0.00       0.00        0.0          0
 0.0          0       0.00       0.00      0.000        0.0        0.0    0.00000       0.00       0.00        0.0          0
 0.0          0       0.00       0.00      0.000        0.0        0.0    0.00000       0.00       0.00        0.0          0
 0.0          0       0.00       0.00      0.000        0.0        0.0    0.00000       0.00       0.00        0.0          0
 0.0          0       0.00       0.00      0.000        0.0        0.0    0.00000       0.00       0.00        0.0          0
 0.0          0       0.00       0.00      0.000        0.0        0.0    0.00000       0.00       0.00        0.0          0
 0.0          0       0.00       0.00      0.000        0.0        0.0    0.00000       0.00       0.00        0.0          0
 0.0          0       0.00       0.00      0.000        0.0        0.0    0.00000       0.00       0.00        0.0          0
 0.0          0       0.00       0.00      0.000        0.0        0.0    0.00000       0.00       0.00        0.0          0
 0.0          0       0.00       0.00      0.000        0.0        0.0    0.00000       0.00       0.00        0.0          0
 0.0          0       0.00       0.00      0.000        0.0        0.0    0.00000       0.00       0.00        0.0          0
 0.0          0       0.00       0.00      0.000        0.0        0.0    0.00000       0.00       0.00        0.0          0
 0.0          0       0.00       0.00      0.000        0.0        0.0    0.00000       0.00       0.00        0.0          0
 0.0          0       0.00       0.00      0.000        0.0        0.0    0.00000       0.00       0.00        0.0          0
 0.0          0       0.00       0.00      0.000        0.0        0.0    0.00000       0.00       0.00        0.0          0
 0.0          0       0.00       0.00      0.000        0.0        0.0    0.00000       0.00       0.00        0.0          0
 0.0          0       0.00       0.00      0.000        0.0        0.0    0.00000       0.00       0.00        0.0          0
 0.0          0       0.00       0.00      0.000        0.0        0.0    0.00000       0.00       0.00        0.0          0
 0.0          0       0.00       0.00      0.000        0.0        0.0    0.00000       0.00       0.00        0.0          0
 0.0          0       0.00       0.00      0.000        0.0        0.0    0.00000       0.00       0.00        0.0          0
 0.0          0       0.00       0.00      0.000        0.0        0.0    0.00000       0.00       0.00        0.0          0
 0.0          0       0.00       0.00      0.000        0.0        0.0    0.00000       0.00       0.00        0.0          0
 0.0          0       0.00       0.00      0.000        0.0        0.0    0.00000       0.00       0.00        0.0          0
 0.0          0       0.00       0.00      0.000        0.0        0.0    0.00000       0.00       0.00        0.0          0
 0.0          0       0.00       0.00      0.000        0.0        0.0    0.00000       0.00       0.00        0.0          0
 0.0          0       0.00       0.00      0.000        0.0        0.0    0.00000       0.00       0.00        0.0          0
 0.0          0       0.00       0.00      0.000        0.0        0.0    0.00000       0.00       0.00        0.0          0
 0.0          0       0.00       0.00      0.000        0.0        0.0    0.00000       0.00       0.00        0.0          0
 0.0          0       0.00       0.00      0.000        0.0        0.0    0.00000       0.00       0.00        0.0          0
 0.0          0       0.00       0.00      0.000        0.0        0.0    0.00000       0.00       0.00        0.0          0
 0.0          0       0.00       0.00      0.000        0.0        0.0    0.00000       0.00       0.00        0.0          0
 0.0          0       0.00       0.00      0.000        0.0        0.0    0.00000       0.00       0.00        0.0          0
 0.0          0       0.00       0.00      0.000        0.0        0.0    0.00000       0.00       0.00        0.0          0
 0.0          0       0.00       0.00      0.000        0.0        0.0    0.00000       0.00       0.00        0.0          0
 0.0          0       0.00       0.00      0.000        0.0        0.0    0.00000       0.00       0.00        0.0          0
 0.0          0       0.00       0.00      0.000        0.0        0.0    0.00000       0.00       0.00        0.0          0
 0.0          0       0.00       0.00      0.000        0.0        0.0    0.00000       0.00       0.00        0.0          0
 0.0          0       0.00       0.00      0.000        0.0        0.0    0.00000       0.00       0.00        0.0          0
 0.0          0       0.00       0.00      0.000        0.0        0.0    0.00000       0.00       0.00        0.0          0
 0.0          0       0.00       0.00      0.000        0.0        0.0    0.00000       0.00       0.00        0.0          0
 0.0          0       0.00       0.00      0.000        0.0        0.0    0.00000       0.00       0.00        0.0          0
 0.0          0       0.00       0.00      0.000        0.0        0.0    0.00000       0.00       0.00        0.0          0
 0.0          0       0.00       0.00      0.000        0.0        0.0    0.00000       0.00       0.00        0.0          0
 0.0          0       0.00       0.00      0.000        0.0        0.0    0.00000       0.00       0.00        0.0          0
 0.0          0       0.00       0.00      0.000        0.0        0.0    0.00000       0.00       0.00        0.0          0
 0.0          0       0.00       0.00      0.000        0.0        0.0    0.00000       0.00       0.00        0.0          0
 0.0          0       0.00       0.00      0.000        0.0        0.0    0.00000       0.00       0.00        0.0          0
 0.0          0       0.00       0.00      0.000        0.0        0.0    0.00000       0.00       0.00        0.0          0
 0.0          0       0.00       0.00      0.000        0.0        0.0    0.00000       0.00       0.00        0.0          0
 0.0          0       0.00       0.00      0.000        0.0        0.0    0.00000       0.00       0.00        0.0          0
 0.0          0       0.00       0.00      0.000        0.0        0.0    0.00000       0.00       0.00        0.0          0
 0.0          0       0.00       0.00      0.000        0.0        0.0    0.00000       0.00       0.00        0.0          0
 0.0          0       0.00       0.00      0.000        0.0        0.0    0.00000       0.00       0.00        0.0          0
 0.0          0       0.00       0.00      0.000        0.0        0.0    0.00000       0.00       0.00        0.0          0
 0.0          0       0.00       0.00      0.000        0.0        0.0    0.00000       0.00       0.00        0.0          0
 0.0          0       0.00       0.00      0.000        0.0        0.0    0.00000       0.00       0.00        0.0          0
 0.0          0       0.00       0.00      0.000        0.0        0.0    0.00000       0.00       0.00        0.0          0
 0.0          0       0.00       0.00      0.000        0.0        0.0    0.00000       0.00       0.00        0.0          0
 0.0          0       0.00       0.00      0.000        0.0        0.0    0.00000       0.00       0.00        0.0          0
 0.0          0       0.00       0.00      0.000        0.0        0.0    0.00000       0.00       0.00        0.0          0
 0.0          0       0.00       0.00      0.000        0.0        0.0    0.00000       0.00       0.00        0.0          0
 0.0          0       0.00       0.00      0.000        0.0        0.0    0.00000       0.00       0.00        0.0          0
 0.0          0       0.00       0.00      0.000        0.0        0.0    0.00000       0.00       0.00        0.0          0
 0.0          0       0.00       0.00      0.000        0.0        0.0    0.00000       0.00       0.00        0.0          0
 0.0          0       0.00       0.00      0.000        0.0        0.0    0.00000       0.00       0.00        0.0          0
 0.0          0       0.00       0.00      0.000        0.0        0.0    0.00000       0.00       0.00        0.0          0
 0.0          0       0.00       0.00      0.000        0.0        0.0    0.00000       0.00       0.00        0.0          0
 0.0          0       0.00       0.00      0.000        0.0        0.0    0.00000       0.00       0.00        0.0          0
 0.0          0       0.00       0.00      0.000        0.0        0.0    0.00000       0.00       0.00        0.0          0
 0.0          0       0.00       0.00      0.000        0.0        0.0    0.00000       0.00       0.00        0.0          0
 0.0          0       0.00       0.00      0.000        0.0        0.0    0.00000       0.00       0.00        0.0          0
 0.0          0       0.00       0.00      0.000        0.0        0.0    0.00000       0.00       0.00        0.0          0
 0.0          0       0.00       0.00      0.000        0.0        0.0    0.00000       0.00       0.00        0.0          0
 0.0          0       0.00       0.00      0.000        0.0        0.0    0.00000       0.00       0.00        0.0          0
 0.0          0       0.00       0.00      0.000        0.0        0.0    0.00000       0.00       0.00        0.0          0
 0.0          0       0.00       0.00      0.000        0.0        0.0    0.00000       0.00       0.00        0.0          0
 0.0          0       0.00       0.00      0.000        0.0        0.0    0.00000       0.00       0.00        0.0          0
 0.0          0       0.00       0.00      0.000        0.0        0.0    0.00000       0.00       0.00        0.0          0
 0.0          0       0.00       0.00      0.000        0.0        0.0    0.00000       0.00       0.00        0.0          0
 0.0          0       0.00       0.00      0.000        0.0        0.0    0.00000       0.00       0.00        0.0          0
 0.0          0       0.00       0.00      0.000        0.0        0.0    0.00000       0.00       0.00        0.0          0
 0.0          0       0.00       0.00      0.000        0.0        0.0    0.00000       0.00       0.00        0.0          0
 0.0          0       0.00       0.00      0.000        0.0        0.0    0.00000       0.00       0.00        0.0          0
 0.0          0       0.00       0.00      0.000        0.0        0.0    0.00000       0.00       0.00        0.0          0
 0.0          0       0.00       0.00      0.000        0.0        0.0    0.00000       0.00       0.00        0.0          0
 0.0          0       0.00       0.00      0.000        0.0        0.0    0.00000       0.00       0.00        0.0          0
 0.0          0       0.00       0.00      0.000        0.0        0.0    0.00000       0.00       0.00        0.0          0
 0.0          0       0.00       0.00      0.000        0.0        0.0    0.00000       0.00       0.00        0.0          0
 0.0          0       0.00       0.00      0.000        0.0        0.0    0.00000       0.00       0.00        0.0          0
 0.0          0       0.00       0.00      0.000        0.0        0.0    0.00000       0.00       0.00        0.0          0
 0.0          0       0.00       0.00      0.000        0.0        0.0    0.00000       0.00       0.00        0.0          0
 0.0          0       0.00       0.00      0.000        0.0        0.0    0.00000       0.00       0.00        0.0          0
 0.0          0       0.00       0.00      0.000        0.0        0.0    0.00000       0.00       0.00        0.0          0
 0.0          0       0.00       0.00      0.000        0.0        0.0    0.00000       0.00       0.00        0.0          0
 0.0          0       0.00       0.00      0.000        0.0        0.0    0.00000       0.00       0.00        0.0          0
 0.0          0       0.00       0.00      0.000        0.0        0.0    0.00000       0.00       0.00        0.0          0
 0.0          0       0.00       0.00      0.000        0.0        0.0    0.00000       0.00       0.00        0.0          0
 0.0          0       0.00       0.00      0.000        0.0        0.0    0.00000       0.00       0.00        0.0          0
 0.0          0       0.00       0.00      0.000        0.0        0.0    0.00000       0.00       0.00        0.0          0
 0.0          0       0.00       0.00      0.000        0.0        0.0    0.00000       0.00       0.00        0.0          0
 0.0          0       0.00       0.00      0.000        0.0        0.0    0.00000       0.00       0.00        0.0          0
 0.0          0       0.00       0.00      0.000        0.0        0.0    0.00000       0.00       0.00        0.0          0
 0.0          0       0.00       0.00      0.000        0.0        0.0    0.00000       0.00       0.00        0.0          0
 0.0          0       0.00       0.00      0.000        0.0        0.0    0.00000       0.00       0.00        0.0          0
 0.0          0       0.00       0.00      0.000        0.0        0.0    0.00000       0.00       0.00        0.0          0
 0.0          0       0.00       0.00      0.000        0.0        0.0    0.00000       0.00       0.00        0.0          0
 0.0          0       0.00       0.00      0.000        0.0        0.0    0.00000       0.00       0.00        0.0          0
 0.0          0       0.00       0.00      0.000        0.0        0.0    0.00000       0.00       0.00        0.0          0
 0.0          0       0.00       0.00      0.000        0.0        0.0    0.00000       0.00       0.00        0.0          0
 0.0          0       0.00       0.00      0.000        0.0        0.0    0.00000       0.00       0.00        0.0          0
 0.0          0       0.00       0.00      0.000        0.0        0.0    0.00000       0.00       0.00        0.0          0
 0.0          0       0.00       0.00      0.000        0.0        0.0    0.00000       0.00       0.00        0.0          0
 0.0          0       0.00       0.00      0.000        0.0        0.0    0.00000       0.00       0.00        0.0          0
 0.0          0       0.00       0.00      0.000        0.0        0.0    0.00000       0.00       0.00        0.0          0
 0.0          0       0.00       0.00      0.000        0.0        0.0    0.00000       0.00       0.00        0.0          0
 0.0          0       0.00       0.00      0.000        0.0        0.0    0.00000       0.00       0.00        0.0          0
 0.0          0       0.00       0.00      0.000        0.0        0.0    0.00000       0.00       0.00        0.0          0
 0.0          0       0.00       0.00      0.000        0.0        0.0    0.00000       0.00       0.00        0.0          0
 0.0          0       0.00       0.00      0.000        0.0        0.0    0.00000       0.00       0.00        0.0          0
 0.0          0       0.00       0.00      0.000        0.0        0.0    0.00000       0.00       0.00        0.0          0
 0.0          0       0.00       0.00      0.000        0.0        0.0    0.00000       0.00       0.00        0.0          0
 0.0          0       0.00       0.00      0.000        0.0        0.0    0.00000       0.00       0.00        0.0          0
 0.0          0       0.00       0.00      0.000        0.0        0.0    0.00000       0.00       0.00        0.0          0
 0.0          0       0.00       0.00      0.000        0.0        0.0    0.00000       0.00       0.00        0.0          0
 0.0          0       0.00       0.00      0.000        0.0        0.0    0.00000       0.00       0.00        0.0          0
 0.0          0       0.00       0.00      0.000        0.0        0.0    0.00000       0.00       0.00        0.0          0
 0.0          0       0.00       0.00      0.000        0.0        0.0    0.00000       0.00       0.00        0.0          0
 0.0          0       0.00       0.00      0.000        0.0        0.0    0.00000       0.00       0.00        0.0          0
 0.0          0       0.00       0.00      0.000        0.0        0.0    0.00000       0.00       0.00        0.0          0
 0.0          0       0.00       0.00      0.000        0.0        0.0    0.00000       0.00       0.00        0.0          0
 0.0          0       0.00       0.00      0.000        0.0        0.0    0.00000       0.00       0.00        0.0          0
 0.0          0       0.00       0.00      0.000        0.0        0.0    0.00000       0.00       0.00        0.0          0
 0.0          0       0.00       0.00      0.000        0.0        0.0    0.00000       0.00       0.00        0.0          0
 0.0          0       0.00       0.00      0.000        0.0        0.0    0.00000       0.00       0.00        0.0          0
 0.0          0       0.00       0.00      0.000        0.0        0.0    0.00000       0.00       0.00        0.0          0
 0.0          0       0.00       0.00      0.000        0.0        0.0    0.00000       0.00       0.00        0.0          0
 0.0          0       0.00       0.00      0.000        0.0        0.0    0.00000       0.00       0.00        0.0          0
 0.0          0       0.00       0.00      0.000        0.0        0.0    0.00000       0.00       0.00        0.0          0
 0.0          0       0.00       0.00      0.000        0.0        0.0    0.00000       0.00       0.00        0.0          0
 0.0          0       0.00       0.00      0.000        0.0        0.0    0.00000       0.00       0.00        0.0          0
 0.0          0       0.00       0.00      0.000        0.0        0.0    0.00000       0.00       0.00        0.0          0
 0.0          0       0.00       0.00      0.000        0.0        0.0    0.00000       0.00       0.00        0.0          0
 0.0          0       0.00       0.00      0.000        0.0        0.0    0.00000       0.00       0.00        0.0          0
 0.0          0       0.00       0.00      0.000        0.0        0.0    0.00000       0.00       0.00        0.0          0
 0.0          0       0.00       0.00      0.000        0.0        0.0    0.00000       0.00       0.00        0.0          0
 0.0          0       0.00       0.00      0.000        0.0        0.0    0.00000       0.00       0.00        0.0          0
 0.0          0       0.00       0.00      0.000        0.0        0.0    0.00000       0.00       0.00        0.0          0
 0.0          0       0.00       0.00      0.000        0.0        0.0    0.00000       0.00       0.00        0.0          0
 0.0          0       0.00       0.00      0.000        0.0        0.0    0.00000       0.00       0.00        0.0          0
 0.0          0       0.00       0.00      0.000        0.0        0.0    0.00000       0.00       0.00        0.0          0
 0.0          0       0.00       0.00      0.000        0.0        0.0    0.00000       0.00       0.00        0.0          0
 0.0          0       0.00       0.00      0.000        0.0        0.0    0.00000       0.00       0.00        0.0          0
 0.0          0       0.00       0.00      0.000        0.0        0.0    0.00000       0.00       0.00        0.0          0
 0.0          0       0.00       0.00      0.000        0.0        0.0    0.00000       0.00       0.00        0.0          0
 0.0          0       0.00       0.00      0.000        0.0        0.0    0.00000       0.00       0.00        0.0          0
 0.0          0       0.00       0.00      0.000        0.0        0.0    0.00000       0.00       0.00        0.0          0
 0.0          0       0.00       0.00      0.000        0.0        0.0    0.00000       0.00       0.00        0.0          0
 0.0          0       0.00       0.00      0.000        0.0        0.0    0.00000       0.00       0.00        0.0          0
 0.0          0       0.00       0.00      0.000        0.0        0.0    0.00000       0.00       0.00        0.0          0
 0.0          0       0.00       0.00      0.000        0.0        0.0    0.00000       0.00       0.00        0.0          0
 0.0          0       0.00       0.00      0.000        0.0        0.0    0.00000       0.00       0.00        0.0          0
 0.0          0       0.00       0.00      0.000        0.0        0.0    0.00000       0.00       0.00        0.0          0
 0.0          0       0.00       0.00      0.000        0.0        0.0    0.00000       0.00       0.00        0.0          0
 0.0          0       0.00       0.00      0.000        0.0        0.0    0.00000       0.00       0.00        0.0          0
 0.0          0       0.00       0.00      0.000        0.0        0.0    0.00000       0.00       0.00        0.0          0
 0.0          0       0.00       0.00      0.000        0.0        0.0    0.00000       0.00       0.00        0.0          0
 0.0          0       0.00       0.00      0.000        0.0        0.0    0.00000       0.00       0.00        0.0          0
 0.0          0       0.00       0.00      0.000        0.0        0.0    0.00000       0.00       0.00        0.0          0
 0.0          0       0.00       0.00      0.000        0.0        0.0    0.00000       0.00       0.00        0.0          0
 0.0          0       0.00       0.00      0.000        0.0        0.0    0.00000       0.00       0.00        0.0          0
 0.0          0       0.00       0.00      0.000        0.0        0.0    0.00000       0.00       0.00        0.0          0
 0.0          0       0.00       0.00      0.000        0.0        0.0    0.00000       0.00       0.00        0.0          0
 0.0          0       0.00       0.00      0.000        0.0        0.0    0.00000       0.00       0.00        0.0          0
 0.0          0       0.00       0.00      0.000        0.0        0.0    0.00000       0.00       0.00        0.0          0
 0.0          0       0.00       0.00      0.000        0.0        0.0    0.00000       0.00       0.00        0.0          0
 0.0          0       0.00       0.00      0.000        0.0        0.0    0.00000       0.00       0.00        0.0          0
 0.0          0       0.00       0.00      0.000        0.0        0.0    0.00000       0.00       0.00        0.0          0
 0.0          0       0.00       0.00      0.000        0.0        0.0    0.00000       0.00       0.00        0.0          0
 0.0          0       0.00       0.00      0.000        0.0        0.0    0.00000       0.00       0.00        0.0          0
 0.0          0       0.00       0.00      0.000        0.0        0.0    0.00000       0.00       0.00        0.0          0
 0.0          0       0.00       0.00      0.000        0.0        0.0    0.00000       0.00       0.00        0.0          0
 0.0          0       0.00       0.00      0.000        0.0        0.0    0.00000       0.00       0.00        0.0          0
 0.0          0       0.00       0.00      0.000        0.0        0.0    0.00000       0.00       0.00        0.0          0
 0.0          0       0.00       0.00      0.000        0.0        0.0    0.00000       0.00       0.00        0.0          0
 0.0          0       0.00       0.00      0.000        0.0        0.0    0.00000       0.00       0.00        0.0          0
 0.0          0       0.00       0.00      0.000        0.0        0.0    0.00000       0.00       0.00        0.0          0
 0.0          0       0.00       0.00      0.000        0.0        0.0    0.00000       0.00       0.00        0.0          0
 0.0          0       0.00       0.00      0.000        0.0        0.0    0.00000       0.00       0.00        0.0          0
 0.0          0       0.00       0.00      0.000        0.0        0.0    0.00000       0.00       0.00        0.0          0
 0.0          0       0.00       0.00      0.000        0.0        0.0    0.00000       0.00       0.00        0.0          0
 0.0          0       0.00       0.00      0.000        0.0        0.0    0.00000       0.00       0.00        0.0          0
 0.0          0       0.00       0.00      0.000        0.0        0.0    0.00000       0.00       0.00        0.0          0
 0.0          0       0.00       0.00      0.000        0.0        0.0    0.00000       0.00       0.00        0.0          0
 0.0          0       0.00       0.00      0.000        0.0        0.0    0.00000       0.00       0.00        0.0          0
 0.0          0       0.00       0.00      0.000        0.0        0.0    0.00000       0.00       0.00        0.0          0
 0.0          0       0.00       0.00      0.000        0.0        0.0    0.00000       0.00       0.00        0.0          0
 0.0          0       0.00       0.00      0.000        0.0        0.0    0.00000       0.00       0.00        0.0          0
 0.0          0       0.00       0.00      0.000        0.0        0.0    0.00000       0.00       0.00        0.0          0
 0.0          0       0.00       0.00      0.000        0.0        0.0    0.00000       0.00       0.00        0.0          0
 0.0          0       0.00       0.00      0.000        0.0        0.0    0.00000       0.00       0.00        0.0          0
 0.0          0       0.00       0.00      0.000        0.0        0.0    0.00000       0.00       0.00        0.0          0
 0.0          0       0.00       0.00      0.000        0.0        0.0    0.00000       0.00       0.00        0.0          0
 0.0          0       0.00       0.00      0.000        0.0        0.0    0.00000       0.00       0.00        0.0          0
 0.0          0       0.00       0.00      0.000        0.0        0.0    0.00000       0.00       0.00        0.0          0
 0.0          0       0.00       0.00      0.000        0.0        0.0    0.00000       0.00       0.00        0.0          0
 0.0          0       0.00       0.00      0.000        0.0        0.0    0.00000       0.00       0.00        0.0          0
 0.0          0       0.00       0.00      0.000        0.0        0.0    0.00000       0.00       0.00        0.0          0
 0.0          0       0.00       0.00      0.000        0.0        0.0    0.00000       0.00       0.00        0.0          0
 0.0          0       0.00       0.00      0.000        0.0        0.0    0.00000       0.00       0.00        0.0          0
 0.0          0       0.00       0.00      0.000        0.0        0.0    0.00000       0.00       0.00        0.0          0
 0.0          0       0.00       0.00      0.000        0.0        0.0    0.00000       0.00       0.00        0.0          0
 0.0          0       0.00       0.00      0.000        0.0        0.0    0.00000       0.00       0.00        0.0          0
 0.0          0       0.00       0.00      0.000        0.0        0.0    0.00000       0.00       0.00        0.0          0
 0.0          0       0.00       0.00      0.000        0.0        0.0    0.00000       0.00       0.00        0.0          0
 0.0          0       0.00       0.00      0.000        0.0        0.0    0.00000       0.00       0.00        0.0          0
 0.0          0       0.00       0.00      0.000        0.0        0.0    0.00000       0.00       0.00        0.0          0
 0.0          0       0.00       0.00      0.000        0.0        0.0    0.00000       0.00       0.00        0.0          0
 0.0          0       0.00       0.00      0.000        0.0        0.0    0.00000       0.00       0.00        0.0          0
 0.0          0       0.00       0.00      0.000        0.0        0.0    0.00000       0.00       0.00        0.0          0
 0.0          0       0.00       0.00      0.000        0.0        0.0    0.00000       0.00       0.00        0.0          0
 0.0          0       0.00       0.00      0.000        0.0        0.0    0.00000       0.00       0.00        0.0          0
 0.0          0       0.00       0.00      0.000        0.0        0.0    0.00000       0.00       0.00        0.0          0
 0.0          0       0.00       0.00      0.000        0.0        0.0    0.00000       0.00       0.00        0.0          0
 0.0          0       0.00       0.00      0.000        0.0        0.0    0.00000       0.00       0.00        0.0          0
 0.0          0       0.00       0.00      0.000        0.0        0.0    0.00000       0.00       0.00        0.0          0
 0.0          0       0.00       0.00      0.000        0.0        0.0    0.00000       0.00       0.00        0.0          0
 0.0          0       0.00       0.00      0.000        0.0        0.0    0.00000       0.00       0.00        0.0          0
 0.0          0       0.00       0.00      0.000        0.0        0.0    0.00000       0.00       0.00        0.0          0
 0.0          0       0.00       0.00      0.000        0.0        0.0    0.00000       0.00       0.00        0.0          0
 0.0          0       0.00       0.00      0.000        0.0        0.0    0.00000       0.00       0.00        0.0          0
 0.0          0       0.00       0.00      0.000        0.0        0.0    0.00000       0.00       0.00        0.0          0
 0.0          0       0.00       0.00      0.000        0.0        0.0    0.00000       0.00       0.00        0.0          0
 0.0          0       0.00       0.00      0.000        0.0        0.0    0.00000       0.00       0.00        0.0          0
 0.0          0       0.00       0.00      0.000        0.0        0.0    0.00000       0.00       0.00        0.0          0
 0.0          0       0.00       0.00      0.000        0.0        0.0    0.00000       0.00       0.00        0.0          0
 0.0          0       0.00       0.00      0.000        0.0        0.0    0.00000       0.00       0.00        0.0          0
 0.0          0       0.00       0.00      0.000        0.0        0.0    0.00000       0.00       0.00        0.0          0
 0.0          0       0.00       0.00      0.000        0.0        0.0    0.00000       0.00       0.00        0.0          0
 0.0          0       0.00       0.00      0.000        0.0        0.0    0.00000       0.00       0.00        0.0          0
