 7.0      0.270       0.36       20.7      0.045       45.0      170.0    1.00100       3.00       0.45        8.8          3
 6.3      0.300       0.34        1.6      0.049       14.0      132.0    0.99400       3.30       0.49        9.5          1
 8.1      0.280       0.40        6.9      0.050       30.0       97.0    0.99510       3.26       0.44       10.1          1
 7.2      0.230       0.32        8.5      0.058       47.0      186.0    0.99560       3.19       0.40        9.9          2
 6.2      0.320       0.16        7.0      0.045       30.0      136.0    0.99490       3.18       0.47        9.6          2
 8.1      0.220       0.43        1.5      0.044       28.0      129.0    0.99380       3.22       0.45       11.0          1
 8.1      0.270       0.41        1.5      0.033       11.0       63.0    0.99080       2.99       0.56       12.0          3
 8.6      0.230       0.40        4.2      0.035       17.0      109.0    0.99470       3.14       0.53        9.7          2
 7.9      0.180       0.37        1.2      0.040       16.0       75.0    0.99200       3.18       0.63       10.8          2
 6.6      0.160       0.40        1.5      0.044       48.0      143.0    0.99120       3.54       0.52       12.4          0
 8.3      0.420       0.62       19.3      0.040       41.0      172.0    1.00020       2.98       0.67        9.7          3
 6.6      0.170       0.38        1.5      0.032       28.0      112.0    0.99140       3.25       0.55       11.4          1
 6.3      0.480       0.04        1.1      0.046       30.0       99.0    0.99280       3.24       0.36        9.6          1
 6.2      0.660       0.48        1.2      0.029       29.0       75.0    0.98920       3.33       0.39       12.8          0
 7.4      0.340       0.42        1.1      0.033       17.0      171.0    0.99170       3.12       0.53       11.3          2
 6.5      0.310       0.14        7.5      0.044       34.0      133.0    0.99550       3.22       0.50        9.5          1
 6.4      0.310       0.38        2.9      0.038       19.0      102.0    0.99120       3.17       0.35       11.0          2
 6.8      0.260       0.42        1.7      0.049       41.0      122.0    0.99300       3.47       0.48       10.5          0
 7.6      0.670       0.14        1.5      0.074       25.0      168.0    0.99370       3.05       0.51        9.3          3
 6.6      0.270       0.41        1.3      0.052       16.0      142.0    0.99510       3.42       0.47       10.0          0
 7.0      0.250       0.32        9.0      0.046       56.0      245.0    0.99550       3.25       0.50       10.4          1
 6.9      0.240       0.35        1.0      0.052       35.0      146.0    0.99300       3.45       0.44       10.0          0
 7.0      0.280       0.39        8.7      0.051       32.0      141.0    0.99610       3.38       0.53       10.5          0
 7.4      0.270       0.48        1.1      0.047       17.0      132.0    0.99140       3.19       0.49       11.6          2
 7.2      0.320       0.36        2.0      0.033       37.0      114.0    0.99060       3.10       0.71       12.3          3
 8.5      0.240       0.39       10.4      0.044       20.0      142.0    0.99740       3.20       0.53       10.0          2
 8.3      0.140       0.34        1.1      0.042        7.0       47.0    0.99340       3.47       0.40       10.2          0
 7.4      0.250       0.36        2.0      0.050       31.0      100.0    0.99200       3.19       0.44       10.8          2
 6.2      0.120       0.34        1.5      0.045       43.0      117.0    0.99390       3.42       0.51        9.0          0
 5.8      0.270       0.20       14.9      0.044       22.0      179.0    0.99620       3.37       0.37       10.2          0
 7.3      0.280       0.43        1.7      0.080       21.0      123.0    0.99050       3.19       0.42       12.8          2
 6.5      0.390       0.23        5.4      0.051       25.0      149.0    0.99340       3.24       0.35       10.0          1
 7.0      0.330       0.32        1.2      0.053       38.0      138.0    0.99060       3.13       0.28       11.2          2
 7.3      0.240       0.39       17.9      0.057       45.0      149.0    0.99990       3.21       0.36        8.6          2
 6.7      0.230       0.39        2.5      0.172       63.0      158.0    0.99370       3.11       0.36        9.4          3
 6.7      0.240       0.39        2.9      0.173       63.0      157.0    0.99370       3.10       0.34        9.4          3
 7.0      0.310       0.26        7.4      0.069       28.0      160.0    0.99540       3.13       0.46        9.8          2
 6.6      0.240       0.27        1.4      0.057       33.0      152.0    0.99340       3.22       0.56        9.5          1
 6.7      0.230       0.26        1.4      0.060       33.0      154.0    0.99340       3.24       0.56        9.5          1
 7.4      0.180       0.31        1.4      0.058       38.0      167.0    0.99310       3.16       0.53       10.0          2
 6.2      0.450       0.26        4.4      0.063       63.0      206.0    0.99400       3.27       0.52        9.8          1
 6.2      0.460       0.25        4.4      0.066       62.0      207.0    0.99390       3.25       0.52        9.8          1
 6.9      0.190       0.35        5.0      0.067       32.0      150.0    0.99500       3.36       0.48        9.8          0
 7.2      0.190       0.31        1.6      0.062       31.0      173.0    0.99170       3.35       0.44       11.7          0
 6.6      0.250       0.29        1.1      0.068       39.0      124.0    0.99140       3.34       0.58       11.0          0
 6.2      0.160       0.33        1.1      0.057       21.0       82.0    0.99100       3.32       0.46       10.9          1
 6.4      0.180       0.35        1.0      0.045       39.0      108.0    0.99110       3.31       0.35       10.9          1
 6.8      0.200       0.59        0.9      0.147       38.0      132.0    0.99300       3.05       0.38        9.1          3
 6.9      0.250       0.35        1.3      0.039       29.0      191.0    0.99080       3.13       0.52       11.0          2
 7.2      0.210       0.34       11.9      0.043       37.0      213.0    0.99620       3.09       0.50        9.6          3
 6.0      0.190       0.26       12.4      0.048       50.0      147.0    0.99720       3.30       0.36        8.9          1
 6.6      0.380       0.15        4.6      0.044       25.0       78.0    0.99310       3.11       0.38       10.2          3
 7.4      0.200       0.36        1.2      0.038       44.0      111.0    0.99260       3.36       0.34        9.9          0
 6.8      0.220       0.24        4.9      0.092       30.0      123.0    0.99510       3.03       0.46        8.6          3
 7.0      0.470       0.07        1.1      0.035       17.0      151.0    0.99100       3.02       0.34       10.5          3
 7.2      0.240       0.27        1.4      0.038       31.0      122.0    0.99270       3.15       0.46       10.3          2
 6.2      0.350       0.03        1.2      0.064       29.0      120.0    0.99340       3.22       0.54        9.1          1
 6.4      0.260       0.24        6.4      0.040       27.0      124.0    0.99030       3.22       0.49       12.6          1
 6.7      0.250       0.13        1.2      0.041       81.0      174.0    0.99200       3.14       0.42        9.8          2
 6.7      0.230       0.31        2.1      0.046       30.0       96.0    0.99260       3.33       0.64       10.7          0
 7.4      0.240       0.29       10.1      0.050       21.0      105.0    0.99620       3.13       0.35        9.5          2
 6.2      0.270       0.43        7.8      0.056       48.0      244.0    0.99560       3.10       0.51        9.0          3
 6.8      0.300       0.23        4.6      0.061       50.5      238.5    0.99580       3.32       0.60        9.5          1
 6.0      0.270       0.28        4.8      0.063       31.0      201.0    0.99640       3.69       0.71       10.0          0
 8.6      0.230       0.46        1.0      0.054        9.0       72.0    0.99410       2.95       0.49        9.1          3
 7.1      0.180       0.36        1.4      0.043       31.0       87.0    0.98980       3.26       0.37       12.7          1
 7.0      0.320       0.34        1.3      0.042       20.0       69.0    0.99120       3.31       0.65       12.0          1
 7.4      0.180       0.30        8.8      0.064       26.0      103.0    0.99610       2.94       0.56        9.3          3
 6.7      0.540       0.28        5.4      0.060       21.0      105.0    0.99490       3.27       0.37        9.0          1
 6.8      0.220       0.31        1.4      0.053       34.0      114.0    0.99290       3.39       0.77       10.6          0
 7.1      0.200       0.34       16.0      0.050       51.0      166.0    0.99850       3.21       0.60        9.2          2
 7.1      0.340       0.20        6.1      0.063       47.0      164.0    0.99460       3.17       0.42       10.0          2
 7.3      0.220       0.30        8.2      0.047       42.0      207.0    0.99660       3.33       0.46        9.5          0
 7.1      0.430       0.61       11.8      0.045       54.0      155.0    0.99740       3.11       0.45        8.7          3
 7.1      0.440       0.62       11.8      0.044       52.0      152.0    0.99750       3.12       0.46        8.7          2
 7.2      0.390       0.63       11.0      0.044       55.0      156.0    0.99740       3.09       0.44        8.7          3
 6.8      0.250       0.31       13.3      0.050       69.0      202.0    0.99720       3.22       0.48        9.7          1
 6.1      0.270       0.43        7.5      0.049       65.0      243.0    0.99570       3.12       0.47        9.0          2
 6.9      0.240       0.33        1.7      0.035       47.0      136.0    0.99000       3.26       0.40       12.6          1
 6.9      0.210       0.33        1.8      0.034       48.0      136.0    0.98990       3.25       0.41       12.6          1
 7.5      0.170       0.32        1.7      0.040       51.0      148.0    0.99160       3.21       0.44       11.5          2
 7.1      0.260       0.29       12.4      0.044       62.0      240.0    0.99690       3.04       0.42        9.2          3
 6.0      0.340       0.66       15.9      0.046       26.0      164.0    0.99790       3.14       0.50        8.8          2
 8.6      0.265       0.36        1.2      0.034       15.0       80.0    0.99130       2.95       0.36       11.4          3
 9.8      0.360       0.46       10.5      0.038        4.0       83.0    0.99560       2.89       0.30       10.1          3
 7.4      0.250       0.37       13.5      0.060       52.0      192.0    0.99750       3.00       0.44        9.1          3
 7.1      0.120       0.32        9.6      0.054       64.0      162.0    0.99620       3.40       0.41        9.4          0
 6.0      0.210       0.24       12.1      0.050       55.0      164.0    0.99700       3.34       0.39        9.4          0
 7.5      0.305       0.40       18.9      0.059       44.0      170.0    1.00000       2.99       0.46        9.0          3
 7.3      0.130       0.32       14.4      0.051       34.0      109.0    0.99740       3.20       0.35        9.2          2
 7.1      0.230       0.35       16.5      0.040       60.0      171.0    0.99900       3.16       0.59        9.1          2
 6.9      0.330       0.28        1.3      0.051       37.0      187.0    0.99270       3.27       0.60       10.3          1
 6.5      0.170       0.54        8.5      0.082       64.0      163.0    0.99590       2.89       0.39        8.8          3
 7.2      0.270       0.46       18.8      0.052       45.0      255.0    1.00000       3.04       0.52        8.9          3
 7.2      0.310       0.50       13.3      0.056       68.0      195.0    0.99820       3.01       0.47        9.2          3
 6.7      0.410       0.34        9.2      0.049       29.0      150.0    0.99680       3.22       0.51        9.1          1
 5.5      0.485       0.00        1.5      0.065        8.0      103.0    0.99400       3.63       0.40        9.7          0
 6.0      0.310       0.24        3.3      0.041       25.0      143.0    0.99140       3.31       0.44       11.3          1
 7.0      0.140       0.40        1.7      0.035       16.0       85.0    0.99110       3.19       0.42       11.8          2
 7.3      0.320       0.48       13.3      0.060       57.0      196.0    0.99820       3.04       0.50        9.2          3
 5.9      0.360       0.04        5.7      0.046       21.0       87.0    0.99340       3.22       0.51       10.2          1
 7.8      0.240       0.32       12.2      0.054       42.0      138.0    0.99840       3.01       0.54        8.8          3
 7.4      0.160       0.31        6.8      0.059       31.0      131.0    0.99520       3.29       0.34        9.7          1
 6.9      0.190       0.28        5.0      0.058       14.0      146.0    0.99520       3.29       0.36        9.1          1
 6.4      0.130       0.47        1.6      0.092       40.0      158.0    0.99280       3.21       0.36        9.8          2
 6.7      0.190       0.36        1.1      0.026       63.0      143.0    0.99120       3.27       0.48       11.0          1
 7.4      0.390       0.23        7.0      0.033       29.0      126.0    0.99400       3.14       0.42       10.5          2
 6.5      0.240       0.32        7.6      0.038       48.0      203.0    0.99580       3.45       0.54        9.7          0
 6.1      0.300       0.56        2.8      0.044       47.0      179.0    0.99240       3.30       0.57       10.9          1
 6.1      0.300       0.56        2.7      0.046       46.0      184.0    0.99240       3.31       0.57       10.9          1
 5.7      0.260       0.25       10.4      0.020        7.0       57.0    0.99400       3.39       0.37       10.6          0
 6.5      0.425       0.40       13.1      0.038       59.0      241.0    0.99790       3.23       0.57        9.0          1
 6.6      0.240       0.27       15.8      0.035       46.0      188.0    0.99820       3.24       0.51        9.2          1
 6.8      0.270       0.22        8.1      0.034       55.0      203.0    0.99610       3.19       0.52        8.9          2
 6.7      0.270       0.31       15.7      0.036       44.0      179.0    0.99790       3.26       0.56        9.6          1
 8.2      0.230       0.40        1.2      0.027       36.0      121.0    0.99200       3.12       0.38       10.7          2
 7.1      0.370       0.67       10.5      0.045       49.0      155.0    0.99750       3.16       0.44        8.7          2
 6.8      0.190       0.36        1.9      0.035       30.0       96.0    0.99170       3.15       0.54       10.8          2
 8.1      0.280       0.39        1.9      0.029       18.0       79.0    0.99230       3.23       0.52       11.8          1
 6.3      0.310       0.34        2.2      0.045       20.0       77.0    0.99270       3.30       0.43       10.2          1
 7.9      0.210       0.40        1.2      0.039       38.0      107.0    0.99200       3.21       0.54       10.8          2
 8.5      0.210       0.41        4.3      0.036       24.0       99.0    0.99470       3.18       0.53        9.7          2
 8.1      0.200       0.40        2.0      0.037       19.0       87.0    0.99210       3.12       0.54       11.2          2
 6.3      0.255       0.37        1.1      0.040       37.0      114.0    0.99050       3.00       0.39       10.9          3
 5.6      0.160       0.27        1.4      0.044       53.0      168.0    0.99180       3.28       0.37       10.1          1
 6.4      0.595       0.14        5.2      0.058       15.0       97.0    0.99510       3.38       0.36        9.0          0
 6.3      0.340       0.33        4.6      0.034       19.0       80.0    0.99170       3.38       0.58       12.0          0
 6.9      0.250       0.30        4.1      0.054       23.0      116.0    0.99400       2.99       0.38        9.4          3
 7.9      0.220       0.38        8.0      0.043       46.0      152.0    0.99340       3.12       0.32       11.5          2
 7.6      0.180       0.46       10.2      0.055       58.0      135.0    0.99680       3.14       0.43        9.9          2
 7.2      0.180       0.41        1.2      0.048       41.0       97.0    0.99190       3.14       0.45       10.4          2
 8.2      0.230       0.40        7.5      0.049       12.0       76.0    0.99660       3.06       0.84        9.7          3
 7.4      0.240       0.42       14.0      0.066       48.0      198.0    0.99790       2.89       0.42        8.9          3
 6.1      0.320       0.24        1.5      0.036       38.0      124.0    0.98980       3.29       0.42       12.4          1
 5.2      0.440       0.04        1.4      0.036       43.0      119.0    0.98940       3.36       0.33       12.1          0
 6.4      0.220       0.56       14.5      0.055       27.0      159.0    0.99800       2.98       0.40        9.1          3
 6.3      0.360       0.30        4.8      0.049       14.0       85.0    0.99320       3.28       0.39       10.6          1
 6.7      0.240       0.35       13.1      0.050       64.0      205.0    0.99700       3.15       0.50        9.5          2
 7.0      0.230       0.36       13.0      0.051       72.0      177.0    0.99720       3.16       0.49        9.8          2
 8.4      0.270       0.46        8.7      0.048       39.0      197.0    0.99740       3.14       0.59        9.6          2
 6.7      0.460       0.18        2.4      0.034       25.0       98.0    0.98960       3.08       0.44       12.6          3
 7.5      0.290       0.31        8.9      0.055       20.0      151.0    0.99680       3.08       0.54        9.3          3
 9.8      0.420       0.48        9.8      0.034        5.0      110.0    0.99580       2.87       0.29       10.0          3
 7.1      0.300       0.46        1.5      0.066       29.0      133.0    0.99060       3.12       0.54       12.7          2
 7.9      0.190       0.45        1.5      0.045       17.0       96.0    0.99170       3.13       0.39       11.0          2
 7.6      0.480       0.37        0.8      0.037        4.0      100.0    0.99020       3.03       0.39       11.4          3
 6.3      0.220       0.43        4.5      0.038       31.0      130.0    0.99180       3.35       0.33       11.5          0
 7.5      0.270       0.31       17.7      0.051       33.0      173.0    0.99900       3.09       0.64       10.2          3
 6.9      0.230       0.40        7.5      0.040       50.0      151.0    0.99270       3.11       0.27       11.4          3
 7.2      0.320       0.47        5.1      0.044       19.0       65.0    0.99100       3.03       0.41       12.6          3
 5.9      0.230       0.30       12.9      0.054       57.0      170.0    0.99720       3.28       0.39        9.4          1
 6.0      0.670       0.07        1.2      0.060        9.0      108.0    0.99310       3.11       0.35        8.7          3
 6.4      0.250       0.32        5.5      0.049       41.0      176.0    0.99500       3.19       0.68        9.2          2
 6.4      0.330       0.31        5.5      0.048       42.0      173.0    0.99510       3.19       0.66        9.3          2
 7.1      0.340       0.15        1.2      0.053       61.0      183.0    0.99360       3.09       0.43        9.2          3
 6.8      0.280       0.40       22.0      0.048       48.0      167.0    1.00100       2.93       0.50        8.7          3
 6.9      0.270       0.40       14.0      0.050       64.0      227.0    0.99790       3.18       0.58        9.6          2
 6.8      0.260       0.56       11.9      0.043       64.0      226.0    0.99700       3.02       0.63        9.3          3
 6.8      0.290       0.56       11.9      0.043       66.0      230.0    0.99720       3.02       0.63        9.3          3
 6.7      0.240       0.41        9.4      0.040       49.0      166.0    0.99540       3.12       0.61        9.9          2
 5.9      0.300       0.23        4.2      0.038       42.0      119.0    0.99240       3.15       0.50       11.0          2
 6.8      0.530       0.35        3.8      0.034       26.0      109.0    0.99060       3.26       0.57       12.7          1
 6.5      0.280       0.28        8.5      0.047       54.0      210.0    0.99620       3.09       0.54        8.9          3
 6.6      0.280       0.28        8.5      0.052       55.0      211.0    0.99620       3.09       0.55        8.9          3
 6.8      0.280       0.36        8.0      0.045       28.0      123.0    0.99280       3.02       0.37       11.4          3
 6.6      0.150       0.34        5.1      0.055       34.0      125.0    0.99420       3.36       0.42        9.6          0
 6.4      0.290       0.44        3.6      0.200       75.0      181.0    0.99420       3.02       0.41        9.1          3
 6.4      0.300       0.45        3.5      0.197       76.0      180.0    0.99420       3.02       0.39        9.1          3
 6.4      0.290       0.44        3.6      0.197       75.0      183.0    0.99420       3.01       0.38        9.1          3
 6.8      0.260       0.24        7.8      0.052       54.0      214.0    0.99610       3.13       0.47        8.9          2
 7.1      0.320       0.24       13.1      0.050       52.0      204.0    0.99800       3.10       0.49        8.8          3
 6.8      0.270       0.26       16.1      0.049       55.0      196.0    0.99840       3.15       0.50        9.3          2
 6.9      0.540       0.32       13.2      0.050       53.0      236.0    0.99730       3.20       0.50        9.6          2
 6.8      0.260       0.34       13.9      0.034       39.0      134.0    0.99490       3.33       0.53       12.0          0
 5.8      0.280       0.35        2.3      0.053       36.0      114.0    0.99240       3.28       0.50       10.2          1
 6.4      0.210       0.50       11.6      0.042       45.0      153.0    0.99720       3.15       0.43        8.8          2
 7.0      0.160       0.32        8.3      0.045       38.0      126.0    0.99580       3.21       0.34        9.2          2
10.2      0.440       0.88        6.2      0.049       20.0      124.0    0.99680       2.99       0.51        9.9          3
 6.8      0.570       0.29        2.2      0.040       15.0       77.0    0.99380       3.32       0.74       10.2          1
 6.1      0.400       0.31        0.9      0.048       23.0      170.0    0.99300       3.22       0.77        9.5          1
 5.6      0.245       0.25        9.7      0.032       12.0       68.0    0.99400       3.31       0.34       10.5          1
 6.8      0.180       0.38        1.4      0.038       35.0      111.0    0.99180       3.32       0.59       11.2          1
 6.7      0.130       0.29        5.3      0.051       31.0      122.0    0.99440       3.44       0.37        9.7          0
 6.2      0.250       0.25        1.4      0.030       35.0      105.0    0.99120       3.30       0.44       11.1          1
 5.8      0.260       0.24        9.2      0.044       55.0      152.0    0.99610       3.31       0.38        9.4          1
 7.5      0.270       0.36        7.0      0.036       45.0      164.0    0.99390       3.03       0.33       11.0          3
 5.7      0.280       0.24       17.5      0.044       60.0      167.0    0.99890       3.31       0.44        9.4          1
 7.5      0.230       0.36        7.0      0.036       43.0      161.0    0.99380       3.04       0.32       11.0          3
 7.2      0.685       0.21        9.5      0.070       33.0      172.0    0.99710       3.00       0.55        9.1          3
 6.5      0.190       0.30        0.8      0.043       33.0      144.0    0.99360       3.42       0.39        9.1          0
 6.3      0.495       0.22        1.8      0.046       31.0      140.0    0.99290       3.39       0.54       10.4          0
 7.1      0.240       0.41       17.8      0.046       39.0      145.0    0.99980       3.32       0.39        8.7          1
 6.4      0.170       0.32        2.4      0.048       41.0      200.0    0.99380       3.50       0.50        9.7          0
 7.1      0.250       0.32       10.3      0.041       66.0      272.0    0.99690       3.17       0.52        9.1          2
 6.8      0.640       0.08        9.7      0.062       26.0      142.0    0.99720       3.37       0.46        8.9          0
 8.3      0.280       0.40        7.8      0.041       38.0      194.0    0.99760       3.34       0.51        9.6          0
 8.2      0.270       0.39        7.8      0.039       49.0      208.0    0.99760       3.31       0.51        9.5          1
 7.2      0.230       0.38       14.3      0.058       55.0      194.0    0.99790       3.09       0.44        9.0          3
 6.8      0.520       0.32       13.2      0.044       54.0      221.0    0.99720       3.27       0.50        9.6          1
 7.0      0.260       0.59        1.4      0.037       40.0      120.0    0.99180       3.34       0.41       11.1          0
 6.2      0.250       0.21       15.6      0.039       28.0      159.0    0.99820       3.48       0.64        9.6          0
 7.3      0.320       0.23       13.7      0.050       49.0      197.0    0.99850       3.20       0.46        8.7          2
 7.7      0.310       0.26        7.8      0.031       23.0       90.0    0.99440       3.13       0.50       10.4          2
 7.1      0.210       0.37        2.4      0.026       23.0      100.0    0.99030       3.15       0.38       11.4          2
 6.8      0.240       0.34        2.7      0.047       64.5      218.5    0.99340       3.30       0.58        9.7          1
 6.9      0.400       0.56       11.2      0.043       40.0      142.0    0.99750       3.14       0.46        8.7          2
 6.1      0.180       0.36        2.0      0.038       20.0      249.5    0.99230       3.37       0.79       11.3          0
 6.8      0.210       0.27        2.1      0.030       26.0      139.0    0.99000       3.16       0.61       12.6          2
 5.8      0.200       0.27        1.4      0.031       12.0       77.0    0.99050       3.25       0.36       10.9          1
 5.6      0.190       0.26        1.4      0.030       12.0       76.0    0.99050       3.25       0.37       10.9          1
 6.1      0.410       0.14       10.4      0.037       18.0      119.0    0.99600       3.38       0.45       10.0          0
 5.9      0.210       0.28        4.6      0.053       40.0      199.0    0.99640       3.72       0.70       10.0          0
 8.5      0.260       0.21       16.2      0.074       41.0      197.0    0.99800       3.02       0.50        9.8          3
 5.8      0.240       0.44        3.5      0.029        5.0      109.0    0.99130       3.53       0.43       11.7          0
 5.8      0.240       0.39        1.5      0.054       37.0      158.0    0.99320       3.21       0.52        9.3          2
 6.7      0.260       0.39        1.1      0.040       45.0      147.0    0.99350       3.32       0.58        9.6          1
 6.3      0.350       0.30        5.7      0.035        8.0       97.0    0.99270       3.27       0.41       11.0          1
 6.4      0.230       0.39        1.8      0.032       23.0      118.0    0.99120       3.32       0.50       11.8          1
 5.8      0.360       0.38        0.9      0.037        3.0       75.0    0.99040       3.28       0.34       11.4          1
 6.9      0.115       0.35        5.4      0.048       36.0      108.0    0.99390       3.32       0.42       10.2          1
 6.9      0.290       0.40       19.4      0.043       36.0      156.0    0.99960       2.93       0.47        8.9          3
 6.9      0.280       0.40        8.2      0.036       15.0       95.0    0.99440       3.17       0.33       10.2          2
 7.2      0.290       0.40       13.6      0.045       66.0      231.0    0.99770       3.08       0.59        9.6          3
 6.2      0.240       0.35        1.2      0.038       22.0      167.0    0.99120       3.10       0.48       10.6          3
 6.9      0.320       0.26        8.3      0.053       32.0      180.0    0.99650       3.25       0.51        9.2          1
 5.3      0.580       0.07        6.9      0.043       34.0      149.0    0.99440       3.34       0.57        9.7          0
 5.3      0.585       0.07        7.1      0.044       34.0      145.0    0.99450       3.34       0.57        9.7          0
 5.4      0.590       0.07        7.0      0.045       36.0      147.0    0.99440       3.34       0.57        9.7          0
 5.2      0.600       0.07        7.0      0.044       33.0      147.0    0.99440       3.33       0.58        9.7          0
 5.8      0.250       0.26       13.1      0.051       44.0      148.0    0.99720       3.29       0.38        9.3          1
 6.6      0.580       0.30        5.1      0.057       30.0      123.0    0.99490       3.24       0.38        9.0          1
 7.0      0.290       0.54       10.7      0.046       59.0      234.0    0.99660       3.05       0.61        9.5          3
 6.6      0.190       0.41        8.9      0.046       51.0      169.0    0.99540       3.14       0.57        9.8          2
 6.7      0.200       0.41        9.1      0.044       50.0      166.0    0.99540       3.14       0.58        9.8          2
 7.7      0.260       0.40        1.1      0.042        9.0       60.0    0.99150       2.89       0.50       10.6          3
 6.8      0.320       0.34        1.2      0.044       14.0       67.0    0.99190       3.05       0.47       10.6          3
 7.0      0.300       0.49        4.7      0.036       17.0      105.0    0.99160       3.26       0.68       12.4          1
 7.0      0.240       0.36        2.8      0.034       22.0      112.0    0.99000       3.19       0.38       12.6          2
 6.1      0.310       0.58        5.0      0.039       36.0      114.0    0.99090       3.30       0.60       12.3          1
 6.8      0.440       0.37        5.1      0.047       46.0      201.0    0.99380       3.08       0.65       10.5          3
 6.7      0.340       0.30       15.6      0.054       51.0      196.0    0.99820       3.19       0.49        9.3          2
 7.1      0.350       0.24       15.4      0.055       46.0      198.0    0.99880       3.12       0.49        8.8          2
 7.3      0.320       0.25        7.2      0.056       47.0      180.0    0.99610       3.08       0.47        8.8          3
 6.5      0.280       0.33       15.7      0.053       51.0      190.0    0.99780       3.22       0.51        9.7          1
 7.2      0.230       0.39       14.2      0.058       49.0      192.0    0.99790       2.98       0.48        9.0          3
 5.9      0.150       0.31        5.8      0.041       53.0      155.0    0.99450       3.52       0.46       10.5          0
 7.4      0.280       0.42       19.8      0.066       53.0      195.0    1.00000       2.96       0.44        9.1          3
 6.2      0.280       0.22        7.3      0.041       26.0      157.0    0.99570       3.44       0.64        9.8          0
 9.1      0.590       0.38        1.6      0.066       34.0      182.0    0.99680       3.23       0.38        8.5          1
 6.3      0.330       0.27        1.2      0.046       34.0      175.0    0.99340       3.37       0.54        9.4          0
 8.3      0.390       0.70       10.6      0.045       33.0      169.0    0.99760       3.09       0.57        9.4          3
 7.2      0.190       0.46        3.8      0.041       82.0      187.0    0.99320       3.19       0.60       11.2          2
 7.5      0.170       0.44       11.3      0.046       65.0      146.0    0.99700       3.17       0.45       10.0          2
 6.7      0.170       0.50        2.1      0.043       27.0      122.0    0.99230       3.15       0.45       10.3          2
 6.1      0.410       0.00        1.6      0.063       36.0       87.0    0.99140       3.27       0.67       10.8          1
 8.3      0.200       0.35        0.9      0.050       12.0       74.0    0.99200       3.13       0.38       10.5          2
 6.0      0.290       0.21        1.3      0.055       42.0      168.0    0.99140       3.32       0.43       11.1          1
 7.3      0.410       0.24        6.8      0.057       41.0      163.0    0.99490       3.20       0.41        9.9          2
 7.2      0.430       0.24        6.7      0.058       40.0      163.0    0.99500       3.20       0.41        9.9          2
 7.3      0.400       0.24        6.7      0.058       41.0      166.0    0.99500       3.20       0.41        9.9          2
 6.2      0.330       0.27        4.9      0.036       30.0      134.0    0.99270       3.20       0.42       10.4          2
 6.2      0.310       0.26        4.8      0.037       36.0      148.0    0.99280       3.21       0.41       10.4          2
 6.1      0.360       0.27        2.1      0.035       16.0      100.0    0.99170       3.40       0.71       11.5          0
 5.0      0.550       0.14        8.3      0.032       35.0      164.0    0.99180       3.53       0.51       12.5          0
 7.8      0.250       0.41        3.7      0.042       37.0      149.0    0.99540       3.36       0.45       10.0          0
 5.7      0.360       0.21        6.7      0.038       51.0      166.0    0.99410       3.29       0.63       10.0          1
 5.8      0.340       0.21        6.6      0.040       50.0      167.0    0.99410       3.29       0.62       10.0          1
 6.8      0.280       0.60        1.1      0.132       42.0      127.0    0.99340       3.09       0.44        9.1          3
 6.8      0.250       0.34        4.7      0.031       34.0      134.0    0.99270       3.21       0.38       10.6          2
 6.6      0.240       0.35        7.7      0.031       36.0      135.0    0.99380       3.19       0.37       10.5          2
 5.9      0.300       0.47        7.8      0.030       19.0      133.0    0.99330       3.52       0.43       11.5          0
 6.1      0.125       0.25        3.3      0.040       10.0       69.0    0.99340       3.54       0.59       10.1          0
 6.0      0.100       0.24        1.1      0.041       15.0       65.0    0.99270       3.61       0.61       10.3          0
 6.8      0.280       0.44        9.3      0.031       35.0      137.0    0.99460       3.16       0.36       10.4          2
 8.3      0.410       0.51        2.0      0.046       11.0      207.0    0.99300       3.02       0.55       11.4          3
 7.5      0.270       0.31        5.8      0.057      131.0      313.0    0.99460       3.18       0.59       10.5          2
 7.9      0.260       0.41       15.2      0.040       38.0      216.0    0.99760       2.96       0.60       10.0          3
 6.4      0.340       0.23        6.3      0.039       37.0      143.0    0.99440       3.19       0.65       10.0          2
 6.5      0.280       0.35       15.4      0.042       55.0      195.0    0.99780       3.23       0.50        9.6          1
 7.2      0.210       0.41        1.3      0.036       33.0       85.0    0.99200       3.17       0.51       10.4          2
 6.4      0.320       0.35        4.8      0.030       34.0      101.0    0.99120       3.36       0.60       12.5          0
 6.8      0.240       0.34        4.6      0.032       37.0      135.0    0.99270       3.20       0.39       10.6          2
 6.3      0.230       0.30        1.8      0.033       16.0       91.0    0.99060       3.28       0.40       11.8          1
 6.5      0.280       0.34        9.9      0.038       30.0      133.0    0.99540       3.11       0.44        9.8          3
 5.6      0.260       0.26        5.7      0.031       12.0       80.0    0.99230       3.25       0.38       10.8          1
 6.3      0.230       0.33        1.5      0.036       15.0      105.0    0.99100       3.32       0.42       11.2          1
 5.8      0.270       0.27       12.3      0.045       55.0      170.0    0.99720       3.28       0.42        9.3          1
 5.9      0.260       0.40        1.3      0.047       12.0      139.0    0.99450       3.45       0.53       10.4          0
 6.6      0.180       0.35        1.5      0.049       49.0      141.0    0.99340       3.43       0.85       10.2          0
 7.4      0.200       0.43        7.8      0.045       27.0      153.0    0.99640       3.19       0.55        9.0          2
 8.0      0.240       0.36        1.5      0.047       17.0      129.0    0.99480       3.20       0.54       10.0          2
 6.4      0.260       0.42        9.7      0.044       30.0      140.0    0.99620       3.18       0.47        9.1          2
 5.4      0.310       0.47        3.0      0.053       46.0      144.0    0.99310       3.29       0.76       10.0          1
 5.4      0.290       0.47        3.0      0.052       47.0      145.0    0.99300       3.29       0.75       10.0          1
 7.1      0.145       0.33        4.6      0.050       33.0      131.0    0.99420       3.28       0.40        9.6          1
 5.6      0.340       0.10        1.3      0.031       20.0       68.0    0.99060       3.36       0.51       11.2          0
 6.7      0.190       0.41       15.6      0.056       75.0      155.0    0.99950       3.20       0.44        8.8          2
 7.8      0.180       0.46       13.6      0.052       38.0      118.0    0.99800       3.15       0.50       10.0          2
 7.6      0.170       0.45       11.2      0.054       56.0      137.0    0.99700       3.15       0.47       10.0          2
 6.3      0.120       0.36        2.1      0.044       47.0      146.0    0.99140       3.27       0.74       11.4          1
 7.3      0.330       0.40        6.8      0.038       32.0      138.0    0.99200       3.03       0.30       11.9          3
 5.5      0.335       0.30        2.5      0.071       27.0      128.0    0.99240       3.14       0.51        9.6          2
 5.8      0.400       0.42        4.4      0.047       38.5      245.0    0.99370       3.25       0.57        9.6          1
 7.3      0.220       0.37       14.3      0.063       48.0      191.0    0.99780       2.89       0.38        9.0          3
 6.1      0.360       0.33        1.1      0.050       24.0      169.0    0.99270       3.15       0.78        9.5          2
10.0      0.200       0.39        1.4      0.050       19.0      152.0    0.99400       3.00       0.42       10.4          3
 6.9      0.240       0.34        4.7      0.040       43.0      161.0    0.99350       3.20       0.59       10.6          2
 6.4      0.240       0.32       14.9      0.047       54.0      162.0    0.99680       3.28       0.50       10.2          1
 7.1      0.365       0.14        1.2      0.055       24.0       84.0    0.99410       3.15       0.43        8.9          2
 6.8      0.150       0.30        5.3      0.050       40.0      127.0    0.99420       3.40       0.39        9.7          0
 6.8      0.160       0.40        2.3      0.037       18.0      102.0    0.99230       3.49       0.42       11.4          0
 6.0      0.260       0.32        3.5      0.028       29.0      113.0    0.99120       3.40       0.71       12.3          0
 6.0      0.180       0.27        1.5      0.089       40.0      143.0    0.99230       3.49       0.62       10.8          0
 6.9      0.330       0.21        1.0      0.053       39.0      148.0    0.99270       3.12       0.45        9.4          2
 7.7      0.290       0.48        2.3      0.049       36.0      178.0    0.99310       3.17       0.64       10.6          2
 7.1      0.390       0.35       12.5      0.044       26.0       72.0    0.99410       3.17       0.29       11.6          2
 6.6      0.905       0.19        0.8      0.048       17.0      204.0    0.99340       3.34       0.56       10.0          0
 7.2      0.270       0.27        2.4      0.048       30.0      149.0    0.99360       3.10       0.51        9.2          3
 5.1      0.330       0.22        1.6      0.027       18.0       89.0    0.98930       3.51       0.38       12.5          0
 6.4      0.310       0.28        1.5      0.037       12.0      119.0    0.99190       3.32       0.51       10.4          1
 7.3      0.200       0.44        1.4      0.045       21.0       98.0    0.99240       3.15       0.46       10.0          2
 5.7      0.320       0.50        2.6      0.049       17.0      155.0    0.99270       3.22       0.64       10.0          1
 7.2      0.280       0.26       12.5      0.046       48.0      179.0    0.99750       3.10       0.52        9.0          3
 7.5      0.350       0.28        9.6      0.051       26.0      157.0    0.99690       3.12       0.53        9.2          2
 6.0      0.360       0.39        3.2      0.027       20.0      125.0    0.99100       3.38       0.39       11.3          0
 5.0      0.170       0.56        1.5      0.026       24.0      115.0    0.99060       3.48       0.39       10.8          0
 6.3      0.390       0.35        5.9      0.040       82.5      260.0    0.99410       3.12       0.66       10.1          2
 6.7      0.210       0.32        5.4      0.047       29.0      140.0    0.99500       3.39       0.46        9.7          0
 7.0      0.300       0.38       14.9      0.032       60.0      181.0    0.99830       3.18       0.61        9.3          2
 6.5      0.360       0.32        1.1      0.031       13.0       66.0    0.99160       3.10       0.46       10.6          3
 6.1      0.550       0.15        9.8      0.031       19.0      125.0    0.99570       3.36       0.47       10.2          0
 7.3      0.240       0.43        2.0      0.021       20.0       69.0    0.99000       3.08       0.56       12.2          3
 6.8      0.370       0.51       11.8      0.044       62.0      163.0    0.99760       3.19       0.44        8.8          2
 6.8      0.270       0.12        1.3      0.040       87.0      168.0    0.99200       3.18       0.41       10.0          2
 8.2      0.280       0.42        1.8      0.031       30.0       93.0    0.99170       3.09       0.39       11.4          3
 6.3      0.200       0.40        1.5      0.037       35.0      107.0    0.99170       3.46       0.50       11.4          0
 5.9      0.260       0.27       18.2      0.048       52.0      168.0    0.99930       3.35       0.44        9.4          0
 6.4      0.190       0.42        2.9      0.032       32.0       83.0    0.99080       3.30       0.41       11.7          1
 6.1      0.350       0.07        1.4      0.069       22.0      108.0    0.99340       3.23       0.52        9.2          1
 7.1      0.270       0.31       18.2      0.046       55.0      252.0    1.00000       3.07       0.56        8.7          3
 6.8      0.220       0.31        6.3      0.035       33.0      170.0    0.99180       3.24       0.66       12.6          1
 5.8      0.280       0.34        4.0      0.031       40.0       99.0    0.98960       3.39       0.39       12.8          0
 6.9      0.490       0.24        1.2      0.049       13.0      125.0    0.99320       3.17       0.51        9.4          2
 6.3      0.140       0.39        1.2      0.044       26.0      116.0    0.99200       3.26       0.53       10.3          1
 7.2      0.250       0.39       18.9      0.038       42.0      155.0    0.99990       2.97       0.47        9.0          3
 7.3      0.280       0.36       12.7      0.040       38.0      140.0    0.99800       3.30       0.79        9.6          1
 7.2      0.190       0.39        1.2      0.036       32.0       85.0    0.99180       3.16       0.50       10.5          2
 7.4      0.210       0.27        1.2      0.041       27.0       99.0    0.99270       3.19       0.33        9.8          2
 6.8      0.260       0.22        7.7      0.047       57.0      210.0    0.99590       3.10       0.47        9.0          3
 7.4      0.310       0.28        1.6      0.050       33.0      137.0    0.99290       3.31       0.56       10.5          1
 7.0      0.220       0.31        2.7      0.030       41.0      136.0    0.98980       3.16       0.37       12.7          2
 7.0      0.210       0.28        8.7      0.045       37.0      222.0    0.99540       3.25       0.54       10.4          1
 7.0      0.210       0.28        8.6      0.045       37.0      221.0    0.99540       3.25       0.54       10.4          1
 6.9      0.230       0.38        8.3      0.047       47.0      162.0    0.99540       3.34       0.52       10.5          0
 6.8      0.290       0.50       13.3      0.053       48.0      194.0    0.99740       3.09       0.45        9.4          3
 7.8      0.210       0.27        1.2      0.051       20.0       89.0    0.99360       3.06       0.46        9.1          3
 7.1      0.310       0.47       13.6      0.056       54.0      197.0    0.99780       3.10       0.49        9.3          3
 6.4      0.340       0.10        1.1      0.048       19.0       84.0    0.99270       3.21       0.38        9.8          2
 7.4      0.155       0.34        2.3      0.045       73.5      214.0    0.99340       3.18       0.61        9.9          2
 7.2      0.550       0.09        1.5      0.108       16.0      151.0    0.99380       3.07       0.57        9.2          3
 7.0      0.230       0.36        7.1      0.028       31.0      104.0    0.99220       3.35       0.47       12.1          0
 6.9      0.200       0.37        6.2      0.027       24.0       97.0    0.99200       3.38       0.49       12.2          0
 6.1      0.280       0.32        2.5      0.042       23.0      218.5    0.99350       3.27       0.60        9.8          1
 6.6      0.160       0.32        1.4      0.035       49.0      186.0    0.99060       3.35       0.64       12.4          0
 6.2      0.350       0.04        1.2      0.060       23.0      108.0    0.99340       3.26       0.54        9.2          1
 6.7      0.220       0.37        1.6      0.028       24.0      102.0    0.99130       3.29       0.59       11.6          1
 6.1      0.380       0.20        6.6      0.033       25.0      137.0    0.99380       3.30       0.69       10.4          1
 6.0      0.250       0.28        2.2      0.026       54.0      126.0    0.98980       3.43       0.65       12.9          0
 6.6      0.520       0.44       12.2      0.048       54.0      245.0    0.99750       3.26       0.54        9.3          1
 6.9      0.240       0.36       20.8      0.031       40.0      139.0    0.99750       3.20       0.33       11.0          2
 7.1      0.320       0.32       11.0      0.038       16.0       66.0    0.99370       3.24       0.40       11.5          1
 5.8      0.280       0.27        2.6      0.054       30.0      156.0    0.99140       3.53       0.42       12.4          0
 6.5      0.410       0.24       14.0      0.048       24.0      113.0    0.99820       3.44       0.53        9.8          0
 6.4      0.280       0.29        1.6      0.052       34.0      127.0    0.99290       3.48       0.56       10.5          0
 7.2      0.600       0.20        9.9      0.070       21.0      174.0    0.99710       3.03       0.54        9.1          3
 6.1      0.200       0.25        1.2      0.038       34.0      128.0    0.99210       3.24       0.44       10.1          1
 5.9      0.460       0.14        2.7      0.042       27.0      160.0    0.99310       3.46       0.51       10.6          0
 6.0      0.270       0.27        1.6      0.046       32.0      113.0    0.99240       3.41       0.51       10.5          0
 6.4      0.410       0.24       14.0      0.048       24.0      113.0    0.99820       3.44       0.53        9.8          0
 6.3      0.230       0.31        1.5      0.022       11.0       82.0    0.98920       3.30       0.40       12.9          1
 7.1      0.210       0.27        8.6      0.056       26.0      111.0    0.99560       2.95       0.52        9.5          3
 6.0      0.370       0.32        1.0      0.053       31.0      218.5    0.99240       3.29       0.72        9.8          1
 6.1      0.430       0.35        9.1      0.059       83.0      249.0    0.99710       3.37       0.50        8.5          0
 7.0      0.250       0.29       15.2      0.047       40.0      171.0    0.99820       3.22       0.45        9.3          1
 5.9      0.250       0.19       12.4      0.047       50.0      162.0    0.99730       3.35       0.38        9.5          0
 6.8      0.320       0.21        2.2      0.044       15.0       68.0    0.99320       3.17       0.39        9.4          2
 7.2      0.390       0.62       11.0      0.047       66.0      178.0    0.99760       3.16       0.50        8.7          2
 6.3      0.210       0.58       10.0      0.081       34.0      126.0    0.99620       2.95       0.46        8.9          3
 7.0      0.140       0.32        9.0      0.039       54.0      141.0    0.99560       3.22       0.43        9.4          1
 7.2      0.290       0.53       18.1      0.047       59.0      182.0    0.99920       3.09       0.52        9.6          3
 8.6      0.370       0.70       12.2      0.039       21.0      158.0    0.99830       3.00       0.73        9.3          3
 6.5      0.380       0.34        3.4      0.036       34.0      200.0    0.99370       3.14       0.76       10.0          2
 6.6      0.240       0.29        2.0      0.023       19.0       86.0    0.99000       3.25       0.45       12.5          1
 7.0      0.170       0.31        4.8      0.034       34.0      132.0    0.99440       3.36       0.48        9.6          0
 5.5      0.160       0.22        4.5      0.030       30.0      102.0    0.99380       3.24       0.36        9.4          1
 7.0      0.240       0.51       11.0      0.029       55.0      227.0    0.99650       3.03       0.61        9.5          3
 7.4      0.280       0.36        1.1      0.028       42.0      105.0    0.98930       2.99       0.39       12.4          3
 7.0      0.220       0.28        1.5      0.037       29.0      115.0    0.99270       3.11       0.55       10.5          3
 7.1      0.550       0.13        1.7      0.073       21.0      165.0    0.99400       2.97       0.58        9.2          3
 6.3      0.220       0.33        1.7      0.041       67.0      164.0    0.99280       3.32       0.56       10.4          1
 6.7      0.470       0.34        8.9      0.043       31.0      172.0    0.99640       3.22       0.60        9.2          1
 5.9      0.360       0.41        1.3      0.047       45.0      104.0    0.99170       3.33       0.51       10.6          0
 5.8      0.250       0.24       13.3      0.044       41.0      137.0    0.99720       3.34       0.42        9.5          0
 6.2      0.370       0.30        6.6      0.346       79.0      200.0    0.99540       3.29       0.58        9.6          1
 6.2      0.180       0.38        1.5      0.028       36.0      117.0    0.99300       3.47       0.54        9.7          0
 6.0      0.160       0.37        1.5      0.025       43.0      117.0    0.99280       3.46       0.51        9.7          0
 6.6      0.340       0.28        1.3      0.035       32.0       90.0    0.99160       3.10       0.42       10.7          3
 7.4      0.290       0.29        1.6      0.045       53.0      180.0    0.99360       3.34       0.68       10.5          0
 7.4      0.260       0.31        7.6      0.047       52.0      177.0    0.99620       3.13       0.45        8.9          2
 7.0      0.280       0.36        1.0      0.035        8.0       70.0    0.98990       3.09       0.46       12.1          3
 7.1      0.230       0.39        1.6      0.032       12.0       65.0    0.98980       3.25       0.40       12.7          1
 7.8      0.190       0.26        8.9      0.039       42.0      182.0    0.99600       3.18       0.46        9.9          2
 6.3      0.190       0.28        1.8      0.022       28.0      158.0    0.99070       3.20       0.64       11.4          2
 6.8      0.200       0.38        4.7      0.040       27.0      103.0    0.99400       3.37       0.58       10.7          0
 5.7      0.440       0.13        7.0      0.025       28.0      173.0    0.99130       3.33       0.48       12.5          0
 7.2      0.400       0.62       10.8      0.041       70.0      189.0    0.99760       3.08       0.49        8.6          3
 6.8      0.230       0.32        1.6      0.026       43.0      147.0    0.99040       3.29       0.54       12.5          1
 5.7      0.335       0.34        1.0      0.040       13.0      174.0    0.99200       3.27       0.66       10.0          1
 7.2      0.280       0.54       16.7      0.045       54.0      200.0    0.99900       3.08       0.49        9.5          3
 6.8      0.190       0.58       14.2      0.038       51.0      164.0    0.99750       3.12       0.48        9.6          2
 6.4      0.300       0.30        2.3      0.038        8.0      210.0    0.99370       3.20       0.62        9.9          2
 6.5      0.300       0.29        2.3      0.037        8.0      210.0    0.99370       3.19       0.62        9.9          2
 7.8      0.180       0.31       12.2      0.053       46.0      140.0    0.99800       3.06       0.53        8.9          3
 7.3      0.510       0.26        3.3      0.090        7.0      135.0    0.99440       3.01       0.52        8.8          3
 6.0      0.240       0.27        1.9      0.048       40.0      170.0    0.99380       3.64       0.54       10.0          0
 5.9      0.620       0.28        3.5      0.039       55.0      152.0    0.99070       3.44       0.44       12.0          0
 6.7      0.270       0.12        1.3      0.041       62.0      138.0    0.99210       3.21       0.42       10.0          2
 7.8      0.340       0.35        1.8      0.042        8.0      167.0    0.99080       3.11       0.41       12.1          3
 7.3      0.260       0.36        5.2      0.040       31.0      141.0    0.99310       3.16       0.59       11.0          2
 7.4      0.360       0.33        1.4      0.025       27.0       55.0    0.99150       3.21       0.33       11.2          2
 7.8      0.280       0.32        9.0      0.036       34.0      115.0    0.99520       3.17       0.39       10.3          2
 6.1      0.310       0.26        2.2      0.051       28.0      167.0    0.99260       3.37       0.47       10.4          0
 6.8      0.180       0.37        1.6      0.055       47.0      154.0    0.99340       3.08       0.45        9.1          3
 7.4      0.150       0.42        1.7      0.045       49.0      154.0    0.99200       3.00       0.60       10.4          3
 5.9      0.130       0.28        1.9      0.050       20.0       78.0    0.99180       3.43       0.64       10.8          0
 7.2      0.340       0.34       12.6      0.048        7.0       41.0    0.99420       3.19       0.40       11.7          2
 7.9      0.190       0.26        2.1      0.039        8.0      143.0    0.99420       3.05       0.74        9.8          3
 6.9      0.250       0.40        1.3      0.038       22.0      101.0    0.99010       3.03       0.39       11.4          3
 5.8      0.360       0.32        1.7      0.033       22.0       96.0    0.98980       3.03       0.38       11.2          3
 5.6      0.350       0.37        1.0      0.038        6.0       72.0    0.99020       3.37       0.34       11.4          0
 5.9      0.320       0.39        3.3      0.114       24.0      140.0    0.99340       3.09       0.45        9.2          3
 7.2      0.310       0.46        5.0      0.040        3.0       29.0    0.99060       3.04       0.53       12.5          3
 6.1      0.280       0.22        1.8      0.034       32.0      116.0    0.98980       3.36       0.44       12.6          0
 5.2      0.360       0.02        1.6      0.031       24.0      104.0    0.98960       3.44       0.35       12.2          0
 5.6      0.190       0.47        4.5      0.030       19.0      112.0    0.99220       3.56       0.45       11.2          0
 6.4      0.100       0.35        4.9      0.048       31.0      103.0    0.99470       3.43       0.79        9.7          0
 6.4      0.180       0.48        4.0      0.186       64.0      150.0    0.99450       3.06       0.40        9.3          3
 7.4      0.250       0.36       13.2      0.067       53.0      178.0    0.99760       3.01       0.48        9.0          3
 7.9      0.345       0.51       15.3      0.047       54.0      171.0    0.99870       3.09       0.51        9.1          3
 6.1      0.240       0.30        1.5      0.045       22.0       61.0    0.99200       3.31       0.54       10.4          1
 6.8      0.250       0.24        4.5      0.053       41.0      211.0    0.99550       3.37       0.67        9.5          0
 6.7      0.310       0.31        9.9      0.040       10.0      175.0    0.99530       3.46       0.55       11.4          0
 7.2      0.460       0.65       10.4      0.050       76.0      192.0    0.99760       3.16       0.42        8.7          2
 5.5      0.350       0.35        1.1      0.045       14.0      167.0    0.99200       3.34       0.68        9.9          0
 6.7      0.240       0.41        8.7      0.036       29.0      148.0    0.99520       3.22       0.62        9.9          1
 6.8      0.280       0.17       13.9      0.047       49.0      162.0    0.99830       3.21       0.51        9.0          2
 6.4      0.160       0.22        1.4      0.040       41.0      149.0    0.99330       3.49       0.58       10.0          0
 6.3      0.260       0.24        7.2      0.039       38.0      172.0    0.99580       3.49       0.64        9.7          0
 7.7      0.220       0.42        1.9      0.052       10.0       87.0    0.99220       3.30       0.49       11.8          1
 6.5      0.180       0.31        1.7      0.044       30.0      127.0    0.99280       3.49       0.50       10.2          0
 7.0      0.300       0.51       13.6      0.050       40.0      168.0    0.99760       3.07       0.52        9.6          3
 9.2      0.250       0.34        1.2      0.026       31.0       93.0    0.99160       2.93       0.37       11.3          3
 7.8      0.280       0.34        1.6      0.028       32.0      118.0    0.99010       3.00       0.38       12.1          3
 8.4      0.350       0.71       12.2      0.046       22.0      160.0    0.99820       2.98       0.65        9.4          3
 6.1      0.410       0.24        1.6      0.049       16.0      137.0    0.99300       3.32       0.50       10.4          1
 5.9      0.210       0.24       12.1      0.044       53.0      165.0    0.99690       3.25       0.39        9.5          1
 7.2      0.340       0.44        4.2      0.047       51.0      144.0    0.99100       3.01       0.76       12.3          3
 6.7      0.210       0.42        9.1      0.049       31.0      150.0    0.99530       3.12       0.74        9.9          2
 5.9      0.370       0.10        1.6      0.057       39.0      128.0    0.99240       3.24       0.48       10.1          1
 7.7      0.340       0.27        8.8      0.063       39.0      184.0    0.99690       3.09       0.63        9.2          3
 7.4      0.300       0.22        1.4      0.046       16.0      135.0    0.99280       3.08       0.77       10.4          3
 6.8      0.510       0.30        4.2      0.066       38.0      165.0    0.99450       3.20       0.42        9.1          2
 7.8      0.220       0.38       10.3      0.059       28.0       99.0    0.99670       3.12       0.47       10.0          2
 7.2      0.350       0.34       12.4      0.051        6.0       37.0    0.99440       3.13       0.39       11.5          2
 6.0      0.260       0.50        2.2      0.048       59.0      153.0    0.99280       3.08       0.61        9.8          3
 6.1      0.260       0.51        2.2      0.050       61.0      154.0    0.99290       3.08       0.60        9.8          3
 6.5      0.280       0.27        5.2      0.040       44.0      179.0    0.99480       3.19       0.69        9.4          2
 7.4      0.410       0.66       10.8      0.051       77.0      194.0    0.99760       3.05       0.46        8.7          3
 6.5      0.280       0.29        2.7      0.038       26.0      107.0    0.99120       3.32       0.41       11.6          1
 6.7      0.340       0.54       16.3      0.047       44.0      181.0    0.99870       3.04       0.56        8.8          3
 7.2      0.200       0.34        2.7      0.032       49.0      151.0    0.99000       3.16       0.39       12.7          2
 7.4      0.200       0.33        1.9      0.035       39.0      138.0    0.99100       3.17       0.44       11.7          2
 8.2      0.220       0.30        1.8      0.047       47.0      185.0    0.99330       3.13       0.50       10.2          2
 8.2      0.230       0.29        1.8      0.047       47.0      187.0    0.99330       3.13       0.50       10.2          2
 7.1      0.220       0.33        2.8      0.033       48.0      153.0    0.98990       3.15       0.38       12.7          2
 6.0      0.380       0.26        6.0      0.034       42.0      134.0    0.99120       3.38       0.38       12.3          0
 5.7      0.180       0.22        4.2      0.042       25.0      111.0    0.99400       3.35       0.39        9.4          0
 7.3      0.300       0.22        6.4      0.056       44.0      168.0    0.99470       3.13       0.35       10.1          2
 7.4      0.240       0.22       10.7      0.042       26.0       81.0    0.99540       2.86       0.36        9.7          3
 6.6      0.250       0.30        1.6      0.046       32.0      134.0    0.99300       3.42       0.51       10.1          0
 7.4      0.260       0.30        7.9      0.049       38.0      157.0    0.99630       3.13       0.48        8.9          2
 6.1      0.320       0.25        1.7      0.034       37.0      136.0    0.99200       3.47       0.50       10.8          0
 6.9      0.280       0.27        2.1      0.036       42.0      121.0    0.99260       3.42       0.49       10.8          0
 7.0      0.230       0.33        5.8      0.040       25.0      136.0    0.99500       3.19       0.58        9.5          2
 7.1      0.310       0.50       14.5      0.059        6.0      148.0    0.99830       2.94       0.44        9.1          3
 7.3      0.200       0.37        1.2      0.037       48.0      119.0    0.99200       3.32       0.49       10.9          1
 6.9      0.410       0.33       10.1      0.043       28.0      152.0    0.99680       3.20       0.52        9.4          2
 6.4      0.450       0.07        1.1      0.030       10.0      131.0    0.99050       2.97       0.28       10.8          3
 6.4      0.475       0.06        1.0      0.030        9.0      131.0    0.99040       2.97       0.29       10.8          3
 6.3      0.270       0.38        0.9      0.051        7.0      140.0    0.99260       3.45       0.50       10.5          0
 7.0      0.290       0.37        4.9      0.034       26.0      127.0    0.99280       3.17       0.44       10.8          2
 5.9      0.270       0.29       11.4      0.036       31.0      115.0    0.99490       3.35       0.48       10.5          0
 6.9      0.190       0.40        1.4      0.036       14.0       55.0    0.99090       3.08       0.68       11.5          3
 6.7      0.300       0.35        1.4      0.180       36.0      160.0    0.99370       3.11       0.54        9.4          3
 7.2      0.240       0.40        1.4      0.045       31.0      106.0    0.99140       2.88       0.38       10.8          3
 6.3      0.260       0.49        1.5      0.052       34.0      134.0    0.99240       2.99       0.61        9.8          3
 7.3      0.250       0.29        7.5      0.049       38.0      158.0    0.99650       3.43       0.38        9.6          0
 6.1      0.280       0.25       17.8      0.044       48.0      161.0    0.99930       3.34       0.48        9.5          0
 7.4      0.370       0.35        5.7      0.061       12.0       94.0    0.99650       3.48       0.69       10.7          0
 6.5      0.360       0.28        3.2      0.037       29.0      119.0    0.99080       3.25       0.65       12.4          1
 7.4      0.240       0.40        4.3      0.032        9.0       95.0    0.99200       3.09       0.39       11.1          3
 7.5      0.230       0.68       11.0      0.047       37.0      133.0    0.99780       2.99       0.38        8.8          3
 7.5      0.210       0.68       10.9      0.045       38.0      133.0    0.99780       3.00       0.36        8.7          3
 7.8      0.320       0.33        2.4      0.037       18.0      101.0    0.99120       3.21       0.65       11.7          2
 7.8      0.260       0.27        1.9      0.051       52.0      195.0    0.99280       3.23       0.50       10.9          1
 7.7      0.240       0.27        1.8      0.051       52.0      190.0    0.99280       3.23       0.50       10.8          1
 7.4      0.190       0.30        1.4      0.057       33.0      135.0    0.99300       3.12       0.50        9.6          2
 6.5      0.460       0.41       16.8      0.084       59.0      222.0    0.99930       3.18       0.58        9.0          2
 6.5      0.260       0.43        8.9      0.083       50.0      171.0    0.99650       2.85       0.50        9.0          3
 5.3      0.320       0.12        6.6      0.043       22.0      141.0    0.99370       3.36       0.60       10.4          0
 7.2      0.240       0.34        1.1      0.045        3.0       64.0    0.99130       3.23       0.51       11.4          1
 6.0      0.360       0.06        1.4      0.066       27.0      128.0    0.99340       3.26       0.55        9.3          1
 6.2      0.240       0.29       13.3      0.039       49.0      130.0    0.99520       3.33       0.46       11.0          0
 7.6      0.560       0.12       10.4      0.096       22.0      177.0    0.99830       3.32       0.45        9.1          1
 7.0      0.320       0.24        6.2      0.048       31.0      228.0    0.99570       3.23       0.62        9.4          1
 5.8      0.310       0.33        1.2      0.036       23.0       99.0    0.99160       3.18       0.60       10.5          2
 7.0      0.230       0.42       18.1      0.050       35.0      144.0    0.99990       3.22       0.42        8.8          1
 6.9      0.240       0.33        4.8      0.040       16.0      131.0    0.99360       3.26       0.64       10.7          1
 6.0      0.290       0.20       12.6      0.045       45.0      187.0    0.99720       3.33       0.42        9.5          0
 6.1      0.170       0.28        4.5      0.033       46.0      150.0    0.99330       3.43       0.49       10.9          0
 5.9      0.140       0.25        4.5      0.027       34.0      140.0    0.99340       3.49       0.51       10.8          0
 6.2      0.170       0.28        4.7      0.037       39.0      133.0    0.99310       3.41       0.46       10.8          0
 7.4      0.280       0.25       11.9      0.053       25.0      148.0    0.99760       3.10       0.62        9.2          3
 5.6      0.350       0.14        5.0      0.046       48.0      198.0    0.99370       3.30       0.71       10.3          1
 5.8      0.335       0.14        5.8      0.046       49.0      197.0    0.99370       3.30       0.71       10.3          1
 5.6      0.235       0.29        1.2      0.047       33.0      127.0    0.99100       3.34       0.50       11.0          0
 6.1      0.280       0.25       12.9      0.054       34.0      189.0    0.99790       3.25       0.43        9.0          1
 6.3      0.210       0.33       13.9      0.046       68.0      179.0    0.99710       3.36       0.50       10.4          0
 6.4      0.240       0.28       11.5      0.050       34.0      163.0    0.99690       3.31       0.45        9.5          1
 6.4      0.240       0.29       11.4      0.051       32.0      166.0    0.99680       3.31       0.45        9.5          1
 6.3      0.260       0.25        7.8      0.058       44.0      166.0    0.99610       3.24       0.41        9.0          1
 6.5      0.330       0.72        1.1      0.061        7.0      151.0    0.99300       3.09       0.57        9.5          3
 7.4      0.105       0.34       12.2      0.050       57.0      146.0    0.99730       3.16       0.37        9.0          2
 6.0      0.320       0.12        5.9      0.041       34.0      190.0    0.99440       3.16       0.72       10.0          2
 7.1      0.260       0.34       14.4      0.067       35.0      189.0    0.99860       3.07       0.53        9.1          3
 5.9      0.240       0.26       12.3      0.053       34.0      134.0    0.99720       3.34       0.45        9.5          0
 6.5      0.210       0.37        2.5      0.048       70.0      138.0    0.99170       3.33       0.75       11.4          0
 7.7      0.270       0.35        5.3      0.030       30.0      117.0    0.99200       3.11       0.42       12.2          3
 9.0      0.270       0.35        4.9      0.028       27.0       95.0    0.99320       3.04       0.40       11.3          3
 7.3      0.340       0.21        3.2      0.050       14.0      136.0    0.99360       3.25       0.44       10.2          1
 6.6      0.270       0.25        3.1      0.052       41.0      188.0    0.99150       3.24       0.40       11.3          1
 6.8      0.290       0.16        1.4      0.038      122.5      234.5    0.99220       3.15       0.47       10.0          2
 7.1      0.280       0.26        1.9      0.049       12.0       86.0    0.99340       3.15       0.38        9.4          2
 6.8      0.250       0.34       14.0      0.032       47.0      133.0    0.99520       3.37       0.50       12.2          0
 7.0      0.570       0.10        8.3      0.094       23.0      188.0    0.99720       3.40       0.47        9.2          0
 7.1      0.170       0.38        7.4      0.052       49.0      182.0    0.99580       3.35       0.52        9.6          0
 7.8      0.280       0.22        1.4      0.056       24.0      130.0    0.99440       3.28       0.48        9.5          1
 6.8      0.220       0.37        1.7      0.036       38.0      195.0    0.99080       3.35       0.72       12.5          0
 6.1      0.140       0.25        1.3      0.047       37.0      173.0    0.99250       3.35       0.46       10.0          0
 6.4      0.240       0.50       11.6      0.047       60.0      211.0    0.99660       3.18       0.57        9.3          2
 7.8      0.420       0.26        9.2      0.058       34.0      199.0    0.99720       3.14       0.55        9.3          2
 6.6      0.280       0.36        1.7      0.038       22.0      101.0    0.99120       3.29       0.57       11.6          1
 7.1      0.320       0.34       14.5      0.039       46.0      150.0    0.99500       3.38       0.50       12.5          0
 6.7      0.310       0.30        2.1      0.038       18.0      130.0    0.99280       3.36       0.63       10.6          0
 6.4      0.320       0.50       10.7      0.047       57.0      206.0    0.99680       3.08       0.60        9.4          3
 6.1      0.280       0.25        6.9      0.056       44.0      201.0    0.99550       3.19       0.40        9.1          2
 5.9      0.290       0.25       12.0      0.057       48.0      224.0    0.99810       3.23       0.41        9.0          1
 5.8      0.320       0.38        4.8      0.033       23.0       94.0    0.99100       3.42       0.42       11.8          0
 5.7      0.320       0.38        4.8      0.033       23.0       94.0    0.99100       3.42       0.42       11.8          0
 6.7      0.280       0.14        1.4      0.043       64.0      159.0    0.99200       3.17       0.39       10.0          2
 6.8      0.340       0.69        1.3      0.058       12.0      171.0    0.99310       3.06       0.47        9.7          3
 5.9      0.250       0.25       11.3      0.052       30.0      165.0    0.99700       3.24       0.44        9.5          1
 6.4      0.270       0.32        4.5      0.240       61.0      174.0    0.99480       3.12       0.48        9.4          2
 8.1      0.460       0.31        1.7      0.052       50.0      183.0    0.99230       3.03       0.42       11.2          3
 6.2      0.360       0.26       13.2      0.051       54.0      201.0    0.99760       3.25       0.46        9.0          1
 6.8      0.220       0.35        5.5      0.043       21.0      114.0    0.99380       3.30       0.53       10.7          1
 6.8      0.670       0.30       13.0      0.290       22.0      193.0    0.99840       3.08       0.67        9.0          3
 7.2      0.280       0.30       10.7      0.044       61.0      222.0    0.99720       3.14       0.50        9.1          2
 6.7      0.170       0.37        2.0      0.039       34.0      125.0    0.99220       3.26       0.60       10.8          1
 6.9      0.200       0.34        1.9      0.043       25.0      136.0    0.99350       3.31       0.60       10.1          1
 6.1      0.360       0.16        6.4      0.037       36.0      198.0    0.99440       3.17       0.62        9.9          2
 6.0      0.360       0.16        6.3      0.036       36.0      191.0    0.99420       3.17       0.62        9.8          2
 5.9      0.370       0.14        6.3      0.036       34.0      185.0    0.99440       3.17       0.63        9.8          2
 7.6      0.290       0.58       17.5      0.041       51.0      225.0    0.99970       3.16       0.66        9.5          2
 6.3      0.340       0.28       14.7      0.047       49.0      198.0    0.99770       3.23       0.46        9.5          1
 6.7      0.190       0.34        1.0      0.022       22.0       94.0    0.99120       3.23       0.57       11.1          1
 7.5      0.310       0.51       14.8      0.039       62.0      204.0    0.99820       3.06       0.60        9.5          3
 7.4      0.310       0.48       14.2      0.042       62.0      204.0    0.99830       3.06       0.59        9.4          3
 8.4      0.400       0.70       13.1      0.042       29.0      197.0    0.99800       3.06       0.64        9.7          3
 5.9      0.340       0.22        2.4      0.030       19.0      135.0    0.98940       3.41       0.78       13.9          0
 6.6      0.380       0.18        1.2      0.042       20.0       84.0    0.99270       3.22       0.45       10.1          1
 6.4      0.330       0.28        1.1      0.038       30.0      110.0    0.99170       3.12       0.42       10.5          2
 5.6      0.250       0.26        3.6      0.037       18.0      115.0    0.99040       3.42       0.50       12.6          0
 8.6      0.270       0.46        6.1      0.032       13.0       41.0    0.99300       2.89       0.34       10.9          3
 6.2      0.310       0.21        6.3      0.041       50.0      218.0    0.99410       3.15       0.60       10.0          2
 7.2      0.180       0.45        4.4      0.046       57.0      166.0    0.99430       3.13       0.62       11.2          2
 7.7      0.200       0.44       13.9      0.050       44.0      130.0    0.99855       3.11       0.48       10.0          3
 6.2      0.470       0.21        1.0      0.044       13.0       98.0    0.99345       3.14       0.46        9.2          2
 6.1      0.250       0.24       12.1      0.046       51.0      172.0    0.99800       3.35       0.45        9.5          0
 8.2      0.270       0.43        1.6      0.035       31.0      128.0    0.99160       3.10       0.50       12.3          3
 6.4      0.310       0.39        7.5      0.040       57.0      213.0    0.99475       3.32       0.43       10.0          1
 6.0      0.390       0.26        2.7      0.038       39.0      187.0    0.99325       3.41       0.50       10.8          0
 6.2      0.210       0.27        1.7      0.038       41.0      150.0    0.99330       3.49       0.71       10.5          0
 7.7      0.420       0.31        9.2      0.048       22.0      221.0    0.99690       3.06       0.61        9.2          3
 7.0      0.270       0.41       18.8      0.042       34.0      157.0    1.00020       2.96       0.50        9.1          3
 7.4      0.290       0.50        1.8      0.042       35.0      127.0    0.99370       3.45       0.50       10.2          0
 6.6      0.290       0.44        9.0      0.053       62.0      178.0    0.99685       3.02       0.45        8.9          3
 6.0      0.300       0.44        1.5      0.046       15.0      182.0    0.99455       3.50       0.52       10.4          0
 6.9      0.310       0.34        1.6      0.032       23.0      128.0    0.99170       3.37       0.47       11.7          0
 6.6      0.330       0.31        1.3      0.020       29.0       89.0    0.99035       3.26       0.44       12.4          1
 7.8      0.300       0.40        1.8      0.028       23.0      122.0    0.99140       3.14       0.39       10.9          2
 6.4      0.390       0.21        1.2      0.041       35.0      136.0    0.99225       3.15       0.46       10.2          2
 6.4      0.240       0.31        2.8      0.038       41.0      114.0    0.99155       3.37       0.66       11.7          0
 7.0      0.210       0.34        8.0      0.057       19.0      101.0    0.99540       2.99       0.59        9.4          3
 6.4      0.160       0.31        5.3      0.043       42.0      157.0    0.99455       3.35       0.47       10.5          0
 6.0      0.330       0.27        0.8      0.185       12.0      188.0    0.99240       3.12       0.62        9.4          2
 6.5      0.230       0.33       13.8      0.042       25.0      139.0    0.99695       3.35       0.56       10.4          0
 6.2      0.250       0.48       10.0      0.044       78.0      240.0    0.99655       3.25       0.47        9.5          1
 8.8      0.280       0.45        6.0      0.022       14.0       49.0    0.99340       3.01       0.33       11.1          3
 6.6      0.250       0.30       14.4      0.052       40.0      183.0    0.99800       3.02       0.50        9.1          3
 6.9      0.380       0.25        9.8      0.040       28.0      191.0    0.99710       3.28       0.61        9.2          1
 6.4      0.250       0.30        5.5      0.038       15.0      129.0    0.99480       3.14       0.49        9.6          2
 7.1      0.210       0.31        3.8      0.021       40.0      142.0    0.99215       3.17       0.39       10.8          2
 6.9      0.390       0.40        4.6      0.022        5.0       19.0    0.99150       3.31       0.37       12.6          1
 5.8      0.200       0.30        1.5      0.031       21.0       57.0    0.99115       3.44       0.55       11.0          0
 7.0      0.200       0.37        2.0      0.030       26.0      136.0    0.99320       3.28       0.61       10.2          1
 5.9      0.260       0.25       12.5      0.034       38.0      152.0    0.99770       3.33       0.43        9.4          0
 7.4      0.380       0.27        7.5      0.041       24.0      160.0    0.99535       3.17       0.43       10.0          2
 7.4      0.200       1.66        2.1      0.022       34.0      113.0    0.99165       3.26       0.55       12.2          1
 7.0      0.210       0.34        8.5      0.033       31.0      253.0    0.99530       3.22       0.56       10.5          1
 7.2      0.290       0.40        7.6      0.024       56.0      177.0    0.99280       3.04       0.32       11.5          3
 6.9      0.180       0.38        8.1      0.049       44.0      176.0    0.99580       3.30       0.54        9.8          1
 7.3      0.300       0.42        7.3      0.025       51.0      175.0    0.99280       3.04       0.32       11.4          3
 6.9      0.200       0.50       10.0      0.036       78.0      167.0    0.99640       3.15       0.55       10.2          2
 6.7      0.200       0.42       14.0      0.038       83.0      160.0    0.99870       3.16       0.50        9.4          2
 5.9      0.350       0.47        2.2      0.110       14.0      138.0    0.99320       3.09       0.50        9.1          3
 7.1      0.280       0.44        1.8      0.032       32.0      107.0    0.99070       3.25       0.48       12.2          1
 5.8      0.250       0.28       11.1      0.056       45.0      175.0    0.99755       3.42       0.43        9.5          0
 6.8      0.220       0.37       15.2      0.051       68.0      178.0    0.99935       3.40       0.85        9.3          0
 7.1      0.140       0.40        1.2      0.051       55.0      136.0    0.99320       3.30       0.96        9.8          1
 7.1      0.130       0.40        1.2      0.047       54.0      134.0    0.99320       3.30       0.97        9.8          1
 7.0      0.200       0.38        8.1      0.050       42.0      173.0    0.99585       3.30       0.54        9.8          1
 6.8      0.240       0.49       19.3      0.057       55.0      247.0    1.00055       3.00       0.56        8.7          3
 5.0      0.440       0.04       18.6      0.039       38.0      128.0    0.99850       3.37       0.57       10.2          0
 6.3      0.300       0.28        5.0      0.042       36.0      168.0    0.99505       3.22       0.69        9.5          1
 7.2      0.270       0.42        1.6      0.050       35.0      135.0    0.99200       2.94       0.46       11.0          3
 6.7      0.500       0.63       13.4      0.078       81.0      238.0    0.99880       3.08       0.44        9.2          3
 6.8      0.200       0.36        1.6      0.028        7.0       46.0    0.99175       3.21       0.60       10.9          2
 6.7      0.110       0.34        8.8      0.043       41.0      113.0    0.99620       3.42       0.40        9.3          0
 6.8      0.120       0.31        5.2      0.045       29.0      120.0    0.99420       3.41       0.46        9.8          0
 6.6      0.160       0.57        1.1      0.130       58.0      140.0    0.99270       3.12       0.39        9.3          2
 6.6      0.210       0.60        1.1      0.135       61.0      144.0    0.99270       3.12       0.39        9.3          2
 6.1      0.270       0.30       16.7      0.039       49.0      172.0    0.99985       3.40       0.45        9.4          0
 9.1      0.270       0.45       10.6      0.035       28.0      124.0    0.99700       3.20       0.46       10.4          2
 6.4      0.225       0.48        2.2      0.115       29.0      104.0    0.99180       3.24       0.58       12.1          1
 8.3      0.140       0.45        1.5      0.039       18.0       98.0    0.99215       3.02       0.56       11.0          3
 7.2      0.230       0.19       13.7      0.052       47.0      197.0    0.99865       3.12       0.53        9.0          2
 6.9      0.220       0.37       15.0      0.053       59.0      178.0    0.99920       3.37       0.82        9.5          0
 8.1      0.170       0.44       14.1      0.053       43.0      145.0    1.00060       3.28       0.75        8.8          1
 6.0      0.395       0.00        1.4      0.042        7.0       55.0    0.99135       3.37       0.38       11.2          0
 7.8      0.290       0.22        9.5      0.056       44.0      213.0    0.99715       3.08       0.61        9.3          3
 7.6      0.300       0.27       10.6      0.039       31.0      119.0    0.99815       3.27       0.30        9.3          1
 7.7      0.340       0.28       11.0      0.040       31.0      117.0    0.99815       3.27       0.29        9.2          1
 5.8      0.340       0.16        7.0      0.037       26.0      116.0    0.99490       3.46       0.45       10.0          0
 5.9      0.240       0.30        2.0      0.033       28.0       92.0    0.99225       3.39       0.69       10.9          0
 6.4      0.460       0.08        4.9      0.046       34.0      144.0    0.99445       3.10       0.56       10.0          3
 7.4      0.320       0.27        1.4      0.049       38.0      173.0    0.99335       3.03       0.52        9.3          3
 7.2      0.310       0.26        7.3      0.050       37.0      157.0    0.99625       3.09       0.43        9.0          3
 7.8      0.420       0.23        8.8      0.054       42.0      215.0    0.99710       3.02       0.58        9.2          3
 6.9      0.240       0.33       12.5      0.046       47.0      153.0    0.99830       3.28       0.77        9.6          1
 5.4      0.180       0.24        4.8      0.041       30.0      113.0    0.99445       3.42       0.40        9.4          0
 6.0      0.180       0.31        1.4      0.036       14.0       75.0    0.99085       3.34       0.58       11.1          0
 7.8      0.270       0.58       11.2      0.036       44.0      161.0    0.99770       3.06       0.41        8.9          3
 6.0      0.280       0.49        6.8      0.048       61.0      222.0    0.99530       3.19       0.47        9.3          2
 6.8      0.390       0.35       11.6      0.044       57.0      220.0    0.99775       3.07       0.53        9.3          3
 6.6      0.210       0.31       11.4      0.039       46.0      165.0    0.99795       3.41       0.44        9.8          0
 7.3      0.320       0.34        6.6      0.032       24.0      112.0    0.99505       3.22       0.46        9.8          1
 6.4      0.310       0.26       13.2      0.046       57.0      205.0    0.99750       3.17       0.41        9.6          2
 6.2      0.290       0.26       13.1      0.046       55.0      204.0    0.99745       3.16       0.41        9.6          2
 6.0      0.390       0.17       12.0      0.046       65.0      246.0    0.99760       3.15       0.38        9.0          2
 6.2      0.300       0.26       13.4      0.046       57.0      206.0    0.99775       3.17       0.43        9.5          2
 6.0      0.410       0.05        1.5      0.063       17.0      120.0    0.99320       3.21       0.56        9.2          2
 6.4      0.350       0.28        1.1      0.055        9.0      160.0    0.99405       3.42       0.50        9.1          0
 6.5      0.260       0.32       16.5      0.045       44.0      166.0    1.00000       3.38       0.46        9.5          0
 7.9      0.350       0.24       15.6      0.072       44.0      229.0    0.99785       3.03       0.59       10.5          3
 6.2      0.300       0.17        2.8      0.040       24.0      125.0    0.99390       3.01       0.46        9.0          3
 8.4      0.180       0.42        5.1      0.036        7.0       77.0    0.99390       3.16       0.52       11.7          2
 6.6      0.560       0.22        8.9      0.034       27.0      133.0    0.99675       3.20       0.51        9.1          2
 6.6      0.360       0.29        1.6      0.021       24.0       85.0    0.98965       3.41       0.61       12.4          0
 7.3      0.655       0.20       10.2      0.071       28.0      212.0    0.99710       2.96       0.58        9.2          3
 6.8      0.180       0.21        5.4      0.053       34.0      104.0    0.99445       3.30       0.43        9.4          1
 6.7      0.190       0.23        6.2      0.047       36.0      117.0    0.99450       3.34       0.43        9.6          0
 7.0      0.210       0.37        7.2      0.042       36.0      167.0    0.99580       3.26       0.56        9.8          1
 6.8      0.250       0.38        8.1      0.046       24.0      155.0    0.99560       3.33       0.59       10.2          0
 7.4      0.240       0.36        2.0      0.031       27.0      139.0    0.99055       3.28       0.48       12.5          1
 7.1      0.160       0.36       10.7      0.044       20.0       90.0    0.99590       3.16       0.44       10.9          2
 7.1      0.160       0.36        1.2      0.043       21.0       90.0    0.99250       3.16       0.42       11.0          2
 7.3      0.205       0.31        1.7      0.060       34.0      110.0    0.99630       3.72       0.69       10.5          0
 7.4      0.170       0.40        5.5      0.037       34.0      161.0    0.99350       3.05       0.62       11.5          3
 7.3      0.300       0.34        2.7      0.044       34.0      108.0    0.99105       3.36       0.53       12.8          0
 6.9      0.250       0.34        1.3      0.035       27.0       82.0    0.99045       3.18       0.44       12.2          2
 7.5      0.420       0.34        4.3      0.040       34.0      108.0    0.99155       3.14       0.45       12.8          2
 7.3      0.250       0.36        2.1      0.034       30.0      177.0    0.99085       3.25       0.40       11.9          1
 7.5      0.340       0.35        6.0      0.034       12.0      126.0    0.99240       3.16       0.39       12.0          2
 7.6      0.330       0.35        6.3      0.036       12.0      126.0    0.99240       3.16       0.39       12.0          2
 8.7      0.230       0.32       13.4      0.044       35.0      169.0    0.99975       3.12       0.47        8.8          2
 6.9      0.190       0.35        1.7      0.036       33.0      101.0    0.99315       3.21       0.54       10.8          2
 7.3      0.210       0.29        1.6      0.034       29.0      118.0    0.99170       3.30       0.50       11.0          1
 6.6      0.220       0.37       15.4      0.035       62.0      153.0    0.99845       3.02       0.40        9.3          3
 9.2      0.340       0.27        1.2      0.026       17.0       73.0    0.99210       3.08       0.39       10.8          3
 6.0      0.200       0.24        1.8      0.030       30.0      105.0    0.99090       3.31       0.47       11.5          1
 8.2      0.380       0.49       13.6      0.042       58.0      166.0    0.99855       3.10       0.54        9.4          3
 6.9      0.180       0.36        1.3      0.036       40.0      117.0    0.99340       3.27       0.95        9.5          1
 7.7      0.340       0.58       11.1      0.039       41.0      151.0    0.99780       3.06       0.49        8.6          3
 7.4      0.200       0.35        2.1      0.038       30.0      116.0    0.99490       3.49       0.77       10.3          0
 8.2      0.400       0.48       13.7      0.042       59.0      169.0    0.99860       3.10       0.52        9.4          3
 6.7      0.220       0.39       10.2      0.038       60.0      149.0    0.99725       3.17       0.54       10.0          2
 6.6      0.300       0.30        4.8      0.170       60.0      166.0    0.99460       3.18       0.47        9.4          2
 8.1      0.270       0.35        1.7      0.030       38.0      103.0    0.99255       3.22       0.63       10.4          1
 7.3      0.250       0.42       14.2      0.041       57.0      182.0    0.99960       3.29       0.75        9.1          1
 4.8      0.340       0.00        6.5      0.028       33.0      163.0    0.99390       3.36       0.61        9.9          0
 6.2      0.280       0.33        1.7      0.029       24.0      111.0    0.99000       3.24       0.50       12.1          1
 4.8      0.330       0.00        6.5      0.028       34.0      163.0    0.99370       3.35       0.61        9.9          0
 6.1      0.270       0.33        2.2      0.021       26.0      117.0    0.98860       3.12       0.30       12.5          2
 7.8      0.180       0.46       12.6      0.042       41.0      143.0    1.00000       3.24       0.76        8.5          1
 7.3      0.280       0.42       14.4      0.040       49.0      173.0    0.99940       3.28       0.82        9.0          1
 7.3      0.240       0.29        1.2      0.037       37.0       97.0    0.99260       3.19       0.70       10.1          2
 6.0      0.450       0.65        9.7      0.080       11.0      159.0    0.99560       3.04       0.48        9.4          3
 6.3      0.260       0.21        4.0      0.030       24.0      125.0    0.99150       3.06       0.34       10.7          3
10.3      0.170       0.47        1.4      0.037        5.0       33.0    0.99390       2.89       0.28        9.6          3
 7.7      0.150       0.29        1.3      0.029       10.0       64.0    0.99320       3.35       0.39       10.1          0
 7.1      0.210       0.32        2.2      0.037       28.0      141.0    0.99300       3.20       0.57       10.0          2
 6.9      0.360       0.34        4.2      0.018       57.0      119.0    0.98980       3.28       0.36       12.7          1
 6.0      0.280       0.34        1.6      0.119       33.0      104.0    0.99210       3.19       0.38       10.2          2
 6.2      0.160       0.54        1.4      0.126       37.0      110.0    0.99320       3.23       0.37        8.9          1
 6.9      0.120       0.36        2.2      0.037       18.0      111.0    0.99190       3.41       0.82       11.9          0
 8.8      0.360       0.44        1.9      0.040        9.0      121.0    0.99530       3.19       0.48        9.9          2
 7.4      0.260       0.43        6.0      0.022       22.0      125.0    0.99280       3.13       0.55       11.5          2
 6.8      0.230       0.29       12.2      0.035       38.0      236.0    0.99760       3.35       0.52        9.8          0
 6.1      0.340       0.27        2.6      0.024       20.0      105.0    0.99060       3.40       0.67       12.2          0
 7.3      0.260       0.31        1.6      0.040       39.0      173.0    0.99180       3.19       0.51       11.4          2
 6.5      0.300       0.32        2.0      0.044       34.0       90.0    0.99185       3.37       0.68       11.0          0
 5.0      0.310       0.00        6.4      0.046       43.0      166.0    0.99400       3.30       0.63        9.9          1
 5.8      0.260       0.18        1.2      0.031       40.0      114.0    0.99080       3.42       0.40       11.0          0
 5.9      0.260       0.30        1.0      0.036       38.0      114.0    0.99280       3.58       0.48        9.4          0
 7.0      0.310       0.29        1.4      0.037       33.0      128.0    0.98960       3.12       0.36       12.2          2
 5.6      0.190       0.39        1.1      0.043       17.0       67.0    0.99180       3.23       0.53       10.3          1
 6.8      0.180       0.28        8.7      0.047       52.0      242.0    0.99520       3.22       0.53       10.5          1
 7.0      0.290       0.26        1.6      0.044       12.0       87.0    0.99230       3.08       0.46       10.5          3
 6.6      0.260       0.29        1.4      0.039       13.0       67.0    0.99150       3.05       0.49       10.9          3
 6.8      0.180       0.28        8.5      0.047       52.0      242.0    0.99520       3.22       0.53       10.5          1
 6.6      0.200       0.38        7.9      0.052       30.0      145.0    0.99470       3.32       0.56       11.0          1
 8.0      0.290       0.29       13.2      0.046       26.0      113.0    0.99830       3.25       0.37        9.7          1
 6.1      0.280       0.35       12.8      0.048       63.0      229.0    0.99750       3.08       0.40        8.9          3
 5.9      0.310       0.30        7.7      0.047       60.0      206.0    0.99500       3.20       0.39        9.6          2
 6.9      0.210       0.28        2.4      0.056       49.0      159.0    0.99440       3.02       0.47        8.8          3
 8.4      0.190       0.42        1.6      0.047        9.0      101.0    0.99400       3.06       0.65       11.1          3
 8.3      0.270       0.45        1.3      0.048        8.0       72.0    0.99440       3.08       0.61       10.3          3
 7.1      0.250       0.39        2.1      0.036       30.0      124.0    0.99080       3.28       0.43       12.2          1
 8.0      0.230       0.37        9.6      0.054       23.0      159.0    0.99795       3.32       0.47        9.8          1
 7.5      0.240       0.31       13.0      0.049       46.0      217.0    0.99850       3.08       0.53        8.8          3
 6.3      0.330       0.20        5.8      0.040       24.0      144.0    0.99425       3.15       0.63        9.9          2
 6.2      0.330       0.19        5.6      0.042       22.0      143.0    0.99425       3.15       0.63        9.9          2
 6.3      0.340       0.19        5.8      0.041       22.0      145.0    0.99430       3.15       0.63        9.9          2
 5.8      0.290       0.05        0.8      0.038       11.0       30.0    0.99240       3.36       0.35        9.2          0
 8.0      0.320       0.26        1.2      0.050       11.5       88.0    0.99460       3.24       0.37        9.5          1
 5.6      0.290       0.05        0.8      0.038       11.0       30.0    0.99240       3.36       0.35        9.2          0
 7.4      0.130       0.39        4.7      0.042       36.0      137.0    0.99500       3.36       0.56       10.3          0
 7.7      0.300       0.32        1.6      0.037       23.0      124.0    0.99190       2.93       0.33       11.0          3
 7.0      0.240       0.34        1.4      0.031       27.0      107.0    0.99000       3.06       0.39       11.9          3
 8.6      0.180       0.40        1.1      0.040       20.0      107.0    0.99230       2.94       0.32       10.2          3
 7.0      0.110       0.32        4.6      0.057       59.0      144.0    0.99560       3.55       0.44        9.4          0
 7.7      0.320       0.62       10.6      0.036       56.0      153.0    0.99780       3.13       0.44        8.9          2
 6.5      0.260       0.27       12.9      0.044       69.0      215.0    0.99670       3.17       0.43       10.0          2
 7.9      0.280       0.41        2.0      0.044       50.0      152.0    0.99340       3.45       0.49       10.7          0
 6.3      0.270       0.23        2.9      0.047       13.0      100.0    0.99360       3.28       0.43        9.8          1
 5.4      0.595       0.10        2.8      0.042       26.0       80.0    0.99320       3.36       0.38        9.3          0
 6.7      0.250       0.33        2.9      0.057       52.0      173.0    0.99340       3.02       0.48        9.5          3
 6.5      0.250       0.35       12.0      0.055       47.0      179.0    0.99800       3.58       0.47       10.0          0
 6.1      0.360       0.58       15.0      0.044       42.0      115.0    0.99780       3.15       0.51        9.0          2
 7.7      0.170       0.52        5.9      0.017       21.0       84.0    0.99290       3.14       0.40       11.9          2
 6.4      0.260       0.43       12.6      0.033       64.0      230.0    0.99740       3.08       0.38        8.9          3
 6.5      0.260       0.28       12.5      0.046       80.0      225.0    0.99685       3.18       0.41       10.0          2
 5.9      0.290       0.33        7.4      0.037       58.0      205.0    0.99495       3.26       0.41        9.6          1
 6.2      0.280       0.43       13.0      0.039       64.0      233.0    0.99745       3.08       0.38        8.9          3
 6.1      0.270       0.44        6.7      0.041       61.0      230.0    0.99505       3.12       0.40        8.9          2
 6.4      0.430       0.32        1.4      0.048       10.0       67.0    0.99200       3.08       0.41       11.4          3
 6.2      0.350       0.29        7.3      0.044       56.0      244.0    0.99560       3.36       0.55       10.0          0
 7.7      0.240       0.29       15.3      0.044       39.0      194.0    0.99820       3.06       0.47        9.6          3
 6.2      0.340       0.28        7.5      0.034       40.0      197.0    0.99485       3.14       0.60        9.7          2
 6.3      0.270       0.46       11.8      0.037       61.0      212.0    0.99710       3.25       0.53        9.5          1
 5.4      0.415       0.19        1.6      0.039       27.0       88.0    0.99265       3.54       0.41       10.0          0
 6.9      0.480       0.36        3.5      0.030       31.0      135.0    0.99040       3.14       0.38       12.2          2
 6.5      0.180       0.33        8.0      0.051       16.0      131.0    0.99650       3.28       0.44        8.7          1
 6.7      0.150       0.29        5.0      0.058       28.0      105.0    0.99460       3.52       0.44       10.2          0
 8.2      0.345       1.00       18.2      0.047       55.0      205.0    0.99965       2.96       0.43        9.6          3
 8.5      0.160       0.35        1.6      0.039       24.0      147.0    0.99350       2.96       0.36       10.0          3
 6.8      0.705       0.25        3.2      0.048       10.0       57.0    0.99600       3.36       0.52        9.5          0
 7.3      0.250       0.39        6.4      0.034        8.0       84.0    0.99420       3.18       0.46       11.5          2
 7.6      0.345       0.26        1.9      0.043       15.0      134.0    0.99360       3.08       0.38        9.5          3
 7.6      0.220       0.34        9.7      0.035       26.0      143.0    0.99650       3.08       0.49        9.8          3
 6.5      0.170       0.33        1.4      0.028       14.0       99.0    0.99280       3.23       0.55       10.1          1
 8.2      0.230       0.37        1.3      0.042       39.0      117.0    0.99280       2.99       0.36       10.0          3
 7.5      0.320       0.26        1.8      0.042       13.0      133.0    0.99380       3.07       0.38        9.5          3
 6.6      0.230       0.32        0.9      0.041       25.0       79.0    0.99260       3.39       0.54       10.2          0
 6.6      0.200       0.32        1.1      0.039       25.0       78.0    0.99260       3.39       0.54       10.2          0
 7.3      0.240       0.34       15.4      0.050       38.0      174.0    0.99830       3.03       0.42        9.0          3
 8.0      0.420       0.36        5.0      0.037       34.0      101.0    0.99200       3.13       0.57       12.3          2
 6.1      0.190       0.25        4.0      0.023       23.0      112.0    0.99230       3.37       0.51       11.6          0
 5.9      0.260       0.21       12.5      0.034       36.0      152.0    0.99720       3.28       0.43        9.5          1
 8.3      0.230       0.43        3.2      0.035       14.0      101.0    0.99280       3.15       0.36       11.5          2
 6.5      0.340       0.28        1.8      0.041       43.0      188.0    0.99280       3.13       0.37        9.6          2
 6.8      0.220       0.35       17.5      0.039       38.0      153.0    0.99940       3.24       0.42        9.0          1
 6.5      0.080       0.33        1.9      0.028       23.0       93.0    0.99100       3.34       0.70       12.0          0
 5.5      0.420       0.09        1.6      0.019       18.0       68.0    0.99060       3.33       0.51       11.4          0
 5.1      0.420       0.01        1.5      0.017       25.0      102.0    0.98940       3.38       0.36       12.3          0
 6.0      0.270       0.19        1.7      0.020       24.0      110.0    0.98980       3.32       0.47       12.6          1
 7.1      0.130       0.38        1.8      0.046       14.0      114.0    0.99250       3.32       0.90       11.7          1
 7.6      0.300       0.25        4.3      0.054       22.0      111.0    0.99560       3.12       0.49        9.2          2
 6.6      0.130       0.30        4.9      0.058       47.0      131.0    0.99460       3.51       0.45       10.3          0
 6.5      0.140       0.33        7.6      0.050       53.0      189.0    0.99660       3.25       0.49        8.6          1
 7.7      0.280       0.33        6.7      0.037       32.0      155.0    0.99510       3.39       0.62       10.7          0
 6.0      0.200       0.71        1.6      0.150       10.0       54.0    0.99270       3.12       0.47        9.8          2
 6.0      0.190       0.71        1.5      0.152        9.0       55.0    0.99270       3.12       0.46        9.8          2
 5.1      0.390       0.21        1.7      0.027       15.0       72.0    0.98940       3.50       0.45       12.5          0
 5.7      0.360       0.34        4.2      0.026       21.0       77.0    0.99070       3.41       0.45       11.9          0
 6.9      0.190       0.33        1.6      0.043       63.0      149.0    0.99250       3.44       0.52       10.8          0
 6.0      0.410       0.21        1.9      0.050       29.0      122.0    0.99280       3.42       0.52       10.5          0
 7.4      0.280       0.30        5.3      0.054       44.0      161.0    0.99410       3.12       0.48       10.3          2
 7.4      0.300       0.30        5.2      0.053       45.0      163.0    0.99410       3.12       0.45       10.3          2
 7.7      0.280       0.39        8.9      0.036        8.0      117.0    0.99350       3.06       0.38       12.0          3
 8.6      0.160       0.38        3.4      0.040       41.0      143.0    0.99320       2.95       0.39       10.2          3
 8.2      0.260       0.44        1.3      0.046        7.0       69.0    0.99440       3.14       0.62       10.2          2
 6.5      0.250       0.27       15.2      0.049       75.0      217.0    0.99720       3.19       0.39        9.9          2
 7.0      0.240       0.18        1.3      0.046        9.0       62.0    0.99400       3.38       0.47       10.1          0
 8.6      0.180       0.36        1.8      0.040       24.0      187.0    0.99560       3.25       0.55        9.5          1
 7.8      0.270       0.34        1.6      0.046       27.0      154.0    0.99270       3.05       0.45       10.5          3
 6.0      0.260       0.34        1.3      0.046        6.0       29.0    0.99240       3.29       0.63       10.4          1
 6.1      0.240       0.27        9.8      0.062       33.0      152.0    0.99660       3.31       0.47        9.5          1
 8.0      0.240       0.30       17.4      0.056       43.0      184.0    0.99970       3.05       0.50        9.2          3
 7.6      0.210       0.60        2.1      0.046       47.0      165.0    0.99360       3.05       0.54       10.1          3
 8.0      0.190       0.36        1.8      0.050       16.0       84.0    0.99360       3.15       0.45        9.8          2
 6.4      0.280       0.41        6.8      0.045       61.0      216.0    0.99520       3.09       0.46        9.4          3
 6.4      0.280       0.43        7.1      0.045       60.0      221.0    0.99520       3.09       0.45        9.4          3
 6.9      0.240       0.39        1.3      0.063       18.0      136.0    0.99280       3.31       0.48       10.4          1
 5.8      0.360       0.26        3.3      0.038       40.0      153.0    0.99110       3.34       0.55       11.3          0
 6.6      0.180       0.28        3.3      0.044       18.0       91.0    0.99300       3.42       0.64       10.8          0
 5.1      0.520       0.06        2.7      0.052       30.0       79.0    0.99320       3.32       0.43        9.3          1
 6.6      0.220       0.37        1.2      0.059       45.0      199.0    0.99300       3.37       0.55       10.3          0
 8.3      0.150       0.39        1.3      0.055       32.0      146.0    0.99300       3.08       0.39       10.5          3
 7.6      0.160       0.44        1.4      0.043       25.0      109.0    0.99320       3.11       0.75       10.3          3
 7.7      0.160       0.41        1.7      0.048       60.0      173.0    0.99320       3.24       0.66       11.2          1
 8.3      0.160       0.48        1.7      0.057       31.0       98.0    0.99430       3.15       0.41       10.3          2
 6.2      0.250       0.47       11.6      0.048       62.0      210.0    0.99680       3.19       0.50        9.5          2
 6.1      0.160       0.27       12.6      0.064       63.0      162.0    0.99940       3.66       0.43        8.9          0
 7.6      0.390       0.22        2.8      0.036       19.0      113.0    0.99260       3.03       0.29       10.2          3
 6.8      0.370       0.47       11.2      0.071       44.0      136.0    0.99680       2.98       0.88        9.2          3
 7.1      0.180       0.42        1.4      0.045       47.0      157.0    0.99160       2.95       0.31       10.5          3
 8.3      0.140       0.26        1.5      0.049       56.0      189.0    0.99460       3.21       0.62        9.5          2
 8.6      0.200       0.42        1.5      0.041       35.0      125.0    0.99250       3.11       0.49       11.4          3
 6.8      0.190       0.32        7.0      0.019       54.0      188.0    0.99350       3.25       0.37       11.1          1
 7.6      0.190       0.38       10.6      0.060       48.0      174.0    0.99620       3.13       0.38       10.5          2
 6.8      0.340       0.74        2.8      0.088       23.0      185.0    0.99280       3.51       0.70       12.0          0
 6.2      0.150       0.46        1.6      0.039       38.0      123.0    0.99300       3.38       0.51        9.7          0
 6.6      0.140       0.44        1.6      0.042       47.0      140.0    0.99300       3.32       0.51       10.2          1
 8.0      0.550       0.17        8.2      0.040       13.0       60.0    0.99560       3.09       0.30        9.5          3
 7.0      0.240       0.35        1.5      0.052       51.0      128.0    0.99410       3.41       0.59       10.4          0
 6.3      0.600       0.44       11.0      0.050       50.0      245.0    0.99720       3.19       0.57        9.3          2
 7.1      0.200       0.41        2.1      0.054       24.0      166.0    0.99480       3.48       0.62       10.5          0
 6.2      0.340       0.29        7.6      0.047       45.0      232.0    0.99550       3.35       0.62       10.0          0
 7.1      0.300       0.36        6.8      0.055       44.5      234.0    0.99720       3.49       0.64       10.2          0
 7.9      0.640       0.46       10.6      0.244       33.0      227.0    0.99830       2.87       0.74        9.1          3
 8.8      0.170       0.38        1.8      0.040       39.0      148.0    0.99420       3.16       0.67       10.2          2
 7.5      0.170       0.37        1.5      0.060       18.0       75.0    0.99360       3.54       0.88       10.7          0
 7.1      0.470       0.24        6.0      0.044       11.0       77.0    0.99560       3.21       0.56        9.7          2
 7.1      0.150       0.34        5.3      0.034       33.0      104.0    0.99530       3.37       0.52        9.3          0
 7.5      0.170       0.34        1.4      0.035       13.0      102.0    0.99180       3.05       0.74       11.0          3
 8.2      0.680       0.30        2.1      0.047       17.0      138.0    0.99500       3.22       0.71       10.8          1
 7.7      0.275       0.30        1.0      0.039       19.0       75.0    0.99200       3.01       0.56       10.7          3
 7.3      0.490       0.32        5.2      0.043       18.0      104.0    0.99520       3.24       0.45       10.7          1
 7.5      0.330       0.48       19.4      0.048       55.0      243.0    1.00100       2.95       0.40        8.8          3
 7.2      0.210       0.37        1.6      0.049       23.0       94.0    0.99240       3.16       0.48       10.9          2
 7.3      0.150       0.40        2.0      0.050       24.0       92.0    0.99320       3.14       0.45       10.5          2
 6.5      0.190       0.10        1.3      0.046       23.0      107.0    0.99370       3.29       0.45       10.0          1
 7.0      0.310       0.52        1.7      0.029        5.0       61.0    0.99180       3.07       0.43       10.4          3
 8.3      0.400       0.38        1.1      0.038       15.0       75.0    0.99340       3.03       0.43        9.2          3
 6.1      0.370       0.36        4.7      0.035       36.0      116.0    0.99100       3.31       0.62       12.6          1
 7.3      0.240       0.34        7.5      0.048       29.0      152.0    0.99620       3.10       0.54        9.0          3
 6.9      0.210       0.81        1.1      0.137       52.0      123.0    0.99320       3.03       0.39        9.2          3
 7.6      0.290       0.42        1.3      0.035       18.0       86.0    0.99080       2.99       0.39       11.3          3
 9.4      0.290       0.55        2.2      0.050       17.0      119.0    0.99620       3.12       0.69       10.3          2
 8.6      0.260       0.41        2.2      0.049       29.0      111.0    0.99410       2.96       0.44       10.0          3
 7.5      0.210       0.34        1.2      0.060       26.0      111.0    0.99310       3.51       0.47       10.7          0
 7.2      0.510       0.24       10.0      0.093       35.0      197.0    0.99810       3.41       0.47        9.0          0
 5.3      0.300       0.20        1.1      0.077       48.0      166.0    0.99440       3.30       0.54        8.7          1
 8.0      0.260       0.36        2.0      0.054       30.0      121.0    0.99200       3.09       0.72       11.6          3
 7.0      0.210       0.28        7.5      0.070       45.0      185.0    0.99660       3.34       0.55        9.4          0
 6.7      0.260       0.26        4.0      0.079       35.5      216.0    0.99560       3.31       0.68        9.5          1
 6.7      0.260       0.26        4.1      0.073       36.0      202.0    0.99560       3.30       0.67        9.5          1
 8.1      0.260       0.37        1.9      0.072       48.0      159.0    0.99490       3.37       0.70       10.9          0
 8.3      0.220       0.38       14.8      0.054       32.0      126.0    1.00020       3.22       0.50        9.7          1
 6.4      0.300       0.51        5.5      0.048       62.0      172.0    0.99420       3.08       0.45        9.1          3
 7.5      0.190       0.34        2.6      0.037       33.0      125.0    0.99230       3.10       0.49       11.1          3
 8.8      0.330       0.44        6.3      0.024        9.0       87.0    0.99170       2.96       0.40       12.6          3
 6.9      0.200       0.36        1.5      0.031       38.0      147.0    0.99310       3.35       0.56       11.0          0
 8.0      0.370       0.32        1.6      0.040       32.0      166.0    0.99200       3.00       0.55       11.3          3
 8.2      0.290       0.33        9.1      0.036       28.0      118.0    0.99530       2.96       0.40       10.9          3
 7.7      0.340       0.30        8.0      0.048       25.0      192.0    0.99510       2.97       0.47       10.9          3
 6.2      0.550       0.45       12.0      0.049       27.0      186.0    0.99740       3.17       0.50        9.3          2
 6.4      0.400       0.19        3.2      0.033       28.0      124.0    0.99040       3.22       0.54       12.7          1
 7.5      0.280       0.33        7.7      0.048       42.0      180.0    0.99740       3.37       0.59       10.1          0
 7.8      0.260       0.44        1.3      0.037       43.0      132.0    0.99440       3.18       0.65       10.0          2
 6.5      0.260       0.34       16.3      0.051       56.0      197.0    1.00040       3.49       0.42        9.8          0
 6.3      0.340       0.29        6.2      0.046       29.0      227.0    0.99520       3.29       0.53       10.1          1
 6.8      0.150       0.33        4.7      0.059       31.0      118.0    0.99560       3.43       0.39        9.0          0
 6.3      0.270       0.25        5.8      0.038       52.0      155.0    0.99500       3.28       0.38        9.4          1
 7.4      0.200       0.37       16.9      0.048       43.0      190.0    0.99950       3.03       0.42        9.2          3
 6.3      0.230       0.21        5.1      0.035       29.0      142.0    0.99420       3.36       0.33       10.1          0
 7.3      0.310       0.69       10.2      0.041       58.0      160.0    0.99770       3.06       0.45        8.6          3
 5.2      0.240       0.45        3.8      0.027       21.0      128.0    0.99200       3.55       0.49       11.2          0
 7.0      0.240       0.32        1.3      0.037       39.0      123.0    0.99200       3.17       0.42       11.2          2
 7.0      0.170       0.33        4.0      0.034       17.0      127.0    0.99340       3.19       0.39       10.6          2
 8.3      0.210       0.58       17.1      0.049       62.0      213.0    1.00060       3.01       0.51        9.3          3
 7.2      0.210       0.35       14.5      0.048       35.0      178.0    0.99820       3.05       0.47        8.9          3
 7.1      0.210       0.40        1.2      0.069       24.0      156.0    0.99280       3.42       0.43       10.6          0
 8.4      0.170       0.31        6.7      0.038       29.0      132.0    0.99450       3.10       0.32       10.6          3
 7.4      0.240       0.31        8.4      0.045       52.0      183.0    0.99630       3.09       0.32        8.8          3
 5.3      0.240       0.33        1.3      0.033       25.0       97.0    0.99060       3.59       0.38       11.0          0
 6.5      0.280       0.26        8.8      0.040       44.0      139.0    0.99560       3.32       0.37       10.2          1
 6.5      0.290       0.25       10.6      0.039       32.0      120.0    0.99620       3.31       0.34       10.1          1
 5.8      0.290       0.21        2.6      0.025       12.0      120.0    0.98940       3.39       0.79       14.0          0
 6.3      0.170       0.42        2.8      0.028       45.0      107.0    0.99080       3.27       0.43       11.8          1
 6.3      0.160       0.40        1.6      0.033       59.0      148.0    0.99140       3.44       0.53       11.4          0
 7.9      0.290       0.39        6.7      0.036        6.0      117.0    0.99380       3.12       0.42       10.7          2
 5.5      0.320       0.45        4.9      0.028       25.0      191.0    0.99220       3.51       0.49       11.5          0
 7.2      0.370       0.15        2.0      0.029       27.0       87.0    0.99030       3.30       0.59       12.6          1
 6.1      0.290       0.27        1.7      0.024       13.0       76.0    0.98930       3.21       0.51       12.6          2
 9.2      0.220       0.40        2.4      0.054       18.0      151.0    0.99520       3.04       0.46        9.3          3
 8.0      0.180       0.37        1.3      0.040       15.0       96.0    0.99120       3.06       0.61       12.1          3
 6.5      0.220       0.34       12.0      0.053       55.0      177.0    0.99830       3.52       0.44        9.9          0
 7.4      0.180       0.40        1.6      0.047       22.0      102.0    0.99370       3.28       0.44       10.7          1
 6.5      0.520       0.17        1.4      0.047        5.0       26.0    0.99320       3.26       0.32       10.0          1
 7.0      0.150       0.38        2.2      0.047       33.0       96.0    0.99280       3.13       0.39       10.4          2
 5.9      0.415       0.13        1.4      0.040       11.0       64.0    0.99220       3.29       0.52       10.5          1
 8.1      0.450       0.34        8.3      0.037       33.0      216.0    0.99760       3.31       0.64        9.7          1
 5.8      0.415       0.13        1.4      0.040       11.0       64.0    0.99220       3.29       0.52       10.5          1
 6.4      0.500       0.16       12.9      0.042       26.0      138.0    0.99740       3.28       0.33        9.0          1
 6.7      0.105       0.32       12.4      0.051       34.0      106.0    0.99800       3.54       0.45        9.2          0
 6.0      0.400       0.30        1.6      0.047       30.0      117.0    0.99310       3.17       0.48       10.1          2
 6.6      0.250       0.39        1.5      0.040       40.0       89.0    0.99110       3.35       0.40       11.4          0
 9.8      0.360       0.45        1.6      0.042       11.0      124.0    0.99440       2.93       0.46       10.8          3
 9.6      0.230       0.40        1.5      0.044       19.0      135.0    0.99370       2.96       0.49       10.9          3
 6.3      0.550       0.45       13.0      0.047       33.0      182.0    0.99740       3.20       0.46        9.2          2
 6.5      0.115       0.29        2.0      0.038       73.0      166.0    0.98900       3.12       0.25       12.9          2
 6.4      0.125       0.29        5.8      0.042       24.0       99.0    0.99200       3.23       0.32       12.0          1
 5.7      0.100       0.27        1.3      0.047       21.0      100.0    0.99280       3.27       0.46        9.5          1
 7.9      0.250       0.29        5.3      0.031       33.0      117.0    0.99180       3.06       0.32       11.8          3
 6.9      0.200       0.28        1.2      0.048       36.0      159.0    0.99360       3.19       0.43        9.1          2
 6.9      0.230       0.34        4.0      0.047       24.0      128.0    0.99440       3.20       0.52        9.7          2
 6.8      0.390       0.31       14.4      0.043       28.0      162.0    0.99880       3.17       0.54        9.1          2
 8.7      0.220       0.42        2.3      0.053       27.0      114.0    0.99400       2.99       0.43       10.0          3
 7.4      0.410       0.34        4.7      0.042       19.0      127.0    0.99530       3.25       0.42       10.4          1
 6.7      0.250       0.34       12.9      0.048       30.0      161.0    0.99860       3.44       0.47        9.5          0
 6.0      0.260       0.42        5.2      0.027       70.0      178.0    0.99140       3.40       0.40       12.3          0
 6.1      0.310       0.37        8.4      0.031       70.0      170.0    0.99340       3.42       0.40       11.7          0
 9.2      0.280       0.46        3.2      0.058       39.0      133.0    0.99600       3.14       0.58        9.5          2
 9.0      0.310       0.49        6.9      0.034       26.0       91.0    0.99370       2.99       0.34       11.5          3
 8.5      0.160       0.33        1.0      0.076       17.0       57.0    0.99210       3.14       0.46       10.6          2
 9.3      0.340       0.49        7.3      0.052       30.0      146.0    0.99800       3.17       0.61       10.2          2
 7.2      0.240       0.30        1.6      0.048       27.0      131.0    0.99330       3.25       0.45       10.5          1
 7.2      0.250       0.32        1.5      0.047       27.0      132.0    0.99330       3.26       0.44       10.5          1
 6.8      0.320       0.18        7.5      0.041       71.0      223.0    0.99590       3.14       0.41        8.9          2
 9.1      0.270       0.32        1.1      0.031       15.0      151.0    0.99360       3.03       0.41       10.6          3
 8.9      0.340       0.32        1.3      0.041       12.0      188.0    0.99530       3.17       0.49        9.5          2
 7.0      0.170       0.37        5.7      0.025       29.0      111.0    0.99380       3.20       0.49       10.8          2
 6.7      0.250       0.23        7.2      0.038       61.0      220.0    0.99520       3.14       0.35        9.5          2
 6.9      0.320       0.17        7.6      0.042       69.0      219.0    0.99590       3.13       0.40        8.9          2
 6.1      0.600       0.00        1.3      0.042       24.0       79.0    0.99370       3.31       0.38        9.4          1
 5.3      0.395       0.07        1.3      0.035       26.0      102.0    0.99200       3.50       0.35       10.6          0
 7.9      0.160       0.30        4.8      0.037       37.0      171.0    0.99670       3.47       0.44        9.0          0
 7.6      0.330       0.36        2.1      0.034       26.0      172.0    0.99440       3.42       0.48       10.5          0
 7.8      0.300       0.29       16.9      0.054       23.0      135.0    0.99980       3.16       0.38        9.0          2
 5.7      0.260       0.27        4.1      0.201       73.5      189.5    0.99420       3.27       0.38        9.4          1
 7.5      0.140       0.34        1.3      0.055       50.0      153.0    0.99450       3.29       0.80        9.6          1
 6.6      0.250       0.41        7.4      0.043       29.0      151.0    0.99460       3.15       0.60       10.2          2
 8.2      0.230       0.49        0.9      0.057       15.0       73.0    0.99280       3.07       0.38       10.4          3
 6.0      0.240       0.32        6.3      0.030       34.0      129.0    0.99460       3.52       0.41       10.4          0
 6.1      0.450       0.27        0.8      0.039       13.0       82.0    0.99270       3.23       0.32        9.5          1
 7.4      0.230       0.43        1.4      0.044       22.0      113.0    0.99380       3.22       0.62       10.6          1
 7.2      0.200       0.38        1.0      0.037       21.0       74.0    0.99180       3.21       0.37       11.0          2
 7.7      0.250       0.43        4.5      0.062       20.0      115.0    0.99660       3.38       0.50        9.9          0
 8.2      0.610       0.45        5.4      0.030       15.0      118.0    0.99540       3.14       0.34        9.6          2
 7.6      0.210       0.44        1.9      0.036       10.0      119.0    0.99130       3.01       0.70       12.8          3
 7.4      0.220       0.33        2.0      0.045       31.0      101.0    0.99310       3.42       0.55       11.4          0
 7.2      0.260       0.26       12.7      0.036       49.0      214.0    0.99860       3.41       0.50       10.0          0
 6.4      0.250       0.41        8.6      0.042       57.0      173.0    0.99650       3.00       0.44        9.1          3
 6.3      0.320       0.35       11.1      0.039       29.0      198.0    0.99840       3.36       0.50        9.4          0
 6.8      0.250       0.29        2.0      0.042       19.0      189.0    0.99520       3.46       0.54       10.2          0
 9.8      0.440       0.40        2.8      0.036       35.0      167.0    0.99560       2.97       0.39        9.2          3
 7.2      0.200       0.25        4.5      0.044       31.0      109.0    0.99490       3.23       0.36        9.4          1
 7.5      0.420       0.45        9.1      0.029       20.0      125.0    0.99600       3.12       0.36       10.1          2
 6.4      0.260       0.30        2.2      0.025       33.0      134.0    0.99200       3.21       0.47       10.6          2
 7.9      0.460       0.32        4.1      0.033       40.0      138.0    0.99120       3.18       0.44       12.8          2
 6.5      0.410       0.64       11.8      0.065       65.0      225.0    0.99780       3.12       0.51        8.9          2
 7.5      0.320       0.37        1.2      0.048       22.0      184.0    0.99380       3.09       0.43        9.3          3
 6.6      0.210       0.38        2.2      0.026       40.0      104.0    0.99140       3.25       0.40       11.1          1
 7.1      0.210       0.30        1.4      0.037       45.0      143.0    0.99320       3.13       0.33        9.9          2
 7.6      0.260       0.47        1.6      0.068        5.0       55.0    0.99440       3.10       0.45        9.6          3
 6.9      0.250       0.26        5.2      0.024       36.0      135.0    0.99480       3.16       0.72       10.7          2
 7.1      0.260       0.32       14.4      0.074       29.0      107.0    0.99800       2.96       0.42        9.2          3
 7.3      0.220       0.40       14.8      0.042       44.5      129.5    0.99980       3.36       0.41        9.1          0
 6.2      0.370       0.22        8.3      0.025       36.0      216.0    0.99640       3.33       0.60        9.6          0
 7.9      0.220       0.45       14.2      0.038       53.0      141.0    0.99920       3.03       0.46        9.2          3
 7.4      0.250       0.37        6.9      0.020       14.0       93.0    0.99390       3.00       0.48       10.7          3
 6.8      0.180       0.37        1.5      0.027       37.0       93.0    0.99200       3.30       0.45       10.8          1
 7.0      0.170       0.37        1.5      0.028       26.0       75.0    0.99220       3.30       0.46       10.8          1
 6.4      0.300       0.38        7.8      0.046       35.0      192.0    0.99550       3.10       0.37        9.0          3
 5.0      0.330       0.16        1.5      0.049       10.0       97.0    0.99170       3.48       0.44       10.7          0
 8.9      0.330       0.32        1.5      0.047       11.0      200.0    0.99540       3.19       0.46        9.4          2
 7.0      0.260       0.46       15.6      0.037       61.0      171.0    0.99860       2.94       0.35        8.8          3
 6.3      0.210       0.40        1.7      0.031       48.0      134.0    0.99170       3.42       0.49       11.5          0
 8.0      0.230       0.46        1.5      0.030       30.0      125.0    0.99070       3.23       0.47       12.5          1
 9.2      0.280       0.41        1.0      0.042       14.0       59.0    0.99220       2.96       0.25       10.5          3
 7.3      0.270       0.39        6.7      0.064       28.0      188.0    0.99580       3.29       0.30        9.7          1
 7.6      0.320       0.36        1.6      0.040       32.0      155.0    0.99300       3.23       0.52       11.3          1
 9.7      0.240       0.45        1.2      0.033       11.0       59.0    0.99260       2.74       0.47       10.8          3
 8.0      0.280       0.42        7.1      0.045       41.0      169.0    0.99590       3.17       0.43       10.6          2
 8.2      0.370       0.36        1.0      0.034       17.0       93.0    0.99060       3.04       0.32       11.7          3
 8.0      0.610       0.38       12.1      0.301       24.0      220.0    0.99930       2.94       0.48        9.2          3
 7.2      0.260       0.44        7.1      0.027       25.0      126.0    0.99300       3.02       0.34       11.1          3
 6.4      0.230       0.33        1.1      0.044       15.5      217.5    0.99200       3.33       0.44       11.0          0
 5.9      0.400       0.32        6.0      0.034       50.0      127.0    0.99200       3.51       0.58       12.5          0
 7.6      0.280       0.39        1.2      0.038       21.0      115.0    0.99400       3.16       0.67       10.0          2
 7.2      0.230       0.39        2.3      0.033       29.0      102.0    0.99080       3.26       0.54       12.3          1
 6.8      0.320       0.37        3.4      0.023       19.0       87.0    0.99020       3.14       0.53       12.7          2
 6.9      0.180       0.38        6.5      0.039       20.0      110.0    0.99430       3.10       0.42       10.5          3
 9.4      0.260       0.53        1.2      0.047       25.0      109.0    0.99210       3.23       0.28       12.5          1
 8.3      0.330       0.42        1.1      0.033       18.0       96.0    0.99110       3.20       0.32       12.4          2
 7.3      0.290       0.30       13.0      0.043       46.0      238.0    0.99860       3.06       0.41        8.7          3
 7.9      0.410       0.37        4.5      0.030       40.0      114.0    0.99200       3.17       0.54       12.4          2
 7.9      0.440       0.37        5.8      0.033       27.0       93.0    0.99200       3.16       0.54       12.6          2
 7.7      0.390       0.30        5.2      0.037       29.0      131.0    0.99430       3.38       0.44       11.0          0
 7.7      0.260       0.31        1.3      0.043       47.0      155.0    0.99370       3.42       0.50       10.1          0
 7.8      0.320       0.31        1.7      0.036       46.0      195.0    0.99300       3.03       0.48       10.5          3
 7.3      0.240       0.39        3.6      0.024       35.0      116.0    0.99280       3.17       0.51       10.9          2
 7.1      0.440       0.37        2.7      0.041       35.0      128.0    0.98960       3.07       0.43       13.5          3
10.3      0.250       0.48        2.2      0.042       28.0      164.0    0.99800       3.19       0.59        9.7          2
 7.9      0.140       0.28        1.8      0.041       44.0      178.0    0.99540       3.45       0.43        9.2          0
 7.4      0.180       0.42        2.1      0.036       33.0      187.0    0.99380       3.40       0.41       10.6          0
 8.1      0.430       0.42        6.6      0.033       36.0      141.0    0.99180       2.98       0.39       13.3          3
 6.4      0.260       0.22        5.1      0.037       23.0      131.0    0.99440       3.29       0.32       10.1          1
 8.0      0.660       0.72       17.6      0.042       62.0      233.0    0.99990       2.92       0.68        9.4          3
 8.0      0.200       0.40        5.2      0.055       41.0      167.0    0.99530       3.18       0.40       10.6          2
 7.2      0.210       0.34        1.1      0.046       25.0       80.0    0.99200       3.25       0.40       11.3          1
 7.2      0.180       0.31        1.1      0.045       20.0       73.0    0.99250       3.32       0.40       10.8          1
 8.4      0.570       0.44       10.7      0.051       46.0      195.0    0.99810       3.15       0.51       10.4          2
 5.3      0.260       0.23        5.2      0.034       48.0      160.0    0.99520       3.82       0.51       10.5          0
 5.7      0.245       0.33        1.1      0.049       28.0      150.0    0.99270       3.13       0.42        9.3          2
 5.6      0.245       0.32        1.1      0.047       24.0      152.0    0.99270       3.12       0.42        9.3          2
 7.3      0.250       0.41        1.8      0.037       52.0      165.0    0.99110       3.29       0.39       12.2          1
 7.0      0.160       0.73        1.0      0.138       58.0      150.0    0.99360       3.08       0.30        9.2          3
 6.4      0.220       0.34        1.8      0.057       29.0      104.0    0.99590       3.81       0.57       10.3          0
 7.3      0.180       0.65        1.4      0.046       28.0      157.0    0.99460       3.33       0.62        9.4          0
 6.4      0.170       0.27        6.7      0.036       88.0      223.0    0.99480       3.28       0.35       10.2          1
 6.9      0.290       0.16        6.8      0.034       65.0      212.0    0.99550       3.08       0.39        9.0          3
 6.2      0.210       0.38        6.8      0.036       64.0      245.0    0.99510       3.06       0.36        9.3          3
 6.4      0.230       0.30        7.1      0.037       63.0      236.0    0.99520       3.06       0.34        9.2          3
 7.3      0.190       0.68        1.5      0.050       31.0      156.0    0.99460       3.32       0.64        9.4          1
 9.6      0.290       0.46        1.5      0.039       77.5      223.0    0.99440       2.92       0.46        9.5          3
 7.2      0.140       0.35        1.2      0.036       15.0       73.0    0.99380       3.46       0.39        9.9          0
 6.9      0.310       0.34        7.4      0.059       36.0      174.0    0.99630       3.46       0.62       11.1          0
 7.5      0.280       0.34        4.2      0.028       36.0      116.0    0.99100       2.99       0.41       12.3          3
 8.0      0.220       0.42       14.6      0.044       45.0      163.0    1.00030       3.21       0.69        8.6          2
 7.6      0.310       0.29       10.5      0.040       21.0      145.0    0.99660       3.04       0.35        9.4          3
 8.4      0.350       0.56       13.8      0.048       55.0      190.0    0.99930       3.07       0.58        9.4          3
 8.1      0.500       0.47        1.1      0.037       23.0      126.0    0.99380       3.21       0.42       10.9          2
 7.0      0.390       0.31        5.3      0.169       32.0      162.0    0.99650       3.20       0.48        9.4          2
 6.2      0.220       0.27        1.5      0.064       20.0      132.0    0.99380       3.22       0.46        9.2          1
 7.0      0.240       0.36        4.9      0.083       10.0      133.0    0.99420       3.33       0.37       10.8          0
 6.6      0.270       0.30        1.9      0.025       14.0      153.0    0.99280       3.29       0.62       10.5          1
 7.8      0.160       0.41        1.7      0.026       29.0      140.0    0.99100       3.02       0.78       12.5          3
 7.7      0.270       0.34        1.8      0.028       26.0      168.0    0.99110       2.99       0.48       12.1          3
 7.4      0.310       0.74       10.7      0.039       51.0      147.0    0.99770       3.02       0.43        8.7          3
 8.0      0.450       0.36        8.8      0.026       50.0      151.0    0.99270       3.07       0.25       12.7          3
 6.6      0.160       0.29        1.8      0.050       40.0      147.0    0.99120       3.06       0.44       11.4          3
 8.3      0.210       0.40        1.6      0.032       35.0      110.0    0.99070       3.02       0.60       12.9          3
 7.2      0.320       0.33        1.4      0.029       29.0      109.0    0.99020       3.15       0.51       12.8          2
 6.6      0.160       0.30        1.6      0.034       15.0       78.0    0.99200       3.38       0.44       11.2          0
 8.4      0.160       0.33        1.5      0.033       16.0       98.0    0.99400       3.14       0.42        9.7          2
 7.5      0.230       0.32        9.2      0.038       54.0      191.0    0.99660       3.04       0.56        9.7          3
 6.2      0.170       0.30        1.1      0.037       14.0       79.0    0.99300       3.50       0.54       10.3          0
 6.9      0.390       0.22        4.3      0.030       10.0      102.0    0.99300       3.00       0.87       11.6          3
 6.9      0.410       0.22        4.2      0.031       10.0      102.0    0.99300       3.00       0.86       11.6          3
 7.5      0.380       0.33        5.0      0.045       30.0      131.0    0.99420       3.32       0.44       10.9          1
 7.3      0.420       0.38        6.8      0.045       29.0      122.0    0.99250       3.19       0.37       12.6          2
 7.3      0.340       0.39        5.2      0.040       45.0      163.0    0.99250       3.30       0.47       12.4          1
 7.8      0.230       0.28        4.8      0.042       45.0      166.0    0.99280       2.96       0.40       11.5          3
 9.0      0.245       0.38        5.9      0.045       52.0      159.0    0.99500       2.93       0.35       10.2          3
 6.9      0.200       0.40        7.7      0.032       51.0      176.0    0.99390       3.22       0.27       11.4          1
 7.4      0.190       0.42        6.4      0.067       39.0      212.0    0.99580       3.30       0.33        9.6          1
 8.2      0.200       0.36        8.1      0.035       60.0      163.0    0.99520       3.05       0.30       10.3          3
 8.0      0.590       0.71       17.4      0.038       61.0      228.0    1.00000       2.95       0.75        9.3          3
 7.9      0.140       0.45        1.8      0.050       17.0      114.0    0.99480       3.33       0.49       10.7          0
 6.8      0.240       0.40        1.8      0.047       34.0      105.0    0.99000       3.13       0.49       12.8          2
 9.7      0.140       0.59        1.5      0.049       23.0      142.0    0.99580       2.98       0.62        9.5          3
 9.2      0.150       0.68        1.6      0.046       22.0      130.0    0.99480       3.02       0.45       10.4          3
 9.4      0.170       0.55        1.6      0.049       14.0       94.0    0.99490       3.02       0.61       10.3          3
 5.2      0.365       0.08       13.5      0.041       37.0      142.0    0.99700       3.46       0.39        9.9          0
 6.3      0.230       0.22        3.8      0.039       37.0      116.0    0.99270       3.23       0.50       10.7          1
 9.6      0.250       0.54        1.3      0.040       16.0      160.0    0.99380       2.94       0.43       10.5          3
 9.2      0.320       0.42        1.3      0.046       14.0      186.0    0.99490       3.08       0.48        9.6          3
 6.4      0.310       0.40        6.2      0.040       46.0      169.0    0.99530       3.15       0.46        9.3          2
 8.1      0.200       0.36        9.7      0.044       63.0      162.0    0.99700       3.10       0.46       10.0          3
 7.9      0.255       0.26        2.0      0.026       40.0      190.0    0.99320       3.04       0.39       11.2          3
 7.0      0.150       0.34        1.4      0.039       21.0      177.0    0.99270       3.32       0.62       10.8          1
 6.4      0.150       0.31        1.1      0.044       25.0       96.0    0.99320       3.54       0.51       10.3          0
 6.4      0.250       0.53        6.6      0.038       59.0      234.0    0.99550       3.03       0.42        8.8          3
 7.6      0.190       0.42        1.5      0.044        6.0      114.0    0.99140       3.04       0.74       12.8          3
 7.3      0.430       0.37        4.6      0.028       17.0      114.0    0.99100       3.23       0.43       13.2          1
 5.1      0.310       0.30        0.9      0.037       28.0      152.0    0.99200       3.54       0.56       10.1          0
 6.2      0.200       0.26        1.7      0.093       40.0      161.0    0.99240       3.44       0.66       11.0          0
 6.9      0.160       0.35        1.3      0.043       21.0      182.0    0.99270       3.25       0.62       10.8          1
 7.7      0.320       0.48        2.3      0.040       28.0      114.0    0.99110       3.20       0.52       12.8          2
 6.5      0.220       0.72        6.8      0.042       33.0      168.0    0.99580       3.12       0.36        9.2          2
 6.8      0.260       0.33        1.5      0.047       44.0      167.0    0.99280       3.12       0.44       10.5          2
 5.2      0.370       0.33        1.2      0.028       13.0       81.0    0.99020       3.37       0.38       11.7          0
 8.4      0.190       0.43        2.1      0.052       20.0      104.0    0.99400       2.85       0.46        9.5          3
 8.3      0.210       0.41        2.2      0.050       24.0      108.0    0.99400       2.85       0.45        9.5          3
 6.8      0.150       0.32        8.8      0.058       24.0      110.0    0.99720       3.40       0.40        8.8          0
 7.9      0.160       0.64       17.0      0.050       69.0      210.0    1.00040       3.15       0.51        9.3          2
 7.8      0.210       0.39        1.8      0.034       62.0      180.0    0.99100       3.09       0.75       12.6          3
 9.0      0.240       0.50        1.2      0.048       26.0      107.0    0.99180       3.21       0.34       12.4          2
 5.7      0.210       0.24        2.3      0.047       60.0      189.0    0.99500       3.65       0.72       10.1          0
 7.8      0.290       0.36        7.0      0.042       38.0      161.0    0.99410       3.26       0.37       11.2          1
 6.7      0.180       0.30        6.4      0.048       40.0      251.0    0.99560       3.29       0.52       10.0          1
 8.4      0.580       0.27       12.2      0.033       37.0      116.0    0.99590       2.99       0.39       10.8          3
 7.2      0.160       0.32        0.8      0.040       50.0      121.0    0.99220       3.27       0.33       10.0          1
 7.6      0.540       0.23        2.0      0.029       13.0      151.0    0.99310       3.04       0.33       10.4          3
 6.6      0.250       0.31       12.4      0.059       52.0      181.0    0.99840       3.51       0.47        9.8          0
 7.3      0.230       0.37        1.9      0.041       51.0      165.0    0.99080       3.26       0.40       12.2          1
 7.3      0.390       0.37        1.1      0.043       36.0      113.0    0.99100       3.39       0.48       12.7          0
 7.0      0.460       0.39        6.2      0.039       46.0      163.0    0.99280       3.21       0.35       12.2          2
 8.2      0.350       0.40        6.3      0.039       35.0      162.0    0.99360       3.15       0.34       11.9          2
 9.2      0.350       0.39        0.9      0.042       15.0       61.0    0.99240       2.96       0.28       10.4          3
 8.0      0.570       0.39        3.9      0.034       22.0      122.0    0.99170       3.29       0.67       12.8          1
 6.5      0.370       0.33        3.9      0.027       40.0      130.0    0.99060       3.28       0.39       12.7          1
 7.8      0.130       0.30        1.8      0.040       43.0      179.0    0.99550       3.43       0.41        9.0          0
 7.6      0.190       0.41        1.1      0.040       38.0      143.0    0.99070       2.92       0.42       11.4          3
 7.3      0.220       0.41       15.4      0.050       55.0      191.0    1.00000       3.32       0.59        8.9          1
 6.3      0.290       0.40        6.5      0.039       43.0      167.0    0.99530       3.15       0.44        9.3          2
 6.8      0.350       0.32        2.4      0.048       35.0      103.0    0.99110       3.28       0.46       12.0          1
 6.5      0.190       0.32        1.4      0.040       31.0      132.0    0.99220       3.36       0.54       10.8          0
 6.2      0.120       0.26        5.7      0.044       56.0      158.0    0.99510       3.52       0.37       10.5          0
 6.0      0.130       0.28        5.7      0.038       56.0      189.5    0.99480       3.59       0.43       10.6          0
 6.4      0.250       0.33        1.4      0.040       42.0      115.0    0.99060       3.19       0.48       11.3          2
 6.9      0.320       0.16        1.4      0.051       15.0       96.0    0.99400       3.22       0.38        9.5          1
 6.7      0.130       0.28        1.2      0.046       35.0      140.0    0.99270       3.33       0.33       10.1          0
 7.0      0.140       0.41        0.9      0.037       22.0       95.0    0.99140       3.25       0.43       10.9          1
 7.6      0.270       0.24        3.8      0.058       19.0      115.0    0.99580       3.15       0.45        8.9          2
 7.4      0.640       0.47       14.2      0.168       42.0      185.0    0.99840       2.90       0.49        9.3          3
 7.6      0.280       0.39        1.9      0.052       23.0      116.0    0.99410       3.25       0.40       10.4          1
 8.3      0.260       0.41        9.2      0.042       41.0      162.0    0.99440       3.10       0.38       12.0          3
10.7      0.220       0.56        8.2      0.044       37.0      181.0    0.99800       2.87       0.68        9.5          3
 6.9      0.230       0.34        2.7      0.032       24.0      121.0    0.99020       3.14       0.38       12.4          2
 6.2      0.300       0.32        1.7      0.032       30.0      130.0    0.99110       3.28       0.41       11.2          1
 6.9      0.270       0.41        1.7      0.047        6.0      134.0    0.99290       3.15       0.69       11.4          2
 6.9      0.280       0.41        1.7      0.050       10.0      136.0    0.99300       3.16       0.71       11.4          2
 6.9      0.280       0.30        1.6      0.047       46.0      132.0    0.99180       3.35       0.38       11.1          0
 6.9      0.460       0.20        0.9      0.054        5.0      126.0    0.99200       3.10       0.42       10.4          3
 6.9      0.380       0.32        8.5      0.044       36.0      152.0    0.99320       3.38       0.35       12.0          0
 5.7      0.430       0.30        5.7      0.039       24.0       98.0    0.99200       3.54       0.61       12.3          0
 6.6      0.560       0.16        3.1      0.045       28.0       92.0    0.99400       3.12       0.35        9.1          2
 7.1      0.360       0.56        1.3      0.046       25.0      102.0    0.99230       3.24       0.33       10.5          1
 6.8      0.230       0.40        1.6      0.047        5.0      133.0    0.99300       3.23       0.70       11.4          1
 6.2      0.330       0.29        1.3      0.042       26.0      138.0    0.99560       3.77       0.64        9.5          0
 5.6      0.490       0.13        4.5      0.039       17.0      116.0    0.99070       3.42       0.90       13.7          0
 6.6      0.420       0.33        2.8      0.034       15.0       85.0    0.99000       3.28       0.51       13.4          1
 7.3      0.180       0.29        1.2      0.044       12.0      143.0    0.99180       3.20       0.48       11.3          2
 8.1      0.190       0.40        0.9      0.037       73.0      180.0    0.99260       3.06       0.34       10.0          3
 5.9      0.190       0.26        7.4      0.034       33.0      123.0    0.99500       3.49       0.42       10.1          0
 6.2      0.160       0.47        1.4      0.029       23.0       81.0    0.99000       3.26       0.42       12.2          1
 5.7      0.135       0.30        4.6      0.042       19.0      101.0    0.99460       3.31       0.42        9.3          1
 6.9      0.190       0.33        1.6      0.039       27.0       98.0    0.98980       3.09       0.46       12.3          3
 7.3      0.250       0.36       13.1      0.050       35.0      200.0    0.99860       3.04       0.46        8.9          3
 7.0      0.200       0.34        5.7      0.035       32.0       83.0    0.99280       3.19       0.46       11.5          2
 6.3      0.670       0.48       12.6      0.052       57.0      222.0    0.99790       3.17       0.52        9.3          2
 7.4      0.400       0.29        5.4      0.044       31.0      122.0    0.99400       3.30       0.50       11.1          1
 7.1      0.260       0.31        2.2      0.044       29.0      128.0    0.99370       3.34       0.64       10.9          0
 9.0      0.310       0.48        6.6      0.043       11.0       73.0    0.99380       2.90       0.38       11.6          3
 6.3      0.390       0.24        6.9      0.069        9.0      117.0    0.99420       3.15       0.35       10.2          2
 8.2      0.220       0.36        6.8      0.034       12.0       90.0    0.99440       3.01       0.38       10.5          3
 7.1      0.190       0.28        3.6      0.033       16.0       78.0    0.99300       2.91       0.78       11.4          3
 7.9      0.200       0.34        1.2      0.040       29.0      118.0    0.99320       3.14       0.41       10.6          2
 7.1      0.260       0.32        5.9      0.037       39.0       97.0    0.99340       3.31       0.40       11.6          1
 6.9      0.300       0.33        4.1      0.035       26.0      155.0    0.99250       3.25       0.79       12.3          1
 8.1      0.290       0.49        7.1      0.042       22.0      124.0    0.99440       3.14       0.41       10.8          2
 5.8      0.170       0.30        1.4      0.037       55.0      130.0    0.99090       3.29       0.38       11.3          1
 5.9      0.415       0.02        0.8      0.038       22.0       63.0    0.99320       3.36       0.36        9.3          0
 6.6      0.230       0.26        1.3      0.045       16.0      128.0    0.99340       3.36       0.60       10.0          0
 8.6      0.550       0.35       15.6      0.057       35.5      366.5    1.00010       3.04       0.63       11.0          3
 6.9      0.350       0.74        1.0      0.044       18.0      132.0    0.99200       3.13       0.55       10.2          2
 7.6      0.140       0.74        1.6      0.040       27.0      103.0    0.99160       3.07       0.40       10.8          3
 9.2      0.280       0.49       11.8      0.042       29.0      137.0    0.99800       3.10       0.34       10.1          3
 6.2      0.180       0.49        4.5      0.047       17.0       90.0    0.99190       3.27       0.37       11.6          1
 5.3      0.165       0.24        1.1      0.051       25.0      105.0    0.99250       3.32       0.47        9.1          1
 9.8      0.250       0.74       10.0      0.056       36.0      225.0    0.99770       3.06       0.43       10.0          3
 6.8      0.220       0.49        0.9      0.052       26.0      128.0    0.99100       3.25       0.35       11.4          1
 7.2      0.220       0.49        1.0      0.045       34.0      140.0    0.99000       3.05       0.34       12.7          3
 7.4      0.250       0.49        1.1      0.042       35.0      156.0    0.99170       3.13       0.55       11.3          2
 8.2      0.180       0.49        1.1      0.033       28.0       81.0    0.99230       3.00       0.68       10.4          3
 6.1      0.220       0.49        1.5      0.051       18.0       87.0    0.99280       3.30       0.46        9.6          1
 7.0      0.390       0.24        1.0      0.048        8.0      119.0    0.99230       3.00       0.31       10.1          3
 6.5      0.360       0.49        2.9      0.030       16.0       94.0    0.99020       3.10       0.49       12.1          3
 7.1      0.290       0.49        1.2      0.031       32.0       99.0    0.98930       3.07       0.33       12.2          3
 6.9      0.230       0.24       14.2      0.053       19.0       94.0    0.99820       3.17       0.50        9.6          2
 8.5      0.560       0.74       17.9      0.051       51.0      243.0    1.00050       2.99       0.70        9.2          3
 6.3      0.230       0.49        7.1      0.050       67.0      210.0    0.99510       3.23       0.34        9.5          1
 6.1      0.250       0.49        7.6      0.052       67.0      226.0    0.99560       3.16       0.47        8.9          2
 7.2      0.260       0.74       13.6      0.050       56.0      162.0    0.99800       3.03       0.44        8.8          3
 7.2      0.310       0.24        1.4      0.057       17.0      117.0    0.99280       3.16       0.35       10.5          2
 8.0      0.250       0.49        1.2      0.061       27.0      117.0    0.99380       3.08       0.34        9.4          3
 7.0      0.180       0.49        5.3      0.040       34.0      125.0    0.99140       3.24       0.40       12.2          1
 7.8      0.430       0.49       13.0      0.033       37.0      158.0    0.99550       3.14       0.35       11.3          2
 8.3      0.200       0.74        4.5      0.044       33.0      130.0    0.99240       3.25       0.42       12.2          1
 6.3      0.270       0.49        1.2      0.063       35.0       92.0    0.99110       3.38       0.42       12.2          0
 7.4      0.160       0.49        1.2      0.055       18.0      150.0    0.99170       3.23       0.47       11.2          1
 6.9      0.190       0.49        6.6      0.036       49.0      172.0    0.99320       3.20       0.27       11.5          2
 7.2      0.400       0.49        1.1      0.048       11.0      138.0    0.99290       3.01       0.42        9.3          3
 7.6      0.520       0.49       14.0      0.034       37.0      156.0    0.99580       3.14       0.38       11.8          2
 8.3      0.210       0.49       19.8      0.054       50.0      231.0    1.00120       2.99       0.54        9.2          3
 6.9      0.340       0.74       11.2      0.069       44.0      150.0    0.99680       3.00       0.81        9.2          3
 7.1      0.220       0.74        2.7      0.044       42.0      144.0    0.99100       3.31       0.41       12.2          1
 7.9      0.110       0.49        4.5      0.048       27.0      133.0    0.99460       3.24       0.42       10.6          1
 8.5      0.170       0.74        3.6      0.050       29.0      128.0    0.99280       3.28       0.40       12.4          1
 6.4      0.145       0.49        5.4      0.048       54.0      164.0    0.99460       3.56       0.44       10.8          0
 8.3      0.190       0.49        1.2      0.051       11.0      137.0    0.99180       3.06       0.46       11.0          3
 8.0      0.440       0.49        9.1      0.031       46.0      151.0    0.99260       3.16       0.27       12.7          2
 7.0      0.200       0.74        0.8      0.044       19.0      163.0    0.99310       3.46       0.53       10.2          0
 7.1      0.250       0.49        3.0      0.030       30.0       96.0    0.99030       3.13       0.39       12.3          2
 6.5      0.240       0.24        1.6      0.046       15.0       60.0    0.99280       3.19       0.39        9.8          2
 7.8      0.210       0.49        1.4      0.052        6.0       48.0    0.99110       3.15       0.28       11.4          2
 7.0      0.200       0.49        5.9      0.038       39.0      128.0    0.99380       3.21       0.48       10.8          2
 6.9      0.250       0.24        3.6      0.057       13.0       85.0    0.99420       2.99       0.48        9.5          3
 7.2      0.080       0.49        1.3      0.050       18.0      148.0    0.99450       3.46       0.44       10.2          0
 7.1      0.850       0.49        8.7      0.028       40.0      184.0    0.99620       3.22       0.36       10.7          1
 7.6      0.510       0.24        1.2      0.040       10.0      104.0    0.99200       3.05       0.29       10.8          3
 7.9      0.220       0.24        4.6      0.044       39.0      159.0    0.99270       2.99       0.28       11.5          3
 7.7      0.160       0.49        2.0      0.056       20.0      124.0    0.99480       3.32       0.49       10.7          1
 6.6      0.250       0.24        1.7      0.048       26.0      124.0    0.99420       3.37       0.60       10.1          0
 6.7      0.160       0.49        2.4      0.046       57.0      187.0    0.99520       3.62       0.81       10.4          0
 7.5      0.320       0.24        4.6      0.053        8.0      134.0    0.99580       3.14       0.50        9.1          2
 7.4      0.280       0.49        1.5      0.034       20.0      126.0    0.99180       2.98       0.39       10.6          3
 6.2      0.150       0.49        0.9      0.033       17.0       51.0    0.99320       3.30       0.70        9.4          1
 6.7      0.250       0.74       19.4      0.054       44.0      169.0    1.00040       3.51       0.45        9.8          0
 6.5      0.260       0.74       13.3      0.044       68.0      224.0    0.99720       3.18       0.54        9.5          2
 7.9      0.160       0.74       17.9      0.037       52.0      187.0    0.99980       2.99       0.41        9.3          3
 5.6      0.185       0.49        1.1      0.030       28.0      117.0    0.99180       3.55       0.45       10.3          0
 7.5      0.200       0.49        1.3      0.031        8.0       97.0    0.99180       3.06       0.62       11.1          3
 8.0      0.300       0.49        9.4      0.046       47.0      188.0    0.99640       3.14       0.48       10.0          2
 8.0      0.340       0.49        9.0      0.033       39.0      180.0    0.99360       3.13       0.38       12.3          2
 7.7      0.350       0.49        8.7      0.033       42.0      186.0    0.99310       3.14       0.38       12.4          2
 7.6      0.290       0.49        9.6      0.030       45.0      197.0    0.99380       3.13       0.38       12.3          2
 6.7      0.620       0.24        1.1      0.039        6.0       62.0    0.99340       3.41       0.32       10.4          0
 6.8      0.270       0.49        1.2      0.044       35.0      126.0    0.99000       3.13       0.48       12.1          2
 7.7      0.270       0.49        1.8      0.041       23.0       86.0    0.99140       3.16       0.42       12.5          2
 6.7      0.510       0.24        2.1      0.043       14.0      155.0    0.99040       3.22       0.60       13.0          1
 7.4      0.190       0.49        9.3      0.030       26.0      132.0    0.99400       2.99       0.32       11.0          3
 8.3      0.200       0.49        1.7      0.040       34.0      169.0    0.99380       3.05       0.37       10.1          3
 6.6      0.300       0.24        1.2      0.034       17.0      121.0    0.99330       3.13       0.36        9.2          2
 6.8      0.360       0.24        4.6      0.039       24.0      124.0    0.99090       3.27       0.34       12.6          1
 7.0      0.170       0.74       12.8      0.045       24.0      126.0    0.99420       3.26       0.38       12.2          1
 9.2      0.180       0.49        1.5      0.041       39.0      130.0    0.99450       3.04       0.49        9.8          3
 8.1      0.200       0.49        8.1      0.051       51.0      205.0    0.99540       3.10       0.52       11.0          3
 7.8      0.260       0.74        7.5      0.044       59.0      160.0    0.99600       3.22       0.64       10.0          1
 6.8      0.210       0.49       14.5      0.060       50.0      170.0    0.99910       3.55       0.44        9.8          0
 7.9      0.200       0.49        1.6      0.053       15.0      144.0    0.99300       3.16       0.47       10.5          2
 8.0      0.180       0.49        1.8      0.061       10.0      145.0    0.99420       3.23       0.48       10.0          1
 8.8      0.230       0.74        3.2      0.042       15.0      126.0    0.99340       3.02       0.51       11.2          3
 7.3      0.220       0.49        9.4      0.034       29.0      134.0    0.99390       2.99       0.32       11.0          3
 7.3      0.220       0.49        9.9      0.031       48.0      161.0    0.99370       3.01       0.28       11.2          3
 7.3      0.155       0.49        1.3      0.039       34.0      136.0    0.99260       3.14       0.77       10.5          2
 8.2      0.220       0.49        9.6      0.037       53.0      154.0    0.99510       3.02       0.33       10.6          3
 8.2      0.240       0.49        9.3      0.038       52.0      163.0    0.99520       3.02       0.33       10.6          3
 8.4      0.230       0.49        7.8      0.035       22.0       95.0    0.99350       3.04       0.34       12.0          3
 8.3      0.200       0.49        1.7      0.038       38.0      167.0    0.99390       3.05       0.37       10.1          3
 6.9      0.210       0.49        1.4      0.041       15.0      164.0    0.99270       3.25       0.63       11.0          1
 8.0      0.250       0.49        9.0      0.044       31.0      185.0    0.99800       3.34       0.49       10.0          0
 6.6      0.210       0.49       18.1      0.042       41.0      158.0    0.99970       3.28       0.39        8.7          1
 7.2      0.270       0.74       12.5      0.037       47.0      156.0    0.99810       3.04       0.44        8.7          3
14.2      0.270       0.49        1.1      0.037       33.0      156.0    0.99200       3.15       0.54       11.1          2
 7.9      0.280       0.49        7.7      0.045       48.0      195.0    0.99540       3.04       0.55       11.0          3
 7.4      0.270       0.49        1.1      0.037       33.0      156.0    0.99200       3.15       0.54       11.1          2
 8.1      0.300       0.49        8.1      0.037       26.0      174.0    0.99430       3.10       0.30       11.2          3
 7.5      0.230       0.49        7.7      0.049       61.0      209.0    0.99410       3.14       0.30       11.1          2
 7.3      0.260       0.49        5.0      0.028       32.0      107.0    0.99360       3.24       0.54       10.8          1
 7.1      0.180       0.74       15.6      0.044       44.0      176.0    0.99960       3.38       0.67        9.0          0
 8.5      0.150       0.49        1.5      0.031       17.0      122.0    0.99320       3.03       0.40       10.3          3
 8.9      0.130       0.49        1.0      0.028        6.0       24.0    0.99260       2.91       0.32        9.9          3
 8.1      0.280       0.49        1.0      0.040       32.0      148.0    0.99360       3.13       0.41       10.0          2
 6.0      0.170       0.49        1.0      0.034       26.0      106.0    0.99200       3.21       0.42        9.8          2
 7.1      0.530       0.24        0.8      0.029       29.0       86.0    0.99300       3.16       0.32        9.1          2
 7.2      0.160       0.49        1.3      0.037       27.0      104.0    0.99240       3.23       0.57       10.6          1
 7.3      0.140       0.49        1.1      0.038       28.0       99.0    0.99280       3.20       0.72       10.6          2
 7.9      0.120       0.49        5.2      0.049       33.0      152.0    0.99520       3.18       0.47       10.6          2
 6.7      0.290       0.49        4.7      0.034       35.0      156.0    0.99450       3.13       0.45        9.9          2
 6.7      0.300       0.49        4.8      0.034       36.0      158.0    0.99450       3.12       0.45        9.9          2
 7.1      0.360       0.24        1.8      0.025       32.0      102.0    0.99030       3.34       0.59       12.8          0
 7.9      0.180       0.49        5.2      0.051       36.0      157.0    0.99530       3.18       0.48       10.6          2
 6.6      0.190       0.99        1.2      0.122       45.0      129.0    0.99360       3.09       0.31        8.7          3
 7.3      0.210       0.49        1.8      0.038       44.0      152.0    0.99120       3.32       0.44       12.6          1
 6.9      0.300       0.49        7.6      0.057       25.0      156.0    0.99620       3.43       0.63       11.0          0
 7.9      0.420       0.49        8.2      0.056       32.0      164.0    0.99650       3.29       0.60       11.2          1
 6.9      0.240       0.49        1.3      0.032       35.0      148.0    0.99320       3.45       0.57       10.7          0
 7.6      0.230       0.49       10.0      0.036       45.0      182.0    0.99670       3.08       0.58        9.6          3
 6.2      0.430       0.49        6.4      0.045       12.0      115.0    0.99630       3.27       0.57        9.0          1
 8.8      0.350       0.49        1.0      0.036       14.0       56.0    0.99200       2.96       0.33       10.5          3
 7.8      0.300       0.74        1.8      0.033       33.0      156.0    0.99100       3.29       0.52       12.8          1
 9.1      0.280       0.49        2.0      0.059       10.0      112.0    0.99580       3.15       0.46       10.1          2
 7.1      0.340       0.49        1.5      0.027       26.0      126.0    0.99000       3.30       0.33       12.2          1
 8.5      0.190       0.49        3.5      0.044       29.0      117.0    0.99380       3.14       0.51       10.1          2
 7.6      0.180       0.49       18.1      0.046       36.0      158.0    0.99960       3.06       0.41        9.2          3
 7.5      0.190       0.49        1.8      0.055       19.0      110.0    0.99460       3.33       0.44        9.9          0
 7.4      0.300       0.49        8.2      0.055       49.0      188.0    0.99740       3.52       0.58        9.7          0
 6.7      0.300       0.74        5.0      0.038       35.0      157.0    0.99450       3.21       0.46        9.9          2
 6.6      0.300       0.74        4.6      0.041       36.0      159.0    0.99460       3.21       0.45        9.9          2
 6.9      0.220       0.49        7.0      0.063       50.0      168.0    0.99570       3.54       0.50       10.3          0
 7.8      0.260       0.49        3.1      0.045       21.0      116.0    0.99310       3.16       0.35       10.3          2
 8.5      0.170       0.49        8.8      0.048       23.0      108.0    0.99470       2.88       0.34       10.5          3
 6.8      0.170       0.74        2.4      0.053       61.0      182.0    0.99530       3.63       0.76       10.5          0
 6.2      0.270       0.49        1.4      0.050       20.0       74.0    0.99310       3.32       0.44        9.8          1
 7.1      0.640       0.49        1.8      0.050       17.0      128.0    0.99460       3.31       0.58       10.6          1
 6.4      0.180       0.74       11.9      0.046       54.0      168.0    0.99780       3.58       0.68       10.1          0
 7.6      0.310       0.49       13.4      0.062       50.0      191.0    0.99890       3.22       0.53        9.0          1
 9.8      0.310       0.49       15.4      0.046       13.0      119.0    1.00040       3.18       0.45        9.5          2
 9.0      0.300       0.49        7.2      0.039       32.0       84.0    0.99380       2.94       0.32       11.5          3
 8.4      0.240       0.49        7.4      0.039       46.0      108.0    0.99340       3.03       0.33       11.9          3
 6.4      0.250       0.74        7.8      0.045       52.0      209.0    0.99560       3.21       0.42        9.2          2
 7.3      0.300       0.74       13.5      0.039       46.0      165.0    0.99820       3.02       0.40        8.7          3
 9.3      0.310       0.49        1.3      0.042       34.0      147.0    0.99480       3.11       0.46        9.8          3
 7.0      0.270       0.74        1.5      0.036       27.0      122.0    0.99260       3.35       0.48       11.2          0
 7.9      0.140       0.74        1.2      0.028       30.0      165.0    0.99100       3.08       0.82       12.3          3
 6.4      0.120       0.49        6.4      0.042       49.0      161.0    0.99450       3.34       0.44       10.4          0
 6.8      0.210       0.74        1.2      0.047       25.0      111.0    0.99160       3.13       0.41       10.7          2
 8.6      0.160       0.49        7.3      0.043        9.0       63.0    0.99530       3.13       0.59       10.5          2
 7.0      0.290       0.49        3.8      0.047       37.0      136.0    0.99380       2.95       0.40        9.4          3
 6.4      0.270       0.49        7.3      0.046       53.0      206.0    0.99560       3.24       0.43        9.2          1
 6.6      0.550       0.01        2.7      0.034       56.0      122.0    0.99060       3.15       0.30       11.9          2
 6.3      0.240       0.74        1.4      0.172       24.0      108.0    0.99320       3.27       0.39        9.9          1
 6.7      0.330       0.49        1.6      0.167       20.0       94.0    0.99140       3.11       0.50       11.4          3
 8.2      0.340       0.49        8.0      0.046       55.0      223.0    0.99600       3.08       0.52       10.7          3
 5.6      0.390       0.24        4.7      0.034       27.0       77.0    0.99060       3.28       0.36       12.7          1
 5.6      0.410       0.24        1.9      0.034       10.0       53.0    0.98815       3.32       0.50       13.5          1
 6.7      0.410       0.01        2.8      0.048       39.0      137.0    0.99420       3.24       0.35        9.5          1
 7.1      0.260       0.49        2.2      0.032       31.0      113.0    0.99030       3.37       0.42       12.9          0
 7.5      0.320       0.49        1.7      0.031       44.0      109.0    0.99060       3.07       0.46       12.5          3
 5.8      0.190       0.49        4.9      0.040       44.0      118.0    0.99350       3.34       0.38        9.5          0
 6.9      0.270       0.49       23.5      0.057       59.0      235.0    1.00240       2.98       0.47        8.6          3
 8.1      0.200       0.49       11.8      0.048       46.0      212.0    0.99680       3.09       0.46       10.0          3
 8.2      0.260       0.49        5.2      0.040       19.0      100.0    0.99410       3.12       0.34       10.1          2
 7.8      0.260       0.49        3.2      0.027       28.0       87.0    0.99190       3.03       0.32       11.3          3
 8.0      0.140       0.49        1.5      0.035       42.0      120.0    0.99280       3.26       0.40       10.6          1
 8.0      0.290       0.49       11.7      0.035       40.0      131.0    0.99580       3.14       0.34       10.8          2
 7.5      0.190       0.49        1.6      0.047       42.0      140.0    0.99320       3.40       0.47       10.7          0
 6.9      0.340       0.49        7.3      0.045       61.0      206.0    0.99570       3.09       0.40        9.0          3
 6.2      0.200       0.49        1.6      0.065       17.0      143.0    0.99370       3.22       0.52        9.2          1
 6.4      0.370       0.49       13.3      0.045       53.0      243.0    0.99820       3.14       0.48        8.5          2
 6.2      0.220       0.49        6.0      0.029       31.0      128.0    0.99280       3.41       0.36       11.3          0
 8.9      0.320       0.49        1.6      0.050       17.0      131.0    0.99560       3.13       0.34        9.4          2
 6.5      0.440       0.49        7.7      0.045       16.0      169.0    0.99570       3.11       0.37        8.7          3
 7.0      0.140       0.49        5.9      0.053       22.0      118.0    0.99540       3.36       0.36        9.4          0
 9.0      0.170       0.49        1.0      0.039       46.0      131.0    0.99300       3.09       0.51       10.5          3
 6.4      0.260       0.49        6.4      0.037       37.0      161.0    0.99540       3.38       0.53        9.7          0
 9.0      0.220       0.49       10.4      0.048       52.0      195.0    0.99870       3.31       0.44       10.2          1
 8.2      0.200       0.49        3.5      0.057       14.0      108.0    0.99280       3.19       0.35       11.5          2
 7.8      0.150       0.24        7.7      0.047       21.0       98.0    0.99510       2.94       0.31        9.6          3
 6.9      0.250       0.24        1.8      0.053        6.0      121.0    0.99300       3.23       0.70       11.4          1
 7.1      0.280       0.49        6.5      0.041       28.0      111.0    0.99260       3.41       0.58       12.2          0
 7.4      0.190       0.49        6.7      0.037       15.0      110.0    0.99380       3.20       0.38       11.0          2
 8.3      0.250       0.49       16.8      0.048       50.0      228.0    1.00010       3.03       0.52        9.2          3
 7.5      0.140       0.74        1.6      0.035       21.0      126.0    0.99330       3.26       0.45       10.2          1
 7.8      0.490       0.49        7.0      0.043       29.0      149.0    0.99520       3.21       0.33       10.0          2
 8.1      0.120       0.49        1.2      0.042       43.0      160.0    0.99340       3.13       0.48        9.7          2
 7.6      0.470       0.49       13.0      0.239       42.0      220.0    0.99880       2.96       0.51        9.2          3
 7.9      0.220       0.49        3.8      0.042       26.0      105.0    0.99300       3.10       0.39       10.5          3
 6.4      0.220       0.49        7.5      0.054       42.0      151.0    0.99480       3.27       0.52       10.1          1
 7.3      0.190       0.49       15.6      0.058       50.0      134.0    0.99980       3.42       0.36        9.1          0
 8.1      0.300       0.49       12.3      0.049       50.0      144.0    0.99710       3.09       0.57       10.2          3
 7.5      0.240       0.49        9.4      0.048       50.0      149.0    0.99620       3.17       0.59       10.5          2
 7.8      0.210       0.49        1.2      0.036       20.0       99.0    0.99000       3.05       0.28       12.1          3
 7.1      0.300       0.49        1.6      0.045       31.0      100.0    0.99420       3.40       0.59       10.2          0
 6.9      0.260       0.49        1.6      0.058       39.0      166.0    0.99650       3.65       0.52        9.4          0
 7.6      0.310       0.49        4.0      0.044       27.0      131.0    0.99120       3.08       0.67       12.8          3
 6.4      0.420       0.74       12.8      0.076       48.0      209.0    0.99780       3.12       0.58        9.0          2
 8.2      0.290       0.49        1.0      0.044       29.0      118.0    0.99280       3.24       0.36       10.9          1
 7.9      0.330       0.28       31.6      0.053       35.0      176.0    1.01030       3.15       0.38        8.8          2
 6.6      0.460       0.49        7.4      0.052       19.0      184.0    0.99560       3.11       0.38        9.0          3
 7.8      0.280       0.49        1.3      0.046       27.0      142.0    0.99360       3.09       0.59       10.2          3
 5.8      0.150       0.49        1.1      0.048       21.0       98.0    0.99290       3.19       0.48        9.2          2
 7.8      0.400       0.49        7.8      0.060       34.0      162.0    0.99660       3.26       0.58       11.3          1
 6.6      0.310       0.49        7.7      0.050       52.0      220.0    0.99640       3.12       0.45        8.8          2
 6.6      0.325       0.49        7.7      0.049       53.0      217.0    0.99600       3.16       0.40        9.3          2
 6.6      0.270       0.49        7.8      0.049       62.0      217.0    0.99590       3.17       0.45        9.4          2
 6.7      0.260       0.49        8.3      0.047       54.0      191.0    0.99540       3.23       0.40       10.3          1
 6.7      0.210       0.49        1.4      0.047       30.0      114.0    0.99140       2.92       0.42       10.8          3
 8.1      0.280       0.46       15.4      0.059       32.0      177.0    1.00040       3.27       0.58        9.0          1
 6.5      0.130       0.37        1.0      0.036       48.0      114.0    0.99110       3.41       0.51       11.5          0
 7.8      0.445       0.56        1.0      0.040        8.0       84.0    0.99380       3.25       0.43       10.8          1
 8.8      0.390       0.34        5.9      0.055       33.0      128.0    0.99270       2.95       0.51       11.8          3
 7.9      0.180       0.33        1.2      0.033       20.0       72.0    0.99220       3.12       0.38       10.5          2
 7.1      0.310       0.38        1.2      0.036       10.0      124.0    0.99240       3.14       0.44        9.9          2
 7.8      0.240       0.18        6.7      0.046       33.0      160.0    0.99630       3.20       0.56        9.8          2
 7.0      0.350       0.30        6.5      0.028       27.0       87.0    0.99360       3.40       0.42       11.4          0
 6.6      0.260       0.31        4.8      0.138       41.0      168.0    0.99510       3.20       0.38        9.3          2
 6.6      0.270       0.31        5.3      0.137       35.0      163.0    0.99510       3.20       0.38        9.3          2
 6.8      0.220       0.29        8.9      0.046       82.0      188.0    0.99550       3.30       0.44       10.3          1
 6.2      0.270       0.32        8.8      0.047       65.0      224.0    0.99610       3.17       0.47        8.9          2
 7.3      0.230       0.37        1.8      0.032       60.0      156.0    0.99200       3.11       0.35       11.1          3
 6.2      0.300       0.20        6.6      0.045       42.0      170.0    0.99440       3.36       0.45       10.4          0
 6.4      0.350       0.20        5.7      0.034       18.0      117.0    0.99440       3.33       0.43       10.1          0
 7.6      0.320       0.34       18.4      0.054       44.0      197.0    1.00080       3.22       0.55        9.0          1
 6.3      0.310       0.30       10.0      0.046       49.0      212.0    0.99620       3.74       0.55       11.9          0
 7.2      0.250       0.28       14.4      0.055       55.0      205.0    0.99860       3.12       0.38        9.0          2
 7.3      0.260       0.33       17.9      0.049       41.5      195.0    1.00000       3.06       0.44        9.1          3
 7.4      0.260       0.37        9.4      0.047       42.0      147.0    0.99820       3.46       0.72       10.0          0
 6.7      0.250       0.26        1.6      0.041      118.5      216.0    0.99490       3.55       0.63        9.4          0
 7.1      0.160       0.25        1.3      0.034       28.0      123.0    0.99150       3.27       0.55       11.4          1
 9.0      0.430       0.30        1.5      0.050        7.0      175.0    0.99510       3.11       0.45        9.7          3
 7.0      0.240       0.30        4.2      0.040       41.0      213.0    0.99270       3.28       0.49       11.8          1
 6.7      0.265       0.22        8.6      0.048       54.0      198.0    0.99550       3.25       0.41       10.2          1
 7.7      0.120       0.32        1.4      0.060       47.0      150.0    0.99520       3.37       0.42        9.2          0
 7.2      0.210       0.33        3.0      0.036       35.0      132.0    0.99280       3.25       0.40       11.0          1
 8.5      0.320       0.36       14.9      0.041       47.0      190.0    0.99820       3.08       0.31       10.0          3
 6.9      0.180       0.30        2.0      0.038       39.0      190.0    0.99140       3.32       0.37       12.2          1
 6.3      0.260       0.29        2.2      0.043       35.0      175.0    0.99180       3.38       0.43       11.6          0
 6.7      0.260       0.30        1.8      0.043       25.0      121.0    0.99440       3.44       0.61       10.2          0
 7.9      0.290       0.36       11.1      0.033       43.0      208.0    0.99690       3.14       0.46       10.3          2
 6.5      0.270       0.19        4.2      0.046        6.0      114.0    0.99550       3.25       0.35        8.6          1
 6.7      0.330       0.42        6.4      0.058       27.0      151.0    0.99540       3.16       0.44        9.6          2
 6.7      0.310       0.42        6.4      0.057       25.0      148.0    0.99550       3.16       0.45        9.6          2
 6.6      0.250       0.31        1.5      0.035       32.0      127.0    0.99210       3.41       0.47       11.3          0
 6.4      0.240       0.22        1.5      0.038       38.0      157.0    0.99340       3.41       0.55        9.9          0
 6.8      0.260       0.29       16.9      0.056       48.0      179.0    0.99980       3.45       0.40        9.6          0
 7.0      0.610       0.26        1.7      0.051       25.0      161.0    0.99460       3.36       0.60       10.6          0
 6.8      0.220       0.30       13.6      0.055       50.0      180.0    0.99840       3.44       0.39        9.8          0
 8.1      0.310       0.24        1.6      0.032       10.0       67.0    0.99240       3.08       0.47       10.5          3
 7.0      0.200       0.30        6.1      0.037       31.0      120.0    0.99390       3.24       0.51       10.8          1
 7.9      0.180       0.37        3.0      0.061       25.0      178.0    0.99500       3.22       0.51       10.0          1
 6.6      0.340       0.27        6.2      0.059       23.0      136.0    0.99570       3.30       0.49       10.1          1
 6.8      0.300       0.24        6.6      0.123       35.0      116.0    0.99530       3.07       0.48        9.4          3
 6.5      0.180       0.34        1.6      0.040       43.0      148.0    0.99120       3.32       0.59       11.5          1
 7.0      0.210       0.31        6.0      0.046       29.0      108.0    0.99390       3.26       0.50       10.8          1
 6.8      0.270       0.32        1.5      0.044       19.0      142.0    0.99210       3.10       0.43        9.9          3
 9.3      0.200       0.33        1.7      0.050       28.0      178.0    0.99540       3.16       0.43        9.0          2
 5.8      0.230       0.27        1.8      0.043       24.0       69.0    0.99330       3.38       0.31        9.4          0
 7.6      0.200       0.39        2.6      0.044       30.0      180.0    0.99410       3.46       0.44       10.8          0
 8.2      0.150       0.48        2.7      0.052       24.0      190.0    0.99500       3.50       0.45       10.9          0
 7.5      0.400       1.00       19.5      0.041       33.0      148.0    0.99770       3.24       0.38       12.0          1
 7.0      0.130       0.30        5.0      0.056       31.0      122.0    0.99450       3.47       0.42       10.5          0
 6.9      0.170       0.22        4.6      0.064       55.0      152.0    0.99520       3.29       0.37        9.3          1
 7.0      0.300       0.32        6.4      0.034       28.0       97.0    0.99240       3.23       0.44       11.8          1
 7.6      0.445       0.44       14.5      0.045       68.0      212.0    0.99860       3.48       0.36       10.0          0
 7.5      0.220       0.33        6.7      0.036       45.0      138.0    0.99390       3.20       0.68       11.4          2
 9.2      0.230       0.30        1.1      0.031       40.0       99.0    0.99290       2.94       0.30       10.4          3
 8.7      0.340       0.46       13.8      0.055       68.0      198.0    0.99880       3.36       0.37        9.5          0
 6.6      0.545       0.04        2.5      0.031       48.0      111.0    0.99060       3.14       0.32       11.9          2
 8.1      0.300       0.31        1.1      0.041       49.0      123.0    0.99140       2.99       0.45       11.1          3
 6.9      0.160       0.30        9.6      0.057       50.0      185.0    0.99780       3.39       0.38        9.6          0
 8.0      0.320       0.36        4.6      0.042       56.0      178.0    0.99280       3.29       0.47       12.0          1
 6.1      0.220       0.23        3.1      0.052       15.0      104.0    0.99480       3.14       0.42        8.7          2
 7.5      0.150       0.38        1.8      0.054       19.0      101.0    0.99460       3.24       0.44       10.0          1
 8.4      0.290       0.29        1.1      0.032        4.0       55.0    0.99080       2.91       0.32       11.4          3
 6.6      0.370       0.47        6.5      0.061       23.0      150.0    0.99540       3.14       0.45        9.6          2
 7.7      0.380       0.40        2.0      0.038       28.0      152.0    0.99060       3.18       0.32       12.9          2
 6.3      0.250       0.23       14.9      0.039       47.0      142.0    0.99705       3.14       0.35        9.7          2
 8.3      0.300       0.36       10.0      0.042       33.0      169.0    0.99820       3.23       0.51        9.3          1
 6.6      0.220       0.58        1.1      0.133       52.0      136.0    0.99320       3.10       0.30        9.1          3
 6.1      0.340       0.31       12.0      0.053       46.0      238.0    0.99770       3.16       0.48        8.6          2
 7.5      0.220       0.29        4.8      0.050       33.0       87.0    0.99400       3.14       0.42        9.9          2
 8.0      0.270       0.24        1.2      0.044       20.0      102.0    0.99290       3.28       0.42       10.9          1
 6.1      0.170       0.27        1.5      0.056       45.0      135.0    0.99240       3.20       0.43       10.2          2
 7.4      0.180       0.30       10.4      0.045       44.0      174.0    0.99660       3.11       0.57        9.7          3
 6.7      0.160       0.28        2.5      0.046       40.0      153.0    0.99210       3.38       0.51       11.4          0
 6.1      0.255       0.44       12.3      0.045       53.0      197.0    0.99670       3.24       0.54        9.5          1
 7.4      0.230       0.25        1.4      0.049       43.0      141.0    0.99340       3.42       0.54       10.2          0
 6.4      0.160       0.28        2.2      0.042       33.0       93.0    0.99140       3.31       0.43       11.1          1
 6.7      0.270       0.25        8.0      0.053       54.0      202.0    0.99610       3.22       0.43        9.3          1
 6.9      0.290       0.23        8.6      0.056       56.0      215.0    0.99670       3.17       0.44        8.8          2
 9.6      0.210       0.28        1.2      0.038       12.0       53.0    0.99260       2.80       0.46       10.6          3
 6.6      0.620       0.20        8.7      0.046       81.0      224.0    0.99605       3.17       0.44        9.3          2
 6.4      0.280       0.19        5.4      0.042       67.0      181.0    0.99435       3.31       0.35       10.2          1
 8.0      0.300       0.28        5.7      0.044       31.0      124.0    0.99480       3.16       0.51       10.2          2
 6.4      0.170       0.27        1.5      0.037       20.0       98.0    0.99160       3.46       0.42       11.0          0
 7.3      0.210       0.30       10.9      0.037       18.0      112.0    0.99700       3.40       0.50        9.6          0
 6.6      0.320       0.26        7.7      0.054       56.0      209.0    0.99610       3.17       0.45        8.8          2
 7.4      0.320       0.22        1.7      0.051       50.0      179.0    0.99550       3.28       0.69        8.9          1
 6.6      0.370       0.07        1.4      0.048       58.0      144.0    0.99220       3.17       0.38       10.0          2
 7.7      0.430       0.28        4.5      0.046       33.0      102.0    0.99180       3.16       0.56       12.2          2
 7.8      0.390       0.26        9.9      0.059       33.0      181.0    0.99550       3.04       0.42       10.9          3
 6.5      0.180       0.26        1.4      0.041       40.0      141.0    0.99410       3.34       0.72        9.5          0
 7.8      0.400       0.26        9.5      0.059       32.0      178.0    0.99550       3.04       0.43       10.9          3
 6.9      0.190       0.28        3.0      0.054       33.0       99.0    0.99240       3.16       0.40       10.8          2
 7.7      0.490       1.00       19.6      0.030       28.0      135.0    0.99730       3.24       0.40       12.0          1
 6.6      0.250       0.35       14.0      0.069       42.0      163.0    0.99900       3.56       0.47        9.8          0
 6.4      0.150       0.36        1.8      0.034       43.0      150.0    0.99220       3.42       0.69       11.0          0
 8.4      0.170       0.31        5.4      0.052       47.0      150.0    0.99530       3.24       0.38        9.8          1
 6.1      0.320       0.37        1.8      0.051       13.0      200.0    0.99450       3.49       0.44       10.5          0
 8.5      0.210       0.26        9.3      0.034       73.0      142.0    0.99450       3.05       0.37       11.4          3
 8.7      0.450       0.40        1.5      0.067       17.0      100.0    0.99570       3.27       0.57       10.1          1
 6.7      0.240       0.29        6.8      0.038       54.0      127.0    0.99320       3.33       0.46       11.6          0
 7.4      0.330       0.26        2.6      0.040       29.0      115.0    0.99130       3.07       0.52       11.8          3
 7.2      0.260       0.30        2.1      0.033       50.0      158.0    0.99090       3.33       0.43       12.1          0
 8.2      0.360       0.29        7.6      0.035       37.0      122.0    0.99390       3.16       0.34       12.0          2
 7.8      0.200       0.24        1.6      0.026       26.0      189.0    0.99100       3.08       0.74       12.1          3
 9.4      0.160       0.30        1.4      0.042       26.0      176.0    0.99540       3.15       0.46        9.1          2
 6.4      0.330       0.24        1.6      0.054       25.0      117.0    0.99430       3.36       0.50        9.3          0
 7.8      0.220       0.36        1.4      0.056       21.0      153.0    0.99300       3.20       0.53       10.4          2
 7.4      0.350       0.31       17.9      0.062       42.0      187.0    1.00020       3.27       0.64        9.1          1
 6.6      0.370       0.24        2.0      0.064       23.0      120.0    0.99460       3.32       0.54        9.4          1
 6.7      0.370       0.41        6.3      0.061       22.0      149.0    0.99530       3.16       0.47        9.6          2
 7.1      0.370       0.32        1.4      0.037       27.0      126.0    0.99180       3.19       0.62       12.0          2
 6.9      0.250       0.27        9.1      0.039       37.0      128.0    0.99360       3.27       0.34       11.3          1
 6.8      0.230       0.29       15.4      0.073       56.0      173.0    0.99840       3.06       0.41        8.7          3
 6.4      0.260       0.21        7.1      0.040       35.0      162.0    0.99560       3.39       0.58        9.9          0
 7.6      0.300       0.22       10.2      0.049       57.0      191.0    0.99660       3.08       0.40        9.3          3
 9.4      0.160       0.23        1.6      0.042       14.0       67.0    0.99420       3.07       0.32        9.5          3
 7.5      0.330       0.39       12.4      0.065       29.0      119.0    0.99740       3.16       0.39        9.4          2
 7.6      0.380       0.20        3.4      0.046        9.0      116.0    0.99440       3.15       0.41        9.4          2
 8.8      0.200       0.43       15.0      0.053       60.0      184.0    1.00080       3.28       0.79        8.8          1
 6.6      0.360       0.21        1.5      0.049       39.0      184.0    0.99280       3.18       0.41        9.9          2
 5.6      0.460       0.24        4.8      0.042       24.0       72.0    0.99080       3.29       0.37       12.6          1
 7.2      0.150       0.38        1.2      0.038       18.0      110.0    0.99170       3.19       0.43       11.1          2
 8.2      0.420       0.29        4.1      0.030       31.0      100.0    0.99110       3.00       0.32       12.8          3
 6.8      0.300       0.35        2.8      0.038       10.0      164.0    0.99120       3.09       0.53       12.0          3
 6.7      0.270       0.30       13.9      0.029       34.0      131.0    0.99530       3.36       0.50       12.0          0
 7.2      0.500       0.00        0.8      0.034       46.0      114.0    0.99320       3.19       0.34        9.2          2
 6.0      0.260       0.29        1.0      0.032       27.0       96.0    0.98960       3.38       0.44       12.3          0
 6.8      0.330       0.28        1.2      0.032       38.0      131.0    0.98890       3.19       0.41       13.0          2
 7.4      0.290       0.31        1.7      0.035       23.0      110.0    0.99260       3.07       0.38       10.9          3
 7.3      0.190       0.24        6.3      0.054       34.0      231.0    0.99640       3.36       0.54       10.0          0
 6.5      0.320       0.12       11.5      0.033       35.0      165.0    0.99740       3.22       0.32        9.0          1
 7.1      0.320       0.40        1.5      0.034       13.0       84.0    0.99440       3.42       0.60       10.4          0
 7.3      0.170       0.23        6.3      0.051       35.0      240.0    0.99630       3.36       0.54       10.0          0
 7.7      0.440       0.24       11.2      0.031       41.0      167.0    0.99480       3.12       0.43       11.3          2
 7.4      0.490       0.24       15.1      0.030       34.0      153.0    0.99530       3.13       0.51       12.0          2
 6.4      0.210       0.30        5.6      0.044       43.0      160.0    0.99490       3.60       0.41       10.6          0
 8.0      0.550       0.42       12.6      0.211       37.0      213.0    0.99880       2.99       0.56        9.3          3
 7.0      0.190       0.23        5.7      0.123       27.0      104.0    0.99540       3.04       0.54        9.4          3
 7.2      0.240       0.29        2.2      0.037       37.0      102.0    0.99200       3.27       0.64       11.0          1
 6.5      0.340       0.36       11.0      0.052       53.0      247.0    0.99840       3.44       0.55        9.3          0
 6.9      0.180       0.33        1.0      0.054       24.0      164.0    0.99260       3.42       0.51       10.5          0
 8.2      0.180       0.31       11.8      0.039       96.0      249.0    0.99760       3.07       0.52        9.5          3
 8.3      0.280       0.45        7.8      0.059       32.0      139.0    0.99720       3.33       0.77       11.2          0
 6.1      0.340       0.46        4.7      0.029       21.0       94.0    0.99100       3.29       0.62       12.3          1
 7.4      0.440       0.20       11.5      0.049       44.0      157.0    0.99800       3.27       0.44        9.0          1
 7.6      0.260       0.58        7.9      0.041       62.0      180.0    0.99660       3.07       0.38        9.0          3
 8.7      0.490       0.57       17.8      0.052       34.0      243.0    1.00070       2.98       0.82        9.0          3
 7.0      0.240       0.25        1.7      0.042       48.0      189.0    0.99200       3.25       0.42       11.4          1
 7.1      0.250       0.25        1.6      0.046       50.0      181.0    0.99250       3.20       0.42       11.0          2
 6.4      0.180       0.31        1.6      0.049       36.0      127.0    0.99340       3.60       0.67       10.4          0
 8.3      0.270       0.39        2.4      0.058       16.0      107.0    0.99550       3.28       0.59       10.3          1
 6.8      0.240       0.35        6.4      0.048       44.0      172.0    0.99440       3.29       0.55       10.5          1
 8.0      0.220       0.28       14.0      0.053       83.0      197.0    0.99810       3.14       0.45        9.8          2
10.0      0.910       0.42        1.6      0.056       34.0      181.0    0.99680       3.11       0.46       10.0          3
 8.9      0.340       0.34        1.6      0.056       13.0      176.0    0.99460       3.14       0.47        9.7          2
 8.9      0.330       0.34        1.4      0.056       14.0      171.0    0.99460       3.13       0.47        9.7          2
 6.7      0.180       0.19        4.7      0.046       57.0      161.0    0.99460       3.32       0.66       10.5          1
 7.8      0.200       0.28       10.2      0.054       78.0      186.0    0.99700       3.14       0.46       10.0          2
 7.3      0.130       0.31        2.3      0.054       22.0      104.0    0.99240       3.24       0.92       11.5          1
 6.6      0.280       0.30        7.8      0.049       57.0      202.0    0.99580       3.24       0.39        9.5          1
 7.1      0.250       0.30        2.4      0.042       25.0      122.0    0.99400       3.43       0.61       10.5          0
 7.6      0.360       0.44        8.3      0.255       28.0      142.0    0.99580       3.12       0.43       10.2          2
 7.6      0.270       0.25       13.9      0.050       45.0      199.0    0.99840       3.34       0.50        9.8          0
 6.9      0.370       0.28       13.8      0.031       34.0      137.0    0.99480       3.10       0.37       11.6          3
 7.4      0.210       0.27        7.3      0.031       41.0      144.0    0.99320       3.15       0.38       11.8          2
 8.2      0.180       0.28        8.5      0.035       41.0      140.0    0.99520       3.04       0.37       10.1          3
 6.3      0.190       0.21        1.8      0.049       35.0      163.0    0.99240       3.31       0.50       10.3          1
 7.0      0.210       0.22        5.1      0.048       38.0      168.0    0.99450       3.34       0.49       10.4          0
 5.8      0.330       0.20       16.1      0.047       26.0      166.0    0.99760       3.09       0.46        8.9          3
 7.9      0.290       0.31        7.3      0.034       37.0      154.0    0.99380       3.06       0.31       10.8          3
 6.6      0.310       0.38       16.1      0.058       16.0      165.0    0.99970       3.38       0.60        9.2          0
 8.0      0.190       0.30        2.0      0.053       48.0      140.0    0.99400       3.18       0.49        9.6          2
 8.0      0.200       0.36        1.2      0.032       21.0       78.0    0.99210       3.08       0.37       10.4          3
 8.0      0.250       0.26       14.0      0.043       41.0      248.0    0.99860       3.03       0.57        8.7          3
 7.2      0.200       0.61       16.2      0.043       14.0      103.0    0.99870       3.06       0.36        9.2          3
 7.7      0.300       0.42       14.3      0.045       45.0      213.0    0.99910       3.18       0.63        9.2          2
 6.4      0.220       0.32        7.9      0.029       34.0      124.0    0.99480       3.40       0.39       10.2          0
 7.0      0.530       0.02        1.0      0.036       39.0      107.0    0.99300       3.20       0.32        9.0          2
 7.3      0.240       0.41       13.6      0.050       41.0      178.0    0.99880       3.37       0.43        9.7          0
 7.2      0.240       0.40       17.9      0.049       50.0      185.0    1.00000       3.34       0.42        9.6          0
 7.6      0.150       0.40        1.3      0.036       24.0      112.0    0.99320       3.14       0.76       10.0          2
 7.6      0.330       0.41       13.7      0.045       44.0      197.0    0.99890       3.18       0.64        9.1          2
 6.8      0.240       0.31       18.3      0.046       40.0      142.0    1.00000       3.30       0.41        8.7          1
 6.8      0.350       0.44        6.5      0.056       31.0      161.0    0.99520       3.14       0.44        9.5          2
 7.9      0.260       0.33       10.3      0.039       73.0      212.0    0.99690       2.93       0.49        9.5          3
 7.5      0.290       0.67        8.1      0.037       53.0      166.0    0.99660       2.90       0.41        8.9          3
 7.2      0.310       0.41        8.6      0.053       15.0       89.0    0.99760       3.29       0.64        9.9          1
 6.7      0.440       0.31        1.9      0.030       41.0      104.0    0.99000       3.29       0.62       12.6          1
10.0      0.230       0.27       14.1      0.033       45.0      166.0    0.99880       2.72       0.43        9.7          2
 7.4      0.210       0.30        7.9      0.039       14.0      118.0    0.99420       2.96       0.34       10.4          3
 8.8      0.230       0.35       10.7      0.040       26.0      183.0    0.99840       2.93       0.49        9.1          3
 7.8      0.340       0.27        1.2      0.040       25.0      106.0    0.99320       3.01       0.55       10.4          3
 6.0      0.280       0.35        1.9      0.037       16.0      120.0    0.99330       3.16       0.69       10.6          2
 7.9      0.370       0.30        2.7      0.029       64.0      158.0    0.99160       3.12       0.59       12.0          2
 7.2      0.360       0.36        5.7      0.038       26.0       98.0    0.99140       2.93       0.59       12.5          3
 7.6      0.130       0.34        9.3      0.062       40.0      126.0    0.99660       3.21       0.39        9.6          2
 6.6      0.250       0.36        8.1      0.045       54.0      180.0    0.99580       3.08       0.42        9.2          3
 7.1      0.180       0.26        1.3      0.041       20.0       71.0    0.99260       3.04       0.74        9.9          3
 7.9      0.300       0.27        8.5      0.036       20.0      112.0    0.99390       2.96       0.46       11.7          3
 8.3      0.230       0.30        2.1      0.049       21.0      153.0    0.99530       3.09       0.50        9.6          3
 6.8      0.430       0.30        3.5      0.033       27.0      135.0    0.99060       3.00       0.37       12.0          3
 6.6      0.350       0.29       14.4      0.044       54.0      177.0    0.99910       3.17       0.58        8.9          2
 7.3      0.220       0.50       13.7      0.049       56.0      189.0    0.99940       3.24       0.66        9.0          1
 8.1      0.260       0.33       11.1      0.052       52.5      158.0    0.99760       3.03       0.49       10.2          3
 7.0      0.120       0.19        4.9      0.055       27.0      127.0    0.99530       3.29       0.41        9.4          1
 8.2      0.370       0.27        1.7      0.028       10.0       59.0    0.99230       2.97       0.48       10.4          3
 7.6      0.260       0.36        1.6      0.032        6.0      106.0    0.99300       3.15       0.40       10.4          2
 6.3      0.200       0.58        1.4      0.204       15.0       97.0    0.99310       3.16       0.43       10.0          2
 6.3      0.220       0.57        1.4      0.208       14.0       96.0    0.99320       3.16       0.43       10.0          2
 7.1      0.250       0.28        1.6      0.052       46.0      169.0    0.99260       3.05       0.41       10.5          3
 7.0      0.270       0.32        6.8      0.047       47.0      193.0    0.99380       3.23       0.39       11.4          1
 8.8      0.340       0.33        9.7      0.036       46.0      172.0    0.99660       3.08       0.40       10.2          3
 9.2      0.270       0.34       10.5      0.043       49.0      228.0    0.99740       3.04       0.41       10.4          3
 7.1      0.490       0.22        2.0      0.047      146.5      307.5    0.99240       3.24       0.37       11.0          1
 9.2      0.710       0.23        6.2      0.042       15.0       93.0    0.99480       2.89       0.34       10.1          3
 7.2      0.470       0.65        8.3      0.083       27.0      182.0    0.99640       3.00       0.35        9.2          3
 6.8      0.280       0.36        1.6      0.040       25.0       87.0    0.99240       3.23       0.66       10.3          1
 7.3      0.130       0.27        4.6      0.080       34.0      172.0    0.99380       3.23       0.39       11.1          1
 7.2      0.160       0.35        1.2      0.031       27.0       84.0    0.99280       3.33       0.34        9.9          0
 6.8      0.310       0.32        7.6      0.052       35.0      143.0    0.99590       3.14       0.38        9.0          2
 8.3      0.360       0.57       15.0      0.052       35.0      256.0    1.00010       2.93       0.64        8.6          3
 6.3      0.250       0.44       11.6      0.041       48.0      195.0    0.99680       3.18       0.52        9.5          2
 6.0      0.450       0.42        1.1      0.051       61.0      197.0    0.99320       3.02       0.40        9.0          3
 8.1      0.260       0.30        7.8      0.049       39.0      152.0    0.99540       2.99       0.58       10.0          3
 6.4      0.220       0.32       12.0      0.066       57.0      158.0    0.99920       3.60       0.43        9.0          0
 5.7      0.450       0.42        1.1      0.051       61.0      197.0    0.99320       3.02       0.40        9.0          3
 7.2      0.190       0.31        1.4      0.046       37.0      135.0    0.99390       3.34       0.57       10.2          0
 6.7      0.310       0.44        6.7      0.054       29.0      160.0    0.99520       3.04       0.44        9.6          3
 8.0      0.250       0.13       17.2      0.036       49.0      219.0    0.99960       2.96       0.46        9.7          3
 9.9      1.005       0.46        1.4      0.046       34.0      185.0    0.99660       3.02       0.49       10.2          3
 8.1      0.310       0.36        8.2      0.028       29.0      142.0    0.99250       3.01       0.34       13.0          3
 8.1      0.240       0.38        4.3      0.044       49.0      172.0    0.99600       3.37       0.74       10.8          0
 6.4      0.290       0.28       11.1      0.063       66.0      169.0    0.99730       2.89       0.57        9.0          3
 7.2      0.150       0.33        1.1      0.027       16.0       63.0    0.99370       3.37       0.40        9.9          0
 7.0      0.120       0.32        7.2      0.058       22.0       89.0    0.99660       3.29       0.38        9.2          1
 7.4      0.320       0.55       16.6      0.056       53.0      238.0    1.00170       2.96       0.58        8.7          3
 8.5      0.170       0.31        1.0      0.024       13.0       91.0    0.99300       2.79       0.37       10.1          3
 9.5      0.210       0.47        1.3      0.039       21.0      123.0    0.99590       2.90       0.64        9.5          3
 8.2      0.210       0.48        1.4      0.041       11.0       99.0    0.99580       3.17       0.57        9.9          2
 6.8      0.310       0.42        6.9      0.046       50.0      173.0    0.99580       3.19       0.46        9.0          2
 6.8      0.270       0.28       13.3      0.076       50.0      163.0    0.99790       3.03       0.38        8.6          3
 7.4      0.210       0.30        8.1      0.047       13.0      114.0    0.99410       3.12       0.35       10.5          2
 8.0      0.230       0.35        9.2      0.044       53.0      186.0    0.99700       3.09       0.56        9.5          3
 7.6      0.200       0.31        1.4      0.047       41.0      142.0    0.99340       3.43       0.53       10.1          0
 6.3      0.410       0.30        3.2      0.030       49.0      164.0    0.99270       3.53       0.79       11.7          0
 8.3      0.490       0.43        2.5      0.036       32.0      116.0    0.99440       3.23       0.47       10.7          1
 7.6      0.200       0.26        4.5      0.086       37.0      133.0    0.99630       3.15       0.42        9.2          2
 7.5      0.260       0.26       18.4      0.084       33.0      139.0    1.00110       3.17       0.39        8.8          2
 6.8      0.270       0.35        7.8      0.048       76.0      197.0    0.99590       3.24       0.43        9.5          1
 6.8      0.280       0.37        7.0      0.057       35.0      208.0    0.99730       3.57       0.55       10.2          0
 8.4      0.200       0.27        6.3      0.048       30.0      143.0    0.99660       3.25       0.50        9.1          1
 7.9      0.330       0.26        1.2      0.044       23.0      103.0    0.99320       3.19       0.54       10.5          2
 7.5      0.380       0.50       12.8      0.042       57.0      184.0    0.99840       3.09       0.46        9.0          3
 7.6      0.200       0.30       14.2      0.056       53.0      212.5    0.99900       3.14       0.46        8.9          2
 8.1      0.190       0.58       16.6      0.049       48.0      181.0    1.00060       3.20       0.62        9.1          2
 7.6      0.160       0.41        1.9      0.047       27.0      151.0    0.99370       3.20       0.53       10.1          2
 8.1      0.220       0.28        7.7      0.043       57.0      176.0    0.99540       3.12       0.55       10.0          2
 8.0      0.220       0.32       10.4      0.043       63.0      201.0    0.99700       3.11       0.53        9.5          3
 7.1      0.330       0.30        3.3      0.034       30.0      102.0    0.99120       3.08       0.31       12.3          3
 6.4      0.430       0.27        1.1      0.054        5.0      110.0    0.99390       3.24       0.52        9.1          1
 7.0      0.120       0.28        6.3      0.057       17.0      103.0    0.99570       3.50       0.44        9.6          0
 7.4      0.300       0.22        5.3      0.053       33.0      180.0    0.99260       3.13       0.45       11.6          2
 7.0      0.280       0.33       14.6      0.043       47.0      168.0    0.99940       3.34       0.67        8.8          0
 8.4      0.200       0.38       11.8      0.055       51.0      170.0    1.00040       3.34       0.82        8.9          0
 7.3      0.180       0.31       17.3      0.055       32.0      197.0    1.00020       3.13       0.46        9.0          2
 6.8      0.310       0.09        1.4      0.040       56.0      145.0    0.99220       3.19       0.46       10.0          2
 6.7      0.310       0.08        1.3      0.038       58.0      147.0    0.99220       3.18       0.46       10.0          2
 7.6      0.170       0.35        1.6      0.047       43.0      154.0    0.99340       3.36       0.69       11.1          0
 7.4      0.260       0.31        2.4      0.043       58.0      178.0    0.99410       3.42       0.68       10.6          0
 5.6      0.180       0.31        1.5      0.038       16.0       84.0    0.99240       3.34       0.58       10.1          0
 7.2      0.150       0.39        1.8      0.043       21.0      159.0    0.99480       3.52       0.47       10.0          0
 8.0      0.400       0.33        7.7      0.034       27.0       98.0    0.99350       3.18       0.41       12.2          2
 7.0      0.250       0.56        2.0      0.035       20.0       95.0    0.99180       3.23       0.53       11.0          1
 6.8      0.180       0.46        1.4      0.064       37.0      160.0    0.99240       3.37       0.45       11.1          0
 6.6      0.320       0.22       16.7      0.046       38.0      133.0    0.99790       3.22       0.67       10.4          1
 9.0      0.550       0.30        8.1      0.026       14.0       71.0    0.99300       2.94       0.36       11.8          3
 6.9      0.190       0.39        8.0      0.028       22.0       84.0    0.99400       3.11       0.66       10.8          3
 6.3      0.410       0.33        4.7      0.023       28.0      110.0    0.99100       3.30       0.38       12.5          1
 7.0      0.200       0.34        2.1      0.049       12.0      136.0    0.99220       3.25       0.46       11.6          1
 7.7      0.260       0.34        6.4      0.050       36.0      163.0    0.99370       3.19       0.70       11.5          2
 6.3      0.210       0.28        1.5      0.051       46.0      142.0    0.99280       3.23       0.42       10.1          1
 7.6      0.340       0.39        7.6      0.040       45.0      215.0    0.99650       3.11       0.53        9.2          3
 8.0      0.430       0.40       12.4      0.168       29.0      190.0    0.99910       3.07       0.64        9.2          3
 7.5      0.300       0.71        1.3      0.160       44.0      149.0    0.99480       3.08       0.42        8.9          3
 6.4      0.260       0.40        1.7      0.179        5.0       60.0    0.99250       3.09       0.54       10.1          3
 6.9      0.320       0.15        8.1      0.046       51.0      180.0    0.99580       3.13       0.45        8.9          2
 8.9      0.210       0.34        7.1      0.037       33.0      150.0    0.99620       3.10       0.45        9.7          3
 9.5      0.420       0.41        2.3      0.034       22.0      145.0    0.99510       3.06       0.52       11.0          3
 7.6      0.290       0.26        6.5      0.042       32.0      160.0    0.99440       3.14       0.47       10.7          2
 6.5      0.250       0.20        1.4      0.024       29.0      101.0    0.99160       3.24       0.54       10.8          1
 7.2      0.230       0.33       12.7      0.049       50.0      183.0    0.99870       3.41       0.40        9.8          0
 7.9      0.350       0.36        1.6      0.038       11.0      124.0    0.99280       3.25       0.48       11.0          1
 8.8      0.200       0.28        1.1      0.018       18.0       72.0    0.99260       2.97       0.35       10.4          3
 5.7      0.270       0.32        1.2      0.046       20.0      155.0    0.99340       3.80       0.41       10.2          0
 5.5      0.140       0.27        4.6      0.029       22.0      104.0    0.99490       3.34       0.44        9.0          0
 8.7      0.240       0.35        0.6      0.042       11.0       71.0    0.99260       3.08       0.38       10.6          3
 6.7      0.300       0.45       10.6      0.032       56.0      212.0    0.99700       3.22       0.59        9.5          1
 5.6      0.130       0.27        4.8      0.028       22.0      104.0    0.99480       3.34       0.45        9.2          0
 7.4      0.180       0.34        2.7      0.030       30.0      107.0    0.99200       2.97       0.53       11.0          3
 5.7      0.385       0.04       12.6      0.034       22.0      115.0    0.99640       3.28       0.63        9.9          1
 8.3      0.330       0.43        9.2      0.046       22.0      126.0    0.99820       3.38       0.47        9.3          0
 6.8      0.340       0.44        6.6      0.052       28.0      156.0    0.99550       3.14       0.41        9.6          2
 6.8      0.330       0.44        7.0      0.050       29.0      155.0    0.99550       3.14       0.42        9.5          2
 6.3      0.280       0.24        8.4      0.031       32.0      172.0    0.99580       3.39       0.57        9.7          0
11.8      0.230       0.38       11.1      0.034       15.0      123.0    0.99970       2.93       0.55        9.7          3
 6.8      0.210       0.27       18.1      0.042       41.0      146.0    1.00010       3.30       0.36        8.7          1
 8.6      0.485       0.29        4.1      0.026       19.0      101.0    0.99180       3.01       0.38       12.4          3
 7.3      0.290       0.29        4.6      0.029       27.0      155.0    0.99310       3.07       0.26       10.6          3
 6.7      0.310       0.31        4.9      0.031       20.0      151.0    0.99260       3.36       0.82       12.0          0
 7.3      0.290       0.37        8.3      0.044       45.0      227.0    0.99660       3.12       0.47        9.0          2
 5.7      0.460       0.46        1.4      0.040       31.0      169.0    0.99320       3.13       0.47        8.8          2
 6.8      0.280       0.44       11.5      0.040       58.0      223.0    0.99690       3.22       0.56        9.5          1
 6.7      0.230       0.33        1.8      0.036       23.0       96.0    0.99250       3.32       0.40       10.8          1
 6.9      0.170       0.25        1.6      0.047       34.0      132.0    0.99140       3.16       0.48       11.4          2
 7.6      0.180       0.36        2.4      0.049       38.0      123.0    0.99600       3.60       0.46       10.3          0
 6.6      0.220       0.28        4.9      0.042       51.0      180.0    0.99520       3.30       0.75        9.5          1
 7.8      0.270       0.28        1.8      0.050       21.0      127.0    0.99340       3.15       0.44        9.9          2
 7.7      0.280       0.29        4.3      0.051       25.0      142.0    0.99390       3.16       0.39       10.2          2
 7.6      0.290       0.29        4.4      0.051       26.0      146.0    0.99390       3.16       0.39       10.2          2
 5.7      0.320       0.18        1.4      0.029       26.0      104.0    0.99060       3.44       0.37       11.0          0
 7.1      0.330       0.25        1.6      0.030       25.0      126.0    0.99010       3.22       0.34       12.1          1
 7.3      0.340       0.30        1.3      0.057       25.0      173.0    0.99480       3.26       0.51        9.1          1
 6.5      0.190       0.26        5.2      0.040       31.0      140.0    0.99500       3.26       0.68        9.5          1
 6.6      0.230       0.27        5.6      0.043       43.0      164.0    0.99530       3.27       0.76        9.5          1
 6.6      0.270       0.29        5.3      0.045       57.0      189.0    0.99530       3.31       0.79        9.8          1
 6.8      0.360       0.32        1.6      0.039       10.0      124.0    0.99480       3.30       0.67        9.6          1
 7.0      0.220       0.39        2.1      0.055       39.0      198.0    0.99510       3.52       0.54       10.2          0
 5.9      0.170       0.30        1.4      0.042       25.0      119.0    0.99310       3.68       0.72       10.5          0
 7.4      0.450       0.32        7.1      0.044       17.0      117.0    0.99620       3.32       0.41       10.4          1
 7.5      0.420       0.14       10.7      0.046       18.0       95.0    0.99590       3.22       0.33       10.7          1
 7.5      0.330       0.32       11.1      0.036       25.0      119.0    0.99620       3.15       0.34       10.5          2
 9.4      0.300       0.32       10.7      0.029       14.0      111.0    0.99580       2.85       0.42       10.6          3
 7.9      0.170       0.32        1.6      0.053       47.0      150.0    0.99480       3.29       0.76        9.6          1
 8.2      0.170       0.32        1.5      0.050       17.0      101.0    0.99400       3.14       0.58        9.5          2
 8.3      0.170       0.31        1.5      0.049       48.0      153.0    0.99420       3.12       0.58        9.4          2
 8.7      0.150       0.30        1.6      0.046       29.0      130.0    0.99420       3.22       0.38        9.8          1
 7.2      0.250       0.19        8.0      0.044       51.0      172.0    0.99640       3.16       0.44        9.2          2
 7.2      0.240       0.19        7.7      0.045       53.0      176.0    0.99580       3.17       0.38        9.5          2
 5.3      0.760       0.03        2.7      0.043       27.0       93.0    0.99320       3.34       0.38        9.2          0
 6.6      0.220       0.53       15.1      0.052       22.0      136.0    0.99860       2.94       0.35        9.4          3
 8.4      0.280       0.40        8.9      0.048       33.0      146.0    0.99880       3.40       0.46        9.3          0
 6.8      0.320       0.34        6.0      0.050        5.0      129.0    0.99530       3.19       0.40        9.1          2
 6.7      0.240       0.33       12.3      0.046       31.0      145.0    0.99830       3.36       0.40        9.5          0
 7.4      0.180       0.36       13.1      0.056       72.0      163.0    1.00000       3.42       0.35        9.1          0
 6.0      0.160       0.30        6.7      0.043       43.0      153.0    0.99510       3.63       0.46       10.6          0
 6.8      0.280       0.35        2.3      0.042       16.0       85.0    0.99060       3.19       0.56       12.4          2
 6.2      0.340       0.30       11.1      0.047       28.0      237.0    0.99810       3.18       0.49        8.7          2
 6.0      0.270       0.15        1.5      0.056       35.0      128.0    0.99360       3.12       0.45        8.8          2
 8.5      0.240       0.47       15.2      0.057       40.0      234.0    1.00050       3.02       0.66        9.0          3
 8.1      0.240       0.33       10.2      0.048       46.0      141.0    0.99720       3.16       0.48       10.3          2
 7.7      0.230       0.31       10.7      0.038       59.0      186.0    0.99690       3.12       0.55        9.5          2
 6.5      0.220       0.25       17.1      0.050       44.0      138.0    1.00010       3.30       0.37        8.8          1
 5.7      0.330       0.15        1.9      0.050       20.0       93.0    0.99340       3.38       0.62        9.9          0
 6.8      0.200       0.27        1.2      0.034       19.0       68.0    0.99020       3.14       0.37       11.7          2
 7.7      0.260       0.32        1.2      0.040       26.0      117.0    0.99300       3.21       0.56       10.8          2
 6.4      0.200       0.32        3.1      0.041       18.0      126.0    0.99140       3.43       0.42       12.0          0
 8.0      0.160       0.36        1.5      0.033       14.0      122.0    0.99410       3.20       0.39       10.3          2
 6.8      0.250       0.27       10.7      0.076       47.0      154.0    0.99670       3.05       0.38        9.0          3
 7.7      0.390       0.28        4.9      0.035       36.0      109.0    0.99180       3.19       0.58       12.2          2
 6.9      0.260       0.33       12.6      0.051       59.0      173.0    0.99800       3.39       0.38        9.9          0
 6.0      0.280       0.22       12.2      0.048       42.0      163.0    0.99570       3.20       0.46       10.1          2
 6.5      0.430       0.28       12.0      0.056       23.0      174.0    0.99860       3.31       0.55        9.3          1
 9.1      0.330       0.38        1.7      0.062       50.5      344.0    0.99580       3.10       0.70        9.5          3
 5.9      0.500       0.05        2.6      0.054       36.0      146.0    0.99480       3.43       0.50        9.2          0
 6.8      0.280       0.39        1.4      0.036       15.0      115.0    0.99180       3.27       0.72       11.7          1
 7.0      0.350       0.24        1.9      0.040       21.0      144.0    0.99230       3.35       0.38       11.0          0
 7.1      0.220       0.32       16.9      0.056       49.0      158.0    0.99980       3.37       0.38        9.6          0
 8.3      0.240       0.27        2.1      0.030       22.0      162.0    0.99140       2.99       0.68       11.9          3
 6.8      0.260       0.32        7.0      0.041       38.0      118.0    0.99390       3.25       0.52       10.8          1
 7.2      0.160       0.26        7.1      0.054       41.0      224.0    0.99660       3.38       0.55       10.1          0
 7.9      0.180       0.36        5.9      0.058       31.0      132.0    0.99500       3.25       0.52       10.9          1
 5.5      0.240       0.32        8.7      0.060       19.0      102.0    0.99400       3.27       0.31       10.4          1
 7.1      0.330       0.64       13.2      0.056       12.0      105.0    0.99720       3.05       0.39        9.2          3
 7.7      0.280       0.35       15.3      0.056       31.0      117.0    0.99980       3.27       0.50        9.6          1
 7.5      0.260       0.52       13.2      0.047       64.0      179.0    0.99820       3.10       0.46        9.0          3
 6.5      0.140       0.32        2.7      0.037       18.0       89.0    0.99240       3.40       0.74       11.5          0
 8.2      0.210       0.32       10.7      0.053       53.0      145.0    0.99720       3.17       0.48       10.2          2
 7.2      0.200       0.31       10.0      0.054       49.0      165.0    0.99700       3.40       0.42        9.9          0
 7.2      0.115       0.30        6.8      0.056       26.0      105.0    0.99540       3.44       0.40        9.6          0
 6.4      0.290       0.20       15.6      0.040       20.0      142.0    0.99620       3.10       0.54       10.6          3
 6.8      0.240       0.34        5.1      0.038       31.0       99.0    0.99210       3.24       0.46       11.8          1
 7.0      0.240       0.34        3.0      0.035       36.0      102.0    0.99050       3.18       0.43       12.2          2
 7.0      0.220       0.33        2.1      0.052       15.0       76.0    0.99300       3.20       0.41       10.6          2
 7.5      0.180       0.39        1.9      0.054       23.0       91.0    0.99410       3.27       0.45       10.3          1
 9.8      0.930       0.45        8.6      0.052       34.0      187.0    0.99940       3.12       0.59       10.2          2
 7.8      0.290       0.33        8.8      0.035       33.0      181.0    0.99620       3.11       0.46       10.7          3
 7.9      0.280       0.32        3.6      0.038        9.0       76.0    0.99200       3.05       0.31       11.7          3
 8.5      0.250       0.27        4.7      0.031       31.0       92.0    0.99220       3.01       0.33       12.0          3
 7.4      0.180       0.27        1.3      0.048       26.0      105.0    0.99400       3.52       0.66       10.6          0
 6.3      0.240       0.37        1.8      0.031        6.0       61.0    0.98970       3.30       0.34       12.2          1
 6.0      0.330       0.38        9.7      0.040       29.0      124.0    0.99540       3.47       0.48       11.0          0
 6.8      0.370       0.28        4.0      0.030       29.0       79.0    0.99000       3.23       0.46       12.4          1
 9.9      0.490       0.23        2.4      0.087       19.0      115.0    0.99480       2.77       0.44        9.4          3
 8.4      0.220       0.28       18.8      0.028       55.0      130.0    0.99800       2.96       0.35       11.6          3
 7.0      0.350       0.31        1.8      0.069       15.0      162.0    0.99440       3.18       0.47        9.4          2
 7.4      0.190       0.30       12.8      0.053       48.5      229.0    0.99860       3.14       0.49        9.1          2
 6.9      0.320       0.13        7.8      0.042       11.0      117.0    0.99600       3.23       0.37        9.2          1
 7.6      0.320       0.58       16.8      0.050       43.0      163.0    0.99990       3.15       0.54        9.2          2
 7.4      0.190       0.30       12.8      0.053       48.5      212.0    0.99860       3.14       0.49        9.1          2
 6.0      0.340       0.24        5.4      0.060       23.0      126.0    0.99510       3.25       0.44        9.0          1
 7.7      0.240       0.31        1.3      0.047       33.0      106.0    0.99300       3.22       0.55       10.8          1
 8.0      0.360       0.43       10.1      0.053       29.0      146.0    0.99820       3.40       0.46        9.5          0
 7.4      0.290       0.25        3.8      0.044       30.0      114.0    0.99200       3.11       0.40       11.0          3
 6.6      0.320       0.27       10.9      0.041       37.0      146.0    0.99630       3.24       0.47       10.0          1
 6.3      0.300       0.24        6.6      0.040       38.0      141.0    0.99500       3.22       0.47        9.5          1
 6.4      0.330       0.24        9.8      0.041       29.0      109.0    0.99560       3.29       0.47       10.1          1
 7.5      0.180       0.31       11.7      0.051       24.0       94.0    0.99700       3.19       0.44        9.5          2
 6.5      0.390       0.81        1.2      0.217       14.0       74.0    0.99360       3.08       0.53        9.5          3
 6.8      0.250       0.18        1.4      0.056       13.0      137.0    0.99350       3.11       0.42        9.5          3
 6.4      0.180       0.32        9.6      0.052       24.0       90.0    0.99630       3.35       0.49        9.4          0
 7.1      0.180       0.32       12.2      0.048       36.0      125.0    0.99670       2.92       0.54        9.4          3
 7.6      0.270       0.42        2.6      0.044       29.0      110.0    0.99120       3.31       0.51       12.7          1
 9.2      0.230       0.35       10.7      0.037       34.0      145.0    0.99810       3.09       0.32        9.7          3
 7.9      0.280       0.41        4.9      0.058       31.0      153.0    0.99660       3.27       0.51        9.7          1
 7.0      0.220       0.26        1.1      0.037       20.0       71.0    0.99020       3.10       0.38       11.7          3
 7.3      0.180       0.29        1.0      0.036       26.0      101.0    0.99000       3.09       0.37       11.7          3
 7.1      0.260       0.19        8.2      0.051       53.0      187.0    0.99600       3.16       0.52        9.7          2
 6.6      0.250       0.42       11.3      0.049       77.0      231.0    0.99660       3.24       0.52        9.5          1
 6.4      0.240       0.23        7.3      0.069       31.0      157.0    0.99620       3.25       0.53        9.1          1
 6.0      0.280       0.27        2.3      0.051       23.0      147.0    0.99400       3.23       0.67       10.3          1
 7.8      0.240       0.38        2.1      0.058       14.0      167.0    0.99400       3.21       0.55        9.9          2
 7.6      0.270       0.33        2.0      0.059       19.0      175.0    0.99440       3.22       0.56        9.9          1
 7.7      0.390       0.34       10.0      0.056       35.0      178.0    0.99740       3.26       0.60       10.2          1
 8.9      0.240       0.33       15.8      0.035       16.0      132.0    0.99600       3.00       0.37       12.1          3
 6.6      0.230       0.24        3.9      0.045       36.0      138.0    0.99220       3.15       0.64       11.3          2
 7.1      0.260       0.30        2.0      0.031       13.0      128.0    0.99170       3.19       0.49       11.4          2
 7.0      0.320       0.35        1.5      0.039       24.0      125.0    0.99180       3.17       0.64       12.2          2
 7.4      0.240       0.26        1.6      0.058       53.0      150.0    0.99360       3.18       0.50        9.9          2
 6.9      0.210       0.33        1.4      0.056       35.0      136.0    0.99380       3.63       0.78       10.3          0
 7.4      0.170       0.29        1.4      0.047       23.0      107.0    0.99390       3.52       0.65       10.4          0
 8.5      0.280       0.34       13.8      0.041       32.0      161.0    0.99810       3.13       0.40        9.9          2
 7.8      0.300       0.37        1.3      0.051       16.0       96.0    0.99410       3.32       0.62       10.0          1
 8.1      0.250       0.38        3.8      0.051       18.0      129.0    0.99280       3.21       0.38       11.5          2
 7.7      0.280       0.29        6.9      0.041       29.0      163.0    0.99520       3.44       0.60       10.5          0
 6.5      0.240       0.36        2.2      0.027       36.0      134.0    0.98980       3.28       0.36       12.5          1
 7.0      0.220       0.32        1.6      0.045       40.0      120.0    0.99140       2.98       0.44       10.5          3
 8.0      0.450       0.28       10.8      0.051       25.0      157.0    0.99570       3.06       0.47       11.4          3
 6.9      0.230       0.33       12.8      0.056       44.0      169.0    0.99800       3.42       0.42        9.8          0
 7.6      0.230       0.26       15.3      0.067       32.0      166.0    0.99860       3.03       0.44        9.2          3
 7.7      0.280       0.58       12.1      0.046       60.0      177.0    0.99830       3.08       0.46        8.9          3
 7.7      0.270       0.61       12.0      0.046       64.0      179.0    0.99820       3.07       0.46        8.9          3
 7.1      0.200       0.36       11.6      0.042       45.0      124.0    0.99700       2.92       0.59        9.5          3
 6.9      0.250       0.35        9.2      0.034       42.0      150.0    0.99470       3.21       0.36       11.5          2
 8.4      0.200       0.31        2.8      0.054       16.0       89.0    0.99416       2.96       0.45        9.5          3
 6.5      0.390       0.35        1.6      0.049       10.0      164.0    0.99516       3.35       0.51        9.7          0
 7.2      0.230       0.38        6.1      0.067       20.0       90.0    0.99496       3.17       0.79        9.7          2
 6.9      0.440       0.42        8.5      0.048       10.0      147.0    0.99740       3.32       0.46        9.5          1
 7.1      0.280       0.19        7.8      0.040       48.0      184.0    0.99579       3.16       0.50        9.4          2
 6.4      0.340       0.20       14.9      0.060       37.0      162.0    0.99830       3.13       0.45        9.0          2
 6.1      0.150       0.29        6.2      0.046       39.0      151.0    0.99471       3.60       0.44       10.6          0
 7.2      0.290       0.18        8.2      0.042       41.0      180.0    0.99644       3.16       0.49        9.1          2
 6.1      0.230       0.45       10.6      0.094       49.0      169.0    0.99699       3.05       0.54        8.8          3
 6.7      0.230       0.42       11.2      0.047       52.0      171.0    0.99758       3.54       0.74       10.4          0
 7.0      0.360       0.14       11.6      0.043       35.0      228.0    0.99770       3.13       0.51        8.9          2
 7.5      0.310       0.24        7.1      0.031       28.0      141.0    0.99397       3.16       0.38       10.6          2
 7.4      0.200       0.29        1.7      0.047       16.0      100.0    0.99243       3.28       0.45       10.6          1
 6.3      0.270       0.18        7.7      0.048       45.0      186.0    0.99620       3.23       0.47        9.0          1
 9.2      0.340       0.54       17.3      0.060       46.0      235.0    1.00182       3.08       0.61        8.8          3
 7.4      0.180       0.29        1.4      0.042       34.0      101.0    0.99384       3.54       0.60       10.5          0
 7.2      0.290       0.20        7.7      0.046       51.0      174.0    0.99582       3.16       0.52        9.5          2
 6.2      0.260       0.19        3.4      0.049       47.0      172.0    0.99240       3.14       0.43       10.4          2
 7.3      0.210       0.21        1.6      0.046       35.0      133.0    0.99466       3.38       0.46       10.0          0
 7.1      0.140       0.35        1.4      0.039       24.0      128.0    0.99212       2.97       0.68       10.4          3
 7.2      0.390       0.54        1.4      0.157       34.0      132.0    0.99449       3.11       0.53        9.0          3
 7.6      0.480       0.28       10.4      0.049       57.0      205.0    0.99748       3.24       0.45        9.3          1
 6.5      0.360       0.31        4.1      0.061       20.0      134.0    0.99475       3.18       0.45        9.0          2
 8.5      0.250       0.31        2.8      0.032       11.0       61.0    0.99189       3.06       0.44       11.5          3
 6.9      0.300       0.21       15.7      0.056       49.0      159.0    0.99827       3.11       0.48        9.0          3
 6.6      0.190       0.43       10.9      0.045       53.0      154.0    0.99752       3.52       0.77       10.4          0
 9.4      0.420       0.32        6.5      0.027       20.0      167.0    0.99479       3.08       0.43       10.6          3
 6.3      0.200       0.30        5.9      0.034       35.0      152.0    0.99642       3.47       0.40        8.5          0
 8.5      0.190       0.56       17.3      0.055       47.0      169.0    1.00047       3.07       0.67        9.3          3
 7.3      0.190       0.25        1.4      0.051       41.0      107.0    0.99382       3.53       0.66       10.5          0
 6.7      0.250       0.26       13.5      0.060       50.0      156.0    0.99784       3.39       0.46        9.9          0
 6.2      0.250       0.28        8.5      0.035       28.0      108.0    0.99486       3.40       0.42       10.4          0
 6.1      0.460       0.32        6.2      0.053       10.0       94.0    0.99537       3.35       0.47       10.1          0
 7.5      0.290       0.26       14.9      0.067       47.0      178.0    0.99838       3.04       0.49        9.2          3
 6.7      0.310       0.18        7.7      0.043       57.0      200.0    0.99566       3.17       0.44        9.4          2
 7.4      0.140       0.30        1.3      0.033       25.0       91.0    0.99268       3.53       0.39       10.6          0
 7.1      0.400       0.52        1.3      0.148       45.0      149.0    0.99468       3.08       0.56        8.7          3
 6.4      0.160       0.25        1.3      0.047       20.0       77.0    0.99330       3.61       0.54       10.2          0
 6.3      0.160       0.22        1.3      0.046       18.0       66.0    0.99307       3.61       0.55       10.3          0
 7.4      0.330       0.26       15.6      0.049       67.0      210.0    0.99907       3.06       0.68        9.5          3
 6.6      0.410       0.24        4.9      0.158       47.0      144.0    0.99471       3.17       0.49        9.4          2
 6.7      0.430       0.23        5.0      0.157       49.0      145.0    0.99471       3.17       0.49        9.4          2
 7.3      0.400       0.28        6.5      0.037       26.0       97.0    0.99148       3.16       0.58       12.6          2
 7.4      0.180       0.24        1.4      0.047       21.0      106.0    0.99383       3.52       0.64       10.5          0
 8.6      0.170       0.28        2.7      0.047       38.0      150.0    0.99365       3.10       0.56       10.8          3
 6.5      0.320       0.23        1.2      0.054       39.0      208.0    0.99272       3.18       0.46        9.9          2
 7.0      0.320       0.31        6.4      0.031       38.0      115.0    0.99235       3.38       0.58       12.2          0
 7.5      0.420       0.19        6.9      0.041       62.0      150.0    0.99508       3.23       0.37       10.0          1
 6.9      0.280       0.31        7.2      0.040       47.0      168.0    0.99460       3.29       0.57       10.6          1
 6.5      0.290       0.42       10.6      0.042       66.0      202.0    0.99674       3.24       0.53        9.5          1
 6.3      0.410       0.18        3.5      0.027       23.0      109.0    0.99018       3.34       0.54       12.8          0
 7.3      0.300       0.33        2.3      0.043       28.0      125.0    0.99084       3.34       0.44       12.6          0
 6.6      0.220       0.28       12.1      0.058       25.0      125.0    0.99856       3.45       0.45        9.4          0
 6.0      0.260       0.18        7.0      0.055       50.0      194.0    0.99591       3.21       0.43        9.0          2
 6.9      0.440       0.18       11.8      0.051       26.0      126.0    0.99750       3.23       0.48        9.1          1
 7.5      0.420       0.20        1.4      0.060       15.0      168.0    0.99440       3.06       0.40        9.4          3
 7.0      0.360       0.30        5.0      0.040       40.0      143.0    0.99173       3.33       0.42       12.2          0
 5.6      0.295       0.20        2.2      0.049       18.0      134.0    0.99378       3.21       0.68       10.0          2
 6.8      0.210       0.55       14.6      0.053       34.0      159.0    0.99805       2.93       0.44        9.2          3
 9.4      0.280       0.30        1.6      0.045       36.0      139.0    0.99534       3.11       0.49        9.3          3
 8.1      0.280       0.34        1.3      0.035       11.0      126.0    0.99232       3.14       0.50        9.8          2
 7.0      0.220       0.26        2.8      0.036       44.0      132.0    0.99078       3.34       0.41       12.0          0
 6.8      0.320       0.30        3.3      0.029       15.0       80.0    0.99061       3.33       0.63       12.6          0
 7.0      0.190       0.33        6.3      0.032       42.0      127.0    0.99182       3.31       0.38       12.2          1
 7.7      0.420       0.38        8.1      0.061       49.0      144.0    0.99660       3.40       0.58       11.0          0
 7.4      0.200       0.31        1.6      0.038       34.0      116.0    0.99120       3.25       0.39       12.0          1
 7.5      0.240       0.62       10.6      0.045       51.0      153.0    0.99779       3.16       0.44        8.8          2
 7.5      0.260       0.59       11.8      0.046       58.0      164.0    0.99814       3.17       0.46        8.9          2
 6.6      0.400       0.32        1.7      0.035       39.0       84.0    0.99096       3.59       0.48       12.7          0
 8.0      0.200       0.30        8.1      0.037       42.0      130.0    0.99379       3.10       0.67       11.8          3
 4.6      0.445       0.00        1.4      0.053       11.0      178.0    0.99426       3.79       0.55       10.2          0
 6.1      0.410       0.04        1.3      0.036       23.0      121.0    0.99228       3.24       0.61        9.9          1
 7.6      0.200       0.34        1.8      0.041       42.0      148.0    0.99335       3.35       0.66       11.1          0
 6.9      0.300       0.21        7.2      0.045       54.0      190.0    0.99595       3.22       0.48        9.4          1
 7.0      0.350       0.17        1.1      0.049        7.0      119.0    0.99297       3.13       0.36        9.7          2
 6.9      0.350       0.55       11.9      0.038       22.0      111.0    0.99687       3.11       0.29        9.7          3
 7.6      0.300       0.40        2.2      0.054       29.0      175.0    0.99445       3.19       0.53        9.8          2
 7.5      0.380       0.29       12.7      0.050       25.0      209.0    0.99860       3.25       0.59        9.3          1
 7.5      0.300       0.32        1.4      0.032       31.0      161.0    0.99154       2.95       0.42       10.5          3
 6.3      0.400       0.32       10.6      0.049       38.0      209.0    0.99810       3.47       0.59        9.3          0
 6.8      0.370       0.28        1.9      0.024       64.0      106.0    0.98993       3.45       0.60       12.6          0
 7.5      0.230       0.35       17.8      0.058      128.0      212.0    1.00241       3.44       0.43        8.9          0
 8.3      0.270       0.34       10.2      0.048       50.0      118.0    0.99716       3.18       0.51       10.3          2
 6.8      0.260       0.22        4.8      0.041      110.0      198.0    0.99437       3.29       0.67       10.6          1
 6.5      0.280       0.35        9.8      0.067       61.0      180.0    0.99720       3.15       0.57        9.0          2
 7.2      0.340       0.30        8.4      0.051       40.0      167.0    0.99756       3.48       0.62        9.7          0
 7.0      0.230       0.26        7.2      0.041       21.0       90.0    0.99509       3.22       0.55        9.5          1
 7.7      0.290       0.29        4.8      0.060       27.0      156.0    0.99572       3.49       0.59       10.3          0
 7.7      0.400       0.27        4.5      0.034       27.0       95.0    0.99175       3.21       0.59       12.3          2
 6.7      0.170       0.27        1.4      0.032       39.0      149.0    0.99254       3.40       0.52       10.5          0
 8.1      0.240       0.26       11.0      0.043       41.0      211.0    0.99676       3.11       0.49       10.0          3
 7.7      0.280       0.63       11.1      0.039       58.0      179.0    0.99790       3.08       0.44        8.8          3
 7.5      0.230       0.29        2.6      0.031       24.0       98.0    0.99194       3.00       0.54       10.9          3
 8.3      0.260       0.31        2.0      0.029       14.0      141.0    0.99077       2.95       0.77       12.2          3
 7.9      0.460       0.40       10.1      0.168       19.0      184.0    0.99782       3.06       0.62        9.5          3
 7.9      0.310       0.22       13.3      0.048       46.0      212.0    0.99942       3.47       0.59       10.0          0
 7.9      0.250       0.34       11.4      0.040       53.0      202.0    0.99708       3.11       0.57        9.6          3
 6.1      0.280       0.16        1.3      0.060       36.0      126.0    0.99353       3.13       0.46        8.7          2
 7.0      0.180       0.26        1.4      0.044       46.0       89.0    0.99256       3.39       0.48       10.7          0
 6.5      0.210       0.28        1.4      0.046       26.0       66.0    0.99199       3.43       0.48       11.1          0
 7.6      0.480       0.33        7.0      0.024       14.0      130.0    0.99180       3.25       0.45       12.5          1
 7.1      0.340       0.32        2.0      0.051       29.0      130.0    0.99354       3.30       0.50       10.4          1
 8.9      0.210       0.37        1.2      0.028       20.0       93.0    0.99244       3.20       0.37       11.5          2
 7.4      0.320       0.27       12.9      0.040       60.0      221.0    0.99831       3.05       0.66        9.4          3
 6.0      0.495       0.27        5.0      0.157       17.0      129.0    0.99396       3.03       0.36        9.3          3
 8.1      0.250       0.34       10.1      0.050       30.0      121.0    0.99724       3.17       0.49       10.1          2
 8.2      0.250       0.46        3.8      0.050       14.0      102.0    0.99524       3.28       0.58        9.7          1
 6.5      0.180       0.29        1.7      0.035       39.0      144.0    0.99270       3.49       0.50       10.5          0
 6.7      0.240       0.26       12.6      0.053       44.0      182.0    0.99802       3.42       0.42        9.7          0
 6.6      0.320       0.24        1.3      0.060       42.5      204.0    0.99512       3.59       0.51        9.2          0
 7.6      0.320       0.35        1.6      0.092       24.0      138.0    0.99438       3.19       0.44        9.8          2
 7.4      0.330       0.44        7.6      0.050       40.0      227.0    0.99679       3.12       0.52        9.0          2
 7.2      0.300       0.30        8.1      0.050       40.0      188.0    0.99652       3.15       0.49        9.1          2
 7.4      0.340       0.30       14.9      0.037       70.0      169.0    0.99698       3.25       0.37       10.4          1
 6.1      0.160       0.29        6.0      0.030       29.0      144.0    0.99474       3.68       0.46       10.7          0
 6.3      0.100       0.24        6.0      0.039       25.0      107.0    0.99511       3.59       0.49       10.5          0
 6.2      0.450       0.73        7.2      0.099       47.0      202.0    0.99582       3.21       0.43        9.2          2
 6.0      0.330       0.18        3.0      0.036        5.0       85.0    0.99125       3.28       0.40       11.5          1
 7.6      0.480       0.37        1.2      0.034        5.0       57.0    0.99256       3.05       0.54       10.4          3
 7.2      0.200       0.30        2.0      0.039       43.0      188.0    0.99110       3.30       0.41       12.0          1
 7.0      0.320       0.29        4.9      0.036       41.0      150.0    0.99168       3.38       0.43       12.2          0
 7.0      0.220       0.29        8.9      0.050       24.0       90.0    0.99556       3.29       0.46        9.8          1
 9.4      0.230       0.56       16.4      0.063       52.5      282.0    1.00098       3.10       0.51        9.3          3
 6.4      0.270       0.19        2.0      0.084       21.0      191.0    0.99516       3.49       0.63        9.6          0
 6.4      0.270       0.19        1.9      0.085       21.0      196.0    0.99516       3.49       0.64        9.5          0
 7.0      0.230       0.42        5.1      0.042       37.0      144.0    0.99518       3.50       0.59       10.2          0
 6.9      0.150       0.28        4.4      0.029       14.0      107.0    0.99347       3.24       0.46       10.4          1
 6.7      0.260       0.29        5.8      0.025       26.0       74.0    0.99290       3.28       0.53       11.0          1
 7.6      0.200       0.68       12.9      0.042       56.0      160.0    0.99841       3.05       0.41        8.7          3
 6.9      0.300       0.29        1.3      0.053       24.0      189.0    0.99362       3.29       0.54        9.9          1
 6.9      0.300       0.30        1.3      0.053       24.0      186.0    0.99361       3.29       0.54        9.9          1
 7.6      0.210       0.35        1.2      0.041        7.0      106.0    0.99140       3.06       0.45       11.3          3
 6.8      0.460       0.26        2.7      0.042       28.0       83.0    0.99114       3.38       0.51       12.0          0
 7.0      0.280       0.26        1.7      0.042       34.0      130.0    0.99250       3.43       0.50       10.7          0
 6.5      0.240       0.29        8.2      0.043       32.0      156.0    0.99453       3.13       0.70       10.1          2
 6.4      0.170       0.34        1.5      0.091       42.0      135.0    0.99380       3.25       0.49        9.6          1
 6.4      0.170       0.34        1.5      0.093       43.0      136.0    0.99380       3.25       0.49        9.6          1
 6.3      0.695       0.55       12.9      0.056       58.0      252.0    0.99806       3.29       0.49        8.7          1
 7.0      0.270       0.29        3.9      0.059       28.0      199.0    0.99610       3.54       0.59       10.3          0
 8.4      0.300       0.25       17.8      0.047       25.0      218.0    1.00016       2.98       0.66        9.1          3
 6.5      0.190       0.27        4.9      0.037       13.0      101.0    0.99160       3.17       0.41       11.8          2
 8.0      0.360       0.39        1.6      0.024       26.0       93.0    0.99116       3.15       0.49       11.9          2
 6.1      0.160       0.24        1.4      0.046       17.0       77.0    0.99319       3.66       0.57       10.3          0
 9.2      0.190       0.42        2.0      0.047       16.0      104.0    0.99517       3.09       0.66       10.0          3
 9.2      0.160       0.49        2.0      0.044       18.0      107.0    0.99514       3.10       0.53       10.2          3
 8.0      0.260       0.28        8.2      0.038       72.0      202.0    0.99566       3.12       0.56       10.0          2
 8.8      0.330       0.36        2.1      0.034       19.0      125.0    0.99166       2.96       0.98       12.7          3
 9.8      0.160       0.46        1.8      0.046       23.0      130.0    0.99587       3.04       0.67        9.6          3
 6.6      0.230       0.18        8.5      0.044       59.0      188.0    0.99558       3.16       0.49        9.5          2
 7.9      0.440       0.26        4.5      0.033       23.0      100.0    0.99117       3.17       0.52       12.7          2
 7.6      0.310       0.27        5.8      0.036       23.0      109.0    0.99399       3.34       0.54       11.0          0
 7.5      0.705       0.10       13.0      0.044       44.0      214.0    0.99741       3.10       0.50        9.1          3
 7.1      0.210       0.28        2.7      0.034       23.0      111.0    0.99405       3.35       0.64       10.2          0
 7.0      0.160       0.26        7.3      0.047       30.0      220.0    0.99622       3.38       0.58       10.1          0
 8.0      0.270       0.25       19.1      0.045       50.0      208.0    1.00051       3.05       0.50        9.2          3
 6.3      0.380       0.17        8.8      0.080       50.0      212.0    0.99803       3.47       0.66        9.4          0
 6.2      0.380       0.18        7.4      0.095       28.0      195.0    0.99773       3.53       0.71        9.2          0
 8.2      0.240       0.30        2.3      0.050       23.0      106.0    0.99397       2.98       0.50       10.0          3
 7.0      0.160       0.26        6.8      0.047       30.0      220.0    0.99622       3.38       0.58       10.1          0
 7.3      0.815       0.09       11.4      0.044       45.0      204.0    0.99713       3.15       0.46        9.0          2
 6.3      0.410       0.16        0.9      0.032       25.0       98.0    0.99274       3.16       0.42        9.5          2
 6.1      0.360       0.41       19.4      0.070       67.0      207.0    1.00118       3.39       0.53        9.1          0
 8.1      0.400       0.32        7.9      0.031       23.0      118.0    0.99176       3.05       0.46       13.3          3
 6.8      0.260       0.43       11.8      0.045       53.0      198.0    0.99690       3.26       0.55        9.5          1
 6.2      0.440       0.18        7.7      0.096       28.0      210.0    0.99771       3.56       0.72        9.2          0
 7.2      0.240       0.29        3.0      0.036       17.0      117.0    0.99411       3.36       0.68       10.1          0
 7.3      0.220       0.26        1.5      0.040       32.0      172.0    0.99194       3.27       0.48       11.2          1
 8.1      0.340       0.28        7.5      0.040       70.0      230.0    0.99558       3.14       0.55        9.8          2
 6.4      0.280       0.17        8.3      0.042       61.0      195.0    0.99577       3.22       0.46        9.4          1
 6.3      0.290       0.14        7.0      0.045       50.0      177.0    0.99564       3.23       0.42        9.0          1
 6.4      0.270       0.17        8.4      0.044       60.0      198.0    0.99578       3.21       0.47        9.4          2
 7.4      0.350       0.20       13.9      0.054       63.0      229.0    0.99888       3.11       0.50        8.9          3
 8.3      0.280       0.27       17.5      0.045       48.0      253.0    1.00014       3.02       0.56        9.1          3
 6.4      0.350       0.35        5.6      0.034        9.0      148.0    0.99441       3.17       0.50        9.8          2
 6.9      0.430       0.28        9.4      0.056       29.0      183.0    0.99594       3.17       0.43        9.4          2
 8.0      0.260       0.28        4.8      0.050       34.0      150.0    0.99437       3.13       0.50       10.0          2
 7.3      0.270       0.37        9.7      0.042       36.0      130.0    0.99790       3.48       0.75        9.9          0
 6.8      0.460       0.26        6.3      0.147       49.0      159.0    0.99434       3.14       0.47       10.0          2
 7.2      0.200       0.28        1.6      0.028       13.0      168.0    0.99203       3.17       1.06       11.5          2
 7.6      0.285       0.32       14.6      0.063       32.0      201.0    0.99800       3.00       0.45        9.2          3
 6.6      0.320       0.33        2.5      0.052       40.0      219.5    0.99316       3.15       0.60       10.0          2
 6.6      0.340       0.34        2.6      0.051       40.5      210.0    0.99314       3.15       0.61       10.0          2
 6.6      0.320       0.33        2.5      0.052       40.0      210.0    0.99316       3.15       0.60       10.0          2
 6.5      0.270       0.26        8.2      0.042       21.0      133.0    0.99612       3.43       0.64        9.8          0
 6.6      0.260       0.27        1.5      0.040       19.0      114.0    0.99295       3.36       0.62       10.5          0
 6.7      0.270       0.26        2.3      0.043       61.0      181.0    0.99394       3.45       0.63       10.6          0
 6.6      0.560       0.15       10.0      0.037       38.0      157.0    0.99642       3.28       0.52        9.4          1
 7.3      0.190       0.27        1.6      0.027       35.0      136.0    0.99248       3.38       0.54       11.0          0
 6.3      0.200       0.26        1.6      0.027       36.0      141.0    0.99268       3.53       0.56       10.8          0
 7.1      0.290       0.30       16.0      0.036       58.0      201.0    0.99954       3.30       0.67        9.0          1
 7.8      0.320       0.33       10.4      0.031       47.0      194.0    0.99692       3.07       0.58        9.6          3
 8.1      0.330       0.36        7.4      0.037       36.0      156.0    0.99592       3.19       0.54       10.6          2
 6.6      0.330       0.24       16.1      0.045       31.0      147.0    0.99822       3.08       0.52        9.2          3
 8.2      0.260       0.33        2.6      0.053       11.0       71.0    0.99402       2.89       0.49        9.5          3
 8.3      0.250       0.33        2.5      0.053       12.0       72.0    0.99404       2.89       0.48        9.5          3
 7.0      0.260       0.26       10.8      0.039       37.0      184.0    0.99787       3.47       0.58       10.3          0
 6.0      0.260       0.15        1.2      0.053       35.0      124.0    0.99347       3.08       0.46        8.8          3
 7.5      0.280       0.78       12.1      0.041       53.0      161.0    0.99838       2.98       0.44        8.7          3
 7.5      0.270       0.79       11.9      0.040       51.0      159.0    0.99839       2.98       0.44        8.7          3
 7.0      0.280       0.32        1.7      0.038       27.0      128.0    0.99375       3.20       0.62       10.2          2
 5.2      0.160       0.34        0.8      0.029       26.0       77.0    0.99155       3.25       0.51       10.1          1
 6.8      0.340       0.10        1.4      0.049       29.0      118.0    0.99360       3.21       0.41        9.5          2
 7.6      0.250       0.34        1.3      0.056       34.0      176.0    0.99434       3.10       0.51        9.5          3
 5.6      0.350       0.40        6.3      0.022       23.0      174.0    0.99220       3.54       0.50       11.6          0
 8.8      0.240       0.23       10.3      0.032       12.0       97.0    0.99571       3.13       0.40       10.7          2
 6.0      0.290       0.21       15.6      0.043       20.0      142.0    0.99658       3.11       0.54       10.1          3
 6.1      0.270       0.31        1.5      0.035       17.0       83.0    0.99076       3.32       0.44       11.1          1
 7.4      0.560       0.09        1.5      0.071       19.0      117.0    0.99496       3.22       0.53        9.8          1
 6.8      0.290       0.49        1.4      0.142       52.0      148.0    0.99370       3.08       0.49        9.0          3
 6.3      0.270       0.37        7.9      0.047       58.0      215.0    0.99542       3.19       0.48        9.5          2
 6.6      0.240       0.30       13.0      0.052       18.0      143.0    0.99825       3.37       0.49        9.4          0
 6.8      0.320       0.30        1.0      0.049       22.0      113.0    0.99289       3.24       0.61       10.2          1
 6.4      0.370       0.37        4.8      0.041       39.5      216.5    0.99432       3.10       0.50        9.8          3
 6.2      0.260       0.37        7.1      0.047       54.0      201.0    0.99523       3.19       0.48        9.5          2
 6.4      0.300       0.16        7.5      0.050       55.0      191.0    0.99590       3.17       0.49        9.0          2
 8.0      0.280       0.32        7.6      0.045       61.0      204.0    0.99543       3.10       0.55       10.1          3
 6.7      0.240       0.32       10.3      0.079       37.0      122.0    0.99662       3.02       0.45        8.8          3
 7.9      0.270       0.27        1.7      0.034       25.0      122.0    0.99088       2.97       0.51       11.9          3
 6.1      0.280       0.24       19.9      0.074       32.0      174.0    0.99922       3.19       0.44        9.3          2
 7.7      0.390       0.49        7.7      0.036       11.0      110.0    0.99660       3.33       0.76       10.0          0
 6.0      0.200       0.24        5.3      0.075       49.0      201.0    0.99466       3.21       0.43        9.5          2
 7.6      0.310       0.23       12.7      0.054       20.0      139.0    0.99836       3.16       0.50        9.7          2
 6.3      0.180       0.22        1.5      0.043       45.0      155.0    0.99238       3.19       0.48       10.2          2
 8.6      0.230       0.25       11.3      0.031       13.0       96.0    0.99645       3.11       0.40       10.8          3
 6.8      0.210       0.36       18.1      0.046       32.0      133.0    1.00000       3.27       0.48        8.8          1
 6.9      0.260       0.31        7.0      0.039       37.0      175.0    0.99376       3.32       0.49       11.4          1
 6.4      0.310       0.40        6.4      0.039       39.0      191.0    0.99513       3.14       0.52        9.8          2
 8.6      0.340       0.36        1.4      0.045       11.0      119.0    0.99556       3.17       0.47        9.4          2
 8.5      0.300       0.28        3.1      0.054       54.0      174.0    0.99543       3.21       0.43        9.4          2
 7.4      0.400       0.41       14.1      0.053       37.0      194.0    0.99886       3.20       0.63        9.4          2
 6.6      0.320       0.34        7.7      0.044       63.0      212.0    0.99526       3.22       0.48        9.7          1
 7.1      0.340       0.31        5.2      0.032       36.0      140.0    0.99166       3.35       0.47       12.3          0
 6.6      0.260       0.25       11.6      0.045       45.0      178.0    0.99691       3.33       0.43        9.8          0
 8.0      0.270       0.57       10.4      0.053       18.0      134.0    0.99732       3.12       0.68        9.0          2
 6.2      0.280       0.45        7.5      0.045       46.0      203.0    0.99573       3.26       0.46        9.2          1
 6.2      0.300       0.49       11.2      0.058       68.0      215.0    0.99656       3.19       0.60        9.4          2
 5.6      0.175       0.29        0.8      0.043       20.0       67.0    0.99112       3.28       0.48        9.9          1
 6.9      0.340       0.36        1.4      0.032       13.0      145.0    0.99214       3.07       0.52        9.8          3
 6.9      0.340       0.30        4.7      0.029       34.0      148.0    0.99165       3.36       0.49       12.3          0
 7.1      0.120       0.30        3.1      0.018       15.0       37.0    0.99004       3.02       0.52       11.9          3
 7.1      0.320       0.29        4.0      0.038       33.0      170.0    0.99463       3.27       0.64       10.2          1
 7.3      0.510       0.29       11.3      0.034       61.0      224.0    0.99683       3.14       0.56        9.5          2
 6.3      0.240       0.55        8.1      0.040       67.0      216.0    0.99596       3.24       0.50        9.2          1
 7.5      0.410       0.23       14.8      0.054       28.0      174.0    0.99898       3.18       0.49        9.7          2
 6.5      0.180       0.33        1.4      0.029       35.0      138.0    0.99114       3.36       0.60       11.5          0
 7.3      0.170       0.24        8.1      0.121       32.0      162.0    0.99508       3.17       0.38       10.4          2
 8.2      0.200       0.38        3.5      0.053       41.0      174.0    0.99306       3.22       0.41       11.6          1
 7.3      0.160       0.35        1.5      0.036       29.0      108.0    0.99342       3.27       0.51       10.2          1
 6.4      0.160       0.37        1.5      0.037       27.0      109.0    0.99345       3.38       0.50        9.8          0
 6.6      0.420       0.13       12.8      0.044       26.0      158.0    0.99772       3.24       0.47        9.0          1
 5.8      0.300       0.12        1.6      0.036       57.0      163.0    0.99239       3.38       0.59       10.5          0
 6.7      0.540       0.27        7.1      0.049        8.0      178.0    0.99502       3.16       0.38        9.4          2
 6.4      0.220       0.30       11.2      0.046       53.0      149.0    0.99479       3.21       0.34       10.8          2
 6.8      0.230       0.30        1.7      0.043       19.0       95.0    0.99207       3.17       0.46       10.7          2
 9.0      0.260       0.34        6.7      0.029       21.0      162.0    0.99497       3.08       0.50       10.6          3
 6.5      0.230       0.25       17.3      0.046       15.0      110.0    0.99828       3.15       0.42        9.2          2
 5.9      0.280       0.14        8.6      0.032       30.0      142.0    0.99542       3.28       0.44        9.5          1
 6.2      0.270       0.18        1.5      0.028       20.0      111.0    0.99228       3.41       0.50       10.0          0
 9.0      0.290       0.34       12.1      0.030       34.0      177.0    0.99706       3.13       0.47       10.6          2
 8.9      0.270       0.34       10.7      0.029       19.5      166.0    0.99669       3.13       0.48       10.6          2
 6.9      0.320       0.30        1.8      0.036       28.0      117.0    0.99269       3.24       0.48       11.0          1
 7.2      0.220       0.24        1.4      0.041       17.0      159.0    0.99196       3.25       0.53       11.2          1
 6.7      0.500       0.38        7.5      0.046       26.0      175.0    0.99662       3.32       0.54        9.6          1
 6.2      0.330       0.14        4.8      0.052       27.0      128.0    0.99475       3.21       0.48        9.4          2
 6.3      0.260       0.42        7.1      0.045       62.0      209.0    0.99544       3.20       0.53        9.5          2
 7.5      0.200       0.47       16.9      0.052       51.0      188.0    0.99944       3.09       0.62        9.3          3
 6.6      0.360       0.52       11.3      0.046        8.0      110.0    0.99660       3.07       0.46        9.4          3
 6.3      0.130       0.42        1.1      0.043       63.0      146.0    0.99066       3.13       0.72       11.2          2
 6.4      0.150       0.44        1.2      0.043       67.0      150.0    0.99070       3.14       0.73       11.2          2
 7.6      0.230       0.64       12.9      0.033       54.0      170.0    0.99800       3.00       0.53        8.8          3
 5.7      0.255       0.65        1.2      0.079       17.0      137.0    0.99307       3.20       0.42        9.4          2
 6.9      0.320       0.26        2.3      0.030       11.0      103.0    0.99106       3.06       0.42       11.1          3
 6.9      0.280       0.22       10.0      0.052       36.0      131.0    0.99696       3.08       0.46        9.6          3
 6.6      0.410       0.16        1.4      0.037       28.0      160.0    0.99167       2.95       0.45       10.6          3
 7.3      0.370       0.16       14.9      0.048       59.0      240.0    0.99902       3.13       0.45        8.9          2
 6.9      0.210       0.24        1.8      0.021       17.0       80.0    0.98992       3.15       0.46       12.3          2
 6.6      0.240       0.28        1.8      0.028       39.0      132.0    0.99182       3.34       0.46       11.4          0
 6.8      0.280       0.36        7.0      0.043       60.0      207.0    0.99556       3.16       0.49        9.6          2
 6.6      0.240       0.24        8.6      0.034       25.0      135.0    0.99582       3.33       0.59       10.3          0
 7.0      0.160       0.32        1.1      0.032       29.0       80.0    0.98972       3.23       0.36       12.1          1
 7.0      0.140       0.28        1.3      0.026       10.0       56.0    0.99352       3.46       0.45        9.9          0
 6.3      0.340       0.36        4.9      0.035       31.0      185.0    0.99460       3.15       0.49        9.7          2
 6.8      0.260       0.24        1.9      0.043       70.0      154.0    0.99273       3.18       0.52       10.5          2
 6.7      0.170       0.42       10.4      0.038       85.0      182.0    0.99628       3.04       0.44        8.9          3
 6.5      0.270       0.40       10.0      0.039       74.0      227.0    0.99582       3.18       0.50        9.4          2
 6.7      0.250       0.36        8.6      0.037       63.0      206.0    0.99553       3.18       0.50        9.6          2
 5.8      0.300       0.27        1.7      0.014       45.0      104.0    0.98914       3.40       0.56       12.6          0
 6.4      0.280       0.56        1.7      0.156       49.0      106.0    0.99354       3.10       0.37        9.2          3
 7.7      0.300       0.26       18.9      0.053       36.0      174.0    0.99976       3.20       0.50       10.4          2
 6.8      0.180       0.30       12.8      0.062       19.0      171.0    0.99808       3.00       0.52        9.0          3
 5.1      0.140       0.25        0.7      0.039       15.0       89.0    0.99190       3.22       0.43        9.2          1
 7.2      0.615       0.10        1.4      0.068       25.0      154.0    0.99499       3.20       0.48        9.7          2
 6.9      0.130       0.28       13.3      0.050       47.0      132.0    0.99655       3.34       0.42       10.1          0
 6.7      0.340       0.30        8.5      0.059       24.0      152.0    0.99615       3.46       0.64       11.0          0
 7.3      0.320       0.29        1.5      0.038       32.0      144.0    0.99296       3.20       0.55       10.8          2
 6.3      0.210       0.29       11.7      0.048       49.0      147.0    0.99482       3.22       0.38       10.8          1
 5.4      0.500       0.13        5.0      0.028       12.0      107.0    0.99079       3.48       0.88       13.5          0
 8.2      0.520       0.34        1.2      0.042       18.0      167.0    0.99366       3.24       0.39       10.6          1
 7.8      0.280       0.31        2.1      0.046       28.0      208.0    0.99434       3.23       0.64        9.8          1
 6.4      0.220       0.34        1.4      0.023       56.0      115.0    0.98958       3.18       0.70       11.7          2
 6.9      0.320       0.27       16.0      0.034       58.0      185.0    0.99938       3.34       0.60        9.0          0
 6.8      0.110       0.42        1.1      0.042       51.0      132.0    0.99059       3.18       0.74       11.3          2
 6.2      0.260       0.32       15.3      0.031       64.0      185.0    0.99835       3.31       0.61        9.4          1
 6.7      0.300       0.29        2.8      0.025       37.0      107.0    0.99159       3.31       0.63       11.3          1
 7.1      0.200       0.30        0.9      0.019        4.0       28.0    0.98931       3.20       0.36       12.0          2
 7.2      0.200       0.36        2.5      0.028       22.0      157.0    0.99380       3.48       0.49       10.6          0
 8.9      0.260       0.33        8.1      0.024       47.0      202.0    0.99558       3.13       0.46       10.8          2
 7.5      0.250       0.32        8.2      0.024       53.0      209.0    0.99563       3.12       0.46       10.8          2
 6.3      0.270       0.46       11.1      0.053       44.0      177.0    0.99691       3.18       0.67        9.4          2
 6.5      0.300       0.39        7.8      0.038       61.0      219.0    0.99590       3.19       0.50        9.4          2
 6.6      0.360       0.52       10.1      0.050       29.0      140.0    0.99628       3.07       0.40        9.4          3
 6.2      0.210       0.37        3.2      0.021       20.0       80.0    0.99076       3.39       0.47       12.0          0
 6.5      0.180       0.41       14.2      0.039       47.0      129.0    0.99678       3.28       0.72       10.3          1
 6.6      0.260       0.21        2.9      0.026       48.0      126.0    0.99089       3.22       0.38       11.3          1
 6.6      0.350       0.35        6.0      0.063       31.0      150.0    0.99537       3.10       0.47        9.4          3
 6.5      0.280       0.28       20.4      0.041       40.0      144.0    1.00020       3.14       0.38        8.7          2
 4.5      0.190       0.21        0.9      0.033       89.0      159.0    0.99332       3.34       0.42        8.0          0
 8.0      0.240       0.26        1.7      0.033       36.0      136.0    0.99316       3.44       0.51       10.4          0
 7.8      0.170       0.23        1.7      0.029       39.0      128.0    0.99272       3.37       0.41       10.7          0
 7.0      0.240       0.24        9.0      0.030       42.0      219.0    0.99636       3.47       0.46       10.2          0
 5.8      0.600       0.00        1.3      0.044       72.0      197.0    0.99202       3.56       0.43       10.9          0
 5.9      0.445       0.26        1.4      0.027       23.0      109.0    0.99148       3.30       0.36       10.5          1
 6.7      0.280       0.28        2.4      0.012       36.0      100.0    0.99064       3.26       0.39       11.7          1
 6.8      0.440       0.20       16.0      0.065       61.0      186.0    0.99884       3.13       0.45        8.6          2
 7.2      0.240       0.27       11.4      0.034       40.0      174.0    0.99773       3.20       0.44        9.0          2
 8.7      0.310       0.73       14.4      0.044       27.0      191.0    1.00013       2.96       0.88        8.7          3
 8.2      0.320       0.26        2.1      0.062       26.0       87.0    0.98974       3.10       0.47       12.8          3
 7.5      0.130       0.38        1.1      0.023       42.0      104.0    0.99112       3.28       0.53       11.8          1
 9.2      0.140       0.37        1.1      0.034       36.0       84.0    0.99136       3.05       0.55       11.6          3
 7.4      0.200       0.37        1.2      0.028       28.0       89.0    0.99132       3.14       0.61       11.8          2
 6.1      0.150       0.35       15.8      0.042       55.0      158.0    0.99642       3.24       0.37       10.6          1
 7.6      0.230       0.40        5.2      0.066       14.0       91.0    0.99488       3.17       0.80        9.7          2
 8.1      0.330       0.22        5.2      0.047       24.0      151.0    0.99527       3.22       0.47       10.3          1
 7.2      0.170       0.24        9.6      0.119       56.0      178.0    0.99578       3.15       0.44       10.2          2
 6.7      0.120       0.30        5.2      0.048       38.0      113.0    0.99352       3.33       0.44       10.1          0
 5.7      0.180       0.36        1.2      0.046        9.0       71.0    0.99199       3.70       0.68       10.9          0
 5.8      0.150       0.28        0.8      0.037       43.0      127.0    0.99198       3.24       0.51        9.3          1
 6.6      0.230       0.29       14.4      0.057       29.0      144.0    0.99756       3.33       0.54       10.2          0
 7.0      0.340       0.39        6.9      0.066       43.0      162.0    0.99561       3.11       0.53        9.5          3
 6.4      0.680       0.26        3.4      0.069       25.0      146.0    0.99347       3.18       0.40        9.3          2
 7.3      0.220       0.31        2.3      0.018       45.0       80.0    0.98936       3.06       0.34       12.9          3
 6.4      0.280       0.27       11.0      0.042       45.0      148.0    0.99786       3.14       0.46        8.7          2
 6.9      0.400       0.22        6.0      0.081       76.0      303.0    0.99705       3.40       0.57        9.4          0
 6.8      0.190       0.23        5.1      0.034       71.0      204.0    0.99420       3.23       0.69       10.1          1
 7.1      0.230       0.24        5.4      0.039       60.0      196.0    0.99480       3.19       0.78       10.0          2
 6.5      0.140       0.42        1.2      0.050       51.0      129.0    0.99116       3.27       0.69       11.1          1
 6.5      0.150       0.44       12.6      0.052       65.0      158.0    0.99688       3.26       0.70       10.3          1
 7.1      0.150       0.34        1.0      0.033       27.0       73.0    0.98974       3.24       0.41       12.2          1
 6.7      0.330       0.34        6.6      0.067       35.0      156.0    0.99542       3.11       0.48        9.3          3
 7.2      0.300       0.26        1.5      0.041       46.0      178.0    0.99154       3.19       0.56       11.3          2
 7.0      0.230       0.33        1.0      0.043       46.0      110.0    0.99118       3.04       0.65       10.8          3
 8.0      0.130       0.25        1.1      0.033       15.0       86.0    0.99044       2.98       0.39       11.2          3
 6.2      0.210       0.34        6.6      0.030       36.0       91.0    0.99140       3.32       0.45       12.5          1
 8.3      0.400       0.41        8.2      0.050       15.0      122.0    0.99790       3.39       0.49        9.3          0
 5.9      0.340       0.31        2.0      0.030       38.0      142.0    0.98892       3.40       0.41       12.9          0
 6.6      0.120       0.25        1.4      0.039       21.0      131.0    0.99114       3.20       0.45       11.2          2
 9.6      0.655       0.21        2.0      0.039       21.0      120.0    0.99188       3.00       1.00       12.6          3
 6.8      0.260       0.40        7.5      0.046       45.0      179.0    0.99583       3.20       0.49        9.3          2
 5.9      0.300       0.30        2.0      0.030       38.0      142.0    0.98892       3.41       0.41       12.9          0
 7.0      0.150       0.30       13.3      0.049       46.0      120.0    0.99704       3.20       0.36        9.5          2
 7.9      0.370       0.31        2.9      0.037        5.0       24.0    0.99110       3.19       0.36       11.9          2
 7.2      0.350       0.25        5.6      0.032       23.0      120.0    0.99334       2.93       0.66       10.3          3
 7.2      0.320       0.24        5.6      0.033       23.0      120.0    0.99334       2.92       0.66       10.3          3
 7.6      0.100       0.33        1.0      0.031       33.0       93.0    0.99094       3.06       0.68       11.2          3
 6.2      0.250       0.31        3.2      0.030       32.0      150.0    0.99014       3.18       0.31       12.0          2
 7.1      0.310       0.17        1.0      0.042       21.0      144.0    0.99304       3.13       0.40        9.6          2
 7.6      0.180       0.28        7.1      0.041       29.0      110.0    0.99652       3.20       0.42        9.2          2
 8.0      0.170       0.29        2.4      0.029       52.0      119.0    0.98944       3.03       0.33       12.9          3
 7.2      0.190       0.27       11.2      0.061       46.0      149.0    0.99772       2.99       0.59        9.3          3
 7.6      0.320       0.25        9.5      0.030       15.0      136.0    0.99367       3.10       0.44       12.1          3
 6.6      0.210       0.29        1.8      0.026       35.0      128.0    0.99183       3.37       0.48       11.2          0
 7.0      0.160       0.36        2.6      0.029       28.0       98.0    0.99126       3.11       0.37       11.2          3
 6.6      0.240       0.38        8.0      0.042       56.0      187.0    0.99577       3.21       0.46        9.2          2
 6.9      0.300       0.25        3.3      0.041       26.0      124.0    0.99428       3.18       0.50        9.3          2
 6.2      0.280       0.27       10.3      0.030       26.0      108.0    0.99388       3.20       0.36       10.7          2
 6.9      0.310       0.32        1.2      0.024       20.0      166.0    0.99208       3.05       0.54        9.8          3
 6.7      0.230       0.25        1.6      0.036       28.0      143.0    0.99256       3.30       0.54       10.3          1
 5.7      0.230       0.28        9.7      0.025       26.0      121.0    0.99250       3.28       0.38       11.3          1
 6.5      0.220       0.50       16.4      0.048       36.0      182.0    0.99904       3.02       0.49        8.8          3
 7.0      0.180       0.37        1.5      0.043       16.0      104.0    0.99216       3.18       0.50       10.8          2
 6.5      0.460       0.31        5.0      0.027       15.0       72.0    0.99165       3.26       0.60       11.5          1
 6.5      0.230       0.36       16.3      0.038       43.0      133.0    0.99924       3.26       0.41        8.8          1
 6.6      0.260       0.38        6.5      0.170       68.0      201.0    0.99560       3.19       0.38        9.4          2
 6.7      0.260       0.39        6.4      0.171       64.0      200.0    0.99562       3.19       0.38        9.4          2
 7.5      0.280       0.39       10.2      0.045       59.0      209.0    0.99720       3.16       0.63        9.6          2
 6.8      0.230       0.42        7.4      0.044       56.0      189.0    0.99580       3.22       0.48        9.3          1
 7.8      0.250       0.34       13.7      0.044       66.0      184.0    0.99976       3.22       0.75        8.9          1
 5.6      0.200       0.22        1.3      0.049       25.0      155.0    0.99296       3.74       0.43       10.0          0
 6.4      0.210       0.44        7.4      0.045       47.0      182.0    0.99570       3.24       0.46        9.1          1
 6.8      0.240       0.37        7.5      0.043       59.0      188.0    0.99579       3.20       0.50        9.4          2
 7.8      0.250       0.28        7.2      0.040       46.0      179.0    0.99541       3.14       0.60       10.1          2
 6.8      0.160       0.29       10.4      0.046       59.0      143.0    0.99518       3.20       0.40       10.8          2
 5.2      0.280       0.29        1.1      0.028       18.0       69.0    0.99168       3.24       0.54       10.0          1
 7.5      0.180       0.31        6.5      0.029       53.0      160.0    0.99276       3.03       0.38       10.9          3
 7.5      0.260       0.30        4.6      0.027       29.0       92.0    0.99085       3.15       0.38       12.0          2
 8.2      0.370       0.64       13.9      0.043       22.0      171.0    0.99873       2.99       0.80        9.3          3
 7.6      0.400       0.27        5.2      0.030       32.0      101.0    0.99172       3.22       0.62       12.3          1
 7.5      0.260       0.25        1.7      0.038       29.0      129.0    0.99312       3.45       0.56       10.4          0
 6.9      0.230       0.32       16.4      0.045       62.0      153.0    0.99720       3.22       0.42       10.5          1
 5.3      0.200       0.31        3.6      0.036       22.0       91.0    0.99278       3.41       0.50        9.8          0
 6.5      0.170       0.31        1.5      0.041       34.0      121.0    0.99092       3.06       0.46       10.5          3
 6.5      0.350       0.28       12.4      0.051       86.0      213.0    0.99620       3.16       0.51        9.9          2
 6.5      0.290       0.31        1.7      0.035       24.0       79.0    0.99053       3.27       0.69       11.4          1
 6.8      0.300       0.22        6.2      0.060       41.0      190.0    0.99858       3.18       0.51        9.2          2
 7.9      0.510       0.36        6.2      0.051       30.0      173.0    0.99840       3.09       0.53        9.7          3
 7.9      0.510       0.34        2.6      0.049       13.0      135.0    0.99335       3.09       0.51       10.0          3
 7.1      0.290       0.28        9.3      0.048       50.0      141.0    0.99490       3.13       0.49       10.3          2
 7.4      0.200       0.28        9.1      0.047       29.0       95.0    0.99532       3.16       0.47        9.8          2
 6.9      0.615       0.42       12.0      0.067       24.0      131.0    0.99727       3.19       0.34        9.3          2
 6.8      0.320       0.28        4.8      0.034       25.0      100.0    0.99026       3.08       0.47       12.4          3
 6.3      0.200       0.19       12.3      0.048       54.0      145.0    0.99668       3.16       0.42        9.3          2
 8.0      0.230       0.28        2.7      0.048       49.0      165.0    0.99520       3.26       0.72        9.5          1
 6.7      0.270       0.33        3.6      0.034        9.0       45.0    0.99144       3.08       0.40       10.5          3
 6.7      0.440       0.22        4.3      0.032       19.0       99.0    0.99015       3.26       0.53       12.8          1
 7.0      0.340       0.30        1.8      0.045       44.0      142.0    0.99140       2.99       0.45       10.8          3
 7.3      0.260       0.33       11.8      0.057       48.0      127.0    0.99693       3.10       0.55       10.0          3
 5.8      0.170       0.34        1.8      0.045       96.0      170.0    0.99035       3.38       0.90       11.8          0
 6.8      0.170       0.36        1.4      0.036       38.0      108.0    0.99006       3.19       0.66       12.0          2
 7.1      0.430       0.30        6.6      0.025       15.0      138.0    0.99126       3.18       0.46       12.6          2
 5.8      0.315       0.27        1.6      0.026       15.0       70.0    0.98994       3.37       0.40       11.9          0
 5.9      0.170       0.28        0.7      0.027        5.0       28.0    0.98985       3.13       0.32       10.6          2
 6.6      0.340       0.18        6.4      0.082       47.0      240.0    0.99710       3.42       0.48        9.2          0
 8.6      0.330       0.34       11.8      0.059       42.0      240.0    0.99882       3.17       0.52       10.0          2
 5.6      0.120       0.26        4.3      0.038       18.0       97.0    0.99477       3.36       0.46        9.2          0
 5.8      0.130       0.26        5.1      0.039       19.0      103.0    0.99478       3.36       0.47        9.3          0
 7.7      0.180       0.35        5.8      0.055       25.0      144.0    0.99576       3.24       0.54       10.2          1
 7.7      0.160       0.36        5.9      0.054       25.0      148.0    0.99578       3.25       0.54       10.2          1
 6.0      0.260       0.15        1.3      0.060       51.0      154.0    0.99354       3.14       0.51        8.7          2
 7.3      0.320       0.35        1.4      0.050        8.0      163.0    0.99244       3.24       0.42       10.7          1
 7.7      0.300       0.34        1.2      0.048        4.0      119.0    0.99084       3.18       0.34       12.1          2
 7.9      0.160       0.30        7.4      0.050       58.0      152.0    0.99612       3.12       0.37        9.5          2
 6.4      0.270       0.29       10.8      0.028       17.0      118.0    0.99356       3.18       0.37       11.2          2
 6.9      0.160       0.37        1.8      0.034       36.0       95.0    0.98952       2.93       0.59       12.0          3
 6.4      0.440       0.44       14.4      0.048       29.0      228.0    0.99955       3.26       0.54        8.8          1
 6.3      0.200       0.24        1.7      0.052       36.0      135.0    0.99374       3.80       0.66       10.8          0
 6.2      0.290       0.32        3.6      0.026       39.0      138.0    0.98920       3.31       0.37       13.1          1
 7.6      0.390       0.32        3.6      0.035       22.0       93.0    0.99144       3.08       0.60       12.5          3
 7.0      0.360       0.32       10.1      0.045       37.0      131.0    0.99352       3.09       0.33       11.7          3
 7.0      0.360       0.32       10.5      0.045       35.0      135.0    0.99350       3.09       0.33       11.6          3
 7.6      0.200       0.36        1.9      0.043       24.0      111.0    0.99237       3.29       0.54       11.3          1
 6.7      0.200       0.37        1.6      0.025       42.0      103.0    0.99022       3.11       0.45       11.4          3
 6.2      0.235       0.34        1.9      0.036        4.0      117.0    0.99032       3.40       0.44       12.2          0
 7.8      0.965       0.60       65.8      0.074        8.0      160.0    1.03898       3.39       0.69       11.7          0
 7.1      0.200       0.31        6.8      0.053       32.0      211.0    0.99587       3.31       0.59       10.4          1
 7.1      0.200       0.31        7.4      0.053       32.0      211.0    0.99587       3.31       0.59       10.4          1
 6.4      0.240       0.25       20.2      0.083       35.0      157.0    0.99976       3.17       0.50        9.1          2
 8.0      0.300       0.36       11.0      0.034        8.0       70.0    0.99354       3.05       0.41       12.2          3
 6.9      0.400       0.42        6.2      0.066       41.0      176.0    0.99552       3.12       0.54        9.4          2
 6.9      0.400       0.43        6.2      0.065       42.0      178.0    0.99552       3.11       0.53        9.4          3
 6.6      0.250       0.51        8.0      0.047       61.0      189.0    0.99604       3.22       0.49        9.2          1
 6.8      0.260       0.44        8.2      0.046       52.0      183.0    0.99584       3.20       0.51        9.4          2
 6.5      0.370       0.30        2.2      0.033       39.0      107.0    0.98894       3.22       0.53       13.5          1
 6.8      0.350       0.53       10.1      0.053       37.0      151.0    0.99630       3.07       0.40        9.4          3
 6.4      0.220       0.32        7.2      0.028       15.0       83.0    0.99300       3.13       0.55       10.9          2
 6.9      0.310       0.32        1.6      0.036       34.0      114.0    0.99068       3.19       0.45       11.4          2
 6.7      0.160       0.37        1.3      0.036       45.0      125.0    0.98964       3.19       0.51       12.4          2
 5.6      0.150       0.31        5.3      0.038        8.0       79.0    0.99230       3.30       0.39       10.5          1
 5.5      0.150       0.32       14.0      0.031       16.0       99.0    0.99437       3.26       0.38       11.5          1
 7.3      0.200       0.26        1.6      0.040       36.0      123.0    0.99238       3.34       0.44       10.8          0
 7.5      0.170       0.71       11.8      0.038       52.0      148.0    0.99801       3.03       0.46        8.9          3
 7.5      0.180       0.72        9.6      0.039       53.0      151.0    0.99802       3.03       0.46        8.9          3
 7.0      0.270       0.48        6.1      0.042       60.0      184.0    0.99566       3.20       0.50        9.4          2
 5.8      0.320       0.31        2.7      0.049       25.0      153.0    0.99067       3.44       0.73       12.2          0
 7.8      0.260       0.31        3.6      0.025       22.0      100.0    0.99066       2.99       0.47       12.1          3
 7.4      0.300       0.32        1.7      0.030       23.0      128.0    0.99290       3.17       0.66       10.9          2
 6.7      0.160       0.34        1.6      0.026       27.0      109.0    0.99340       3.34       0.58       10.1          0
 6.7      0.190       0.39        1.0      0.032       14.0       71.0    0.98912       3.31       0.38       13.0          1
 6.6      0.360       0.24        0.9      0.038       15.0       72.0    0.99066       3.23       0.39       11.0          1
 7.2      0.170       0.41        1.6      0.052       24.0      126.0    0.99228       3.19       0.49       10.8          2
 6.0      0.110       0.47       10.6      0.052       69.0      148.0    0.99580       2.91       0.34        9.3          3
 6.0      0.210       0.34        2.0      0.042       63.0      123.0    0.99052       3.44       0.42       11.4          0
 6.7      0.325       0.82        1.2      0.152       49.0      120.0    0.99312       2.99       0.38        9.2          3
 6.6      0.400       0.46        6.2      0.056       42.0      241.0    0.99680       3.50       0.60        9.9          0
 6.5      0.200       0.24        9.2      0.044       25.0      150.0    0.99502       3.22       0.44       10.5          1
 7.6      0.270       0.34        5.0      0.040       18.0       56.0    0.99084       3.06       0.48       12.4          3
 7.2      0.260       0.40        6.3      0.047       52.0      172.0    0.99573       3.18       0.53        9.5          2
 6.3      0.250       0.22        3.3      0.048       41.0      161.0    0.99256       3.16       0.50       10.5          2
 6.5      0.220       0.45        8.0      0.053       52.0      196.0    0.99590       3.23       0.48        9.1          1
 6.4      0.140       0.31        1.2      0.034       53.0      138.0    0.99084       3.38       0.35       11.5          0
 7.1      0.260       0.32       16.2      0.044       31.0      170.0    0.99644       3.17       0.37       11.2          2
 6.6      0.220       0.34       11.6      0.050       59.0      140.0    0.99526       3.22       0.40       10.8          1
 6.6      0.450       0.43        7.2      0.064       31.0      186.0    0.99540       3.12       0.44        9.4          2
 6.6      0.170       0.30        1.1      0.031       13.0       73.0    0.99095       3.17       0.58       11.0          2
 7.2      0.440       0.28        3.4      0.048       22.0      112.0    0.99188       3.21       0.37       11.3          2
 6.2      0.150       0.27        1.4      0.041       51.0      117.0    0.99090       3.28       0.38       11.2          1
 7.3      0.260       0.30        9.3      0.050       35.0      154.0    0.99581       3.21       0.50       10.4          2
 6.9      0.150       0.29        2.3      0.033       14.0       82.0    0.99132       3.10       0.58       11.2          3
 5.8      0.220       0.29        0.9      0.034       34.0       89.0    0.98936       3.14       0.36       11.1          2
 6.5      0.370       0.33        3.5      0.036       23.0       92.0    0.99136       3.18       0.38       11.2          2
 5.5      0.375       0.38        1.7      0.036       17.0       98.0    0.99142       3.29       0.39       10.5          1
 5.9      0.200       0.40        1.3      0.047       23.0       92.0    0.99232       3.20       0.45       10.0          2
 5.9      0.220       0.38        1.3      0.046       24.0       90.0    0.99232       3.20       0.47       10.0          2
 8.0      0.220       0.31        5.6      0.049       24.0       97.0    0.99300       3.10       0.42       10.9          3
 6.5      0.220       0.29        7.4      0.028       16.0       87.0    0.99311       3.15       0.56       10.9          2
 5.8      0.200       0.34        1.0      0.035       40.0       86.0    0.98993       3.50       0.42       11.7          0
 6.6      0.310       0.07        1.5      0.033       55.0      144.0    0.99208       3.16       0.42       10.0          2
 7.7      0.430       0.37       10.0      0.169       22.0      210.0    0.99776       3.02       0.64        9.5          3
 6.7      0.240       0.29       14.9      0.053       55.0      136.0    0.99839       3.03       0.52        9.0          3
 7.3      0.230       0.34        9.3      0.052       19.0       86.0    0.99574       3.04       0.56       10.0          3
 7.9      0.200       0.39        1.0      0.041       37.0      154.0    0.99093       3.08       0.43       11.9          3
 5.3      0.160       0.39        1.0      0.028       40.0      101.0    0.99156       3.57       0.59       10.6          0
 6.4      0.210       0.28        5.9      0.047       29.0      101.0    0.99278       3.15       0.40       11.0          2
 6.9      0.330       0.26        5.0      0.027       46.0      143.0    0.99240       3.25       0.43       11.2          1
 5.6      0.180       0.58        1.3      0.034       29.0      129.0    0.98984       3.51       0.60       12.0          0
 6.6      0.290       0.31        3.9      0.027       39.0       96.0    0.99035       3.24       0.60       12.6          1
 6.6      0.210       0.36        0.8      0.034       48.0      113.0    0.99165       3.24       0.68       10.5          1
 7.3      0.210       0.33        1.0      0.037       66.0      144.0    0.99230       3.11       0.52       10.2          3
 5.1      0.110       0.32        1.6      0.028       12.0       90.0    0.99008       3.57       0.52       12.2          0
 6.5      0.150       0.32        1.3      0.036       19.0       76.0    0.98964       3.18       0.41       12.3          2
 5.6      0.190       0.46        1.1      0.032       33.0      115.0    0.99090       3.36       0.50       10.4          0
 6.7      0.480       0.32        1.4      0.021       22.0      121.0    0.98890       3.15       0.53       12.7          2
 6.2      0.230       0.23        1.2      0.018       18.0      128.0    0.99178       3.05       0.28       10.6          3
 6.0      0.170       0.29        5.0      0.028       25.0      108.0    0.99076       3.14       0.34       12.3          2
 6.7      0.150       0.38        1.7      0.037       20.0       84.0    0.99046       3.09       0.53       11.4          3
 4.2      0.170       0.36        1.8      0.029       93.0      161.0    0.98999       3.65       0.89       12.0          0
 5.8      0.210       0.32        1.6      0.045       38.0       95.0    0.98946       3.23       0.94       12.4          1
 5.4      0.230       0.36        1.5      0.030       74.0      121.0    0.98976       3.24       0.99       12.1          1
 6.4      0.220       0.31       13.9      0.040       57.0      135.0    0.99672       3.21       0.38       10.7          2
 6.5      0.150       0.55        5.9      0.045       75.0      162.0    0.99482       2.97       0.40        9.3          3
 5.9      0.320       0.33        2.1      0.027       35.0      138.0    0.98945       3.37       0.42       12.7          0
 5.7      0.370       0.30        1.1      0.029       24.0       88.0    0.98883       3.18       0.39       11.7          2
 7.9      0.250       0.35        6.7      0.039       22.0       64.0    0.99362       2.93       0.49       10.7          3
 7.2      0.210       0.28        2.7      0.033       38.0       94.0    0.99075       2.99       0.43       11.8          3
 7.0      0.240       0.30        6.7      0.039       37.0      125.0    0.99436       3.20       0.39        9.9          2
 6.8      0.475       0.33        4.0      0.047       16.0       81.0    0.98988       3.23       0.53       13.4          1
 7.0      0.280       0.32        7.8      0.032       30.0      114.0    0.99158       3.12       0.64       12.8          2
 6.9      0.400       0.30       10.6      0.033       24.0       87.0    0.99265       3.15       0.45       12.8          2
 6.6      0.410       0.31        1.6      0.042       18.0      101.0    0.99195       3.13       0.41       10.5          2
 6.4      0.200       0.28        2.5      0.032       24.0       84.0    0.99168       3.31       0.55       11.5          1
 8.5      0.220       0.34        0.7      0.040        5.0       25.0    0.99180       3.04       0.37       10.5          3
 8.4      0.360       0.36       11.1      0.032       21.0      132.0    0.99313       2.95       0.39       13.0          3
 5.2      0.285       0.29        5.2      0.035       64.0      138.0    0.98950       3.19       0.34       12.4          2
 6.9      0.200       0.30        4.7      0.041       40.0      148.0    0.99320       3.16       0.35       10.2          2
 6.7      0.420       0.46        9.7      0.054       67.0      234.0    0.99848       3.23       0.50        9.0          1
 6.2      0.160       0.34        1.7      0.038       85.0      153.0    0.99090       3.33       0.86       12.0          0
 6.4      0.125       0.36        1.4      0.044       22.0       68.0    0.99014       3.15       0.50       11.7          2
 6.4      0.440       0.26        2.0      0.054       20.0      180.0    0.99520       3.58       0.57       10.0          0
 7.0      0.310       0.39        7.5      0.055       42.0      218.0    0.99652       3.37       0.54       10.3          0
 8.6      0.180       0.28        0.8      0.032       25.0       78.0    0.99104       2.99       0.38       11.1          3
 6.2      0.210       0.26       13.1      0.050       59.0      150.0    0.99772       3.31       0.46        9.0          1
 6.1      0.160       0.37        1.1      0.031       37.0       97.0    0.99220       3.40       0.58       10.5          0
 6.5      0.220       0.32        2.2      0.028       36.0       92.0    0.99076       3.27       0.59       11.9          1
 6.2      0.360       0.14        8.9      0.036       38.0      155.0    0.99622       3.27       0.50        9.4          1
 5.7      0.210       0.25        1.1      0.035       26.0       81.0    0.99020       3.31       0.52       11.4          1
 6.4      0.250       0.32        0.9      0.034       40.0      114.0    0.99114       3.31       0.58       10.8          1
 7.6      0.310       0.26        1.7      0.073       40.0      157.0    0.99380       3.10       0.46        9.8          3
 6.6      0.260       0.46        6.9      0.047       59.0      183.0    0.99594       3.20       0.45        9.3          2
 6.2      0.200       0.31        1.0      0.031       22.0       73.0    0.99035       3.24       0.52       11.3          1
 6.2      0.180       0.30        1.0      0.031       23.0       73.0    0.99032       3.23       0.52       11.3          1
 6.1      0.370       0.20        7.6      0.031       49.0      170.0    0.99558       3.22       0.48        9.5          1
 7.7      0.180       0.30        1.2      0.046       49.0      199.0    0.99413       3.03       0.38        9.3          3
 6.9      0.140       0.38        1.0      0.041       22.0       81.0    0.99043       3.03       0.54       11.4          3
 6.0      0.440       0.26        3.1      0.053       57.0      128.0    0.98982       3.22       0.39       12.7          1
 7.1      0.360       0.40        2.0      0.033       26.0      118.0    0.98934       3.20       0.45       13.5          2
 5.7      0.280       0.28        2.2      0.019       15.0       65.0    0.99020       3.06       0.52       11.2          3
 6.4      0.160       0.32        8.8      0.038       38.0      118.0    0.99449       3.19       0.41       10.7          2
 7.4      0.280       0.40       11.9      0.032       13.0       92.0    0.99629       3.01       0.46       10.8          3
 6.7      0.390       0.31        2.7      0.054       27.0      202.0    0.99480       3.46       0.57       10.5          0
 6.5      0.440       0.47        5.5      0.014       44.0      137.0    0.98984       3.13       0.32       13.0          2
 6.9      0.220       0.31        6.3      0.029       41.0      131.0    0.99326       3.08       0.49       10.8          3
 6.6      0.220       0.29       14.4      0.046       39.0      118.0    0.99834       3.05       0.50        9.1          3
 7.7      0.250       0.30        7.8      0.038       67.0      196.0    0.99555       3.10       0.50       10.1          3
 5.2      0.155       0.33        1.6      0.028       13.0       59.0    0.98975       3.30       0.84       11.9          1
 7.0      0.310       0.31        9.1      0.036       45.0      140.0    0.99216       2.98       0.31       12.0          3
 5.6      0.210       0.40        1.3      0.041       81.0      147.0    0.99010       3.22       0.95       11.6          1
 6.4      0.250       0.32       11.3      0.038       69.0      192.0    0.99573       3.14       0.50       10.2          2
 5.3      0.210       0.29        0.7      0.028       11.0       66.0    0.99215       3.30       0.40        9.8          1
 7.1      0.270       0.28        1.3      0.023        3.0       89.0    0.98993       2.95       0.30       11.4          3
 5.2      0.170       0.27        0.7      0.030       11.0       68.0    0.99218       3.30       0.41        9.8          1
 7.0      0.120       0.29       10.3      0.039       41.0       98.0    0.99564       3.19       0.38        9.8          2
 7.1      0.290       0.34        7.8      0.036       49.0      128.0    0.99397       3.21       0.40       10.7          2
 7.2      0.300       0.30        8.7      0.022       14.0      111.0    0.99576       3.11       0.61       10.6          3
 6.8      0.260       0.46        8.3      0.037       49.0      173.0    0.99601       3.17       0.47        9.3          2
 4.9      0.330       0.31        1.2      0.016       39.0      150.0    0.98713       3.33       0.59       14.0          0
 5.1      0.290       0.28        8.3      0.026       27.0      107.0    0.99308       3.36       0.37       11.0          0
 6.8      0.260       0.48        6.2      0.049       55.0      182.0    0.99582       3.21       0.45        9.4          2
 6.0      0.280       0.52        5.0      0.078       30.0      139.0    0.99494       3.10       0.36        9.0          3
 6.0      0.280       0.25        1.8      0.042        8.0      108.0    0.99290       3.08       0.55        9.0          3
 7.2      0.200       0.22        1.6      0.044       17.0      101.0    0.99471       3.37       0.53       10.0          0
 6.1      0.270       0.25        1.8      0.041        9.0      109.0    0.99290       3.08       0.54        9.0          3
 6.4      0.290       0.30        2.9      0.036       25.0       79.0    0.99037       3.29       0.60       12.4          1
 7.4      0.350       0.24        6.0      0.042       28.0      123.0    0.99304       3.14       0.44       11.3          2
 8.1      0.120       0.38        0.9      0.034       36.0       86.0    0.99026       2.80       0.55       12.0          3
 6.4      0.120       0.30        1.1      0.031       37.0       94.0    0.98986       3.01       0.56       11.7          3
 7.3      0.400       0.26        5.5      0.016       26.0       90.0    0.98951       2.84       0.54       13.2          3
 7.7      0.110       0.34       14.1      0.040       41.0      114.0    0.99634       3.07       0.59       11.0          3
 6.9      0.230       0.41        8.0      0.030       30.0      114.0    0.99368       3.22       0.54       11.0          1
 6.9      0.380       0.38       13.1      0.112       14.0       94.0    0.99792       3.02       0.48        9.2          3
 7.5      0.380       0.29        4.9      0.021       38.0      113.0    0.99026       3.08       0.48       13.0          3
 5.8      0.190       0.24        1.3      0.044       38.0      128.0    0.99362       3.77       0.60       10.6          0
 5.5      0.340       0.26        2.2      0.021       31.0      119.0    0.98919       3.55       0.49       13.0          0
 6.6      0.230       0.30       14.9      0.051       33.0      118.0    0.99835       3.04       0.54        9.0          3
 8.4      0.310       0.31        0.9      0.021       52.0      148.0    0.99038       2.93       0.32       11.5          3
 6.7      0.200       0.30        1.4      0.025       17.0       76.0    0.99104       3.11       0.44       11.0          3
 7.3      0.260       0.24        1.7      0.050       10.0      112.0    0.99286       3.11       0.43        9.9          3
 6.3      0.220       0.22        5.6      0.039       31.0      128.0    0.99296       3.12       0.46       10.4          2
 7.5      0.190       0.40        7.1      0.056       50.0      110.0    0.99540       3.06       0.52        9.9          3
 8.0      0.140       0.33        1.2      0.045       71.0      162.0    0.99140       3.07       0.47       11.0          3
 6.8      0.320       0.39        9.6      0.026       34.0      124.0    0.99286       3.18       0.35       12.1          2
 6.6      0.230       0.20       11.4      0.044       45.0      131.0    0.99604       2.96       0.51        9.7          3
 6.7      0.360       0.26        7.9      0.034       39.0      123.0    0.99119       2.99       0.30       12.2          3
 6.1      0.380       0.42        5.0      0.016       31.0      113.0    0.99007       3.15       0.31       12.4          2
 8.5      0.230       0.28       11.1      0.033       30.0       97.0    0.99507       3.03       0.39       10.5          3
 7.0      0.200       0.31        8.0      0.050       29.0      213.0    0.99596       3.28       0.57       10.4          1
 6.0      0.260       0.32        3.8      0.029       48.0      180.0    0.99011       3.15       0.34       12.0          2
 6.9      0.300       0.30       10.6      0.037        4.0       28.0    0.99184       3.07       0.32       12.7          3
 6.7      0.180       0.28       10.2      0.039       29.0      115.0    0.99469       3.11       0.45       10.9          3
 6.8      0.180       0.28        9.8      0.039       29.0      113.0    0.99406       3.11       0.45       10.9          3
 7.2      0.190       0.31        6.3      0.034       17.0      103.0    0.99305       3.15       0.52       11.4          2
 6.2      0.160       0.32        1.1      0.036       74.0      184.0    0.99096       3.22       0.41       11.0          1
 5.0      0.270       0.32        4.5      0.032       58.0      178.0    0.98956       3.45       0.31       12.6          0
 6.3      0.370       0.28        6.3      0.034       45.0      152.0    0.99210       3.29       0.46       11.6          1
 6.6      0.200       0.27       10.9      0.038       29.0      130.0    0.99496       3.11       0.44       10.5          3
 6.6      0.280       0.34        0.8      0.037       42.0      119.0    0.98880       3.03       0.37       12.5          3
 6.5      0.350       0.36        0.8      0.034       32.0      111.0    0.98942       3.11       0.50       12.1          3
 6.9      0.250       0.33        1.2      0.035       35.0      158.0    0.99082       3.02       0.58       11.3          3
 6.0      0.320       0.30        1.3      0.025       18.0      112.0    0.98802       3.07       0.64       13.3          3
 6.3      0.180       0.36        1.2      0.034       26.0      111.0    0.99074       3.16       0.51       11.0          2
 6.9      0.300       0.36        0.9      0.037       40.0      156.0    0.98968       3.08       0.36       12.1          3
 5.0      0.300       0.33        3.7      0.030       54.0      173.0    0.98870       3.36       0.30       13.0          0
 6.5      0.200       0.50       18.1      0.054       50.0      221.0    0.99941       2.94       0.64        8.8          3
 6.7      0.250       0.31        1.4      0.061       30.5      218.0    0.99388       3.16       0.53        9.5          2
 6.6      0.220       0.36        5.5      0.029       30.0      105.0    0.99206       3.20       0.47       11.8          2
 6.8      0.250       0.37        3.1      0.026       29.0       93.0    0.99035       3.14       0.45       12.2          2
 7.0      0.130       0.37       12.9      0.042       36.0      105.0    0.99581       3.05       0.55       10.7          3
 7.0      0.450       0.34       19.8      0.040       12.0       67.0    0.99760       3.07       0.38       11.0          3
 7.2      0.320       0.30        8.3      0.020       14.0      104.0    0.99362       2.99       0.44       11.4          3
 5.9      0.340       0.30        3.8      0.035       57.0      135.0    0.99016       3.09       0.34       12.0          3
 6.8      0.220       0.31        6.9      0.037       33.0      121.0    0.99176       3.02       0.39       11.9          3
 8.4      0.320       0.35       11.7      0.029        3.0       46.0    0.99439       3.02       0.34       11.8          3
 6.8      0.270       0.29        4.6      0.046        6.0       88.0    0.99458       3.34       0.48       10.6          0
 8.0      0.740       0.21        4.0      0.050       24.0      133.0    0.99418       3.06       0.38        9.7          3
 5.4      0.220       0.29        1.2      0.045       69.0      152.0    0.99178       3.76       0.63       11.0          0
 8.4      0.220       0.30        8.9      0.024       17.0      118.0    0.99456       2.99       0.34       10.5          3
 7.4      0.320       0.22       11.7      0.035       44.0      150.0    0.99578       3.10       0.45       10.4          3
 7.5      0.180       0.37        6.2      0.050       21.0      138.0    0.99546       3.20       0.55       10.5          2
 7.1      0.470       0.29       14.8      0.024       22.0      142.0    0.99518       3.12       0.48       12.0          2
 5.8      0.190       0.25       10.8      0.042       33.0      124.0    0.99646       3.22       0.41        9.2          1
 6.7      0.140       0.46        1.6      0.036       15.0       92.0    0.99264       3.37       0.49       10.9          0
 6.8      0.240       0.38        8.3      0.045       50.0      185.0    0.99578       3.15       0.50        9.5          2
 6.9      0.250       0.47        8.4      0.042       36.0      156.0    0.99604       3.15       0.55        9.4          2
 6.0      0.240       0.33        2.5      0.026       31.0       85.0    0.99014       3.13       0.50       11.3          2
 6.8      0.290       0.34        3.5      0.054       26.0      189.0    0.99489       3.42       0.58       10.4          0
 6.3      0.330       0.42       17.2      0.037       57.0      170.0    0.99884       3.26       0.57        9.4          1
 6.5      0.230       0.45        2.1      0.027       43.0      104.0    0.99054       3.02       0.52       11.3          3
 6.3      0.270       0.29       12.2      0.044       59.0      196.0    0.99782       3.14       0.40        8.8          2
 6.3      0.200       0.37       11.8      0.045       58.0      130.0    0.99519       3.20       0.35       10.8          2
 6.2      0.330       0.41       16.8      0.037       58.0      173.0    0.99882       3.25       0.57        9.4          1
