74	5	18	5	4	5	9.9
80	5	13	5	6	6	10
300	15	32	3	6	3	9.4
65	5	20	5	5	4	7.8
46	4.6	6	4	4	5	7.99
75	5	13	5	7	5	8.7
60	3.5	5	2	6	5	5.6
369	15	12	2	4	4	6.3
67.4	4	8	5	4	6	9.5
78	6	13	4	6	6	8.63
72	17	36	2	2	2	2
70	5	13	5	6	4	8.5
75	5	13	5	5	4	8.1
88	5.5	11.5	5	4	4	6.5
54	5.8	3	4	6	6	8.8
45	5	6	3	3	4	5.95
88	5.5	17	5	4	4	6.6
40	4.1	6	4	3	4	7.7
69.1	4	4.5	3	3	4	10
52	4	3	4	4	4	6.5
45	6	3	4	4	4	7.65
200	10	13	2	3	3	5.6
50	3.7	3.5	5	7	6	8.9
36	7	3	5	3	4	5.6
100	20	12	3	4	5	6.5
60	8	15	4	5	5	4.5
87	5	33	5	5	5	10
35	5	2	5	5	4	6.85
56	3.82	2.5	5	6	5	6.5
151	4	6	2	4	3	3.2
51.75	4.5	6	4	4	5	9.2
27	4	10	5	4	5	7.65
102.8	7	18	2	4	4	5.6
56.25	4.5	5	3	4	3	4.29
80	8	8	5	5	6	6.5
33	3	2	5	3	4	4.48
38	4.2	6	4	3	4	6.78
30	3.4	3	6	4	5	5.65
72	4	5	2	4	4	6.7
36	4	3	5	4	4	6
132	4	8	2	3	2	7
101	7.1	2.5	3	4	3	6.6
81	8	8	1	1	1	5.8
75	5	24	3	3	3	7.7
42	3.3	5	4	5	4	8.8
143	5	6	4	4	4	9.3
180	9	40	3	5	4	9.7
33	4.5	2.5	5	3	4	4.15
56	4.8	3	6	4	4	5.3
90	5	17.5	4	4	5	3.85
55	4	5	5	6	5	8.3
100	5	15	3	3	4	3.95
66	4	12	4	5	3	8.95
36.5	3.6	4	6	3	4	4.1
64	4	6	5	4	5	6.7
12	3	3	5	3	4	1.8
53	4.3	22	5	6	5	6.39
31	6.2	6	3	4	3	6.8
56	3.85	2.8	4	4	5	8.5
64	4	6	5	6	6	5.98
65	5.5	7	3	3	3	4.7
55	5	3	5	4	5	6.8
45	3.5	2	4	4	3	4.95
30	6	2	6	3	4	4.6
68	4	5	1	3	3	2.8
75	8	3	1	3	1	2.35
90	6	30	3	3	4	5.8
86	4	3	2	8	2	7.6
42	5.6	3	5	3	4	8.5
33	3.3	3.5	4	4	4	5.4
40	4.25	3	5	4	4	6.3
52	4.5	8	4	4	3	7.2
112.5	5	7.5	3	5	3	4.9
34	4.25	3	3	3	3	2.1
60	5	9	3	4	5	5.6
51	4.2	12	2	3	4	6
40	3.7	4	6	4	4	3.25
60	6	5	3	3	2	2.95
60	4.5	6	4	4	4	6.5
30	3.4	4	5	3	4	4.1
110	4.4	7	2	2	2	5
53	3.6	5	4	3	4	6.5
160	8	13	2	4	4	4.55
65	6	4	1	2	1	1.65
45	4.3	5	3	3	3	2.65
84	4.3	8	2	3	2	2.45
31	3.6	3	5	4	3	4.55
60	6	3.5	4	4	4	8
84	7	10	3	8	6	6.5
92.5	6	6	3	3	4	6.95
35	4	5	4	4	3	6.5
85	6.08	4	2	3	2	2.55
60	4	13	5	5	5	8.6
43	3.6	4	4	2	3	8.65
64	5	10	4	4	5	8
24	4	3	4	2	3	4.28
92	5	6	3	4	4	6.95
90	6	30	3	4	4	5.95
102.6	7	3	1	2	2	5.6
150	7.5	5.5	3	4	4	5
198.5	9	10	2	4	3	8
60	4	8	3	4	5	7.45
54	4.85	2	2	3	2	7.5
75	5	12	3	4	4	4.25
59	5	5	3	9	9	6
30	3.8	2	5	3	3	4.6
60	4	13	5	7	4	8.6
100	36	36	3	4	2	5
90.8	6	16	4	5	6	8.5
39	4.5	50	6	3	4	7.5
35	3.6	4	3	3	2	3.75
98.7	6	3	2	7	4	5.2
75	5	30	2	3	2	1.68
54	3.8	4	2	2	2	5.65
36	4	5	3	3	3	3
60	4	5	3	4	3	5.2
33	3.3	2	5	3	3	7.5
49.5	4.5	4.3	3	2	2	4.15
33	4.5	2.5	5	3	4	3.65
105	7	15	4	6	4	6.7
56	4	13	5	7	4	7.5
78	6	13	5	9	8	9.45
78	6	13	5	8	4	9.29
33	4	4	5	4	4	5
75	5	8	2	3	2	2.25
34	5	2	5	3	4	5.95
45	3.5	7	4	5	4	4.5
45	6.2	4	5	5	5	7.68
126.2	5.6	12	1	2	1	6.9
75	5	7	5	5	5	8.8
68	4	3	2	6	6	4.95
44	3.5	5	3	4	3	3.8
80	5	2	5	5	6	9.5
98	6	5	2	3	2	9.6
60	4	9	3	5	5	7.6
81	4.5	9	5	5	5	5.8
35	4	4	3	4	3	2.4
157	10	3	4	7	7	10
66	4.1	7	4	5	6	6.8
60	4	3	3	4	6	4.8
85	5	6	3	4	4	5.99
96	8	20	3	5	4	5.5
49.1	3.86	50	2	3	2	3.5
70	7	2.5	4	4	4	9.8
37	4.6	3.5	6	4	3	7.5
30	3.5	3	5	3	4	3.2
160	6	20	2	4	3	4.55
37	3.8	3	6	3	4	8
177	17	13	2	5	7	6.8
36	4.5	20	4	3	4	4
60	4	20	5	6	4	8.6
44	4.5	10	4	3	3	8.5
63	4.7	3	4	4	3	8.6
32	3	2.3	5	5	3	3.7
41.5	4	6	4	5	3	7.7
160	8	13	2	3	3	4.65
175	10	9	3	5	3	9.1
30.5	4	3	4	3	3	2.65
127	9	5	1	2	1	2.16
50	4	6	4	4	3	3.7
60	10	10	3	5	3	9.99
91	4	5	4	4	4	9.3
27	3	3	3	4	2	1.99
32	3.5	3	4	3	3	3.95
52	4.6	6	4	4	4	8.6
50	4	3	3	3	3	2.75
36	4	3	5	4	4	2.8
50	5	2	6	4	5	6.5
70	4.5	2.5	5	5	5	10
90	6	15	5	5	5	8.79
45	4	2	2	3	2	1.49
80	4	5	2	3	4	4.25
160	8	13	3	4	4	6.2
36	4	3.5	5	3	4	4.55
42	4	4	2	2	2	1.9
37	5	8	4	3	3	3.4
200	2	6	4	5	3	6
61	4.5	3	4	4	3	8.95
30	4.2	3	5	3	3	6.4
120	5.2	5	2	2	1	5.2
53	3.5	7	5	8	5	8.8
55	5	4	2	1	1	7.5
100	3.5	24	3	3	2	8.2
64	4	16	3	4	4	10
40	4	4	5	4	5	9.2
100	5	12	1	2	1	7.8
82.5	5	12	3	3	3	9.3
53.28	3.3	60	1	1	1	8.2
64	8	4.5	4	5	5	8.5
45	3.8	3.3	4	5	3	3.99
100	5	6	3	4	4	7.2
71.2	4.5	8	3	4	4	4.8
35	3.7	3	7	4	5	9
77.5	5	11.5	3	4	4	4.6
120	6	56	3	4	3	8.6
42.5	8.5	4	4	3	3	5.95
45	4	4	4	4	4	7
114	4.5	8	2	3	2	2.5
100	6	15	3	6	5	6.46
73	4.1	12	3	3	3	8.8
68	4.3	7	4	3	3	9.4
71	4.7	4	4	4	4	6.5
100	5	7.5	3	3	4	7.95
64.5	4	6	4	6	4	8.5
125	10	4	3	5	6	8.3
50	5	2	4	5	3	7.65
43	3.5	15	2	2	2	3.9
53.8	4.5	8	4	3	3	4.7
150	10	16	2	3	3	8.6
45	4	7	4	4	4	9.5
56	6	30	1	1	1	7
60	4	7	3	4	3	4.85
74	4	10	3	4	4	6.05
82	5	5	3	3	4	7.5
97	7	7.5	2	4	4	5.3
130	4.4	16	1	3	1	8.5
48	5	4	3	3	3	2.4
30.4	4	3	5	3	4	5.48
60.5	4.5	4	3	3	2	4.25
40	4.5	3	3	3	3	6.4
56	4	13	5	5	5	7.7
100	5	30	4	4	4	8.8
60	4	5	2	2	2	2.55
80	5	4	2	2	2	6.95
70	7	10	2	2	2	1.5
35	3.3	5	3	3	3	5.3
32	5	5	5	4	4	5.5
132	4	6	1	2	1	7.5
72	6	13	5	5	5	7.6
127	8	15	4	6	4	7.7
72	4	6	3	3	3	4.6
33	3.3	2	4	3	3	4.2
60	4	7	4	5	5	5.5
100	5	5	4	7	7	9.5
39	3.8	15	5	6	3	8.1
35	3.4	2.5	5	3	3	4.05
35	3.3	4	3	3	3	2.2
60	4	5	1	2	1	1.95
30	3.7	3	3	3	3	1.98
56	4.8	3	6	4	4	5.3
61.5	4	5	3	5	5	7.8
60	4.2	8	2	3	2	2.75
48	5	4	2	2	2	2.3
66	5	6	4	5	5	5.35
68	6	6	2	3	3	3.74
40	5	7	5	5	4	3.65
64.1	4	3.5	2	3	1	2
90	4.2	6	4	4	5	7.79
59	4	25	2	2	2	1.9
100	6	15.2	3	4	3	6.46
105	5	10.5	3	4	4	4.2
105	7	5	2	2	3	3.75
322	18	15	2	4	3	6.3
37	4	2.5	5	5	5	6.5
66	3.86	6	3	3	2	7.5
40	5	2	3	3	2	5.33
38	3.8	6	5	4	4	7.5
44	4	10	4	4	3	2.95
81	6	6	3	6	4	7.5
38	3.5	5	6	3	4	4.7
60	5	17.5	5	4	4	4.2
90	7.5	7.5	3	4	4	6.5
32	4.2	2.5	4	4	3	2.7
104.4	5	12	4	4	5	9.2
31	3	3	5	3	4	4.3
65	5	12	6	4	4	6.8
90	5	7	2	3	3	7.2
66	4	8	3	3	4	5.99
162	14	14	3	4	4	8.26
120	4	8	1	2	1	8.2
60	5	7.5	2	3	2	5.6
54	4.7	5	3	3	3	5.7
66	4.3	10	4	3	2	7.99
69.1	3.7	5	2	5	4	9.69
47.1	4.1	6	4	4	3	3.3
16	4	3	3	2	2	1.15
100	5	5	4	7	7	9.5
80	4.2	2.5	3	3	3	6.8
55	4	4.5	4	5	4	8.9
162.2	6.9	2	1	3	2	9.95
75	5	20	3	4	3	6.7
100	5	30	4	4	4	6.5
26	3	20	4	4	3	1.1
63.2	15	6	4	5	4	6.4
96	8	5	2	5	3	5.9
78	6	30	5	7	5	9.3
88	8	7	4	5	6	6.2
400	20	40	4	4	3	6.3
47.1	4.3	2	2	3	2	5.4
75	5	10	3	4	4	9.8
50	3.5	2.5	1	3	1	4.9
92.3	4.4	4	2	4	2	4.7
35	5	3	5	4	5	4.55
55	5	12	3	4	5	6.77
40	4	4	1	2	1	5.5
105	7.5	20	4	6	6	5.6
30.5	3.05	4	5	3	4	6.4
60	4	8	4	4	5	8.1
105	7.5	21	4	6	6	5.6
60	4.5	8	3	4	3	6.8
44	5	3	6	5	5	8.7
35	3.9	2	5	3	4	6.3
150	8	15	2	4	2	2.55
89	4	12	1	3	2	1.25
67.5	4.5	15	4	4	4	4.68
24	4	2	1	2	1	1.15
95	5.2	6	2	3	3	7.55
110	4	12	3	4	4	7.65
56	4	8	4	4	5	6.2
64	10	10	4	4	5	7.5
111	11	16	3	4	4	6.76
40	3.5	2	6	8	8	6.98
80	5	7	3	3	3	6.1
58	4	3	5	4	4	7.9
67.5	4.5	9	4	3	3	9
68	6	9	4	4	4	9
25	4.1	2	2	2	2	3.45
66	6	6	4	4	4	10
511	11.5	8	1	2	1	5.5
95	29	29	3	4	5	5.5
44	5	5	2	2	1	3.9
90	6	16	2	3	3	4.7
96	8	20	4	5	6	8.5
79	5.3	2.5	4	4	6	7
68	4	18	2	3	2	1.85
80	5	10	4	4	4	9.6
84	6	6	1	2	1	2.85
35	4	3	5	3	4	5.65
44	4	3	3	6	4	6.5
70	5	5.5	3	3	3	5.59
64.5	4.2	3	2	2	2	2.6
53	4.05	5.5	4	5	5	5.9
65	4	7	4	5	5	7.68
67.5	4.5	15	4	4	4	4.6
42	4.5	2	4	3	3	7.9
45	4	2.5	5	6	4	5.5
60	5	3	5	9	9	10
32	4.2	5	5	3	4	4.4
42	4	2.5	5	3	3	3.4
35	4	3	5	3	4	4.6
35	4	3	4	3	3	4.65
36	4	5	2	2	2	3.9
38	5	5	5	4	4	4.8
64	3.6	5	2	2	2	8.9
95	5	12	3	4	3	5.35
55	4	5	4	4	4	5.8
38	5.1	3	3	3	3	3.3
68	3.8	6	2	3	2	5.95
58	4	5	3	3	3	3.95
240	12	12	2	4	4	8.1
69.4	6.74	4	2	3	2	4.7
67.5	4.5	15	4	4	4	4.9
47.5	3.5	2.5	3	3	3	1.98
60	4.5	4	3	2	2	6
40	4.5	3	2	2	1	4.35
60	4	10	2	3	2	3.35
52.5	4	6	4	6	7	8.6
42	4	6	5	8	8	6
50	4	4	2	2	2	3.49
68	5.6	3	2	2	2	6.2
50	6	4	5	5	5	7.5
32	4	8	3	4	3	2.48
102	7	6	2	2	1	7.5
45	6	7	5	3	3	9.3
70	3.3	4	5	5	4	6.85
62.5	5	13	5	4	4	7.4
75	4.5	3	4	4	3	9.5
35	3.8	3	4	3	4	6
40	3.5	2	4	4	3	5
65	4.5	3	4	4	4	9.3
84	4	10	4	5	6	9.2
43	4	4	6	3	4	8.25
53	5	4	1	2	2	3.85
352	15	15	2	4	3	6.3
38.4	3.2	6	3	4	3	3.6
78	6	13	5	4	4	9.2
40	3.8	2.5	5	3	4	5.75
50	4	5	2	2	2	4
75	5	12	3	3	3	8.2
111	11	67	5	5	4	8.6
92.5	5	20	3	4	3	9.25
32	4	2	5	3	4	5.45
114	1	13	5	5	6	9.76
42	4.2	2.7	5	4	4	5.8
33	4	2.5	5	4	4	5.2
80	5	13	2	2	2	1.8
45	4	2.5	5	6	4	8
64	4	8	4	5	5	5
75	5	20	3	3	3	6.7
40	4	3	2	2	2	2.55
55	4	2.5	4	6	4	9.4
61.5	4.1	4	2	4	3	6.7
40	5.5	2	6	3	5	8.8
49.5	4.5	4	2	3	2	3.6
38	3.5	2.5	5	4	4	6.25
50.2	4.8	5	4	4	4	4.5
30	3.8	4	1	2	1	1.95
31	6	5	5	4	4	6.9
70	5	51	5	6	6	9.9
35	3.5	4	3	4	2	5.9
32	3.2	4.5	5	3	4	5.5
75	7.6	12	3	4	3	8.8
52	4	30	5	5	5	6.7
44	3.8	2.7	4	4	3	7.4
100	6	5	4	5	6	8.1
54	4.2	5	3	3	4	7.5
50	4	4	4	4	3	7.9
35	7	2	5	4	4	4.55
36	4	3	6	3	5	7.4
92	6.9	11	3	4	4	7.8
37	4	12	4	3	2	5.6
85	5.5	5	1	5	5	5
51	4.1	2.5	3	3	2	2.27
44	4.7	4	2	2	2	4.9
131.1	4.5	5	4	4	5	4.45
56	7	8	3	3	3	8.4
84	4	8	1	2	1	9
39	4	4	5	3	3	3.5
60	5	3	4	5	4	9.75
75	4.5	8	1	3	1	6.5
79.2	9	5	2	2	2	2.6
125	5	10	3	4	4	5.5
62	4.5	10	2	2	2	3.8
77	4	8	4	4	4	6.5
56.7	4	4	4	5	5	5.85
34	4.6	4	4	7	3	7.5
72.4	4.1	12	2	4	3	8.9
26	3	3	4	3	4	4.6
67	4.23	12	3	3	3	7.45
90	4	8	3	4	5	9.2
27	3	3	2	2	2	4.15
32	4	2	3	2	3	4.75
107	6.4	5	3	6	3	7.8
50	4.5	4.5	2	3	2	2.6
42	3.6	8	5	6	3	8.1
35	4	3	5	3	4	5.5
120	6	6	1	3	2	9.5
41	4	6	5	3	4	10
60	4	3.5	2	4	3	5.58
80	4	10	2	2	2	9.9
240	10	10	2	3	3	7.8
75	5	5.5	2	3	3	6.8
50	4	4	4	5	5	8.7
151	7.5	12	2	2	3	5.2
90	5	7.5	2	3	2	4.1
52	4.6	5	4	6	4	8.6
36	4	3	5	3	5	7.4
31.4	3.1	5	3	3	2	2.1
48	3.5	3	5	6	5	8.95
37	4	12	4	3	3	5.6
55	4.2	5	2	2	2	5.6
38	4	3	6	3	5	8.08
42	5	3	5	3	4	7.5
36	4	4	5	3	3	3.8
240	15	10	2	2	3	7.8
56	4	13	2	2	2	5.49
61	4	3	4	4	4	7.6
58	4	4	4	3	4	6.8
323	14	20	1	3	4	10
80	51	3	2	3	2	4.58
100	5	5	2	3	3	5.5
21	5	8	2	2	2	3.8
87	4.3	7	4	5	5	9.5
36	4	3	4	3	4	4.8
69	5.6	2	2	3	2	2.3
34	4	5	5	3	4	6
43	4.68	3	6	3	4	7.94
86	5	6	2	3	2	4.8
53	8	12	2	4	4	7.2
38.1	4	4	1	2	1	3.6
96	6	5	4	8	6	8
42	6	3	4	4	3	5.4
50	6	4	5	9	9	7.2
50	4	12	4	5	3	5.8
105	7	15	4	5	6	6.18
117	6.5	12	4	4	5	6.9
61.6	4	12	3	4	4	3.6
55	4	7.5	3	3	2	6.9
30	5	6	5	3	3	4
30	4.2	6	5	3	3	5.5
40	3	6	2	3	2	4.68
105	45	7	2	3	3	7.1
116	5	8	2	3	2	3.2
58.5	4.5	5	2	2	2	3.7
60	5	7	4	4	4	7.8
42	4	6	2	2	2	2.5
150	7.5	7.5	2	4	3	9.8
31	4.6	4	5	3	3	3.95
64	4	12	5	5	4	9.6
68	4.4	4	1	3	2	3.05
65.6	3.55	2.5	1	1	1	2.37
60	4	12	3	2	3	4.88
52	4	12	4	4	5	4.5
56	4	3.5	2	2	2	4.5
100	5	10	4	4	4	6.5
66	4.6	12	4	4	4	4.79
83	4.2	12	4	4	4	6.2
75	5	12	3	3	3	8.2
40	4	6	4	3	3	3.95
34	3.6	2.5	4	3	3	2.7
24	4	5	2	2	3	1.68
91.2	6.5	7	3	4	5	9.2
60	4	10	2	3	2	3.35
54	4.5	2.5	5	3	3	6
75	5	12	3	3	3	8.49
41.3	4.35	5	1	1	1	6.5
42	4	6	4	4	3	10
56	4	4	4	4	5	6.95
70	4	6	3	3	3	6.2
60	6.5	20	1	1	1	4.5
38	3.7	4	5	4	4	7.5
90	4.5	12	5	4	5	8.6
120	8	18	3	4	4	8.68
24	3	3	1	2	2	2.75
60	4	15	4	4	5	7.5
52	4	7	4	4	6	8.68
103.2	5.25	3	3	6	5	5.3
90	4.5	12	4	4	5	6.5
59	10	3	2	3	3	5.15
150	7.5	6	2	3	2	5.1
32	3.8	2	5	3	4	3.82
95	5	5	3	4	4	4.19
60	4	13	3	4	4	3.2
100	6	6	2	6	4	7.5
67	3.8	4	4	4	4	7.5
70	6	5	3	5	3	3.5
50	6	4	6	4	5	9.8
47	5.05	3	6	4	4	9.5
35	3.9	4.5	5	4	4	7.5
56	5	4	5	6	6	9.3
42	4.3	4	3	3	3	6.4
35	4	3	5	3	4	3.8
50	4	10	4	4	5	8.15
45	6	4	5	3	4	4.9
60.3	4.2	5	4	4	5	8.5
160	8	13	1	3	3	5.9
42	4	6	6	4	4	8.5
77.2	6.9	5.9	2	4	4	6
40	4.5	5	5	4	4	6.3
60	5	5	2	3	4	4.4
82	6.5	5.5	3	3	3	6.8
106	6	5	1	3	2	3.75
81.2	5	5	2	3	2	3.25
95	5	4	2	4	4	3.28
125	5	5	1	3	2	2.95
35	4	3.5	6	9	9	6.9
70	5	4	3	4	3	4.5
60	5	13	3	4	3	4.5
73	5	6	2	3	2	2.95
79.4	5	5	1	3	2	2.95
150	5	8	2	3	2	4.1
35	3.5	3	5	6	6	6
90	4	5	1	3	2	2.28
105	5	5	1	3	2	3.7
130	8	8	3	4	5	8.05
75	5	6	2	4	3	3.35
38	3.8	3	1	2	1	2.69
45	4	3	5	9	9	7.5
64	4	7	3	3	3	4.85
90.8	6	16	4	5	6	8.5
39	7.2	2.3	4	5	3	4.5
100	5	16	4	4	5	6.99
70	3.7	3	4	4	3	10
46	3.1	2	6	6	5	9.85
52	5	12	2	3	3	7.9
33	3.1	2	3	3	3	4.5
107.1	6.3	16	3	3	4	3.75
135	4.8	22	5	6	5	9.7
46	4.2	3	6	6	5	8.2
37	4	3	5	4	4	6.1
40	4	5	3	3	3	4.7
22	2.89	2.5	2	2	2	3.8
30	5	15	5	4	4	6.75
98	5	5	1	4	2	3.29
50	8	4	5	3	4	4.5
47.5	4	4	2	3	2	5.1
58	4	10	2	2	2	6.25
177.3	10	11.5	3	4	5	10
21	4	3	4	3	3	4.85
67.5	4.5	3.75	2	3	2	9.5
35	3.6	3	3	3	3	2.4
79	5	11.5	4	4	5	4.95
89	4	6	2	3	3	6.8
131	6	8	2	3	3	9.5
74	5	10	4	4	5	9.9
85	45	5	5	8	8	8
40	4.2	8	5	3	3	8.2
52	4	13	5	6	4	6.1
36	4	5	2	2	2	4.35
38	4	3	6	3	5	8.08
45	6.9	6	6	3	3	9.85
70	5.09	5	3	4	3	5.8
50	5	5	5	4	5	7.1
45	4.5	3	4	4	3	3.65
54	4	12	2	4	2	6.35
45	4.5	3	2	2	1	2.4
75	5	6	3	3	4	5.6
60	4	5	4	4	5	6.5
90	5	5.5	2	3	2	3.5
40.5	3	4	4	7	4	9.6
45	4	3	5	5	5	6.9
35	3.5	3	5	4	4	5.9
440	3.6	3	4	4	4	8.95
68.3	5	5	2	3	2	5.2
40	3.5	14	3	3	3	8.8
60	4	5	3	4	3	6.7
75	8	8	4	3	4	8
32	4.3	4	2	2	2	5.2
108.8	5.5	13	3	4	5	8.9
68	4	8	6	5	6	6.45
85.3	5	10	3	3	2	4.89
75	5	12	3	3	3	7.2
70	4.9	5	2	2	2	5.4
40	7	5	4	4	3	3.6
88	8	8	3	4	5	7.6
40	3	1.5	1	2	1	2.35
108	6	6	3	4	4	9.7
40	4	5	2	2	2	3.6
33	4	3	4	3	3	2.45
45	4	3.5	3	3	3	2.46
59	5	4	3	3	3	2.15
31	4	2.5	5	3	4	4.1
67.5	4	10	2	2	3	7.5
40	4	4	2	3	2	3.75
72	4.2	5	3	3	3	3.15
48	4	5	3	3	3	2.7
40	4.5	3	5	4	3	7
35	3.5	3.5	3	3	3	1.93
35.3	4	3.5	3	3	3	2.39
52	4	3	4	4	3	2.7
34	3.5	3	3	3	3	1.85
42	5	3	5	3	4	7.48
40	3.8	3	3	3	3	2.28
32	5	6	3	3	3	2.55
80	5	5	2	2	2	2
35	4	3.5	3	3	3	2.4
250	12	12	1	2	2	7.5
46	5.25	3	5	3	4	7.9
30	4	6	5	3	3	3.1
30	3.3	2	5	3	4	5
32	4	4	1	2	2	3.48
30	4	3	5	4	4	4.9
32.6	4	3	4	4	3	2.7
40	5	4	5	4	3	3.65
33	5	4	5	3	4	2.85
200	10	13	2	4	3	6.2
32	3.5	3	5	3	4	2.75
33	4.35	4	3	3	3	2.2
100	36	36	3	4	2	4.5
30	4.1	7	5	3	4	3.1
94	6	7	2	2	1	5.5
53	4	6	3	4	3	8.9
46	3.6	3.5	1	2	1	2.45
217.6	10	5	3	5	3	7.5
180	9	13	3	4	4	9
63	4	4	2	2	2	1.45
95	5	12	4	5	5	7.5
74	8	8	3	3	4	6.3
24	4	3	3	3	2	2.1
100	5.3	13	2	3	2	4.8
30	5	4	3	4	3	2.48
300	10	8	1	2	2	3.35
65	4.2	7	3	4	5	6.85
64	4	8	3	4	4	7.5
64	5	5	3	3	4	7.8
84	6	10	4	5	4	9.9
400	40	30	3	4	4	6.3
45	4	2.5	4	3	3	6.7
59.6	4	5	1	2	1	5.5
400	14	16	3	3	4	6.3
28.1	29	15	3	3	3	9.5
64	4	5	3	3	4	7.8
40	8	7	5	4	4	7.8
45	4	6	4	4	4	6.8
30	4	4	5	3	4	4.5
48	4	10	2	3	2	3.99
35	3.5	3	5	6	5	6.8
39	7	3	3	3	3	7.8
50	4	6	5	3	4	8.7
60	7	7	4	5	5	5.5
136	6.86	6	1	2	1	4.5
165	5	14	3	4	4	8
108	6	10	3	4	4	7.5
54	4.4	6	3	3	3	8.3
90	4.5	6	1	2	2	5.49
42	3.8	2.5	5	3	4	4.7
100	5	6	2	3	3	5.5
40	3.5	3	5	3	4	5.95
48	5	4	6	5	5	9.7
35	3.8	5	5	4	4	6.2
45	10	5	5	4	5	5.2
78	4.5	10	6	6	6	10
40	5	7	1	2	1	6
73.5	5.1	3	2	3	2	4.08
75	7.5	5	4	4	3	4.8
38	3.2	6	3	4	3	2.25
45	3.5	11	6	4	5	3.7
45	5	6	5	3	4	10
53	4.1	3	3	3	3	5.05
43.2	5	3	6	4	5	5.9
50	3.88	3	6	3	4	4.95
35	4	6	5	3	4	5.8
22	3	3	3	2	2	2.85
42	4.1	3.5	5	5	4	5.1
41	6	5	2	2	2	4.75
78	4	5	3	3	4	3.7
36	4	6	5	4	4	5.8
54	4.5	9	3	3	2	8.9
75	55	4	1	2	1	8.9
56.7	5	4	2	2	2	4.9
80	4	6	4	5	5	10
34	4.2	4	5	3	4	4.75
88.3	8	20	1	2	1	4.22
80	5	7	2	3	2	3.65
92	5	7.5	3	3	4	6.95
92.4	4.2	6	5	5	6	8.79
90	5	8	4	4	5	5.5
85	4.2	5	4	4	5	7.79
82	4	6	4	5	5	7.5
107.5	5	15	2	3	2	6.55
100	5	5.5	2	3	2	3.8
100	5	7.5	3	3	3	5.9
35	3.5	3.5	4	4	3	3.7
61.6	4	13	3	4	4	3.6
48	4.2	6	5	4	5	8.6
35	4.5	4	5	3	4	4.4
65	4.3	5	4	4	4	8.8
80	4	2	4	6	4	7
45	34	5	4	3	3	7.5
35	7	2.7	5	4	4	5.65
41	3.5	5	5	4	4	5.85
39	5.4	3	6	6	5	7.98
110	5	15	3	4	4	5.5
33	5	2.5	5	3	4	3.5
50	4.6	6	4	5	6	6.8
31	4.1	2	5	6	4	4.1
92.7	4	6	4	7	7	9.7
125	5	15	3	4	3	6.2
61.8	4	2.5	4	4	4	10
60	4	30	4	4	4	6
49.5	4.1	10	4	4	3	3.2
67	6	3	2	2	2	2.85
50	4.2	10	4	3	3	3
110	5	15	3	4	3	5.6
48.8	4	2.5	2	2	2	4.75
154	7	15	3	5	5	7.39
65	5	4	3	4	4	4.4
80	4	5	4	4	5	8.9
62	4	6	2	3	3	7.49
60	6	8	2	3	2	3.1
63	4	3	4	6	6	5.89
48	3.3	6	4	4	5	8.5
51	3.5	5	4	4	5	8.5
73.5	3.5	6	3	4	5	8.5
44	6	4.5	5	4	3	10
30	4.15	4	5	3	4	2.45
25	4	4	2	2	2	3.5
75	5	12	3	3	3	3.84
59	5.6	6	5	5	5	8.9
92.2	6	3	1	2	1	3.3
70	4.5	4	3	4	3	6.8
76	4	8	4	6	6	8.6
43	3.5	15	2	2	2	3.9
45	3.4	5	4	3	3	7.5
48	4	4	2	3	3	4.8
44	3.6	3	5	6	7	5.1
52	3.3	4	4	5	3	7.8
54	4	5	4	4	5	6.2
75	4	6	4	6	6	9.3
104	5.5	50	5	3	3	5.5
78.8	4.5	5.5	3	4	4	6.8
31	4	2.5	5	4	4	4.55
58	5.8	4	5	7	7	8.9
200	10	10	3	3	2	3.1
72.5	5	13	4	4	5	5.58
55.9	4.3	8	5	4	5	7.4
43	4	4	4	4	3	3.45
60	4	6	2	2	2	5.7
60	4	5	2	3	3	5.8
52	4.5	3	2	2	2	5.06
50	72	3	4	7	8	7.9
85	5	13	4	4	5	6.8
75	4	4	3	4	5	6.8
80	4	4	2	2	2	5.2
57	5.5	6	4	4	4	5.5
35	42	6	5	3	4	6.2
72	4	5	1	2	2	1.3
103	4.1	10	3	4	5	5.4
54	4.5	6	3	3	2	4.2
56	4	2	3	3	2	3.6
61	4	6	3	3	3	6
100	3.8	13	1	3	1	4.75
108	4.5	6	3	3	3	5.99
75	12	18	2	2	3	1.5
45.5	5.3	2.4	6	6	4	7.99
72	4	4.5	1	1	1	4.6
73	5	2	5	6	6	5.5
80	4	8	3	4	4	9
54	3.7	2.5	2	2	2	5.65
94.6	4.3	5.5	3	3	4	5.8
79	4.5	8	4	5	3	9.9
90	5	6	3	3	2	1.49
110	5	15	3	4	4	5.55
303	11.4	4	2	3	2	7.5
210	7	12	1	3	3	6.8
65	4	5	2	3	2	1.32
35	3.6	3.5	4	4	4	4.05
93.7	4	6	3	3	3	7.7
68	4	3	1	2	1	4.3
44	4.5	10	4	4	3	8.5
50	4.11	5.5	2	2	2	1.37
58	4	4	3	4	3	5.4
31	5	5	5	3	3	5
35	4	9	6	3	4	4.9
34	4	3	5	3	3	5.6
40	3.55	15	2	2	1	3.3
34	4	5	6	5	6	7.55
133.5	10	14	1	1	1	7.8
44	4	3	5	9	9	7.8
80	4	6	2	4	2	10
50	4	4.5	3	3	2	5
50	4.5	4	2	3	2	4
30	4	7	2	1	1	5.4
81	5.5	5.5	2	3	3	3.6
35	3.5	4	3	3	3	2.48
41	3.7	4	2	1	2	5.2
80	6	6	2	2	2	7
74	4.5	6	2	3	2	6.9
35	6	5	5	3	4	4.9
56	6	7	4	4	5	8.95
95	5.5	5	1	4	2	5.4
30	3.55	2.5	5	3	4	3.9
85	4	10	3	3	3	7.9
72.2	6	6	2	2	2	6.9
50	5	7	4	4	3	9
94	5	4	4	4	4	9
105	5	4	2	3	1	1.95
55	4	7	3	3	3	6.2
95	5	6	2	4	2	5.6
115	5	6	2	4	2	2.9
88	5.5	21.5	5	4	4	6.6
84	4	6	3	4	4	9.2
47.3	43	30	3	3	2	6.4
50.1	4.2	22	3	3	4	4.6
36	4.8	25	6	3	4	7.5
91.2	4.8	8	4	4	5	10
35	3.6	3	4	5	4	4.05
82	6.3	5.5	3	3	3	5.6
108.8	6.4	12	3	3	4	4.2
56	4	5	4	4	5	5.89
100	5	7.5	1	2	1	3.15
68	4	7	4	4	5	6.3
40	3.5	6	5	4	4	5.85
60	4	5	3	4	4	7.5
156.5	8.8	7.5	2	4	3	8.5
60	5	5	4	4	4	6.3
63	5	7	2	2	2	2.6
39	4	3.8	5	3	4	4.95
105	45	7	2	4	3	7.1
206	10	12	1	3	2	3.8
89	5	34	4	4	4	6.65
30	4	3	5	3	4	4.4
44	4.2	5	4	5	4	8
115	5	6	2	3	2	2.5
72.4	4	6	4	4	5	6.49
106	7.5	6	2	4	4	7.7
67	4.35	3	1	2	1	3.5
77	4.5	5	2	4	2	5.6
38	3.9	6	5	3	4	4.6
94.6	4.3	5.5	3	4	4	6
100	30	30	4	4	5	4.5
100	5	7.5	3	4	3	5.4
35	4.1	9	5	3	4	4
118	5	5.5	3	4	3	6.2
30	3.2	5	5	3	4	5.5
60	4	6	3	4	3	7.5
72	4	8	5	6	6	5.7
73.5	5.9	5	3	3	4	6.4
21	3.6	3	5	3	2	3.9
100	5	5	2	3	2	5.95
32.5	6.5	16	5	4	5	9.9
52	4	6	3	4	3	5
91.2	6.5	8	4	4	5	9.2
100	5	6	1	5	5	5.3
70	5	12	2	4	4	2.1
88	4	10	4	3	4	8.6
48	4	5	4	4	4	5.48
74	4	33	2	2	2	7.95
100	5	7.5	3	3	3	9.99
156	7	6	3	7	5	6.9
40	4	6	4	4	4	4.3
40	3.5	4	7	3	5	9.2
58	3.6	3.5	4	4	3	7.5
153	6	4	3	4	3	8.1
65	4	3	6	8	9	10
44	3.4	3	5	6	5	8.95
80	4	12	1	2	2	5.65
150	6	3	1	2	1	1.48
100	12	12	3	3	3	3.6
118	6	7	2	2	1	6.45
56.7	4	12	4	4	5	7.3
101.5	6	2.5	2	2	2	3.9
54	4	4	2	2	2	5
67	67.2	16	2	2	2	8.5
68	4.23	8	3	3	3	4.3
82	4	7	2	3	3	3.45
55	4	6	4	4	6	7.55
80	5	8	4	5	4	8.6
45	4.5	4	5	4	3	7.9
42	5.5	4	7	4	5	10
57.7	4	7	4	4	5	5.99
35	3.5	3	4	4	3	7.7
40	4	6	6	3	4	6.57
35	3.8	25	4	2	2	7.42
37	3.5	2	5	4	4	4.9
51	3.6	3.3	1	1	1	3.6
150	8	16	2	3	2	2.3
45	3.3	20	2	2	3	5.5
90	5	20	5	6	5	3.8
52	4.5	6	4	3	3	4.3
44	4.3	9	4	4	5	6.8
50	6	6	3	3	3	4.6
68	4	7	5	5	5	5.9
39	3.1	8	2	2	2	6
80	3.5	12	1	2	1	3.1
54	3.4	8	4	6	6	8.5
33	3.5	5	5	4	4	4.38
56	3.5	10	3	2	3	6.2
64	4	5	5	4	4	6.35
46.2	4.9	3	5	5	5	7.5
69	4	8	3	4	5	7.45
30	3	1.5	5	4	3	4.5
45	4.2	5	5	8	9	8.3
66	5.1	5	2	3	3	6.8
37	3.5	3	4	4	4	2.75
56	4	12	4	4	3	7.6
66	4.4	4	1	3	1	3.05
74.6	5	3	2	4	4	1.28
45	6.9	10	5	8	9	4.8
31	4.6	7	5	4	4	3.6
72	4	8	2	3	3	6.8
35	5	4	5	3	4	6.75
100	5	15	3	6	4	6.89
159	8.2	7.5	1	2	2	7.5
100	5	5	3	5	6	7.9
49	4.5	3	4	4	3	8.99
57	4	5	5	5	5	6.9
86	4.2	6	3	5	3	3.5
79	4	5	2	3	2	4.55
43	4	5	3	3	2	2.65
54	5	4	5	4	4	5.25
42	5	3	5	6	4	6.7
56	4	6	4	4	5	9.8
155	7.5	8	3	5	3	6.5
80	4	14	2	2	3	8.5
40	7	7	3	4	3	3.8
45	5	3	3	3	3	2.8
98	5	10	2	3	2	9.3
53	5	12	4	4	5	9.4
29	2.8	2.5	2	3	2	2.99
72	4	14	3	3	4	7
100	4	6	3	4	4	6.8
60	4.5	12	4	5	5	8.9
72.09	4	2.5	1	2	1	5.6
48	5.5	3	5	3	4	5.88
70	5	14	4	4	6	10
127	5.5	6	1	3	3	7.2
30	3.7	6	2	1	2	5.6
45	4.1	6	5	3	4	5
27	8	8	2	2	2	3.75
50	3.3	3	2	2	3	5
18	3	3.5	2	1	2	2.55
30	5	6	4	3	3	5.75
28	4	3	5	3	4	4.8
64	4	5	5	5	5	6.5
46	6	50	5	8	5	7
41.1	3.8	3	3	2	3	3.6
37.5	8.3	5	4	3	3	5.99
140	5	4	2	3	2	2.68
90	5.3	6	3	3	3	5.95
100	5	4	1	2	1	1.25
100	5	7	3	4	4	7.7
56	4	20	3	4	5	7.8
75	5	5.5	3	3	2	4.4
39	3.9	3	5	4	3	2.5
104	5.5	5	4	4	5	9.5
39	3.8	3	5	4	3	3.85
60	6	8	2	3	2	3.1
80	5	3.5	4	4	4	7.7
31	3.9	3	2	2	2	3.85
63.2	4	7	2	2	2	3.1
50	4	2.5	5	4	4	7.5
105	5	4.5	2	3	2	3.8
60	4	6	5	6	6	9
30	3.5	5	2	2	1	3.7
55	4.2	5	5	5	4	9.39
120	4	15	5	5	4	5.4
33	4.55	3	6	4	5	9.7
90	4	3	3	3	3	9
40	4	2.5	3	2	3	4.95
55	7	3	5	5	4	8.5
221	12	20	2	7	7	7
30	5	2.5	6	4	5	5.85
46	4.2	4	5	4	4	6
36.8	3	3	2	2	2	3.15
33	3.3	3	5	5	4	7
38	3.7	4	5	6	4	6.69
60	4	3	2	2	2	4.35
100	5	6	1	3	2	1.85
42	4.8	2.5	4	6	6	5.5
38	6.3	2	4	3	3	6.15
35	4	3	5	4	4	6.6
120	6	6	4	6	6	5.8
312	12	10	3	4	2	5.5
44	4.5	3	5	4	4	5.7
100	4	32	3	2	2	5.5
33	4	4	5	3	4	6.6
52	3.5	3	2	2	3	4.5
74	4	6	2	3	2	3.15
60	17	17	2	4	5	3.7
48	6	6	1	3	2	8.5
96	8	22	4	5	3	6.1
56	4	5	1	3	2	1.78
69	4.3	4	1	2	2	7.89
100	5	6	1	3	2	8.69
114	5.2	36	1	2	1	3.5
68	4	7	4	4	5	6.3
60	4.22	4.5	2	4	2	3.65
103.6	4	7	3	3	2	3.9
62.5	4.2	3	3	3	3	1.9
60	6.5	7	4	4	3	6.5
160	8	13	2	4	4	4.53
137	7	13	2	3	2	7
104.4	5	5	1	5	5	5.7
72	4	12	4	4	4	7.1
62.5	5	6	1	2	2	5.2
35	3.5	3	3	3	3	2.28
30.5	3.5	3.5	2	2	2	3.79
31	4.1	2.5	5	3	4	5.26
66.1	4	5	3	4	3	9
82	6.5	7	4	4	6	8.9
160	8	14	3	4	4	6.7
50.2	4.2	6	3	3	4	7.9
55	3.8	2	4	4	3	5.5
75	5	7	5	5	5	8.8
54	4.5	8	3	4	5	8.3
55	4.4	3.5	2	2	2	3.6
95	10	10	3	4	5	8.25
50	4	3	4	3	3	7.1
61	4	6	3	3	3	6.1
40.8	4	5	2	2	3	4.2
33	3	2.5	5	3	3	6.3
100	5	10.5	3	3	3	10
60	4	8	4	4	4	6.5
125	5	5.5	3	5	4	6.8
200	10	8	1	2	2	4.5
76	10	10	3	4	3	3.2
30	7	15	3	2	2	6.3
54	4	5	5	6	4	8.1
40	4.2	2.5	4	4	3	7.4
56.2	4	6	1	2	1	3
30	3.5	2	4	4	2	4.15
35	3.5	2.5	2	1	1	3.55
28	3.3	5	3	3	3	4.04
50	5	7	3	4	5	6.5
75	5	12	3	3	3	3.8
30	3.5	1.8	5	3	4	5.25
100	6	5	2	2	2	10
82	6	6	3	4	6	6.5
67.5	5	15	4	4	5	5.1
73.6	4.6	6	5	5	5	8.4
95	6	10	1	2	2	9.2
90	5.7	12	2	2	2	3.9
52	4	8	5	4	5	5.8
67.5	4	12	2	3	2	2
75	5	13	3	3	4	1.5
28	3.6	2	4	2	3	2.94
76.7	5	16	2	2	3	4.5
54.5	4	5	3	4	3	5.65
63	4.6	5.5	1	2	1	5.5
60	6	7.5	3	3	2	7
38.5	5	5	4	3	3	4.35
46	4.6	5	5	4	5	7.95
200	10	16	3	5	6	5.35
94	4	6	3	3	3	7.7
250	10	9	2	3	3	5.6
99	5	18	4	5	6	7.55
32	5	4	4	3	3	3.35
52	5	3	3	4	2	3.6
103	4.1	5	3	4	4	5.55
60	4	5.5	3	4	4	7.2
55	5	3	5	4	3	8.9
38	3.5	3	4	4	3	8.69
50	4	5	5	4	6	8.9
68	4	4	3	3	3	6.5
94.5	7	5.5	3	3	3	7.5
40	3.8	3	5	4	3	5.6
70	4	6	1	1	1	6.3
45	3	7	2	2	2	4.55
80	4	8	4	5	4	9.5
50	4	5	5	4	5	8.7
54	4	15	4	4	4	7.6
79.1	4	8.5	4	4	4	6.99
68	4	15	3	3	3	9.5
40	4	12	4	4	3	4.48
50	4.8	2	6	6	5	5.3
95	5	7	2	3	2	5.45
28	2.4	3	4	4	3	4.6
100	5	14	3	3	4	3.9
41	3.3	3.5	2	2	2	3.65
70	5	6	4	4	4	6.8
64	5.5	4	2	3	3	7.8
34	4	3	3	3	3	2.25
82	4	6	4	5	5	7.49
63	12	36	3	2	3	1.95
50	4.3	3	6	4	5	9.2
30	3.5	2.5	5	3	4	4.9
40	3.4	2.6	5	5	4	6.5
60	4	8	5	5	6	6.1
40	4	2	4	4	3	4.1
39	3.5	2.2	4	4	3	4.1
40	5.5	4.5	5	4	4	4.85
64	4	8	5	5	6	6.3
66	4.1	8	5	5	6	5.6
80	5	9	3	4	5	2.5
40	4.1	3.5	4	3	4	5.1
45	4	2.2	4	4	3	5.3
54	4	4.5	4	4	3	8.9
45	3.6	2.5	5	4	4	7.8
39	4	2.6	4	3	3	7.5
47	5.2	2.2	4	4	3	4.98
42	3.5	2.5	4	4	3	7.5
53	4.9	2.2	4	4	3	4.8
66	5.2	4	2	4	2	7.99
47	4.5	2.5	4	4	3	5.9
31	3.5	2	2	2	1	2.05
36	3.2	2.2	5	4	4	4.8
42	3.25	3.5	4	5	3	6.3
51	3.4	2.5	3	3	3	5.5
42	3.3	3	4	4	3	6.8
160	8	16	1	3	3	4.53
66	5.5	4	2	3	3	7.8
32	3.2	3.2	4	4	3	6.15
450	8	20	2	4	3	6.4
100	5	7	3	4	5	7.5
117	8	13	3	3	4	7.5
60	4	8	5	5	6	6.3
43	4.2	2	5	4	4	6
28	10.5	20	4	3	3	6.75
35	3.6	2	5	4	4	6.5
35	3.7	2.5	5	3	4	6.5
85	5	20.5	5	3	4	8.6
36	4	4	5	3	4	3.8
33	3.3	8	5	4	4	8.2
36	3.8	4	5	3	4	3.8
42	3.3	3	4	4	3	6.8
36	4	4	5	3	4	3.9
32	3.6	3.2	5	3	4	5.8
52	3.35	5	1	1	1	6.3
36	3.8	4	5	3	4	3.8
30	3	2	5	4	4	4.5
84	4	10	2	2	2	9.3
36	4.3	7	5	3	4	8
172	12	20	2	2	2	4.45
100	5	6	3	4	4	9.5
64	4	5	2	2	2	4.5
77.9	6	4	2	2	2	2
40	3.9	3	5	5	4	5.98
96	8	22	4	5	3	4.7
63	4.5	8	4	5	5	6.95
42	5	4	4	3	3	6.4
45	5	7	5	8	5	4.8
42	4	8	5	4	3	6
51	4	5	5	6	7	6.6
60	5.6	3	3	5	5	4.8
34	3.6	2.5	5	3	4	3.4
66	4.3	6	4	4	4	8.4
45	4	7	4	4	5	9.3
36	4	4	5	3	3	3.79
60	6	9	3	3	3	2.2
63	4.5	20	5	6	5	6
32	4	3	5	3	4	7
35	4.2	5	5	4	4	7.5
80	4	8	3	3	3	9
58	4	3	2	3	2	4.1
60	5	5	5	6	7	7.6
56	4	8	2	2	2	6.1
73	4	8	3	3	4	6.3
38	3.5	3	4	4	3	5.98
200	20	20	2	3	3	3.95
35	4	3	5	4	4	5.3
60	5	2.2	3	4	2	8.5
42	5	4	6	4	4	5.5
30	3.4	3	4	4	3	5.8
100	5	16	3	3	3	3.26
60	4	8	5	5	6	6
35	5	2	5	3	4	3.5
66	3.4	25	4	8	8	6.6
176	5	13	1	3	2	7
35	3.5	3	4	4	3	5.35
99	5.5	12	3	4	4	5.3
200	30	20	1	5	3	4.2
34	3.3	3	4	3	3	5.35
22	3.5	4	4	2	3	4.2
36	4	3	4	4	3	4.85
52	4	12	2	3	2	3.6
36	4	3	6	4	4	8.3
95	6	6	3	3	2	6
60	5	16	3	3	2	2.5
120	4	20	1	3	3	6.5
44	4	4	1	2	1	1.4
72	4.5	5	2	2	2	5
91.3	6	6	2	2	2	9
56	4	6	3	4	5	8.9
79.7	4.5	5.5	2	2	2	7.5
40	4	2.5	5	6	5	6.25
30	3	3	2	2	2	2.4
138	5	5.5	2	4	4	4.69
61	4	8	4	5	5	6.5
32	4.2	2.2	5	3	4	6.4
40	4.5	2	1	1	1	2.5
45	4.4	2	5	3	4	7.5
87.5	5	12	3	4	5	8.1
68	4	8	2	2	3	8.7
40	3.8	2	4	3	4	6.5
100	5	15	1	3	3	9.2
62	4	7	4	4	5	7.35
50	4.2	7	4	4	3	7.5
30	4	3	5	3	4	3.9
95	5.3	5	3	4	4	9.6
60	4	6	5	4	3	8.55
83	5	20	3	4	5	8.8
45	4	25	5	9	5	8.5
160	8	19	3	4	4	7.25
97	5	4	3	3	3	3.49
105	7	6	4	4	5	7.3
60	4	7	2	3	2	2.75
58	4.1	2	3	3	3	4.87
71	5	10	2	2	2	7.9
54.5	4	5	3	4	3	5.9
76	4	20	4	6	6	10
40	3.8	2.8	5	6	4	7.45
28	4	4	4	4	4	2.15
63.4	4	12	3	4	3	7.8
42	5.6	3	5	3	4	8.5
41.5	4	2	5	4	3	6.75
64	4	6	4	4	5	9
46	4	3.5	5	6	4	7.85
60	4	8	2	2	2	6.85
38	4.3	3.5	6	4	5	6.8
50	6.8	6	2	4	4	7.65
35	5	3	6	3	4	7.5
35	3	3	4	4	3	5.95
30	3	50	4	3	4	8.8
34	3.5	3	5	3	4	5.5
42	6	2.5	4	4	4	5.6
44	4.8	2.8	5	5	4	7.4
31	3.6	2.5	5	4	3	5.65
38	3.5	3	4	4	4	5.35
57.8	4	12	2	4	4	5.5
80	4	6	2	3	3	5.6
32	5	3	5	4	4	7.6
110	4	2.5	3	4	4	8.2
38	3.2	2.5	4	3	3	4.25
51	3	6	2	3	2	5.5
80	5	4	3	4	4	6.5
38	5.6	2	5	3	4	6.25
36	3.7	4	5	3	4	6.9
36	3.7	4	5	3	4	5.6
49	6.6	2.5	1	1	1	4.98
55.9	3.5	4	2	3	2	4.8
40	4	5	2	2	2	3.2
57	4.6	3	1	2	2	4.7
44	4	5	2	2	2	3.3
75	5	4	2	3	2	2.7
42	4.6	4	4	4	2	6.85
56	4	5	2	2	2	4.4
60	4	3	2	4	3	5.58
50	3	3.5	4	4	4	6.8
60	4.5	10	3	4	3	2
68	5	7	3	3	3	2.55
54.6	3.9	3.5	3	4	3	5.58
56	4	5	5	5	5	9.5
102	6	6	2	3	3	3.2
96	6	6	2	3	3	1.9
101	8	8	3	7	4	9.9
36	4	3	5	4	4	4.95
60	4	8	3	4	3	8.5
72.4	4.1	12	2	4	3	8.9
27	3	5	3	3	3	3.5
52.5	3.5	5	3	4	3	6.8
31	4	4	4	4	4	5.3
42.4	4.87	4	1	1	1	4.8
61	4	6	3	3	3	6.7
50	3.5	4	2	2	2	3.45
34	3.8	3	5	3	4	8.5
32	3.8	3	5	3	4	5.5
167.5	6.1	7	2	3	3	9.8
100	5	9	2	2	2	5.5
43	4.5	4	5	6	5	5.52
55	6.5	4	7	9	9	9.1
36	6	5	4	4	3	5.85
70	5	28	4	3	4	7
44.6	4	2	1	2	2	1.7
33	3	2.5	5	3	3	6.2
130	4.5	20	1	2	2	3.9
42	4	15	3	3	3	7.3
100	12	6	4	4	6	7.5
36	4	3	2	2	2	3.6
98	7	10	3	3	4	5.2
50	5	4	3	3	3	6.2
40	4.3	3	5	6	6	6.5
33	5.5	2	5	3	4	4.35
55	4	6	4	4	4	9
120	6	6	2	2	1	1.37
48	4	4	2	4	3	2.48
32	3.2	3	2	2	2	3.4
45	5	5	5	6	5	6.7
40	4.5	5	5	4	5	6.8
72	4	8	3	4	5	6.3
25	7	4	6	3	3	5.2
40	5	8	3	3	3	2.7
90	4.5	10	4	5	4	8.65
46	4	4.5	3	2	2	4.1
68	4	17	3	4	3	8.5
66	4	17	3	4	3	9.8
55	6	6	3	2	2	7
51.7	6	2.5	2	4	2	2.35
50	4	4	5	3	4	8
34	3	3	4	5	4	5.99
30	3.5	5	6	5	5	6.1
56	5	35	5	5	5	8.9
30	3.7	5	4	3	3	4.5
33	3	5	2	2	2	2.95
30	4	2.5	5	3	4	5.25
120	6	13	2	3	3	3.55
30	4	6	5	3	4	5.65
200	10	14	3	5	4	9.5
42	7	6	5	3	3	6.58
50	4	2.5	3	3	3	2.7
45	3.55	5	5	4	3	6.6
85	5	12	4	4	5	7.5
34	4	3	5	3	4	6.6
33	33	5	5	6	4	6.9
42	4	5	2	2	4	9
35	3.5	3	5	4	3	5.5
75	5	11	4	3	3	5.5
469	20	5	1	2	1	2.5
36	3.5	2.5	6	6	4	6.9
56	8	3	1	2	2	1.95
73	3	20	4	4	4	8.5
40	4.2	5	5	4	3	6.3
63	5	6	3	3	3	2.8
75	5	22	3	4	4	2.25
100	11	14	2	8	4	1.65
30	4	4	3	3	2	5.73
200	6.7	4	1	9	9	5.9
240	10	4	1	8	8	4.95
24	4	5	2	2	1	2.8
80	5	17	5	6	5	9.7
50	4	8	4	6	6	3.5
73	4.5	5.5	4	4	5	5.15
107.5	5	15	3	3	3	7.6
85	5	5.5	4	4	6	5.75
41.25	3.3	4	3	3	3	4.35
50	3.5	3	6	4	4	6.5
72	4.2	10	4	4	4	6.5
41	3	2.5	2	2	2	2.4
83	4	6	2	3	3	7
120	6	8	1	7	7	8.45
54.5	4	5	3	3	3	5.65
80.1	5.3	5	2	4	4	4.85
51.9	5.2	6	3	4	5	6.5
91	6	6	2	3	2	9
80	5	6	2	3	2	2.55
46	4.1	6	4	4	5	6.9
34	3.3	3.5	5	3	5	5.5
27	3.2	3	4	3	2	4.5
51	4	12	3	4	5	7.2
61	4.5	7	2	3	2	3.2
52	8	15	3	4	4	5.6
66.3	6	15	2	3	3	6.15
300	10	19	2	3	4	3.5
110	4	15	5	5	4	5.6
50	8.5	3	4	4	5	9.3
78	4	7	4	4	3	5.25
72	6	15	2	3	3	3.8
56	3.5	20	2	3	3	5.5
37	3.4	50	4	3	3	3.8
48	4	4	3	4	4	3.65
48	3.5	3	4	4	4	3.75
31	3.5	2	2	2	1	2.05
45	4	4	4	4	3	3.98
35	4	2	4	3	4	4.7
68	4	5	4	5	6	7.9
45	3.5	3	4	4	3	4.45
45	6.5	2.5	5	6	4	7.9
17	2.5	3.5	3	2	3	2.95
76	4	8	4	4	5	8.05
55	4.6	6	4	5	4	7.2
60	4	8	4	4	5	7.45
58.8	4.2	8	4	5	4	7.45
70	5.5	10	4	5	5	9.7
60	9	9	4	4	5	8.5
70	10	10	4	4	5	8.95
35	3.5	10	1	2	2	6.4
55	5	6	4	4	5	7.27
100	5.1	8	4	5	5	9.5
58.8	4.1	5	3	4	4	2.25
35	4	5	6	3	4	6.8
105.6	4.8	6	2	4	3	1.1
96	8	22	4	5	3	5
100	5	5.5	3	3	3	4.4
85	5	5.5	3	3	3	6.45
60	5.5	7	2	2	2	6.99
72	4	5	3	3	3	4.35
56	4	5	2	2	2	5.39
108	7	3	1	2	2	5.5
35.5	3	3	2	2	2	2.09
37	3	2	4	3	3	3.9
40	7	3	4	3	4	8.8
50	4.9	6	3	3	4	6.6
50	4.5	5	5	5	4	9.6
60	5	4	3	4	4	8.4
52.8	3.5	3.5	2	3	3	3.79
63	5	13	5	6	5	7.05
75	5	20	3	4	4	8.7
50	9.7	8	4	4	3	8
75	5	16	3	4	4	9
45	5.5	2	5	4	4	6.2
35	4	3	3	3	2	4.3
35	5.35	4	4	3	3	8.5
30	5	7	2	3	2	4.15
30	3.5	3	5	3	4	6.2
51	3.6	3	4	4	3	4.8
31	3.2	8	2	2	2	2.95
36	4	12	2	2	1	2.5
36	48	35	6	3	5	7.25
123	15	10.44	1	4	6	8.67
30	6	6	5	4	4	6.5
52	4	8	4	4	4	3.95
55.4	4.4	4	2	2	2	3.6
79.5	4.75	4	2	3	4	6.5
64	4	14	3	3	2	5.05
50	5	3.5	3	3	3	6.48
60	3.6	2.5	3	3	3	7.6
22	3.8	10	5	3	3	7
120	6	5	2	3	4	9.78
47	4.1	3	1	1	1	4
18.2	4	5	5	3	4	4.5
60	4	5	3	3	3	5
60	5	3	5	4	4	6.8
50	4.2	10	4	4	3	3
50	4	11	4	4	3	5.1
51.1	4	3	2	3	2	5.69
44	4	5	4	3	4	6.3
50	4	11	4	4	3	4.7
48	4.2	10	4	4	3	3
64	5.55	4	2	3	3	7.75
58	3.2	16	6	4	5	7
65	4.5	6	3	4	4	6.5
125	7	7	2	3	2	2.25
35	4	4	3	3	3	2.57
92	6.8	11	3	4	4	7.8
76	4	5	4	4	4	7.42
31	4.8	3	5	3	4	4
85.5	5	7.5	3	3	3	6.35
45	4.2	5	2	3	2	4.05
40	6	5	4	3	4	8.6
100	5	12	2	3	3	2.8
30	3.4	4	2	2	2	4.3
32	7	7	3	3	3	2.18
40	3	3	2	2	2	3.25
22	3	3	4	3	3	3.2
40	3.2	20	3	3	2	1.75
52	36	2	2	2	2	6.4
40	4	4	4	6	7	6.99
68	4	12	2	7	3	6.8
92	5	7	3	3	3	6.95
33	4	5	5	3	4	6.5
80	4	6	6	6	7	8.9
56	4	5	5	8	8	9.2
40	4	4	4	4	4	7.6
38	4.2	5	4	2	2	2.5
35	2.5	3	4	5	3	3.95
40	8.5	3	4	5	4	6.25
200	10	8	1	4	4	8
75	5	3	2	5	5	6.59
32	3.1	2.5	5	3	4	5
26	3.5	3.5	3	3	3	4.05
42	4	3	4	6	5	5.35
50	5	6	4	5	4	5.65
60.8	4.5	4.5	3	3	4	5.2
166	5	32	3	3	4	3.45
52.8	14	16	4	4	5	6.6
35	3.5	2	4	3	3	5.35
40	4	8	4	3	5	7.65
46	5	2.5	2	3	2	5.75
93	4	6	3	4	4	7.7
43	4	4	3	4	4	6.89
100	5	7.5	2	4	2	4.99
16	3	3	4	3	4	2.95
132	6	12	3	3	4	8.8
72	4.5	5.5	3	5	4	5.5
46	3.1	2	4	4	3	4.75
300	4	3	5	4	3	5.5
33	4.95	3	6	6	6	9.1
33	4.15	2	5	3	4	3.85
52.7	3.74	10.5	1	2	1	4.3
100	4.7	5	2	3	2	5.49
40	4	2.2	4	4	3	4.35
82	4.5	4.5	1	2	1	7.8
90	5	7.5	1	2	2	5.7
44	5	5	4	3	4	7.39
80	8	8	4	5	4	9
45	3.6	5	5	6	4	8.95
50	7	3	3	3	3	4.75
42	4	5	4	4	4	7.5
48	3.6	5	3	3	3	5.5
30	3	3	2	2	2	2.9
53.2	4	4	2	2	3	4.8
70	3.6	6	5	6	8	8.88
45	5	3	5	7	7	6.5
100	5	34	3	6	5	3.5
23	3	3	3	2	2	3.5
48	4	5	4	4	3	5.49
60	4	4.5	2	3	2	5.75
60	4.5	5	5	5	6	7.25
92	5	7.5	3	3	4	6.95
123	8	6	3	3	3	7.5
140	7	27	4	6	6	9.5
100	4	2	1	3	1	4.1
84	4.2	4	4	4	6	8
60	5	6	4	3	4	9.1
104	4.5	4	1	1	1	5.3
40	36	2.5	4	3	4	5.8
60	4	7	3	4	4	7.45
48	3.5	4	2	2	3	5.39
52	4	8	4	3	4	6.1
75	5	5	2	3	4	4.75
77.6	4	10	4	4	4	6.5
66	5.5	5	2	2	2	2.7
72	4	10	2	3	2	3.8
13	3	2	2	2	2	2.5
90	5	5.5	2	3	2	6.8
78	6	5	3	4	4	3.6
70	5	20	5	6	5	10
60	5	8	2	2	2	6.8
75	5	12	4	6	4	7.2
55.5	3.7	5	2	2	2	4.5
60	5	4	5	4	4	9.3
40.8	4.85	8	3	3	3	2.7
80	5	10	4	4	4	7.8
32	4	8	3	3	2	4.85
120	4.5	16	2	3	2	4.7
88.6	5	18	4	5	4	7.8
52	5	3	3	3	3	6.5
80	4	12	3	4	3	5.9
49.6	4	9	4	5	4	7
45	3.6	4.5	3	3	3	3.4
50	6	3	5	4	4	7.1
42.2	4	4	4	3	3	6.4
85	5	8	4	5	6	4.2
135	7	12	2	4	2	2.85
43	43	4	5	4	4	4.1
34	5	3	5	3	4	5.4
43	3.3	2.2	4	4	3	3.4
52	3.5	3	5	7	5	7.59
45	6	5	2	2	2	1.35
75	4.6	4	4	4	4	9.99
70	6	6	2	3	3	6.2
55	3.7	5	3	4	4	9.5
102	5.2	4	1	2	1	3.39
75	4.6	8	2	3	2	6.3
38	5.6	3	2	2	1	5.2
51.5	4.2	4	3	4	5	6.3
74	7	4	1	2	2	2.99
22	3	3	3	2	3	3.35
57.3	4	7	4	4	5	6.5
70	5	13	5	6	4	9
75	5	13	5	6	4	8.5
150	9	3	3	6	4	7.9
63	4.5	13	5	6	4	7
99	6	1.8	1	1	1	9.45
33	4	3	5	3	4	5.65
68.5	4.5	5.5	3	2	2	4.8
40	3	2	2	2	2	5.2
32	4	4	3	4	3	3.6
33	5.2	3	5	3	4	4.4
57	3.85	5	2	2	2	7.4
48	4	5	2	3	2	4.5
70	5	18	5	5	4	10
126	4.4	8	1	3	1	3.2
60	4	6	4	4	6	7.45
68	4	4	3	4	5	6.5
130	5	30	5	6	8	8.5
40	3	4.5	2	2	2	2.85
97	5	7	3	9	9	5.5
48	4	7	5	4	5	6.5
225	12	3	1	3	3	6.5
50	4	4	5	5	5	7.68
35	3.5	10	5	6	7	8.6
60	6	12	3	4	2	5.5
42.3	3.9	3	3	4	3	5.58
37	3.5	25	5	4	4	5.4
60	4.8	3	3	3	3	8.5
110	6	20	1	3	2	2.5
38	4.2	4	6	3	4	6.5
32	5	3	5	3	4	4.2
71.2	5.8	6	3	4	5	10
64	4	5	4	6	3	5
32	4	3	5	3	4	5
35	4	3	5	3	4	4.85
93.7	4	6	3	4	4	7.7
42	4	3	6	3	4	6.4
32	3.5	3	5	3	4	4.2
104	10	5	2	3	2	5.3
40	4	4	6	3	5	7
48	6	4	3	3	3	2.9
55.4	5	3	1	2	2	3.5
292	12	5	2	5	3	5.4
40	6	3	4	3	3	9
98	4.2	5	2	5	3	5.7
40	4	4	5	5	5	6.9
210	15	5	1	2	2	7.9
35	4.1	12	1	1	1	5.88
77	4	16	3	4	4	7.75
32	8	4	4	3	4	6.7
30	6	6	3	4	3	6.6
146	8	20	2	2	2	7.67
100	4	3.2	3	4	3	6.5
75	6	10	3	3	2	6.5
60	4	6	1	3	3	4.5
52	4	5	4	5	5	7.8
33	4	3	5	3	4	5.48
585	25	10	2	5	3	4.75
45	45	2	4	3	4	7.35
97	4	8	1	2	1	3
71	4.3	8	4	5	6	7.9
39	4	3	4	4	4	6.15
50	43	2	3	3	3	6.3
100	5	6	1	3	2	4.5
35	5	2.2	5	3	4	4.17
60	5	8	5	5	5	8.5
80	5.3	7	2	3	2	4
122	5	8	1	8	8	1.65
35	4.8	2	5	3	4	6.8
63	4.3	4	3	3	3	7.5
99	10	10	2	3	2	1.7
35	3.63	2.5	4	4	2	4.5
32	1.5	2	4	3	3	4.79
80	4	6	2	3	2	3.95
31	3.5	3	5	3	4	4.5
35	4	4	5	4	4	7.4
72	4	6	1	1	1	4.7
37	3.8	4	4	3	3	3.42
38	5	3.5	3	3	3	2.28
33.5	4	3.5	3	3	3	2.13
19	3.3	3	3	2	2	3.5
83	4.2	4	1	3	2	4.4
70	5	5	2	2	2	5.5
30	10	4	4	3	4	6.5
84	5.8	4	1	2	2	2.95
41	5	3	5	3	4	5.5
52	7	12	2	2	1	5.95
61.1	4.15	3	3	3	2	1.75
38	4	3	5	4	5	5.88
48	4	5	5	4	4	6.58
38	3.5	3	4	4	3	5.65
32	4.5	7	5	4	3	5.5
39	3.5	10	6	3	4	9.68
40	4	2.5	5	7	6	4.32
31	45	2.5	5	3	4	5.26
50	4	5	2	2	2	5.6
79.2	6	4	2	2	2	2.6
120	7	4	3	9	3	7.9
79.3	4.43	10	1	1	1	9
61	5	3.5	3	3	2	8.2
104	5	6	1	3	2	1.99
38.5	3.8	3	4	7	4	3.8
75	4	5	3	3	3	6.5
56	4	8	3	3	3	7.3
23	4.9	3	2	1	2	3.68
99.8	5	7	3	4	4	7.8
93.7	4	6	3	3	3	7.7
100	5	5	3	3	3	4.35
80	4	5	2	3	2	5.6
74	4	4	3	3	5	6.8
41	3	3	5	8	5	6.5
42	35	2	5	4	4	7.95
100	5	7.5	2	3	2	7
70	4	16	3	4	5	7.75
57	5	7	2	2	2	3.95
36	4	4	5	3	4	3.9
36	3.8	4	5	3	4	3.8
472.8	10	6	1	8	5	7
80	5.1	7	3	4	5	9.7
75.5	6	6	5	6	7	8.88
40	3.5	5	5	6	5	7.25
38	3.5	7	5	6	5	9.15
85	5.2	20	1	2	2	7.9
43.4	5.1	2	5	5	4	7.2
72	5	5.5	3	3	4	5.69
56	4	6	3	4	3	8.79
102	5	18	3	4	3	8.7
100	5	15	3	3	3	6.2
67.2	4	6	3	5	6	8.3
143	7	11	3	4	4	7
55	5	6	4	3	3	8.99
111	6	14	3	4	4	6.8
102	6	6	1	3	2	3.15
71.4	5	7	3	3	2	9.5
67.2	4	6	4	5	6	8.3
45	6	4	5	5	7	9.5
100	5	7.5	3	3	4	5.9
99	5.5	7.5	4	4	4	5.7
33	3.5	6	5	3	4	6.5
66	6	5	4	4	5	5.95
33	3.5	6	5	3	4	5.7
33.5	4.62	6	5	3	4	8
41	3	3	5	3	4	5.5
27	2.6	2.6	4	3	3	4.15
30	3.8	3	5	3	4	6.5
32	3.71	4	5	3	4	5.5
50	4	7	2	3	2	2.3
31	55	5	6	4	4	6.8
96	5.2	7	4	4	5	6
38.7	3.5	3	5	4	4	6.15
60	4	5	4	4	5	8.1
51	3.8	7	4	3	3	6.55
33	3.5	2.8	3	3	3	1.8
36	3	5	5	6	4	5.8
30	6.3	4.5	5	3	4	4.5
32	4.8	3	5	3	4	5.25
37	4.5	4	5	3	4	9
50	4	2.5	4	4	3	7.5
40	4	2.5	5	6	4	6.5
32	3.5	2.5	5	3	4	5.5
50	4.4	25	3	3	3	8.5
135	9	12	3	4	4	7.5
79	5	5	2	3	3	4.35
55	4.2	5	4	3	3	7.5
52.3	5.27	3.5	3	2	2	7
75	5	12	2	3	2	1.6
43.5	4.5	2.5	4	3	3	3.29
25	4.5	3.5	1	2	2	1.4
80	4	8	1	2	1	5.5
25	3	25	5	3	4	3.7
91	5	17	5	5	5	10
93	3.8	3.5	2	2	2	6.5
76	4	6	4	4	5	6.3
114.8	41	6	3	5	4	6.2
76	4	16	2	2	2	6
128	5	4	1	7	7	8.1
33	4	4	5	3	4	3.85
160	10	24	3	3	3	8.3
92	6	4	1	2	1	3.3
160	10	10	3	3	3	7.3
60	6	6	3	4	3	9.5
40	5	3	5	3	3	6.5
34	3.5	3	5	3	4	5.4
44	5	2.5	4	3	3	3.29
160	10	20	3	3	3	7.3
32	3.5	3	5	3	4	4.6
39	5	5.5	7	3	6	9.5
33	4	3	5	3	4	4.8
160	10	24	3	3	3	7.8
50	4	6	4	5	3	7.5
88	4.5	6	4	3	4	9.2
114	7	20	2	3	3	6.5
31	4.15	2.5	5	4	5	3.85
39	4.25	6	6	4	6	9.5
61	3.2	6	2	2	2	7.2
33	4	3	5	3	4	5.19
95	5	30	3	3	4	5.5
160	10	24	3	3	3	7
150	5	20	3	4	3	6.1
33	3.8	3	5	3	4	3
29	3.6	4	3	2	3	4.95
180	10	20	3	4	4	9.5
56	6	6	4	4	5	8.2
144	9	2.4	2	3	2	7.5
52	4.2	5	2	2	2	4.8
66	5.4	6	1	2	1	1.7
80	5	15	3	4	3	8.8
44	4	4	4	3	4	6.1
60	4	6	5	4	5	9.9
40	3.5	2	5	3	2	3.19
88	4	12	3	4	4	9
60	5	5.5	4	6	7	9.9
30	5.6	2	4	4	3	4.2
60	6	20	4	4	3	1.56
100	4	25	1	2	1	7.2
74	5	5	2	2	3	3.5
80	4	16	5	6	7	8.8
92	4	23	3	5	6	9.3
140	7	7.5	3	5	4	7.5
34	4	4	3	4	3	5.09
60	5	5	4	3	3	3
71	5	5	4	4	5	4.9
60	8	10	3	4	4	9.9
45	4	3	5	4	5	8.95
52	4.6	11.2	4	4	3	6.2
50	4	3	4	6	6	6.2
50	4.5	3	4	3	3	6.15
32.1	5	4	4	2	3	3.95
45	11	3	3	3	3	2.5
95	4	5	3	4	3	5.95
52	4	13	5	8	5	6.3
70	4.5	4	2	4	2	6.25
60	4	13	5	8	4	6.4
125	5	7.5	4	4	5	6.85
63	6	7.5	1	1	1	4.5
38	4.5	20	4	4	4	4.35
52	6	6	2	4	4	7.2
40	3.5	2	4	4	2	3.19
90	5	5.5	1	5	5	3.2
160	6	6	1	5	5	9.8
33	3.42	3	5	5	4	4.5
132	6	20	3	3	3	7.2
40	3.3	5	5	4	4	5.9
96	4.8	20	2	3	2	2.4
80	4	6	4	5	5	8.4
72	8	8	2	3	2	1.75
33	3.5	2	4	3	3	3.55
110	5	15	3	4	5	5.5
40	3.5	2	3	4	3	2.95
92	4	10	6	5	7	8.5
110	5	15	3	4	5	5.55
30	5	4	5	3	4	4.1
45	3.42	2	5	6	4	4.5
43	4	4	4	3	4	6.4
86	5.5	3	3	6	3	9.5
20	5	3	1	1	2	2.05
35.7	5.1	5	3	2	2	4.15
100	5	7.5	3	4	4	6.2
60	5	5	2	2	2	3.85
180	9	15	3	4	5	9.84
86	5.5	20	3	4	4	9.49
82.6	5	20	3	4	3	9.3
56.5	5	4	3	3	3	5.35
100	10	6	2	3	2	2
38	3.8	2.5	5	6	4	6.9
150	5	8	2	3	2	2.18
107	5	5	1	1	1	3.3
60	4	8	2	3	2	7.8
90	7.5	20	3	3	3	8.5
50	4	2.5	5	7	5	7
56.12	4.1	8	4	4	4	8.2
75	12	20	3	4	4	6.75
78	5.7	5	4	4	4	6.9
51.74	4	6	1	2	2	2.9
95	5.8	6	1	2	1	6.3
80	4.6	6	1	2	1	5.7
40	3.3	2	5	4	3	3.45
120	6	56	3	4	5	7.85
50	3.8	4	4	4	3	5.88
75	5	8	2	2	2	5.8
88	4	10	2	2	2	8.2
75	3.5	5	2	4	3	8.5
62.1	4.1	7	3	3	3	5.63
30	6	5	3	6	4	3.75
95	4.5	2.5	1	3	1	4
52	4.5	5	4	4	3	2.7
56	4.5	3	3	3	3	3.15
55	4	4	3	3	3	1.59
75	5.5	2	2	3	2	6
54	4	5	3	3	2	1.65
50	4	5	4	4	4	2.85
60	5	3	2	2	2	1.49
45	4	3	3	3	2	1.82
35	4	3	5	3	4	5
79	4.17	3.5	1	3	2	5.7
35	4	3	5	3	4	5
63	5	3	2	2	2	1.58
22	3.3	8	4	2	2	6.5
76.4	10.2	6	1	2	1	7.6
55	9	4	4	3	3	9.15
56	4	4	4	4	4	7.4
52.1	12	3	2	3	2	3.45
83	5.5	5	3	3	3	9.6
43	8	5	4	3	4	7.5
34.1	4	10	5	3	3	4.85
117	12	12	4	4	5	6.9
66	5.5	3	1	2	1	1.7
80	4	8	3	3	3	8.4
64	4	6	4	5	5	6.7
35	3.7	2	7	4	5	9.6
45	3.6	4	5	4	4	6.6
30	4.4	2	5	3	4	4
72.9	5.6	8	2	3	2	2.75
40	4	6	4	4	5	5.79
30	4.5	2.5	5	3	4	5.9
54	3.5	3	3	3	3	4.5
40	4.25	2	5	3	4	6.2
33	3.8	2	5	3	4	5.68
100	10	10	4	4	4	6.8
52	4	5	3	4	2	4.86
40	3.3	2.5	5	3	4	7.6
54	4	8	2	2	2	5.1
160	8	12	4	5	4	8.5
42	3.3	3	4	4	4	6.7
32	3.5	3	5	4	4	3.8
79	6	6	4	4	5	6.79
36	4.2	3	6	3	3	7.5
65	5	20	5	6	5	7.3
40	45	2	6	5	5	7
132	6	12	4	5	5	9.8
54	6	8.5	3	3	4	4.5
37	5.5	4	5	3	4	5.95
126	5	7	2	3	3	3.9
30	5	4	6	3	5	5
80	4.2	20	3	7	7	6.79
36	4.8	3	6	3	4	7.5
110	5	11.5	5	5	6	7.5
31	5	2.5	5	3	4	5.2
40	4	11	3	3	3	3.7
101.25	5	12	3	3	4	7.5
95	5.8	8	1	3	3	6.1
30	3.3	3	4	4	3	6.25
100	5	10.5	3	4	2	5.9
52	4	5	3	4	3	5.5
45	6	5	5	4	4	4.85
60	5	20	5	6	5	6.8
99.3	11.4	3.2	2	4	2	5
65	5	20	5	6	5	7.3
46	20	5	3	4	3	4.45
57	3.3	8	2	7	3	9.5
30	3.2	3	3	3	3	1.75
45	4	3	5	5	4	6.6
45	4.5	3	6	4	5	7.95
45	5	3	5	8	9	4.7
38	36	4	4	4	5	7.4
60	4	8	4	4	5	8.6
100	5	18	3	3	3	5.95
68	4	6	3	4	4	9.3
72	5	5.5	2	3	2	3.6
50.02	4.1	5	3	4	5	6.2
72	4	8	3	3	3	6.28
45	3.2	10	6	4	5	9
60	4.8	3.5	4	4	4	9
75	5.5	5.5	2	3	3	6.4
30	3.8	3	5	3	4	5.5
100	5	6	3	5	4	3.6
49	4.5	4	2	2	2	4.65
142	7.5	12	3	5	4	9.5
120	6	26	3	4	5	7.2
100.2	5	25	1	1	1	9.5
37	4	2.5	5	4	4	5.59
60	5.8	3	5	4	4	7.8
77	3.3	3.5	3	4	3	8
59.6	3.5	15	1	1	1	6
61	4.5	12	2	2	2	2.85
53	4.8	10	4	4	5	6.77
126	7	6	1	2	1	2.55
98.8	5	4	2	3	3	6.2
41	4	6	5	4	5	7
78	5	6	2	4	3	6.3
70.2	4	10	4	4	3	7.9
68	4	10	2	3	2	2.8
76	6	3	1	2	2	1.68
151	5	4.5	1	2	2	1.6
176	3	3	2	8	8	3.9
78	7.8	3	1	4	4	1.59
36	4.1	5	5	4	5	9.2
58.8	4.2	3.5	3	4	3	2.5
50	4	8	3	3	3	4
36	3.8	2.5	5	4	4	4.5
61	3.7	9	2	3	2	6.5
45	4.6	2.6	5	3	4	7.65
43	3	3	5	4	4	5.99
92	5	7.5	3	3	4	6.95
72	4	7	3	3	3	3.3
42	3.1	5	5	6	5	7.5
38	3.6	5	2	2	2	3.8
32	3.3	3.5	4	2	4	5.3
87.8	4	4	2	8	8	6
54	3	12	2	2	2	8.8
133.9	6	3.5	2	3	3	9.5
48	5.6	6	1	2	1	6.5
36	4.6	2.5	4	3	3	5.5
38	3.5	5	5	5	4	7.9
100	6.5	10	1	3	2	1.5
40	4	14	5	6	6	8.99
54	6	5	1	1	1	7.5
60	4	9	2	3	2	2.75
73	5	5	2	2	2	3.25
22	3	3	3	2	2	3.55
60	6	5	5	4	4	9.5
72	7.5	4.5	2	3	1	4.7
47	4.4	10	2	2	2	3.55
60	6	8	2	4	2	5.9
70	4.6	5	5	8	8	8.55
38.1	3.1	5	3	4	3	6.2
64	4	2	2	2	1	2.1
85	4.2	6	4	5	5	7.88
45	4.5	6	6	4	5	5.98
60	4.2	6	5	5	5	6.9
52	4	4	1	2	1	1.75
30	3.5	7	5	3	4	8.7
79.5	3.7	8	2	4	3	5.6
56	8	8	3	5	5	7.9
84	4	5	4	4	5	6.1
21	4	6	1	1	1	1.05
42	4	6	3	4	3	9.6
68	4	6	2	3	2	1.3
66	5	5	1	2	2	1.7
48.5	5.6	2.5	4	4	2	5
48	5	4	6	4	5	9.2
57	4.8	4	5	6	4	9
50	4.6	12	5	4	6	5.9
44	4.2	4	5	5	4	9.2
51	4	5	4	4	3	2.7
30	4	6	5	4	4	6.98
50	4.5	7	3	3	4	6.7
30	4	6	5	4	4	6.98
58	4	10	5	4	5	7.4
100	13	32	3	4	3	3.5
45	4	7	4	4	3	6.1
45	6	2.6	4	4	3	4.7
30.2	3.7	8	2	2	2	6.9
75	5	13	4	6	7	4.2
49	4	3.5	4	4	3	5.68
46	4	5	3	3	2	4.6
100	5	32	3	4	3	4.5
80.6	4.03	8	2	4	1	4.5
135	9	12.5	3	4	5	7.6
62	6	6	3	5	6	6.7
49	3.5	8	1	2	2	5.99
66	3.5	1.5	3	3	3	4.95
31	4	4	6	3	4	7.3
41	3	5	4	5	3	7
200	10	12	3	5	3	9.45
60	4	12	4	5	6	9.9
65	5	13	5	6	3	6.8
251	5	12	3	3	3	7.8
34	4.3	3	5	3	4	6.4
60	4	6	2	3	4	4.55
35	3.5	5	3	3	3	7.45
39.5	3.7	3	5	3	4	6.28
30	4	3	5	3	4	5.5
120	6	20.5	4	4	4	4.95
47	10	5	3	3	3	2.68
30	4.2	3	4	3	3	2.25
56	4	7	4	5	6	7.2
30	38	3	1	2	2	3.2
120	6	20.5	4	6	6	5.3
57	4	5	3	4	5	5.7
60	4	6	5	6	6	7.2
58	4	8	3	5	6	6
65	4.1	7	3	5	5	6
55	5	7	3	4	4	5
60	4	7	3	5	5	5.5
72	4	7	3	5	6	5.45
80	4	6	4	5	5	6.3
54	4.3	7	5	6	4	8.99
92	5	4	1	2	1	4.05
80	7	7	4	4	5	6.5
75	5	14	2	3	2	1.79
56	10.5	3	2	2	3	4
100	5	10	4	4	5	8.5
70	5	6	1	2	2	1.2
36	4	7	3	4	3	2.6
65.4	5	10	3	3	2	4.1
58	4.5	5	3	4	4	6.4
65	4	6	2	3	2	3.85
129.5	27	27	2	3	3	5.6
84	5	3.5	1	3	2	2.4
40	6	3	5	4	4	5.2
70	7	4	4	5	4	7.9
166	7	6	2	4	3	6.2
77	5.5	13	4	3	4	4.8
54	4	5	4	6	4	6.1
58	4	4	2	2	2	4.99
64	4	6	5	5	5	5.98
60	4.2	5	4	4	3	6
27	4	5	4	4	3	5.4
100	5	16	3	3	3	3
31	4	3	5	4	4	5.7
55	5	5	2	3	3	4.7
168	7	60	2	3	3	5
56	4	4	1	2	1	3.5
72	6	6	3	4	5	7.5
56	4	8	5	4	5	6.2
80	4	8	4	4	3	7.3
25	5	8	2	2	2	2.78
45.1	5.1	2	1	2	1	5.4
85	4.7	4	4	4	5	9.3
35	3.5	6	2	3	2	5.45
63	4	5	2	2	1	4.2
42	3.4	4	3	3	3	4.8
51.2	4.3	4	2	2	2	5.7
56	4	5.5	4	3	3	6.5
100	5	18	3	4	4	5.95
37	4	4	5	3	4	6.6
70	5	13	5	6	6	9.2
40	4.5	14	5	3	4	9.1
51	4	4	2	2	2	5.2
108	8	8	4	4	4	8.49
78	6	20	5	6	5	9.1
93.3	4	3	2	3	2	2.3
125	5	5	1	2	2	1.85
38	48	3	6	4	5	7.5
95	5	12	2	4	3	8.9
40.3	3.9	4	6	3	5	9.8
100	5	7	2	2	2	5.8
45	4.6	11	4	4	4	8.5
82	4.5	7.5	1	3	2	5.2
28	4	4	3	3	3	1.72
27.2	6.8	6	2	2	2	8.5
56	7	2.5	4	5	4	7.2
64	4.5	4	3	2	3	3.7
30	3.8	2	5	3	4	4.25
65	5	13	5	6	5	7.3
48	4	4	2	3	2	3.75
80	4	4	2	2	2	4.5
42	4.4	2	5	4	4	6.5
36	4.5	5	6	4	5	7.5
37	3.2	2	3	2	2	3.15
36	48	3	6	4	5	7.5
46	4.2	2.5	5	3	3	5.3
74	4.5	5.5	2	3	2	4.45
56	6.2	3	4	4	4	8.9
40	4	3	5	3	3	5.55
104	5	7	3	3	4	7.9
60	4	12	4	4	3	5.9
41.25	5.5	8	1	2	2	3.68
44	4	6	2	2	2	3.99
52	4	12	4	4	4	6.5
45	5	12	4	3	4	4.95
56.7	5.3	3	1	3	2	4.65
90	5	5	4	4	5	7.7
23	6	3	1	1	1	3.8
62	4	3.5	3	4	4	9.6
87	4.5	10.5	2	2	2	5.5
40	4.4	2.5	5	6	4	6.95
60	4	5	5	5	5	4.56
50	7	8	7	8	9	6.5
100	5	10	3	5	5	9.2
50	6	5	2	2	3	7.1
17	3.4	4	3	2	3	2.35
44	5	5	4	4	3	5.9
61.6	4.4	13	4	3	4	6.8
64	4	8	4	4	5	7.89
31	3.1	3	4	2	3	4.44
54	4.5	6	5	4	5	7
54	4.5	6	5	4	5	7
52	4	8	3	4	3	4.59
40.6	4.5	3	3	3	2	1.89
64	4	5	4	4	4	7.3
50	3.8	3	3	3	4	4.3
51	5	4	5	5	6	10
33	4	4	4	3	4	7.2
37	8.5	4	4	5	4	5.95
122.7	4.5	9	3	5	6	6.2
50	5	4	4	4	3	6.5
41	4	4	5	9	9	7.6
34	5.3	3	2	2	2	2.47
48	3.65	2	3	4	4	5.55
120	6	20	2	4	3	5.3
30.8	3.5	3.5	5	3	4	4.98
51	8	6	2	2	2	4.95
70	4.5	5	5	4	5	7.9
63	4.5	13	5	6	5	8.5
55	4	6	6	4	6	8.4
80	4	7	3	4	4	6.3
56.3	6	3	2	2	2	2.19
50	4.5	6	6	3	4	8.2
44	3.8	6	3	4	3	8.9
64.4	3.5	5	2	3	2	8.6
87	4.5	12	1	3	2	6
36	6	5	6	3	4	7.89
81	4.5	6	3	3	3	4.76
24.7	2.95	2.5	1	2	2	2.5
35	3.6	4	5	4	4	6.6
32	14	15	4	3	3	9.5
50	4.35	4	3	4	3	5.5
33	3.6	4	5	4	4	6.6
62.5	5	13	5	4	4	7.5
55	8	4	1	1	1	3.5
35	4	25	5	3	4	6.15
70.1	4.2	10	4	4	4	9.9
138	8	6	2	2	3	5.2
100	5	16	4	5	5	9.5
46	6.3	2.1	4	3	3	7.57
30	3.1	2	5	3	4	3.3
80	12	60	2	3	4	2.99
35	3.5	4	2	2	2	3.6
30	4.48	2	5	3	4	3.45
50	4	7	3	2	2	5.8
168	5	12	2	3	2	10
21.7	3.1	4	2	2	2	1.78
150	7	10	3	5	5	6.5
33	4	4	4	4	4	6.9
45	6.2	3	4	4	4	7.6
35	4	4	5	4	4	7.4
45	6	3	4	4	3	7.7
45	5.6	4	4	4	5	5.48
38	6.5	2	4	3	3	6.05
105	7	7	2	4	3	1.7
78	6	20	5	6	5	9.1
105	7.5	8	3	4	4	7.7
70	5	13	5	7	4	9.8
250	10	12	3	3	3	6.2
40	4	3	4	4	4	7.8
42	4.5	3	4	4	4	7.9
47	3.8	2.2	4	4	4	6.5
96	6	16	3	4	4	7.3
96	5	13	4	8	9	5.7
50	4.2	10	4	4	3	3.2
51	4	5	4	4	5	7.19
90	4.5	7	4	4	5	9.39
80	5	6	4	5	6	9.2
40.7	3.7	5	1	2	2	3.1
40	6	4	4	4	3	8.6
50	5	6	2	2	2	6.1
93	5	4	2	3	3	3.5
33.9	6.5	4	3	7	5	7.6
60	13	22	3	3	3	2.74
63	5	5	4	5	5	8
60	5	13	5	6	6	6.8
67.5	5	7	4	4	4	4.48
46	4	5	3	3	2	3.2
30	3	10	2	2	2	3.55
48	4	6	4	3	4	5.9
42	43	4	3	4	4	5.8
48	3	4	2	3	3	7.6
70	5	13	5	6	6	8.1
40	4	4	5	4	4	6.95
68	4.2	7	3	4	5	6.5
93	5	7.5	3	3	3	7.4
32	4	2	5	2	2	3.7
105	4	4	4	4	4	9.1
33	4	3	5	4	4	6.15
75	6	50	5	6	5	5.01
61	4	8	3	3	3	6.5
75	5	12	3	4	4	3.9
105	36	36	3	4	2	4.9
40	4.5	3	5	4	4	6.9
40	4	4	5	4	4	7.85
90	5	5.5	1	2	1	3.1
65	4	4	3	5	4	4.3
74	5	3	5	4	5	7.7
35	3.5	2.5	5	3	5	6
81	4.5	6	4	4	5	10
75	5	12	4	4	5	4.5
100	5	8	2	3	2	2.4
200	4	7.5	1	3	3	7
75	5	12	2	3	3	7.2
72	5	5.5	2	3	2	3.35
184.5	9	11	3	4	4	9.68
100	5	10.5	1	3	1	4.4
64	4	4.5	4	4	5	6.59
75	4	13	3	3	4	6.5
52	4.1	2	4	5	4	7.15
45	3.5	4	5	6	4	7.9
38	4	3	5	4	4	5.9
33	3	5	5	4	4	5.1
34	3.5	3	4	3	3	2.7
40	4.3	5	3	4	3	5.9
42.4	9	6	3	3	3	6.25
52	4.3	3	3	5	5	4.9
55	5	4	5	6	4	7.6
110	5	7.5	3	3	3	5.5
98	5	12	1	5	5	4.25
99	5	40	2	3	3	6.99
35	4	4	7	5	5	9.7
90	5	5	3	3	3	6.1
40	4	2	5	3	4	8.45
75	6.55	2.5	4	4	5	10
65	4.5	2.5	2	2	2	3.99
67.5	5	3	2	2	2	4.1
50.2	6	30	3	4	5	8.1
100	5	8	3	4	5	9.3
31	4	3	5	3	4	6.9
90	6	20	5	6	5	9.1
80	5	5.5	2	3	2	6
94	4	6	3	4	4	8.3
85	10	8	1	3	2	2.15
105	4	4	1	4	2	3.7
80	5.41	20	2	3	2	8.8
56	4	5	4	4	3	8.5
75	5	25	1	3	2	3.45
39	4.3	3	5	3	4	6.8
30	6	6	1	2	2	1.93
60	5	5	4	4	4	8.7
65	4	4	3	3	3	6.5
66	4	4	2	2	2	6.15
75	5	12	3	4	4	3.5
52	4	6	3	4	5	5.9
50	5.6	5	3	3	3	4.8
60	51	8	2	3	3	6.3
52.6	4	7	3	3	3	3.8
160	7	8	2	4	3	3.2
150	8	8	3	4	3	4.7
83.5	4.1	5	2	2	2	5.98
61	2.85	24	2	3	1	2.4
66.9	4	13	2	3	2	3.65
109	15	15	1	1	1	4.7
49	10	10	3	4	4	5.1
61	5	7	2	3	1	4.55
24	3	5	1	2	2	2.75
77.3	4.5	5	2	2	2	4.8
60	4	10	3	4	5	5.5
143	6	35	3	2	2	1.95
42	6	5	4	3	3	6.5
40	3	5	4	3	3	8.1
33	4.3	2.8	5	3	4	7.2
50.4	3	13	1	2	2	7.2
50	4.6	3	5	4	3	8.9
41	4	3	6	4	5	7.9
40	4	11	3	3	3	3.7
31	4	3	5	3	3	3.7
78.2	4.6	4	2	2	2	5.65
35	3.7	3	5	4	4	6.2
72	4	22	3	3	3	8.2
88	5.5	14	4	6	4	5.32
38	3.5	4	5	6	4	7.85
72.4	4.2	4.5	1	2	1	2.5
86	4.3	3	2	3	3	6.9
67	5	7.5	4	4	4	5.9
104	4.1	6	2	1	1	4.2
75	6	6	2	2	2	3.55
70	5.7	4	2	2	2	5.8
45	3.5	2.5	4	5	4	8.4
100	5	14	3	3	4	7.45
24	3	5	3	2	3	3.55
64	4	3	1	3	2	4.25
85.2	8	3	1	2	1	1.9
100	4	13	2	3	1	6.1
50	5	4	2	3	1	4.8
40	4	11	3	3	3	3.7
67.5	5	67	4	4	4	9
103	4.1	7	3	4	4	5
90	9	5	2	3	2	3.7
70	4	15	2	2	2	8.5
50	4	11	4	4	3	4.7
64	4	8	5	5	5	5.2
60	8	8	4	4	5	5.6
56	4	8	4	4	5	4.75
41.2	6	3	2	3	2	6.35
38	4	3	5	6	4	7.66
68	4.25	10	1	1	1	5.4
75	4	5	3	4	3	6.5
40	4	4	4	4	3	6.5
44	4.55	10.5	4	3	3	8.5
49.2	4.2	6	3	2	3	3.8
62	4	4	4	4	5	8.5
52	4	5	2	2	2	1.68
80	5.85	6	4	4	5	8.3
31	5	3	3	3	3	5.72
83.6	5	7	3	4	5	8.29
45	3	3	3	3	2	9
28	4.6	2	3	2	3	6.5
81.6	5.1	5	4	4	5	7.1
86	6.6	10	2	3	2	4.2
49	3.4	5	3	5	5	7.9
92.1	5	3	1	1	1	5
124.4	5	4	2	3	3	3.8
100	5	16	3	3	2	5.4
100	6	10	4	5	5	7.1
115	5	15	2	3	3	8.7
94.6	5	5.5	3	4	4	5.7
42	3.5	8	2	2	2	5.6
72.8	5	8	1	2	2	3.25
68.8	4.3	6	4	4	5	9.9
85	5	6	2	3	2	4.9
33	4	2.3	4	3	4	4.35
32	4	2	5	3	4	4.1
39	5	3	6	9	9	8.6
200	10	14	3	3	3	9.9
80	4	12	4	5	5	6.8
70	5	5.5	3	3	4	6.85
34	3.5	3	2	3	2	4.35
32	6.4	3	4	3	4	4
70	4	5.5	3	4	4	6.2
200	10	14	2	3	2	6
200	10	14	1	4	2	5.8
50	4	3	3	4	3	10
42	3.8	30	5	4	4	4.65
87.5	5	10	3	4	4	9.5
53.5	5	5	5	5	4	10
35	4.5	3	6	3	5	7.5
150	5	20	1	2	1	7.5
50.8	4	12	2	2	1	6.98
48	4	3	3	5	3	5.3
72.8	5.7	8	3	4	4	6.5
93	4.5	10	2	3	2	2.8
220	8	10	2	4	4	5.5
27	6	3	5	3	4	4.8
180	10	10	5	4	5	7
55.9	4.3	6	4	4	5	6.5
55.2	4.6	7	4	4	5	5.5
42	3.8	4	4	4	3	7.5
76	4.28	12	2	3	3	6
63	4.2	5	3	4	5	4.65
54	4.5	12	3	3	3	3.45
94	5	13.5	4	4	5	5.6
68	4	5	2	2	2	6.1
70	7	8	2	3	3	6.2
36	4.1	5	5	4	5	9.2
48	4	10	4	4	3	3.1
110	5	20	4	4	5	8.6
69	4.5	4	1	3	2	1.9
72	5	4	2	3	2	4
50	4.2	10	4	4	3	3.2
50	4.2	10	4	4	3	3.15
40	4	3	5	5	4	6.85
31.5	3.5	5	2	2	2	3
30	4.48	2	5	3	4	3.45
71.6	5	3	1	2	2	2.39
70	4	3.5	4	4	3	4.95
96	6	16	3	4	5	7.2
50	4	6	7	5	5	10
40	4	5	5	5	4	5.35
90	5.4	5	1	4	4	4.9
105.5	5	4.5	3	4	3	5.4
94	5.2	15	1	3	2	10
130	4.5	10	1	2	1	8.5
42	4	3	5	5	5	7.5
36	4	3	5	9	9	5
189	9	14	2	3	2	10
30	4	2	4	4	4	3.45
32	3.5	2	2	2	2	3.85
32	3.5	5	4	5	3	5.7
114.2	6	6	2	3	2	2.75
100	8	4	3	4	3	3.65
27	3.1	3	2	2	2	2.55
35	4.8	2.2	4	4	4	4.45
42.9	3.9	4	2	2	2	6.3
52.2	4.8	10	4	4	5	6.77
110	5	21	3	4	4	5.7
107	5.3	12	4	5	4	7.29
37	6	10.5	5	4	4	5.2
120	6	18	4	4	4	7.7
110	5	15	3	4	5	5.5
42	42	3	4	4	4	6.9
141.83	4	5	1	2	1	5
40	4	3	5	6	6	8.5
243	14	14	4	5	3	8.8
64	4	13	3	4	4	3.9
64	4	8	3	3	2	7.8
60	4	6	4	4	6	7.45
60	5	5	2	3	2	1.35
84	4	6	4	4	5	5
57	3.6	5	2	2	2	6.5
65	5	13	5	6	5	7.7
150	7.5	7.5	2	3	3	9.8
100	5	25	2	3	3	2.4
62	4	10	2	2	2	4.5
77.6	4.3	10	3	4	4	6.5
54	4	4	2	2	2	4.5
30	3.5	3	4	4	4	2.3
64	4	7	3	3	2	4.2
35	3.4	2	5	3	3	5.6
63	5	5	4	3	3	4.05
42	4	3.5	5	3	4	5.5
42	3.8	6	5	4	6	9.6
52	4.1	3	4	4	3	5.85
35	4.2	5	6	5	6	7
103	6	5	1	3	2	2.95
105	5	5	1	3	2	3.7
75	5	12	4	6	7	4.21
120	4	6	2	3	3	1.56
58	4.5	6	3	3	3	6.4
40	5	5	3	3	3	5.6
62	4.2	4	2	3	4	6.5
100	5	10	1	1	1	6.5
36	3.5	4	6	4	5	9.95
41.6	4	4	2	2	2	3.38
58	5	3	5	6	4	5.8
90	5	10	3	3	3	7
80	5	5	2	3	2	1.65
92	4	8	3	4	4	7.6
55	45	2	1	2	1	1.28
35	5	3	5	3	4	4.9
70	4	4	3	3	3	6.6
62	4	2.5	4	4	3	6.88
100	4	6	2	6	6	7
78	5.2	8	2	3	2	8.5
41	5	3	5	3	4	7.58
31	3.46	5	3	2	2	4.6
35	3.5	5	3	3	3	5.75
62	5.5	8	2	3	2	4.8
61	5.6	10	2	3	2	2.6
69	4.8	5	2	3	2	2.9
62	4	10	2	3	3	2.75
45	4	4	5	3	4	9.55
54	4	2	2	4	2	4.85
46	5	4	5	5	5	4.55
80	4	4.5	3	4	4	8
32	4.5	2.5	5	3	4	4.4
80.79	8	25	1	2	2	2.3
30	3.5	3	5	3	4	4.5
160	8	23	3	4	4	9.8
55	37	3	5	4	4	9.5
50	6	5	3	3	3	2.8
103	5	5	2	3	2	2.95
60	5	12	4	4	5	4
50	4	2.5	4	4	3	7.35
32	3.5	3	5	3	4	3.05
80	4	7	4	5	5	8.4
100	5	12	3	4	4	7.3
206	8	7	1	1	1	1.5
71	4	12	4	4	3	5.95
175	5	3.5	1	3	2	1.35
100	5	20	3	4	5	6.6
40	4.5	3	5	7	5	5
85	5	13	3	3	4	5.7
31	4	2.5	1	2	1	1.8
240	10	12	2	3	3	8.6
60	8	20	4	6	6	4.5
33.6	3.5	2	2	2	2	2.88
250	8.2	12	2	4	4	8.2
67	11	7	1	3	3	4.05
40	4	3	2	2	2	2.89
68	8.3	4	3	4	3	6.7
51.3	4	60	3	3	3	3.68
258	6	20	1	3	2	8.2
65	4.3	8	1	1	1	5.25
45	4.5	4	3	4	2	3.65
96	4	8	1	2	1	7.8
52	4	10	3	4	5	5.5
72	6	13	4	4	4	4.7
113	5	8	3	3	4	5.6
60	4	2.8	3	2	2	5.9
100	5	11	2	3	2	4.5
84	4	12	2	2	2	9.5
33	6	4	1	3	2	2.16
66	4.5	3	5	4	4	9.3
20	2.6	2	5	3	4	4.35
35	3.5	3.5	4	3	3	2.2
35	4.3	3	6	3	4	7.6
52	4.5	5	3	4	3	2.7
70	3.6	5	2	2	2	8.3
33	4	4	5	4	4	3.1
58	6	12	5	7	7	9
100	5	6	3	3	3	6.8
60	5	5	3	4	3	5.3
52	5	6	4	5	4	8.45
49	4	3	2	2	2	3.4
39	8	8	2	3	3	4.5
62	6	4	5	6	6	7.3
105	5	6	2	3	3	9.5
37	4	3	7	5	7	9
40	4.6	2.5	5	5	4	5.6
60	4	4	4	4	3	5.1
30	3.1	2	4	3	3	4.35
33	4.15	2	5	3	4	3.85
47.5	4.2	6	4	4	3	3.9
88	5.5	20	5	5	4	9.91
78	4	8	3	4	3	6.5
45.8	4.5	5	5	3	3	6.5
45	4.5	2	1	2	1	3.7
110	5	15	3	4	4	5.5
55.8	4	6	2	2	2	3.95
32	7	7	2	2	2	2.35
61	5.6	10	1	3	2	2.6
139	6	3	2	5	2	3.2
50.1	4.1	6	3	4	5	4.45
50.2	4.44	11	5	4	5	6.3
71.7	4	8	5	4	5	8.3
51	4.6	11	5	4	6	6.1
37	4	5	6	4	4	4
58	4.6	10	5	4	5	9.9
72	4.7	3	1	2	2	5.95
320	16	32	4	6	6	9.1
32	7	7	2	2	2	2.35
53	4.7	6	4	4	4	9.4
64.6	3	10	4	5	4	7
56	4	8	3	5	5	6.4
62	3	8	4	5	4	7
30	3	6	2	2	2	1.4
100	5	13	3	4	5	5.5
50	4	12	4	4	4	5.7
72	5	10	4	5	3	8.5
30	4.8	2	5	3	4	4.74
70	3.9	20	2	3	3	8.5
37	3.3	2	5	3	4	5.58
40	5	5	5	4	4	4.75
30	4	2	5	3	4	5.6
60	5	3	6	7	5	6
103	4	7	3	4	4	5
144	6	7.5	4	5	5	8.5
80	4	13	3	3	4	4.8
38	3.5	2.6	4	3	3	5.6
35	3.6	2.5	5	3	4	5.65
35	10	13	4	3	3	7.8
35	3.8	3	5	4	3	6.3
80	4	13	1	2	1	3.6
35	3.6	3	4	3	3	2.5
60	5	5	2	3	2	3
55.6	3	3	2	2	1	1.9
75	5	12	3	4	4	3.85
71	5	7.5	2	3	2	5.7
76.5	5	5.5	3	3	4	5.05
67.5	5	56	3	4	4	5.5
72	5	6	3	3	2	6.79
60	5	6	3	4	4	7.2
108	4	5	4	7	8	8.8
60	5	5	4	4	3	6.7
127	9	4	3	4	4	2.9
72	5	7	2	2	2	6.5
50	4	3	5	4	4	9.6
90	45	4	2	3	3	3.95
80	6	6	3	4	5	7.5
130	8	12	3	4	5	7.8
135	6	24	4	4	4	8
37	3.5	2.4	4	3	3	4.5
31	4	3	4	3	3	3.1
60.3	4.2	7	3	5	5	8.5
107	6.3	7	3	4	4	8.2
40	4.8	4	5	6	4	5.5
60	4	5	4	4	5	5.4
89	5.1	10	3	5	5	8.5
25	3	2.5	2	2	2	1.95
45	5	4	5	9	5	6.98
40	4	8	4	3	3	8.39
70	4	6	3	3	3	6.6
62	6	8	4	6	7	8.7
31	4	3	6	4	6	5.88
95	5	12	4	6	5	7.3
72	5.5	5	2	3	2	3.6
80	4	8	3	4	4	5.1
48	5	4	6	8	7	6
52	4	2	4	4	5	7.15
85	5	6	2	2	1	1.2
40	7.2	3	4	4	4	4.4
30	5	4	3	3	3	1.88
80	5.26	25	4	5	6	7
90	4.5	12	4	4	4	6.5
50	4	5	2	2	2	4.2
188	12	7	2	3	3	6
59.3	4	3.5	3	3	2	5.35
50	4	1.5	3	2	2	4.5
32	4	7	2	2	2	2.35
130	6	10	1	6	6	5.7
30.2	3.63	2.5	5	3	4	4.3
35	3.75	3	6	5	5	6.5
60	11	3	5	4	5	8.9
30	4.1	3	4	4	3	3.8
100	5	7.5	3	4	4	6.5
79	5.5	8	3	4	3	7.8
50	5	11.5	5	4	3	9.6
56	4.3	5.8	2	2	2	8.4
52.7	4.8	16	2	2	2	8.5
75	5	6	2	4	3	9.2
160	7	8	2	4	3	3.2
45	4	3	5	3	4	4.5
60	4	12	3	4	4	3.7
30.5	4.3	3	3	4	3	3.7
47	4.7	5	4	4	5	6.9
45	4.3	2	5	7	7	6.8
64	4	4	3	3	3	4.35
147	5	6	1	3	1	2
32	3.8	2.7	5	3	4	5.45
32	5.6	2.3	5	3	4	5.35
150	9	6	3	4	3	6.2
36	3.7	2.5	4	2	3	5
30	3.6	3.6	4	3	2	6.4
46	3.8	4	5	4	4	6.89
100	5	8	2	3	2	3.6
184	6.6	4	3	3	2	3.8
35.5	4.7	8	2	1	1	3.8
125	5	12	1	7	7	6.7
88	4	20	1	1	1	7.9
46	4	4	5	6	4	8.1
90	6	5	1	1	1	5.3
98	4.72	12	1	1	1	9.1
50	5.7	8	4	4	3	6.8
52	6	5	5	6	4	7.5
64	4	4	1	2	1	4.6
64	4.3	7	4	4	5	7.1
75	5	7	2	2	2	2.87
105	5	6	1	3	2	3.99
100	4	14	3	4	3	10
83.6	4.2	10	3	4	4	7.5
60	5	5	4	7	8	10
52	4	3	2	2	2	2.65
60	4	8	2	2	2	3.35
43.1	2.99	4.5	2	3	3	4.2
54.5	4.25	3	2	2	2	1.25
80	4	8	5	5	7	8.5
40	4	3.5	4	3	4	2.85
40	3.8	2.5	4	3	3	5.35
64	4	8	4	4	5	8.69
40	4	3	5	3	4	6.78
48	4	4	3	4	3	2.4
60	4	6	3	4	3	5.3
73	4	7	3	8	8	8.45
39	6	6	5	4	4	6
30	4.5	4	5	3	4	3.8
35	3.5	3	5	4	4	4
60	5	5.5	2	3	2	5.6
85	4.2	5	4	5	6	7.8
45	3.5	3	2	2	2	4.2
52	4	2.5	1	2	1	2.45
106	6	12	3	4	4	5.35
71	5.5	5	5	4	5	7.35
53	4.5	4	3	4	3	4.75
80	4	4	2	3	3	5.3
90	5.5	5	2	3	2	4.15
86	5	12	2	3	2	3.5
68	4.5	3	3	3	4	7.5
54	4	6	5	5	5	8.5
105	6	6	1	2	2	9.5
63.8	4	3	1	3	2	2.55
94	4.7	6	4	5	5	7.3
31	36	4	5	3	4	4.3
130	5	20	3	5	3	3.2
76	4	3.5	4	3	3	9.98
18	6.9	2	4	2	2	2.35
100	5	15	4	4	4	5.4
30	8	5	5	3	4	7.2
38	4.3	4	5	3	4	6.4
60	5	6	4	4	4	7.5
48	4	3	4	4	3	6
37	6.5	1.5	5	3	3	5.7
48	4	6	5	4	5	4.55
54	4.5	12	4	4	5	4.5
61	4	5	2	3	2	3.05
76.1	4	12	4	4	3	9
46	4	5	5	4	4	6.6
36	4	4	5	4	4	5.2
150	6	10	3	3	3	2.2
52.5	6	3	3	3	3	4.85
51	4	6	1	1	1	7.4
83	4	13	2	3	2	5.5
38	5	3	6	5	5	5.75
31	5	5	5	3	3	5
72	4	8	3	4	4	5.5
60	4	13	3	4	4	3.6
60	4	6	2	2	2	2.95
60	5	5	2	2	2	3.5
70	4	5	2	3	2	3.6
32	5	3	5	3	4	5.25
32	3.5	2	5	3	4	4.5
32	4.1	2	5	3	4	3.85
30	3.1	2.2	4	3	4	4.35
35	3.5	2.9	4	4	3	3.68
143	5	5.5	3	8	8	10
60	5	3	4	4	4	8.5
72	4.5	5	2	2	2	5.2
70	4	12	3	4	4	4.38
25	3	5	3	3	2	2.05
46.5	3.3	80	4	4	3	7.85
62.6	4	7	3	4	4	3.35
50	4.2	4	5	6	3	9
110	6	8	2	3	2	7.7
36	3.8	2.9	7	4	6	9
56	6	8	5	6	5	9.5
45	4.8	3.5	5	5	4	7.4
90.4	4	8	1	2	2	10
66	5.4	3	2	2	2	3.75
90	5	10.5	1	1	1	9.8
60	4	8	2	2	2	2.95
125	5	6	2	3	2	3.5
59	5	12	3	4	3	10
100	5	7	3	3	3	6.5
35	4	4	5	3	4	5.5
45	8	15	5	4	5	8.5
55	5	6	4	4	3	8.5
60	4.5	7	4	4	3	3.3
31	6	2.5	6	3	3	5.45
50	6.5	2.5	5	6	4	7.1
43	4	2.5	4	4	3	5.3
70	5	5	2	3	2	5.5
50	4.9	3	4	4	4	6.89
23	3.2	3.3	3	2	2	4.35
45.6	4	4	5	6	4	4.5
100	5	7.5	1	2	1	6.2
75	12	20	2	4	4	8.3
75	5	20	2	3	5	8.6
40	5.2	3	5	4	4	7.86
38	4.5	3	5	3	4	6.47
33	5	6	5	3	4	4.98
85	5	8	3	3	3	2.1
150	5	10	2	3	4	7.2
18	3.1	2	4	3	2	2.58
25	3	3	5	3	4	5.95
48	4	8	2	2	1	6.85
170	5.5	10	2	3	3	7.3
31	3.5	2	5	3	4	2.9
98	5	7.5	2	3	2	7.2
52.7	5.5	2	1	2	2	2.65
102.5	5	7.5	2	3	3	8
39	4.1	2.5	5	3	4	6.2
90	5	5.5	3	4	4	5.95
48	5.2	5	2	3	2	4.55
28	4	6	2	2	2	3.55
150	8	8	2	5	4	5.3
150	6	6	1	3	1	7.2
41	4	3	5	4	5	7.95
43	4.2	10	2	3	3	5.2
149	7.6	35	1	2	1	4.3
80	5	8	3	3	3	5.7
54	4	4	2	2	2	5.85
62	5	10	5	6	7	7.9
56	4	6	5	5	5	6.2
60	4	4	4	3	3	6.65
33	3.3	3	3	3	3	2.4
25	3	2	5	2	3	3.45
53	4	8	3	4	5	4.75
74	4	6	3	3	4	5.8
66.2	4	4	2	4	2	4.2
61	4.8	8	1	1	1	4.3
104	8	4	1	2	2	4.6
67.5	45	15	4	4	4	5
52	4	6	3	4	5	4.79
60	6	12	3	4	3	5.5
60	4	8	3	4	3	8.7
35	4	20	5	3	4	9.2
100.9	11	14	3	4	4	7.6
15	3	11	1	1	1	4.5
35	4.2	5	4	4	3	7.25
31	4	8	6	6	6	7.1
77	4.6	5	4	5	4	9.2
43	5	3.5	5	3	4	7.55
67.7	3.6	4	5	5	5	7.5
45	6	5	6	7	6	7.5
80	7.5	3	3	3	3	7.8
30	3.3	3	6	3	4	9
31	3.1	4	2	2	2	3.39
207	10	5	2	3	2	9.5
102	4	3	4	4	3	9.1
52	4.7	2	3	4	3	2.89
64	4	6	4	4	5	8.59
23.8	2.5	7	3	3	3	2.75
21	3.6	3	1	2	2	1.8
52	5	25	4	4	3	3.4
40	4	8	2	2	2	3.2
35	4	3	7	4	5	6.85
150	7.7	12	2	5	3	9.5
87	4	3.6	2	3	2	4.6
91.3	6	6	2	2	2	9
120	6	8	1	1	1	2.5
73	5	5	2	2	1	3.25
48	4	5	4	3	4	6.2
100	5	25	2	3	4	3.8
40	4	4	5	4	4	3.15
34	5	4	5	4	4	3.25
56	8	8	4	4	5	6.35
75	5	6	4	4	4	7
36.4	5.6	5	4	4	3	5.85
116	4.1	4	1	2	1	5.3
41	3.2	3	3	3	2	6.8
40	4	2.2	6	4	5	7.6
40	5	10	2	2	2	2.9
30	3.8	2.2	5	3	4	4.35
30	3.68	3	5	3	4	4.15
30	3.83	2	5	3	4	3.89
75	4	5	1	1	1	10
95	5	10.5	3	3	3	5.3
40	4	3	6	3	5	9.7
60	4	2.5	4	4	4	8.6
35	3.5	12	2	2	2	5.28
38	6	4	5	4	3	9.5
150	5	15	1	3	2	2.05
75	6	6	1	3	1	1.55
70	4	5	2	4	2	5.2
42.7	4	6	5	3	4	8.45
98	7	3	2	2	2	9.5
176.5	20	20	1	2	1	8.8
68	4	4	4	4	5	4.9
108.8	5.44	13	3	4	5	8.9
110.5	6.08	5	3	4	6	8.2
60	4.3	3.5	2	2	2	7.8
14	3.5	15	3	3	3	4.6
43	4.3	5	4	3	4	8.6
50	4	5	4	5	6	9.3
81.1	8.64	12	3	8	9	4.2
75	5	20	2	4	4	8.3
40	4.2	4	1	1	1	3.6
35	3.2	35	4	3	3	6.5
73.7	4	4	3	3	4	6.8
61.9	7	12	4	4	4	8.5
75	5	20	2	4	5	8.3
76.1	4.6	4.5	4	4	5	6.7
67	4.4	6	3	4	4	1.99
140.7	6	30	2	4	5	8.3
48	4	4	2	2	2	4.55
30	4	2	5	3	4	5.48
54	4.5	5	3	4	4	4.5
72	5	6	2	3	3	5.65
100	5	12	2	3	2	7.2
74	2.6	4	2	3	2	5
22	2.5	5	2	2	2	2.35
70.97	17.1	5	2	3	2	4.95
79	4.05	4	4	4	3	6.5
34	4	5	3	3	3	4.65
95	4	16	3	8	4	9.5
125	9	6	1	6	6	6.9
139.8	13.96	4.2	1	1	1	9.1
32	3.4	2.5	5	3	5	6.2
40	3.8	3	4	4	3	4.6
35	3.7	3	7	5	6	9.2
97	5	2	1	2	2	3.6
70	4	6	3	4	4	6.3
27.6	4.6	6	4	2	3	2.95
74.1	4.3	5	4	4	5	6.6
80	5	4.5	3	4	4	6
75	5	20	2	3	4	8.5
71	3.5	5	3	4	4	5.3
95	5	5	3	4	3	3.28
50	5	4	5	5	4	6.95
55	5.5	3	2	3	2	6.2
63	4.2	4	3	3	3	5.8
32	13	3	4	2	3	2.7
79	4	20	3	3	3	5.9
40	5.2	5	7	3	5	9.25
50	3.6	3	3	3	3	7.68
52	4	6	5	5	4	5.95
80	5	4	2	2	2	3.35
25.6	9	15	2	2	2	2.8
56	4.5	2.5	2	2	2	3.55
61	4.23	6	4	4	4	6.5
100	5	10	2	2	2	6.9
48	4	4	4	5	4	8.6
150	7.5	8	1	2	2	10
48	3.85	6	4	4	3	6.1
52	4	6	3	3	2	6
48	4	50	5	5	4	6.8
51.7	6	2.5	2	4	2	2.35
54.6	4.2	3	2	2	2	4.7
75	5	6	2	2	2	3.55
70	5.5	5.5	1	2	2	4.68
80	4	3	1	2	1	2.8
68	4.02	4	2	3	2	3.25
45	6	5	5	3	4	4.8
45	4	3	5	4	4	6.6
62.41	4.5	8	3	4	3	10
107	4.4	8	1	4	4	6.5
42	4	2.5	2	2	2	2.37
35	3.6	2.5	6	5	6	6
36.5	3.6	5	2	2	2	6.4
45	7	3	5	4	4	5.98
48	4	3.5	2	4	2	6
97.5	5	4	3	4	4	8.2
80	4	8	1	2	2	6.7
59	5.2	3.5	3	3	3	7.9
67.5	4.5	10	3	3	3	4.95
119	7	12	4	5	6	10
48	5	30	2	2	2	1.15
100	5	12	3	5	5	8.5
64	10	10	3	4	5	6.7
65.5	5	5	3	3	4	7
34	3.6	3	3	2	3	5.6
40	3.5	4	5	3	4	5.7
32	4	3	5	3	3	5.35
68	5.5	3	2	2	3	5
47	4	5	4	4	3	6.06
50	4	4	5	3	3	6.7
45	5.4	3	5	4	5	7.2
60	5	3	4	4	4	7.8
44	4	2	2	2	2	5.1
52	8.6	8	4	4	3	7.2
44	4	4	4	5	3	7.29
75	5	4	2	3	3	5.6
30	4.2	2	5	3	4	4.45
65	5	25	4	4	4	8.6
67	5	4	3	3	3	3.5
72	4	5.5	2	3	2	5.8
95	5	6	2	3	2	8
42.8	4.5	5	2	2	2	1.85
90	5	20	3	4	4	7
125	5	53	3	3	3	7.5
33	4	3	3	4	3	4.75
39.5	4.3	2	3	3	2	6
57	4	5	5	4	5	7.15
33	5	5	5	3	4	5.3
98	6	13	4	3	5	8.5
80	4.5	8	3	4	4	7.5
30	3.7	4	4	4	5	5.3
41	3.6	3.2	5	3	4	6.5
196	7.5	7	1	2	2	5.5
56	4.8	3	6	4	4	5.3
52	4.5	4.5	4	4	5	7.26
32	4	3	5	4	3	3.6
35	4	2.8	5	3	4	3.78
38	3.3	3	4	4	3	6.8
28	3	6	2	2	2	5
30	4	3	3	6	3	3.8
162	9	14	3	5	4	8.2
54	5	6	3	3	3	3.85
52	4.2	15	2	2	2	8
35	5	2.5	5	4	4	3.8
61.6	4	12	3	4	4	3.6
79	5	11.5	4	4	5	4.7
89.2	7	6	3	4	4	9.2
33	3.55	2	4	4	2	3.9
63	5	4	1	2	1	4.75
70	6.5	40	3	4	4	7.19
45	4.35	10	6	4	5	9.8
35	7	2.5	2	2	2	1.95
100	5	8	2	3	2	4.8
120	6	15	3	4	5	9
85	4.2	12	5	5	5	7.7
57	4.4	6	3	4	3	6.4
51	4	4	4	4	4	4.7
54	4	3	4	3	4	6.35
110	5	7	3	4	4	7.95
74	4.5	7	1	4	4	7.3
35	7	2.5	3	3	2	3.4
35	7.5	2.8	3	3	2	3.4
40	4	5	2	2	1	3.7
51	4	6	3	3	3	4.95
45	4	2.5	5	3	4	5
41	4	3	7	9	9	9.5
40.1	4	8	1	2	1	3.6
28	3.4	2.5	4	3	4	4.65
200	7	20	2	4	3	8.5
47	4	2	5	5	5	7.1
50	4	5	3	2	3	5.05
70	5	5	3	5	5	8.2
64	4	4	1	4	4	4.65
80	4.65	6	2	4	2	8.29
77	4	12	3	4	5	9.7
116	8	8	1	2	1	9.8
25	3.5	5	5	5	5	8.2
40	8	3	2	2	2	3.6
32	32	3	4	3	4	6
49	3.4	8	3	4	3	8.2
90	5	5	3	4	5	9.2
45	4	2	3	3	3	2.85
60	6.1	4	1	1	1	6.99
62	3.8	3	1	1	1	8
34	4	5	5	3	3	6.5
80	8	8	3	2	3	6.8
160	10	24	3	3	3	7.3
99	4.5	10	2	4	3	5.4
108	4.5	7	3	6	4	7
64	4	12	4	4	3	8.5
33	3.8	3	5	3	4	5.25
38	4	12	2	1	1	8.35
68	4	8	4	4	4	9.25
60	5	8	4	4	3	5.5
90	5.5	2.5	4	5	4	5.9
72	4	4	2	3	2	7
44	4	3	1	1	1	1.95
31	3.1	3	4	4	3	5.5
70	4	5	5	6	5	9.6
40	4	2	2	2	2	4.35
37	4	12	4	3	2	5.6
78	4.5	5	2	3	2	3.2
40	4	7	3	5	3	2.68
40	4	6	2	2	2	3.55
70	5.5	5.5	3	6	3	4.2
40	4.1	5	4	3	4	7.7
37	5	3	5	3	4	6.05
36	3	2	3	4	3	2.69
60	6.2	8	2	3	2	3.1
40	4	6	2	2	2	3.5
160	5	12	3	4	5	8.7
77	4	14	1	1	1	6.9
85.2	10.6	2.5	1	2	1	1.9
36	16	16	4	3	4	7.8
90	4.5	10	4	4	5	8.7
52	4.2	4	2	3	2	4.1
50	7	3	1	2	1	1.59
45	6	6	1	1	1	6.6
58.3	5	8	1	1	1	3.39
45	4	2.5	5	6	2	9
48	7	7	2	2	1	7.65
60	4	6	5	5	6	7.4
120	6	15	3	4	4	7
266	5	15	1	2	2	5
35	4.2	3.5	5	3	4	4.5
40	4	2.5	3	3	2	3.3
86	5	10	3	4	4	5.4
85	4.2	5	4	4	5	7.79
51.2	3.5	3	3	3	3	5.75
43.5	4	3	4	4	3	6.86
54.6	4	8	3	4	6	7.45
38	7.1	3	5	4	5	5.98
100	5	32	2	3	3	10
40	4.5	4	5	4	4	5.8
54	4.5	7	3	4	3	5.5
44	4	5	2	2	2	2.5
38	3.8	6	3	3	3	2.56
85	5	7	4	4	4	3.6
60	4	8	3	4	4	9.5
52	4	6	3	3	3	3.2
199.82	10.3	6	3	3	4	7.5
64	4	10	3	3	3	5.69
158	6.3	30	4	6	5	6.75
32	4.7	5	5	5	3	7.2
44.2	4.71	4	3	3	3	6.7
44	4	3	2	2	2	3.69
31	4	3	3	3	2	1.71
61	5.8	5	1	3	3	4.5
66	6	8	5	4	3	9.2
51	4	8	5	6	6	5.9
80	4	10	4	5	6	5.9
43.3	3.9	3.5	3	3	2	1.45
37	3.5	3	3	3	3	2.05
31	4.5	2.5	4	4	3	2.45
102.5	5	4	2	3	3	2.95
34	10	16	2	2	2	2.7
100	5	6	1	1	1	7.2
41	4.1	3.5	2	2	2	4.28
82.4	6.7	4	4	4	4	3.45
33	3.5	3	4	4	3	5.35
24.9	3	3	2	2	3	2.75
40	4	8	2	2	2	4.1
118.7	6	11	2	4	4	9.5
96	5	4.5	2	2	2	6.5
80.7	4	4	3	4	4	3.3
56	4	7	5	4	5	7.2
26	3.2	3	2	2	2	2.95
60	4	7	5	4	6	6.39
36	3.6	2.6	6	5	4	6.9
100	5	5	2	7	7	5
49.7	35	5	7	6	7	8.5
52.5	5	3	5	5	5	9
80	4	10	4	5	5	6.5
34	4	4	2	4	3	2.8
37	3.5	3.5	2	2	2	3.1
26	4	3	2	3	3	2.8
48	5	5	4	5	4	5.5
68	4	8	3	4	5	6.5
30	3	4.5	2	2	2	2.75
40.4	4	3.5	2	2	2	3.15
32	4	3	2	3	3	3.25
49.2	4.1	35	4	4	3	3.15
72	4	12	4	3	4	8
42	4.8	4	3	3	4	5.6
39	5	3	5	6	6	7.86
49	3.6	2.5	4	3	3	5.68
63	3.3	6	4	5	3	6.38
30	3.6	3	5	3	4	4.5
117.9	5.5	4	1	3	2	1.05
42.5	3.5	3	3	3	2	1.25
32	8	4	5	3	3	4
51.6	4	3	2	2	2	5.38
70	4.5	6	4	3	4	4.8
32	5	4	4	2	3	3.95
24	3.5	3	3	3	3	3.78
44	5	4	4	3	4	5.95
56	4	4	2	2	2	4.8
63.2	4.2	5	1	2	2	4.5
63	7	5	4	5	5	9
14	3	2	4	3	4	1.68
125	5	6	3	4	4	7.15
50	4	3	5	6	4	8.2
30.6	3	3	2	2	2	3.88
58	3.9	4	2	3	2	3.98
70	5	7	4	5	4	8.5
38	4.3	2.5	5	5	4	6.35
56	4.5	6	3	2	3	9
38	3.5	3	4	3	3	5.35
92	4	6	4	4	4	6.5
90	4	12	2	3	2	8.3
70.6	5	3	3	3	3	2.15
45	4.2	4	3	3	3	4.89
50	4.2	4	2	2	2	4.19
80	5	20	1	1	1	9
45	4	6	5	5	4	8.19
32	4	4	2	2	2	2.95
37	3	1.5	1	1	1	5.1
40	5	2.5	5	3	4	6.99
50	5	20	4	4	4	1.9
34	5.5	3	5	3	4	4.6
44	4	3	5	7	7	7.6
30	3	2	4	3	3	2.75
52	4	5	4	4	5	6.9
91	6	2	3	5	4	4.8
52	4.2	7	4	4	3	6
78	6	51	5	6	5	9.5
80	5	8	3	3	4	8.8
47.6	4	7	3	4	4	4.49
38	3.2	2.5	4	4	3	4.65
61	4	14	3	4	4	3.6
124	5	5	1	3	2	1.38
45	5	4	4	4	3	3.15
50	4.1	10	3	4	5	4.45
46	4	3	5	4	5	6.8
75	5	20	5	6	5	8.4
173.2	7.5	5.5	2	5	6	5.6
35	3.7	2	5	4	4	5.65
98	4	7	2	3	3	3.8
100	5.88	12	3	3	3	8.35
62	4	6	4	4	4	6.95
87	5.8	6	2	3	3	4.7
45	4.7	5.6	3	3	3	3.47
87	5	5	4	5	6	7.9
80	5	5.5	2	3	2	4.69
118	5.6	5	1	2	1	1.7
40	4	6	3	3	3	4.6
80.6	5.5	8	5	4	5	9.5
33	4	3	5	3	4	4.6
48	3.5	7	4	3	4	8.48
87	4	7	3	3	2	6.7
44	3	3	2	2	2	2.7
309	7.88	6	2	4	3	4.8
108	6	43	5	8	9	4.5
78	6	3.5	1	2	1	3.7
96	4	10	3	3	4	7.7
24	3.5	3	4	3	3	2.8
38	4	4	5	4	4	5.5
75	4	7	1	3	2	1.6
64	7	7	1	2	1	1.1
39.5	3.65	4	5	4	4	7.8
162	9	15	3	5	4	8.2
117	20	7.5	3	3	4	9.8
93	5	7.5	3	3	3	7.5
52	9	8	5	6	4	8.5
102	5	7.5	2	3	2	8
75	4.7	4	4	4	3	6.5
90	6	13	3	4	4	5.5
120	6	7	1	7	7	8.4
100	5	6	3	5	5	9.5
60.2	4.5	12	2	4	4	9.5
120	5	8	4	5	5	7.4
100	5	10	1	2	2	9.9
71	4.2	6	2	2	1	4.8
48	4	3	2	2	2	4.69
70	5	13	5	6	5	7
132	5.5	5.5	2	3	2	2.99
30	7	2	5	3	4	4.7
40	3.9	4	5	4	4	8.5
68	4	3	2	3	2	3
90	4.5	8	2	2	2	7.6
44	4	6	4	3	4	7.85
84	4	5	4	5	6	8.99
67	42	7	3	3	3	4.1
100	5	16	3	4	4	8.9
36	4	4	2	2	2	2.58
60	4	4	3	3	3	3.8
59	5	7	4	3	3	4.2
115	5	12	3	3	3	5.7
75	4.2	10	2	3	2	5.5
41.3	3.06	3.2	4	4	3	8
55	5	3	2	2	2	5.07
45	4	3	5	6	4	5.28
72.9	11	5.2	2	2	1	3.5
101	5	7.5	3	2	3	4.85
47	36	5	3	3	3	6.95
52	4.2	5	2	2	2	4.9
60	6	2	2	2	2	3.6
34	3.8	8	2	2	2	4.75
95	3.8	7	3	4	3	4.5
150	5	8	2	9	9	2.05
32	4	3	4	5	4	3.75
100	8	8	2	3	2	3.6
60	4	7	5	4	6	8.49
64	4	2	4	4	4	7.5
100	5	12	1	2	2	3.65
48	4	6	2	3	2	6.4
120	5	22	4	6	6	7.2
20	3	2	4	3	3	3.3
117	6	60	4	5	4	9.5
75	5	16	3	3	3	8.5
73	4	6	2	4	2	3.25
100	5	5.5	2	4	4	4.65
66	4	6	5	4	5	7.2
58.3	4.9	5	2	3	2	2.7
61	4	8	2	1	1	4.45
81	4	4	3	4	5	8.9
40	4.6	5	5	3	4	5.3
72	4.5	5	1	1	1	7.95
201	6.7	12	2	3	3	4.6
100	5	7	2	3	2	4.8
100	5	16	4	4	5	8
32	4.2	5	5	3	4	6.15
65	4	10	2	2	2	3.3
68	5	5	5	5	5	6.3
84.8	6.6	2.2	3	3	2	4.8
63	4.1	4	1	2	1	4.3
100	5	20	3	3	3	7.5
85	6.5	4	4	4	4	8.9
49	5	2	2	3	2	3
60	4	5	3	4	3	5.2
100	5	5	2	2	2	4.7
50	4	8	2	3	2	5.8
59	4	5	3	3	3	6.5
86	5	5	2	6	6	4.6
31	35	35	4	3	5	4.95
128	5.1	10	1	8	8	6.4
60	4	4	3	4	3	5.7
88	4	6	3	4	4	3.6
97	5	5	2	2	2	3.9
44	4	4	1	2	1	1.15
161	6.5	5	1	3	2	3.9
103	4	6	3	4	4	5
64	4	12	3	3	3	3.25
71.6	4	5	3	3	4	4.3
60	5	5	2	2	2	3.5
43	10	6	2	2	2	4.2
64	4	4	3	4	4	8
47	4	2.5	2	6	7	2
75	4	5	3	4	4	7.6
78	4	4	1	1	1	7.3
50	4	8	3	3	3	3.85
38	3.9	2.5	5	6	4	6.9
62	4	4	2	3	2	3.5
39	3.1	3	5	3	4	5.86
66	4	5	1	2	2	3.95
80	4	8	2	3	2	6.2
34	3.15	3	3	2	2	4.15
205	10	15	1	2	2	1.2
55	4	2.5	4	4	3	6.6
60	4	5	4	4	3	8
50	4	3	5	6	4	6.75
50	5	5	5	4	4	9.5
54	6	8	2	4	2	6.35
56	2.71	3	3	3	3	8.6
76	5.9	4	3	4	3	4.8
40	5	3	5	3	4	7
46	4	25	5	4	4	6.8
58	9	15	6	4	6	8.5
35.2	3.2	5	4	4	4	7.35
66	4	5	4	4	5	6.25
40	3	2	6	3	5	6.5
45	4	5	2	2	2	4.8
46	4	2.5	5	6	4	6.8
33	3.9	2.8	5	3	4	5.8
33	4	50	5	3	4	5.98
40	4	10	6	8	5	10
42	4	4	5	6	4	5.6
35	4	3.5	5	4	3	5.35
50	5	4	5	4	4	7.25
35	4	4	5	3	3	5.4
32	6.6	5.5	5	4	4	5
55	4.5	3.8	4	4	3	3.45
38	3.6	25	6	3	4	8.35
41	4.5	4	4	4	3	3.8
28	4	5	5	3	3	6.4
30	4	5	5	3	3	6.5
50	4	5	3	3	3	4
58	4.4	4	4	5	3	8.6
49.7	4.06	5	2	3	2	4.7
35	4	3	5	3	4	5.9
51	4	3.5	3	3	3	2.95
50	5	6	4	4	4	6.1
64	4	7	3	3	3	3.99
50	4	12	5	4	5	6.2
31	5	2	6	4	5	7.35
74.3	5	4.7	2	3	3	4.5
72	4	14	3	3	4	8.1
125	5	17.5	3	3	3	4.3
58	5	2.5	1	2	2	2.1
79	4.08	3	1	2	2	2.15
40	4.5	3	5	3	4	6.8
60	4	4	3	3	3	3.9
24	4	3	4	3	4	4.8
58	4.3	6	5	4	4	9.1
47	5	3	5	4	3	6.99
32	3.7	2.5	5	4	3	4.6
102	5	7	3	3	4	7
195.5	11.5	13.5	2	3	2	5.7
40	4	3.5	2	2	1	2.7
62	8	6	3	3	3	3.65
126	6	15.5	4	3	3	7.95
87	6	16	1	2	1	3.7
49	4	4	5	4	3	8.9
60	4	4	2	3	2	2.7
55	4.2	4	5	4	3	7.7
52	5.1	7	2	2	2	7.6
70	3.5	6	2	2	3	4.6
33	5	3	5	3	3	4
43	5	5	2	2	2	1.85
30	3.1	7	5	3	3	8.5
176.2	9	5	2	5	4	4.8
70	4.2	5	2	3	2	3.6
110	5	7	2	3	2	3.19
105.4	5.2	5	1	2	1	5.6
87	9	10	3	5	5	6.5
54	4	7	4	6	6	6.1
100	10	10	2	4	3	6.5
84.4	5.5	4.5	3	4	6	8.9
73	4	4	3	3	4	3.38
40	5	2.5	2	2	2	1.45
58.1	4.1	4	3	2	2	3.9
72.4	4.8	4	2	3	3	5.9
81	4	6	2	4	3	5.8
34	4.25	3	2	2	2	3.35
58	4	6	3	3	3	4.5
125	5	7	3	4	5	5.95
168	6	6	1	4	4	6.45
54	4	7	3	4	3	4.7
52	4.1	6	4	4	3	3.9
63	4.5	12	4	4	5	5
66	4.1	5	4	5	5	5.6
58.4	3.86	3	4	4	4	3.98
68	4	8	3	4	3	7.5
41	4.1	3	2	2	2	4.28
58.4	4	10	4	5	5	8.9
52	4	4	3	3	3	7.2
65	4	5	2	2	2	4.8
60	4	5	3	4	4	6.9
33	4	6	2	2	1	2.9
64.4	4	4	5	6	7	7.5
63	3.24	4	5	5	3	6.38
48	5.7	8	4	4	3	9.3
35	3.5	50	6	4	5	8.68
37	3.5	3	4	4	3	5.9
32	3.2	4	3	4	3	6
40	5	5	4	4	5	5.35
56.4	4.25	4	3	4	4	5.45
52	4	6	3	4	4	6.95
64.3	4.2	7	4	4	4	7.65
87.3	4	5	4	5	6	8.3
38	4.48	30	2	2	2	6.45
48	4	4	3	5	6	4.9
102	5	4	1	2	1	6.5
40	7	7	2	3	3	2.48
51	3.5	3.5	2	2	2	4.49
36	4	5	4	5	4	7.4
39	6.5	50	4	7	7	7.8
225	5.5	20	2	3	4	10
141.6	5.5	18	4	5	6	7.5
73	4	5	3	3	4	4.1
90	4	7	3	4	4	4.35
48	3.5	3	3	4	3	2.7
70	4	5	3	4	4	5.6
60	4	5	4	4	5	6.69
30	4	3	5	3	4	5.5
52	4	8	2	3	3	6.9
60	5.2	5	3	4	3	4.5
45	5	3	5	4	4	5.6
90.6	6.5	8	4	4	5	5.9
90.2	5	8	3	3	2	5.89
38	3	3	3	3	3	1.7
68	5.3	8	3	3	3	7.6
83	5.4	6	3	3	2	9.6
45	5	4	3	3	3	4.15
47	5	3	3	3	2	2.95
35	5	5	2	2	2	1.25
30	3	1	4	4	3	3.2
62.8	4	12	3	3	4	3.2
55	5	4	5	6	6	8.95
76.4	10	10	4	4	5	9.5
60	4	6	4	5	5	9.7
32	3.7	2.4	2	3	4	5.29
40	4.3	3	5	3	4	6.8
76	4	5	4	5	6	7.8
82	5	3.5	1	2	1	1.69
71.4	4.2	10	3	3	3	8.4
150	5	16	1	3	2	2.3
32	3.05	3	3	4	3	1.85
147	6	30	4	4	4	7.2
87	7	20	4	8	9	7.9
47	3.6	5.6	4	6	4	9
63	3.5	5	3	3	2	4.78
102	6	22	4	3	3	7.2
52	4	15	4	3	4	8.5
45	4	3.5	5	6	4	9.6
24	2.4	2.2	4	4	3	4.6
56	4	7	4	4	5	7.3
60.3	4.2	7	4	4	5	8.49
66	4.2	3	2	3	2	5.9
105	8.5	6	2	2	2	4.55
100	5	13	3	4	4	5.35
38	5.5	3	2	3	2	1.99
64	4	7	3	4	5	2.4
40	4	10	4	3	3	4.9
55	4	10	4	3	3	5.85
90	6	7.5	1	2	1	5.25
63	3.5	16	3	2	2	8.5
60	4	12	4	5	5	8.6
55	5	3	6	8	5	8.3
30	6	24	5	4	4	8.9
63	4	8	2	3	3	7.3
56	3.7	5	4	5	5	5.85
90	55	8	3	4	4	4.4
65	4.5	2	3	3	2	2.4
100	5	7.5	3	4	4	5.8
135	6	3.1	2	4	2	4.05
36	4	3	5	6	4	4.45
34	3.3	3	2	1	1	4
45	8	3	4	4	3	9.25
90	5	7.5	2	2	2	3.9
60	3	3	4	6	3	3.96
42	4.2	3	3	2	2	4.3
96	6	16	3	4	5	7.2
105	5	4	2	4	4	6
90	6.8	6	3	4	3	3.3
24	3	3	2	2	2	1.25
72.9	11.5	5	2	3	1	3.5
68.3	7	3	2	3	2	7.5
80	4	3	2	2	2	2.15
117	6	16	3	4	3	6.1
54	5	40	1	1	1	1.35
58.4	4	2	2	2	2	2.2
35	3.4	2	5	3	4	4.2
50	4	4	3	3	3	7.2
30	4	2	5	3	4	5.48
35.7	3.85	3	2	2	2	3.45
46	6	3	4	4	3	8.4
42	4	3	4	5	4	4.5
52	4	6	2	2	2	4.99
90	5	5	2	3	2	6.45
141.6	5.5	22	4	5	5	7.5
88	6.5	7.5	6	9	3	6.8
68	4	4	2	4	2	5.3
90	6	16	3	4	3	4.1
75.6	5	10	4	5	6	7.5
29	3.7	5	3	3	3	2.33
70	5	30	5	6	5	10
60	4	13	5	6	5	8
75	4	13	3	4	4	4.37
50	4.3	3	3	3	3	6.3
30	4	2.5	3	3	2	2.65
38	4	6	3	3	3	2.55
88	4	20	2	3	3	5.5
84	5.04	7	1	2	2	7.9
43	4.5	5	2	2	2	1.85
40	5.2	3	4	4	3	5.1
36	4	6	3	3	3	2.2
78	7	8	4	4	5	9.5
40	7	4	2	2	2	4.3
50	6	2.5	6	9	8	6.3
68	3.55	6	4	4	5	8.5
55	4.3	5	5	5	5	9.5
40	4.5	4	5	8	8	8.6
42	3.7	5	3	4	1	4.1
35	4	10	5	3	4	6.2
69	4	5	5	5	5	5.8
90	6	13.5	3	4	3	4.3
55	3.7	6	4	6	5	9.5
40	3.8	2	4	3	3	6.45
60	4	8	5	4	6	8.1
64	5	13	5	6	5	7.6
68	4	20	5	6	7	9.3
44	4	6	4	4	4	7.5
76.1	5.5	7	5	5	3	6.8
230	18.86	3.2	2	3	2	2.86
56	4	5	2	3	2	4.2
69.8	5	10	6	8	6	8.86
68	4	10	4	5	6	6.2
69	4	12	2	2	2	5.65
103.5	4.5	12	4	5	6	6.9
58	4	6	3	2	2	5.29
309	11	7	1	3	2	2.4
90	5	7.5	3	3	4	5.6
118	6	15	1	2	1	8.6
72	4.5	5	2	3	2	3.7
3.1	35	2	6	4	5	5.88
33	3.3	4	5	3	4	3.5
75	5	5	2	2	2	3.65
90	4.5	14	1	1	1	2.5
83	5	8	5	6	6	7.1
100	5.4	4.5	1	4	4	3.15
75	6	3	2	2	1	3.2
105	5	5	2	2	2	4.2
44	3.2	2.5	5	7	4	7
90	5	12	3	4	5	8.3
38	5	12	2	3	2	3.8
100	6.1	3	3	4	3	7.5
37.5	4.5	2.5	6	7	7	6.5
100	6.5	8	1	3	2	3.55
35	4	5	5	3	4	5.2
75	5	12	4	6	6	4.19
80	4	5	1	3	2	3.9
64	6	6	5	5	6	7.3
34.6	3	3	1	2	1	3.5
43	4	6	2	2	2	4.25
110	4.5	3	2	4	3	3.9
80	8	8	2	4	4	7.9
75	5	6	2	3	3	5.6
50	4	5	2	2	2	3.95
108.8	5.44	13	3	4	5	8.9
67	5	12	2	2	2	1.6
60	4	6	3	3	3	5.98
64	4	6	2	2	2	6.4
45.8	4.5	4	3	3	3	4.3
39	4	3	2	2	2	4.9
47	5.2	25	5	5	4	5.25
61	4.2	2.5	4	3	2	7.6
64	4	8	2	2	2	6.48
134	8	10	2	3	2	9.3
35	4	6	5	3	3	4.15
90	5	13	3	4	3	7.7
78.75	4.5	7	4	4	3	4.3
38	4	3.5	2	2	2	4.39
30	4.4	7	6	6	6	7.9
34	3.4	2.5	4	3	3	5.33
40	4	4	5	7	5	6.5
56	4	8	3	3	3	8.5
30	3.68	4	5	3	4	4.35
48	4	10	4	4	3	3.55
48.3	4.1	10	4	4	3	3.1
71.8	6	3	1	1	1	4.5
80	5	20	3	4	5	2.9
32	3.5	2.5	5	3	4	5.25
43	4	3	3	4	2	3.4
53.2	5	6	4	4	5	2.5
156	7	5	1	2	1	3.4
65	5	8	3	3	3	6.8
66.3	4.6	5	5	8	8	8.5
82	3.5	6	3	3	3	5.8
48	4	3	4	3	3	7.85
112.5	5	7.5	3	4	4	6.5
100	5	7.5	3	3	4	6.2
35	3.3	2.5	4	4	3	4.79
33	5	4	5	3	3	5.18
39	4	3	5	6	7	6.1
100	5	7.5	3	3	3	5
57	4.6	4	2	2	2	4.7
100	5	5.5	3	3	2	6
110	5	15	3	4	5	5.73
32	3.5	3.5	5	4	5	4.3
40	5	3	6	7	5	7.8
39	4.5	3	4	5	5	6.9
282.7	11	50	1	4	2	9.5
40	4	3	5	5	4	6
65	7	4	2	2	2	9.9
100	5	4	1	3	2	3.7
95	5	30	4	4	3	5
42	3.3	2.5	4	4	4	4.55
100	6	10	1	2	1	1.49
45	7	14.5	1	1	1	2
62	5	6	2	3	2	4.2
81	6	10	3	4	5	9.9
84	5	8	4	4	6	9.5
66	5.4	3	1	2	2	3.75
43	6	6	3	3	3	6.25
44	4	5	4	4	4	5.8
84	4	6	2	3	2	4.9
64	4	13	3	3	4	3.5
65	5	13	5	5	4	7
48	4	4	3	4	3	4.85
40	4	4	2	2	2	3.68
80	5	7.5	4	5	6	7.6
80	4	3	2	2	2	4.68
72	4	8	1	3	2	6.5
35	4	6	5	3	4	5.7
61.4	6.2	3	3	8	8	9.6
30	4	8	1	2	2	2.35
35	4	4	3	4	3	4.5
40	4	4.5	6	4	4	8.7
320	10	32	1	4	4	5.8
77	4	16	4	4	4	7.75
100	5	15	3	4	4	5.2
190	5	5	1	5	5	9.5
92	5	16	2	3	3	5.6
157	6	20	2	2	1	4.2
62	6	6	2	2	2	5.15
60	6	6	2	2	2	5.1
75	5	7	5	5	5	8.8
75	5	20	4	5	6	9.3
96	55	20	4	5	6	8.3
55	5.5	7	3	3	3	5.8
16	3	2.5	2	1	2	2.94
80.3	7.3	7	4	4	5	6.5
62.5	5	6	3	4	3	5.28
32	3.6	2.5	4	2	3	2.85
24	4	3	2	2	1	1.18
90	5	5	2	3	2	4.3
141.6	5.5	22	4	5	6	7.5
105	8	7	1	2	2	5.45
23	3	10	1	1	1	4
41	3.3	10	4	5	4	8.95
92	4	6	3	3	3	8.5
63	2.2	2.2	5	5	5	7.2
48	4	4	2	2	2	1
50	4.3	2	2	2	2	4.1
50.1	4.3	2	2	2	2	4.1
50.2	4.3	2	2	2	2	4.1
50.3	4.3	2	2	2	2	4.1
280.5	10	11	1	2	2	5
80	5	15	3	4	3	2
56	4	6	2	2	3	5.6
33	3.8	2.7	4	2	4	3.85
33	3.5	3	4	4	3	6.15
68	4	6	4	4	4	7.75
53.8	4.5	8	4	3	3	4.8
188	4	6	4	4	4	5.85
75	5	12	3	3	4	8.3
28	4	7	3	2	2	2.15
72	4	5	2	3	2	3
37	3	2	4	3	3	5.18
120	7	5	2	3	2	7.5
92	5	13	3	3	3	4.2
80	10	10	2	3	2	2.88
100	5	20	3	5	6	6.6
90	4.85	8	2	4	2	4.25
100	5	15.3	3	4	5	5.7
37	3.5	3	4	4	3	7.4
200	5	17	3	4	3	3.6
39	4.3	2	5	4	4	6.6
40	4	35	4	4	3	6.3
182	7	40	1	3	1	2.1
70	5	6	3	3	3	6
275	10	4	1	3	2	2.2
52	3.8	5	2	2	2	9
40	4	5	4	4	4	6
168	7	16	2	4	3	5.11
96.7	5	13	3	4	4	5.2
38	7	3	3	2	2	3.5
25.6	3.2	3	3	3	3	3.4
85	5	4	2	6	5	6.8
75	5	5	2	2	2	3.65
85.7	5.4	7	1	3	3	8.5
104	5	6	3	5	5	9.6
40	3.97	2.2	1	1	1	3
32	3.4	3	5	3	4	4.5
96.7	5	13	3	4	4	5.2
58.2	6	6	5	3	4	8.6
100	5	13	3	4	4	3.07
30	3	8	2	4	3	2.5
217	15	12	3	4	3	5
96.7	5	13	3	5	4	5.2
88	4.1	7	4	4	3	8.4
35	4	4	1	2	2	2
251.9	7	5	2	4	2	5.9
51	4.3	8	3	3	3	4.5
40	3.8	3	5	6	4	3.4
38	4	3	5	3	4	4.9
50	3.9	3	4	4	4	8.8
40	4	3	2	2	2	3.1
50.8	4	6	2	2	2	4.35
45	4.5	5	4	4	3	6.2
71	4.3	5	4	4	5	8.4
54	5	6	1	2	2	4.75
35	3.5	5	5	5	6	9.5
106	5	5	3	4	4	6.7
71.59	4.9	38	2	2	3	4.45
48	4.2	5	4	4	4	6.99
100	5	12	2	2	2	1.3
35	5	5	1	3	2	1.9
73	5	8	2	3	1	3.25
62.3	4.7	5	4	4	5	8
24	3	4	5	3	3	4.99
32	3	3	5	3	4	3.2
100	5	3	1	2	2	10
20.4	3	3.5	4	2	3	4.85
55	4.1	6	4	4	5	9.8
251	10	8	3	4	2	9.9
26	4	20	5	3	3	9
171	4	7	4	6	5	6.1
68	4	6	3	4	4	6.5
100	5	10.5	3	3	3	7.5
100	5	7.5	3	3	3	6.2
48	3.5	6	1	2	2	3.65
32	5	3	5	4	4	5.2
35	4	3	5	3	3	5.2
145	5	3	1	2	1	1.35
150	6	5	2	3	3	6.2
60	5.8	4	3	3	4	2.2
58	4	10	5	4	5	7.49
43	4.3	3	5	3	4	4.1
106	5	5	3	3	3	6.7
100	5	12	2	3	2	6.9
50	4.5	2.5	5	6	4	5.5
172	6.5	3	4	7	7	8.6
52	6	6	4	4	4	6.7
52	4	5	3	4	4	5.05
40.8	4	8	2	2	2	3.5
86	4.9	3	3	3	2	2.68
83	4.2	5	5	7	7	8.5
48	4.5	3	4	3	3	4.55
72	4	7	3	4	5	5.95
100.1	5	35	3	3	3	7.9
75	5	5	3	4	4	4
100	5	10.5	4	4	5	9
50	4.7	6	2	2	2	5.5
60	5	6	2	2	2	2.95
100	6	7.5	3	3	4	4
85.3	5	10	3	3	2	4.89
52	4.7	5	4	4	3	6.2
72	4	8	3	4	3	5.99
53	3.5	2	5	7	4	7
64	4.1	4.5	4	4	4	8.49
79	4.5	5	1	2	1	4.75
48	8	6	2	4	4	1.9
40	3.6	4	5	5	4	6.95
50	4.5	12	3	4	6	6.29
56	4	10	4	4	5	5.85
60	5	5	2	2	3	5.4
70	3.3	2	3	4	3	7.8
34.5	7.5	4	2	3	2	2.55
119	4.14	2.5	3	4	3	4.8
40	4	5	4	2	2	5
35	5	4	3	3	3	4.3
68.5	5.5	12	5	4	5	7.1
60	4	7	4	4	4	7.8
50	4	4	7	5	6	8.45
64	13	8	5	4	5	6.4
54.2	3.6	12	1	2	2	7.58
85	5	12	2	3	4	3.9
32	9	4	3	3	3	4.68
64	4	6	2	2	3	4.8
169.7	9.5	12	2	3	3	7
38	3.5	2.5	6	4	4	8.35
48	3.4	5	5	9	9	8.9
52	8	8	4	6	6	7.2
63	4	5	4	4	5	8.5
120	6	14	3	3	2	6.1
62	3.5	3.5	1	2	2	6.5
77	3.5	3.5	3	2	3	5
40	3.7	3	5	3	4	7.86
96	5	6	2	3	3	3.9
83	4	7	2	3	2	7.2
62	6.7	6	2	2	2	3.5
95.5	5	15	3	3	5	9.5
40	3.5	5	5	5	5	5.65
75	5	5	2	3	2	3.65
44	5	5	2	2	2	2.35
45	3.5	2	5	3	4	5.95
57	4	4	4	5	5	9.9
44	3.5	4	3	3	3	2.7
275	5.5	5	1	3	2	2.95
71	4	12	3	3	3	3.95
72	4	8	2	3	2	5.6
90	5	10	4	5	5	9.85
72	4	4	2	3	2	3.8
126	4	7	1	7	7	4.99
96	4	10	3	4	3	8.5
70	5	4	2	3	2	4
100	5	6	2	3	3	3.85
70	4	10	2	3	2	5.9
60	4	3	2	2	2	3.1
56	4	3	2	3	2	3.45
52.7	3.6	5	2	3	2	3.45
55	4.4	5	4	6	4	9.5
45	4	5	5	4	4	8.7
71	4	8	2	3	2	5.6
40	4	5	4	6	3	5.55
64	4	10	3	4	3	4.7
36	3.5	2.5	2	3	2	1.98
238.9	7	7	1	1	1	1.9
115	13.5	6.5	3	4	3	3.95
162	9	14	3	4	4	8.35
80	4.7	5	2	3	3	2.75
70	7	7	1	2	2	2.3
44	4	11	3	3	2	4.59
168	5.27	7	1	1	1	9.5
89	7	7	3	4	3	2.7
120	5	12	1	5	5	8.2
48.9	4.1	10	4	4	3	3.25
57	6	6	3	4	5	7.5
105	5	6	2	3	3	3.95
153	8.3	5	1	2	2	3.9
76	6.2	30	1	2	1	6.9
80	5	67	5	5	6	4.79
53	4.57	3	2	2	2	4.35
32	5	3	4	3	3	3.9
30	4	2	2	2	2	4.85
95	5	6	2	3	2	7.7
51	5	5	3	3	3	5.45
70	5	6	2	2	2	1.2
56	4	8	2	3	2	4.95
90	4.8	5	1	4	4	5.9
33	3	5	5	3	4	8.2
54	4.5	5	5	3	4	8.7
52	4	5	3	3	4	2.09
24	42	3	4	3	3	4.8
72.5	5.18	10	3	4	2	7.3
38	4	5	5	3	4	5.5
66	4	3.5	2	3	2	4
64	4	13	3	3	4	7.5
45	6	2	4	3	3	5.3
180	9	15	3	4	4	9.7
120	6	15	3	4	4	6.7
45.1	4	4	3	6	6	5.48
37	5	5	4	4	3	4.65
36	4	4	3	3	3	4.95
100	5	25	3	3	3	3
47	5	5	2	3	3	4.98
177	5	8	2	5	5	2.95
76	4	9	2	4	4	8
48	4	6	4	4	5	7
82.8	7	14	3	3	3	8.2
300	10	8	1	8	8	4.1
30	3.9	3	4	3	3	4.75
56	6	30	1	1	1	7
33.9	4	5	4	5	5	7.5
55	45	8	5	3	3	6.6
75	5	6	4	5	5	9.5
100	5	5	2	4	2	1.98
65	4.2	7	4	4	4	7.55
52	4	2.5	1	2	2	2.45
85	4.2	5	4	4	4	7.8
290	11.6	8	2	4	2	3
30	4	8	1	1	1	4.25
50	4.2	10	4	4	3	3.2
60	4.6	3.5	1	1	1	3.8
100	5	17	2	2	2	1.4
42	3.8	4	3	4	3	4.7
35	3.5	5	5	4	4	4.65
40	4	5	5	4	4	9.5
62	5	14	3	4	3	7.8
72	4	6	4	4	5	6.8
120	5	12	1	2	1	1.48
55	4	2	4	4	3	5.8
48	4	3.5	5	5	4	7.8
50	6	4	4	4	4	3.9
40	4	3.5	2	2	2	1.75
72	4	20	5	8	8	9.5
72	4.5	6	3	4	3	6.8
110	6.5	5.5	2	3	3	6.3
32	3.3	2	5	3	4	5.3
52	4	6	3	4	5	4.45
40	3.1	2	5	7	5	7.9
21	4	3	2	1	1	2.36
44	4.2	3	5	4	4	8.1
34	3.8	2.8	5	3	4	4.8
33	4.9	5	5	3	3	7.45
30	4.3	2.5	5	3	4	4.95
27	3.2	3.5	2	2	2	1.4
33	5	2	5	3	4	4.5
54	4	6	4	4	5	5.6
68.5	4.5	13	3	4	4	4.5
44	4	6	3	3	2	3.6
47.5	4	7	1	1	1	4.5
47	4.5	4	3	3	3	2.8
32	3.5	2	4	3	3	3.68
85.3	5	9	3	3	2	4.89
33	4	2.5	5	3	4	4.98
64	4	30	3	4	3	4.7
75	5.5	5.5	4	5	5	6.5
88	5	8	4	4	5	6.1
30	3	2	5	3	3	4.2
68	5.9	5	3	3	3	6.95
100	5	5.5	2	2	2	4.4
36	37	2	4	3	3	5.35
74	4.5	5.5	2	3	2	4.45
65	4	8	3	4	4	7.2
36	3.3	7.5	2	2	2	3.35
42	16	6	1	1	1	7.8
87	5	5	3	4	3	9.8
93	5	2	1	2	2	7.9
42	4	3	5	3	4	6.6
50	4	12	5	5	5	5.25
100	5	19	3	4	3	4.8
60	4	4	2	3	2	3.98
109	4	10	1	2	1	6.9
52	4.2	2	4	4	3	7.15
27	35	5	4	3	3	5.4
170	8.5	5	2	4	6	9.8
118.67	9.5	9	2	4	4	9
85	4	6	2	3	3	5.9
32	3.1	3	4	5	3	4.8
65.1	4	8	2	2	2	3.3
45	3.3	2	5	7	7	6.85
40	4.5	5	5	4	4	9
48	4	5	2	3	4	4.5
116.5	6.3	6	1	2	2	7.1
38	4	2	2	2	2	2.2
70	6.2	3	3	3	4	2.6
70	5	4	3	5	5	8.1
54.4	4.5	12	3	2	2	2.85
62.7	8	7	5	5	7	9.5
48	6	5	3	6	3	8.9
47.4	5.15	12	2	2	2	6.4
60	5	8	3	4	5	3.7
94	5	10	2	3	2	2.5
60.2	5	12	2	2	2	2.25
79	5	10	4	4	2	6.7
40	5	4	2	2	2	4.79
26	4.26	2.5	2	1	2	3.85
112.5	7.5	3	2	3	3	9.5
80	4	8	3	4	4	7.9
45	3.8	3	3	3	3	5.95
80	5	7	4	4	5	7.2
47	3.58	4	2	3	2	6.8
141	4.7	7	4	4	5	6.3
24	3.4	3	2	3	2	3.8
36	3	3	2	3	2	3.9
30	3.7	2.5	2	2	1	3
55	4	4	4	7	4	9.3
80	4.5	8	4	5	6	7.9
25	2.5	3	4	3	4	4.6
57	5.4	5	5	6	6	9.5
19	4	5	2	2	2	3.4
30	4	4	5	3	4	6.35
35	3.7	2	5	4	6	6
38	4	5	4	5	6	7.8
60	4.3	2.5	4	4	6	7.39
73	6	2.5	4	4	4	8.9
136	8.5	7	3	3	3	8.9
78	5	24	4	5	5	4.5
27	5.4	5	3	3	3	4.85
66	3.8	6	3	4	3	9
25	3.5	3	4	3	3	3.85
35	3	5	3	3	3	2.4
25	3.5	4	4	3	4	3.9
45	4.5	6	6	4	5	10
42	3.5	6	2	2	2	2.65
40	4	4	5	3	4	6.6
46	9	5	3	2	2	7.2
87	5.23	3	3	3	3	5.9
31	3	3	2	3	3	3.79
49	4.5	5	4	4	4	6.5
40	4	3	6	4	5	5.96
150	8	12	3	4	4	9.5
40	5.2	6	5	5	6	9.1
50	4.2	4.5	6	4	5	6.5
75	5	6	3	4	5	3.5
80	5	5	3	3	3	9.9
81.5	5.5	5	2	2	2	5.3
180	10	7	4	4	5	6.9
42	4.5	3	4	3	3	5.4
60	4	8	2	2	2	6.4
52	4	7	4	6	6	7.2
56.3	4	4	2	2	2	5.2
38	3.5	2.7	5	4	3	5.96
115.6	6.3	5	2	6	2	9.3
36	4	4	4	3	4	5.25
57.1	4.5	8	3	5	3	9
80	4	4	1	2	2	3.8
60	4	5	2	2	2	4.8
45	5.3	4	2	3	2	4.5
80	5.6	6	3	3	4	7.39
60.75	4.5	5	5	4	4	6.6
36	4	40	3	3	2	8.8
79	4	22	3	4	3	6.3
40	4	6	3	5	5	5.5
40	4	6	2	2	2	2.4
100.5	5	6	2	3	2	2.2
103	5	16.5	3	4	3	8.3
52	4	6	5	4	5	7.55
25	3	5	2	2	2	2.4
21	6	4	2	2	2	1.66
52	4	5	3	4	2	4.85
56.1	5.6	6	4	4	5	8
55	4	5	5	4	4	9.3
48	4	3	6	5	5	6
112	8	12	3	4	5	7.2
50	4	7	3	4	5	5.5
55.3	4.35	4	3	4	3	6.4
48	4	8	3	3	3	5.5
70	4	5	3	3	3	5.2
90	6	5.5	2	3	2	3.5
32	4	4	2	2	2	3.95
40	8	6	4	6	5	7.8
80	5	12	2	4	2	6.2
56	3.9	3	4	4	3	3.1
35	5	2	1	2	1	3.1
46	4	40	4	4	3	7.95
90	4.5	5	1	2	1	3.55
31	4	2.5	2	2	2	3.35
93.9	14	30	4	4	4	4.6
36	4	4	2	2	2	4.45
80	4	4	2	3	2	8.4
64	4	8	2	2	2	7.1
40	4.5	10	6	4	5	6.9
80	5	7	2	3	2	1.55
80	4	8	3	3	2	8.95
61	5	3	2	3	2	2.85
40	5	5	3	3	3	3.2
202	13	10	1	6	5	9
32	4	5	5	3	4	5.6
75	5	22	2	4	4	2.7
20	3.2	3	2	2	2	3.45
40	4	4	7	6	6	9.8
100	5	8	1	1	1	6.9
52	4	5	4	5	6	5.5
56.5	12	12	4	4	4	6.1
45	4	2	4	3	3	1.8
60	4	6	4	5	5	4.69
57	4	4	4	4	3	6
53	3.5	4	3	3	3	3.7
30	3	6	1	1	1	1.88
32	3.2	5	4	4	3	7.5
46	4	4	2	2	3	5.1
51.7	6	2.5	2	4	2	2.4
48.8	4	5	2	3	2	6.4
58	4	7	3	4	3	4.75
50	5	12	3	3	3	5.3
72	4	8	4	4	4	5.45
19.5	6	3	2	2	2	2.8
60	5	8	3	3	3	4.44
80	6	67	5	8	5	4.8
29.3	6	6	2	2	2	3.75
32	4	3	3	2	2	3.7
36	3.6	2	5	3	4	5.72
80.3	7.3	6	3	4	5	6.4
100	5	12	3	3	4	4.3
98	5.1	8	2	3	2	10
60	5	5	4	4	4	6.29
72	4.5	5	1	3	1	3.35
55	5	10	4	4	5	6.77
70	5	7	3	4	5	6.49
501	7.15	7	1	2	2	3
44	4	3	2	2	2	5.1
50	4.3	4	4	4	4	7.1
50	4	5	4	4	3	6.8
66	5.7	8	5	4	3	9.3
38	5.8	2	3	3	3	2.2
90	5	4	1	2	2	4
42	4.5	4	4	4	3	7.9
85	9.5	12	2	3	3	4.75
46	4.5	3	5	4	4	6.25
61	4	6	4	3	4	3.5
50	4.5	6	4	3	5	8.25
60	4	10	3	4	5	7.1
87	9	6	4	5	5	6.5
55	4.2	10	4	4	4	7.49
52	4	3	3	3	3	1.88
35	4	3.5	5	4	4	3.35
32	4	3	5	4	3	2.7
35	4.5	3	5	4	4	5.25
45	5	3	6	4	4	9.6
31	4	3	5	3	4	2.95
35	5	3	5	4	4	7.5
30	5	2.5	5	3	4	5.3
53	8	8	3	4	4	5.2
53	4	10	4	4	5	6.8
95	5	30	4	4	3	5.8
40	4	6	3	4	3	5.9
120	8	5	2	8	8	4.5
60	4	3	2	4	2	1.89
48	4.8	4	5	4	5	8
52.1	4.2	5	2	2	2	4.9
39	4	5	4	3	4	8
51	4	6	4	4	3	9.2
37	3.11	5	4	4	4	4.18
66	4	5	5	4	5	9.25
64	4	6	4	4	5	8.5
35	4	3.5	4	5	4	7.8
200	5.5	5	2	2	2	9.5
45	4.5	3	5	6	4	5.5
40	4	3	4	4	4	4.2
76	4	5.5	3	4	3	5.7
90	5	7.5	3	3	3	5.9
85	5	7	1	2	2	8
80	5	7.5	3	3	3	5.95
50	5	3	5	6	5	9
60	5	8	4	4	5	9.1
85	5	5	1	2	1	1.65
50	4	4	5	6	7	7
35	3.5	4	5	4	4	4.9
50	4	3	3	4	3	6.65
100	5	5.5	1	3	2	5.2
102.7	6	3	1	2	1	3.2
82.5	5	5.5	2	2	2	4.1
101	5	7	2	2	2	7.2
75	5	5.5	2	3	3	5.5
31	3	2.5	3	3	2	2.5
61	4.3	6	3	2	2	3.6
250	11.5	30	3	5	6	9.52
140	7	12	3	4	4	8
30	5	3	5	4	4	4.45
48	4.4	4.5	2	2	2	7.8
30	3.1	5	5	2	2	7.98
72	6	17	3	3	3	1.79
35	4	3	5	4	4	6.6
100	5	12	4	7	6	5.9
61	4.5	4.5	4	3	3	4.69
65	4.5	10	2	2	2	2.2
100	5	10.5	1	3	1	4.9
186	10	4	2	4	4	8
60	3.8	3	5	4	4	6.95
568.9	10	4	2	3	1	1.2
31	3.8	4	5	3	4	4.05
180	4	8	2	5	2	4.5
80.5	5.1	5	2	2	2	2.95
100	5	17	5	7	7	6
120	6	7	3	3	3	3.2
60	4.5	6	2	3	2	5.6
44	4	4	5	6	4	6
45	5	3.75	2	2	2	4.35
45	3.6	5	5	6	7	8.8
38	5.6	3	6	4	5	8.8
30	4	3	4	4	4	4.15
60	4	5.5	2	3	3	4.8
54	5	2	5	6	4	8.1
36	3.7	3	3	3	3	1.55
178.6	5	3	2	2	2	1.6
100	5	7.5	3	3	4	6.9
70	4	8	1	3	2	6
52	5	13	5	6	4	6.3
39	5.5	3	4	3	3	6.7
38	5.5	10	4	4	3	5.8
38	5.6	3.5	4	3	3	6.6
40	4	3	2	2	2	3.7
80	4	10	4	5	6	9.5
80.2	5	15	4	5	5	5.79
90	4.5	15	3	4	4	9.8
125	5	33	3	9	9	6.75
70	5	5	3	5	5	5.1
18	3	3	3	2	2	2.6
65	4	6	4	4	5	8.59
30	4	4	3	3	3	5.2
14	3	3	2	1	2	2.2
50	4	12	5	6	4	9.3
65	4	2	4	4	4	8.8
120	6	24	3	3	4	8.6
40	4	5	2	2	2	2.35
82	5.6	3	5	6	4	9.8
40	3.5	2	5	5	4	6.8
35	4	3	5	3	4	4.6
157	5	4	1	3	2	1.52
75	7	5	1	2	1	1.15
40	4	5	1	2	2	1.98
120	8	12	4	5	6	9
160	14	14	1	3	3	4.65
87.5	5	11.5	4	4	4	5.29
42.01	3.56	3	2	2	2	3.2
92	7.55	3	3	3	3	2.7
60	3.52	2	4	5	3	7.98
47	5	8	5	6	5	9
35	4.8	3	2	2	2	2.35
96	6	50	4	5	5	6.5
59	4.6	8	4	5	6	10
75	5	12	4	6	4	7.7
45	3	2.5	5	6	4	8
45	4.5	3	5	5	4	6.7
50	5	6	4	4	3	4.85
80	5	7	3	4	3	4.55
120	7	12	2	3	3	7
30	3.5	10	5	3	4	7.98
38	3.5	3	4	3	3	5.1
52	5	5.5	2	2	2	3.08
75	5	12	3	3	4	5.24
54	4.5	7	4	4	4	4.99
170	10	12	3	3	4	8.9
75	5	13	5	4	4	8.3
62	5	3.5	2	2	1	1.45
527	10	10	1	2	1	3.5
16	3.3	3.3	3	2	3	3.45
86	14	14	1	3	2	2.7
150	7.5	7.5	2	4	3	9.8
111	5	8	1	3	1	5.15
42	4.2	6	4	4	3	5.7
29	3.1	3	5	3	4	4.58
65	4	4	4	4	4	3.85
98.4	6	13	4	3	4	8.5
53	4	8	3	4	3	5.69
47	4.2	4	2	2	2	4.15
64	4	3	3	4	2	5.4
42	4.2	3	4	4	4	7.7
33	6.1	2	5	3	3	4.55
30	3	3	5	3	4	5.3
105	7	30	3	4	3	7
88	4.4	20	4	6	7	8.95
93	4	4	4	4	4	7.5
68	5	5	4	4	4	7
110	6.8	5.5	3	3	3	8.7
48	5	40	2	2	2	10
100	5	7.5	4	8	8	7.7
100	5	7.5	3	3	3	5.5
40	3.8	2	1	1	1	2.25
36	3.4	3.4	2	2	2	4.3
24	3.7	2	4	3	2	3.7
50	3.7	14	4	3	3	7
483	18	7	2	4	3	9.2
100	5	5.5	2	4	2	3.2
90	4.7	3	2	6	3	4.7
46	3.5	3.5	2	2	3	6.1
33	3.4	12	7	8	7	6.9
88	4	8	4	5	5	9.6
100	5	5	2	3	2	2.85
80	5	12	3	4	5	4.65
95	5	7.5	3	3	3	7
30	3	2.9	4	4	3	6.15
100	5	7	3	3	2	2.15
34	3.5	2.3	3	3	2	2.4
87	4	10	2	3	3	8.5
50	4	2	2	3	2	4.3
113	4	8	3	3	3	6.6
35	3.5	4	2	2	2	4.8
44	4	5	2	2	2	3.2
160	8	13	2	3	3	4.95
34.9	3.8	6	2	2	2	1.55
100	4.4	5	2	3	2	3.5
133	5	6	2	8	8	6.8
22	3.5	4	4	2	3	4.35
100	5	15	3	4	5	5.81
75	5	9	4	4	4	5.5
72	6.2	4	4	4	5	6.7
82	4	8	3	3	4	6.2
84	4.2	8	1	1	1	3.7
75	5	5.5	4	4	4	7.6
60	4	10	4	4	5	6.15
90	13	13	2	3	2	2
44	3.45	3	2	3	2	5.45
90.6	6.3	4	2	3	2	2.6
100	5	5	3	3	4	4.35
71.5	3.6	3	1	2	1	2.4
56	4.68	5	3	3	3	3.35
100.8	3.8	13	1	2	1	4.5
90	4.5	5.5	2	3	2	5.5
42	4.2	20	3	3	3	7.1
180	9	15	3	4	4	9.8
99	6	12	2	2	3	2.85
62.5	5	13	5	4	4	7.6
56	3.5	3	4	4	3	8.5
67.5	4.5	10	4	3	4	4.5
56	4	7	4	4	5	6.3
61	5	5	2	2	2	2.3
52	4	5	3	4	2	4.86
71	4	4	3	4	4	7.8
78	7.5	6	4	3	4	9.2
80	4	12	2	2	2	6.99
44	4.1	5	2	3	2	5.19
59	4.2	4	4	4	4	6.7
60	4.8	7	5	5	5	5.85
60	6.2	6.2	3	3	3	5.95
30	4.3	3	5	4	3	4.15
55	4.5	12	5	4	6	6.75
60	4	13	3	3	4	3.9
41	4	3	4	4	3	8.95
102	5	7.5	2	3	3	8
95	5	2.5	1	3	1	4
29	5.6	2	5	3	4	5.85
67	4.3	4	2	2	2	3.9
102.34	7	6	2	3	3	5.4
42	3.5	3	4	4	3	2.3
70	3.5	8	4	6	5	8.5
22.4	4	3	1	2	2	1.3
90	5	7	2	3	2	1.8
29	3	4	5	5	4	6.2
56	5.3	8	2	2	2	6.6
119.7	6.3	7	1	2	2	6.79
62	4	6	3	3	2	6.7
44	4.15	3	2	3	2	5.2
52	3.8	2.5	4	5	4	4.29
50	4	3	5	8	7	7.9
35	4	3	5	3	4	3.5
58.5	4.5	8	3	6	5	8.6
45	4.5	3	5	4	4	6.1
32	3.3	3	5	3	4	2.98
34	3.2	3	5	3	4	5.33
40	4	8	2	2	2	1.75
52	4	4	4	4	4	10
34	4	2	5	3	4	3.34
75	5	11.5	4	6	7	4.2
31	4	2	5	3	4	3.35
52	4	3	5	6	6	7.5
328	17	5	1	1	1	1.65
60	5	5.5	4	4	4	10
81	5	7	2	3	3	3.6
72.4	12	12	3	4	4	8.9
30	3.5	3	5	3	4	7.89
108	4	12	4	5	6	6.5
64	4	6	2	3	3	4.8
80	4	6	2	3	2	4.1
100	5	25	3	4	4	4.29
70	3.5	8	4	6	4	8.5
66.1	5	5	2	3	2	2.15
52.6	3	3	2	2	3	4.78
49	3.6	3.5	2	3	2	1.65
100	5	3	2	3	2	1.75
64.8	3.6	2.5	3	3	3	6.2
40	3.5	3	4	4	3	3.2
50	4	4	4	5	3	3.5
98	4.7	4	2	3	2	5.69
35	4	3.5	3	3	3	1.85
53	7.7	5.5	2	3	2	5.9
35	3	6	3	2	2	5.7
86	4	20	3	4	5	7.2
87	5	10	3	4	5	5.95
30	3.5	20	3	2	2	8.8
80	5	12	3	2	3	10
47	4.5	3.5	5	4	4	5.69
43	4.5	3.5	5	4	4	5.95
120	6	13	2	3	3	3.3
69	6	7	5	4	4	8.5
103	6	3	3	3	3	2.63
85	5	14	3	4	3	8.3
68	16	12	4	4	4	10
61	4	7	2	2	3	6.5
225	15	10	2	5	4	8
69	5.8	6	3	4	4	3.6
186	10	2.5	1	3	2	2.05
45	4	3	5	6	4	4.19
70	5	20	5	6	4	8
38	4	5	3	3	3	2.28
39	3.4	5	2	2	1	2.25
85	4.4	4	1	2	1	1.5
131	5	20	3	4	3	6.99
38	4.3	3.2	3	3	2	2.7
68	5	20	4	6	5	9.5
16	4	2.2	2	2	2	2.4
30.1	3.4	3	5	3	4	2.55
55	5	4	3	4	4	7.5
335	8	5	1	4	2	6.5
54	4	7	4	4	5	7.9
60	6	13	3	4	4	5.5
60	5	8	3	3	3	4.7
76	5	8	5	8	9	8.1
100	5	7.5	3	3	3	6.2
73.2	4	6	1	2	2	5.9
42	3.8	3	5	6	4	4.12
70	5	3	2	3	3	4.45
60	3.9	6	2	3	2	5
90	5.98	5	2	3	3	2.6
55	5	3	4	4	3	4
100	5	10.5	2	3	2	4.5
90	6	6	2	3	2	2.6
80	5	13	4	4	5	6.3
400	26	8	2	3	3	8
45	5	4	3	3	3	7.7
80	5	12	3	7	7	6.3
56	3.7	4	1	1	1	6.2
40	3.5	2.3	5	4	4	5.25
40	4	2.5	4	3	3	1.9
38	4	2	3	3	3	3.5
166	6	5	1	3	1	2.5
40	4	5	6	4	5	9.7
36	4	3	4	3	3	3.8
90	4.5	12	3	4	4	7.2
80.7	4	4	3	4	4	3.3
75	4.5	7.5	4	3	4	9.6
95	6	12	4	5	5	9.99
97	5	10	1	2	2	3.95
20	3	2	4	3	3	3.55
180	9	15	3	4	4	9.6
50.2	5	3.5	5	4	3	4.25
50	4.14	10	5	5	6	10
100	5	14	3	3	3	4.3
47	4	3	3	3	3	2.35
50	4	5	2	2	2	1.47
109	5	17	4	5	4	5.8
100	5	10.5	2	3	3	3.9
57	4	7	4	4	5	6.8
51	4	4	3	3	3	2.6
38	3.5	3	3	4	3	2.18
45	4.4	4.5	3	3	3	3.15
40	3.8	3	3	4	3	2.6
72	4	6	2	3	3	6.8
47	4	4	3	2	3	3.25
40	4	3	5	6	4	3.9
79.3	4	5	4	4	5	6.3
68.5	5	13	3	3	4	4.5
52.5	5	5	1	2	1	1.75
100	5	20	2	2	2	6.7
101.6	4.7	20	3	4	4	9.5
63	5	12	1	2	2	2.3
85	5	12	3	3	4	3.9
72	4.5	5	4	5	6	7.75
226	2	5	2	5	2	3.99
90	5	25	1	2	1	5.7
60	5	5	2	2	2	3.39
44	4	3	1	1	1	3.4
80	4	6	1	3	2	3.19
62	5	3	1	2	2	2.3
50	4	6	1	2	2	3.45
84	4.2	20	2	4	3	4.9
30	3	5	5	3	4	7.98
47	6	10	4	4	4	4.8
61	5.6	10	2	3	2	2.6
95	5	7.5	2	2	2	5.7
101	5	16	1	1	1	9.8
100	5	7.5	3	3	4	6.7
78	4.2	13	2	2	2	6
32	4	3	2	2	3	5.2
62	4	10	2	2	2	4.6
43	4.3	3	3	3	2	5.5
40	4	3	5	5	6	5.68
60	4	3	1	4	2	7.5
106.05	6	67	5	8	5	9.27
100	5	10	3	3	3	7
60	6	6	1	3	2	1.55
55	5	2	4	4	4	7.2
70	4.5	5.5	3	3	3	5.7
45	6	7	4	3	3	3.85
125	5	7.5	3	3	4	7.2
105	5	16	1	2	1	4.5
44	4.5	3	5	4	4	5.68
75	5	5.5	4	4	4	7.6
44.42	6.7	4	3	3	3	3.45
42	3.5	3	3	3	3	3.2
160	4	12	2	3	3	3.35
65	5.6	3	3	4	4	4.39
132	6.65	7	1	5	5	6.2
336	14	21	3	7	8	9.2
160	6.5	5.5	3	5	5	9.5
50	4	11	4	4	3	4.7
50	4.2	6	4	4	3	3.2
210	10	16	4	6	7	9.8
174	5.5	6	3	7	7	6.2
76	6.2	5	4	5	6	8.6
15	3	2	4	3	3	1.5
120	10	21	5	5	6	6.57
168	7	22	4	6	6	5
56	4	3	2	2	2	4.2
138	5	16	2	3	3	3.7
105	5	30	3	6	6	4.4
81	4.5	7.5	3	4	4	6.8
252	10.5	10	3	3	3	6.8
120	5	21	3	4	5	3.1
55	4	15	3	3	2	8.3
52	6	5	2	3	2	3.7
40	4	6	5	3	3	9.8
53	3.7	10	5	5	5	5.24
55	4	3	5	3	4	6.5
50	4	13	4	4	4	8.8
64	4	6	3	4	5	6.8
83	5	7	3	4	5	5.5
33	3.5	2.5	5	3	4	5.74
64	4	8	2	2	2	7.1
38	4	4	2	2	2	3.9
26	3.5	4	2	3	2	2.85
55	5	3	2	2	2	3.6
48	5	5	3	4	3	4.8
69	4.5	12	3	4	3	3.85
72	4	5.5	1	1	1	2.65
68	5.2	4	4	5	4	8.5
81	5	9	2	3	3	3.6
58	7	5	5	9	9	7.7
48.8	4.5	4	6	4	4	7.95
110	5	6	2	3	2	5.8
54	5	5	4	4	4	7.3
34	5	2	4	2	3	3.5
34	5.2	3	5	4	5	6.99
75	4.5	3	4	3	3	7.2
44	4	6	4	5	6	7.3
42	3.8	4	5	4	3	7.6
51	4	5	3	3	3	4.5
100	4.4	7	2	3	3	5.2
35	7	2	4	3	3	4
52	5	2	3	2	3	6.48
80	4	16	5	4	4	9.8
100	6	8	3	3	3	9.5
72	4	10	3	3	3	6.05
80	4	8	4	5	5	5.8
90	4.5	10	4	4	5	8.88
60	4.5	10	2	2	2	4.59
39	4.5	7	3	3	2	1.46
43.8	4	4	3	3	2	1.35
58	4	2	2	3	2	3.49
464	10	10	1	2	3	6.9
93	4.5	5	3	4	3	6.29
25	3	4	5	3	3	3.9
30	3.6	2.5	5	3	4	3.45
43	4.3	3	3	2	2	1.82
88	5.2	5	2	4	3	7.3
75	4.2	8	4	4	4	7.9
51	4	3	4	4	3	7.3
45	4	3	4	4	4	7.2
41	3.9	2.5	5	4	4	8.2
31	5.2	2.6	5	3	4	3.85
84	4	10	4	4	3	8.5
56.5	4	5	2	2	2	5.7
100	5	8	2	3	2	3.55
86	4	8	3	3	3	3.6
36	3	4.5	5	5	4	5.8
63	4.7	5.5	1	1	1	5.5
55	5	4	3	3	3	2.95
45	7	2.5	4	3	4	8.95
85.4	4	5	2	2	2	3.3
68	5.15	3	4	4	3	9.8
63	4	6	4	4	5	5.6
55	3	5	4	4	3	7.6
98	4	10	4	4	5	4.9
64	4	4	3	4	5	8.8
86	5.5	6	5	5	6	6.5
60	4	6	2	3	2	4.75
40	4	6	3	3	3	6.99
30	3.3	2	5	3	4	4.6
70	5	7	1	3	2	2.7
112	6	10	2	3	3	6.2
40	3.5	2.8	5	5	4	6.85
16	3.3	3	3	2	3	3.45
62	10	33	1	2	2	9.5
68	4	5	2	3	2	3.35
48	3.5	3	5	2	2	4.5
50	5	6	5	4	4	9.6
35	4	3	5	3	4	3.75
50	4	4	3	3	3	1.62
44.1	4.2	7	5	4	4	4.35
50	5.8	4	3	3	3	2.15
52	4	3	3	3	3	1.68
65	4.5	5	4	4	5	6.3
106.05	6	67	5	5	5	9.2
64	4.9	5	4	4	5	7.7
70	4	7	1	2	1	5.7
63.5	4.5	7	3	4	4	5.3
60	4	6	3	4	4	3.95
67	5	12	2	2	2	4.2
85	5	6	2	3	2	4.3
61.2	4	6	1	2	1	3
135	4.5	12	2	2	2	5.7
60	4	6	2	2	2	3
84.5	5	7	4	4	5	9.4
50	4	6	4	4	4	6.2
43.4	3.3	2	3	4	3	5.6
97.8	4.5	9	4	4	5	8.6
105.6	6	12	3	4	3	9.9
29	4	3	5	3	4	4.6
47	4.25	3	4	3	2	4.85
50	5	3.5	5	5	5	6.69
100	5	8	2	4	2	2.45
55	4	3	2	2	6	4.4
50	3.5	4.5	2	2	2	3.55
37	4.3	3	4	4	4	7.3
90	4.5	7	3	3	4	8
60	4.8	10	2	2	2	5.4
72	4	5	3	4	3	5.5
84	4.6	5	3	3	3	6.9
72	4.7	3.5	4	4	5	6.7
96	8	9	2	3	2	2.4
51	4	4	5	6	6	6.85
50	3.5	4.5	2	2	2	3.55
36	5.4	15	2	1	1	1.52
80	5	7.5	2	2	2	5.72
54.2	3.6	12	1	2	1	7.58
30	4	2.7	4	3	4	4.14
66	5	15	5	5	5	10
60	4	6	4	4	4	4.3
20	3.5	20	2	2	2	1.68
70	4	8	3	4	5	8.75
33	3.3	4	4	4	4	4.86
50	3.5	4.5	2	2	2	3.55
51	3.2	4	4	5	4	6.1
101	5	5	1	2	2	5.1
68	4.25	8	4	4	4	9.45
87.7	5	6	1	2	1	1.92
100	10	10	3	3	4	7.6
100	5	7	2	3	3	2.65
149	4.8	22	2	2	2	4.9
127	7.1	22	2	2	2	3.7
42	3.8	2.7	5	6	5	6.7
31	4.15	2	5	3	4	3.85
45	3.1	2.5	4	4	3	4.75
76.8	4.5	4	2	2	2	2.55
44	3.85	3	3	3	3	3.5
32	5	3	6	4	5	5.85
33	3.6	30	4	4	3	5.95
96	5	5.5	2	3	3	9.9
90.3	4	17	3	2	2	8
112	5.6	10	3	2	2	4.15
80	5.7	10	5	5	6	9
39	3.5	2	4	4	3	4.65
42	4.2	6	6	5	5	9.5
37	3.5	2.5	5	4	5	4.3
104	5	6	2	2	2	1.95
46	3.2	2.5	4	5	3	5.85
45	5	3	6	4	5	6.56
50	4	4	5	4	4	6.35
57	3.5	2	4	4	4	6.5
48	4	3	4	4	4	6.88
37	7	2	2	2	2	3.7
33	4	3	5	3	3	6.1
43.5	4	40	5	9	9	7.9
48	4	4	2	2	2	4.8
38	3.75	30	5	9	9	7.5
85	6	6	1	2	1	6
150	10	6	2	3	3	6
33	3	8	3	2	3	1.98
54	4	5	3	5	4	4.3
85	4	6	4	4	5	7.8
90	5	5	3	3	3	6
30	3.5	3	4	5	4	4.5
60.4	4.66	6	2	3	2	2.6
55	4	6	4	4	4	6.3
68	4	6	4	4	5	6.5
70	10	3.5	3	3	4	3.99
38	3	3	2	2	2	4.65
31.9	3.49	3	3	3	3	6
67	4	3	2	3	2	5.9
25	4	4	4	3	4	3.95
54	3.5	4	2	2	3	4
64	3	3	2	3	2	4.45
71	4	8	2	1	2	5.9
35	3.1	3	2	2	2	3.89
45	4	3	4	6	5	6.9
27	5	3	2	2	2	3.3
32.5	4	3	2	2	2	4.1
75	4	3	2	4	5	6.6
65	4	8	2	3	2	6.4
147	9	3	3	4	3	7.9
37	3.5	2.5	6	3	5	6.75
60.7	4	8	4	4	5	6.5
59	5.2	4	2	3	4	5.95
78	6	7	3	4	5	8.95
40	3.6	4	5	4	3	6.4
50.5	4.8	4	4	4	4	7.5
75	5	10	3	3	3	7.8
34.5	4	2.5	4	4	4	2.65
65.2	7.91	3	3	3	3	2.45
72.3	4.5	4	3	3	4	6.2
50	5	4	2	2	2	3.58
30	3	3	4	3	3	4.8
42	4.1	2.5	4	4	3	7.6
32	3.2	3	5	4	4	6.5
64	4	10	1	1	1	7.4
32	3.3	2	5	3	4	6.5
32	5	2.5	5	3	4	5.65
48	4	2.5	2	3	2	3.25
80	6	10	2	2	2	7.5
50	5	5	4	4	5	7.2
77.2	4	12	3	4	4	3.75
130	6.5	6	1	3	1	2.03
81	5	7	2	3	2	3.6
46	4	4	2	2	2	4.95
68	6	7	2	2	2	1.99
79.2	5	4	2	4	2	2.9
35	4.2	3	5	3	3	6.4
35	4	4	4	2	3	7.5
141	9	3.5	1	4	3	6.3
40	4	5	5	4	4	9.65
100	5	24	4	4	6	3.3
44	4	6	5	6	4	8
39	4.3	5	4	4	4	6.9
43	4.3	4	4	3	4	8.6
31	3.1	3.5	4	2	3	6.99
54	5	8	2	2	3	7.65
210	5	20	1	2	2	2.85
66	6	10	5	3	3	7.5
80	4	12	5	5	7	8.7
58	5	4	4	4	3	4.95
55	5	7	5	6	5	6.18
44.6	4	2.5	3	3	3	3.05
60	4	3	2	3	2	3.45
144	6	15	1	2	2	4.9
57.2	4	4	2	2	2	5.1
50	4	4	4	4	3	5.25
32	3.49	3	3	3	3	6
80	4.3	5	2	3	2	4.5
144	5	48	5	4	4	9.9
43	11.3	3	2	3	3	5.85
32	8	50	4	3	3	7.9
100	5	15	3	4	5	7.5
24	3	4	2	2	2	2.9
73	7	4	5	5	5	8.6
50	5	6	4	6	4	7.5
53	4	2.5	1	2	1	3.3
48	4	4	3	5	4	7.5
76.4	4.2	5	4	4	3	5
55	5	3	3	3	2	5.95
41	3.5	2.2	4	4	3	6.68
100	5	7.5	2	3	3	8.1
167	5.4	5	1	3	2	6.1
81.9	5.5	30	2	3	3	7.7
30	3	2	2	2	2	2.2
40	4	2	3	3	2	2.3
100	5	5.5	2	3	2	4.3
68	4.5	4	1	3	2	1.8
72	4	4	2	4	2	5.5
37.4	5	5	2	2	2	1.65
70	5	7.5	3	3	4	5.68
155	5	7	2	2	1	1.75
60	4	6	3	4	4	7.9
41	13	4	7	6	7	9.7
45	5.2	10	5	4	4	6.5
268	6	8	3	5	4	7.5
105	5	7.5	3	3	4	6.9
66	4	4	4	4	5	7.2
49.1	3.46	7	4	4	4	4.2
52	12	12	3	4	5	5.5
85	5	5.5	4	4	6	5.75
83	4	6	3	3	3	4.3
27	4	3	2	2	3	5
41	4	4	7	4	4	9.7
242	32	32	3	3	4	5.6
112	15	15	5	5	6	7.6
74	4	4	1	2	2	4.5
25.1	3.1	20	3	2	2	4.3
55.4	4.4	4	2	2	2	3.6
91	5	20	4	5	6	9
47	8.06	3	4	6	5	9.55
22.6	3.25	2	3	2	2	2.25
127.3	4	8	2	3	2	4.6
65	6	3	1	2	1	1.7
64	5.5	2.5	5	5	3	6.95
27.8	4.13	13	3	2	2	4.5
66	4.4	5	3	3	4	4.7
50	4.2	4	3	3	3	3.3
31	3.3	2.5	5	4	4	5.8
56	3	5	2	3	4	4.55
99	5	3	1	3	3	6.96
70	4.5	6	3	5	4	7.5
125	5	5	2	3	2	4.2
50	3.8	3	5	5	4	6.2
85	5	19	3	4	3	2.4
108.8	5.45	13	3	3	4	8.9
20	3	2.5	4	3	3	3.55
35	4	3	2	3	3	3.6
58.5	4.5	10	3	3	3	4.8
68.8	4.3	5	5	4	5	7.5
60	5	6	5	5	3	8
45	4	3	1	2	2	3.5
32	4	3	2	2	2	3.33
112.5	5	7.5	3	3	3	7.5
75	4.5	5.5	2	2	2	3.65
48.5	4	7	1	2	1	2.3
48	4	5	5	4	4	7
96.6	13	14	3	3	3	7.9
100	5	7.5	2	3	3	5.3
80	5	5.5	2	3	2	6
37	4	2	6	4	5	9.6
100	5	10.5	2	3	2	4.2
32.1	3	13	3	3	3	5.8
60	4	3	1	1	1	1.18
52.7	5.5	2.5	2	2	2	2.65
100	6	3	1	3	2	1.52
242	11	20	4	5	5	4.05
100	5	5.5	2	3	2	4.25
100	5	5.5	2	3	2	3.8
112	15	13	3	5	4	10
80	4.5	6	4	4	5	4.7
80	5	2	1	3	1	1.7
125	5	6	2	2	2	2.05
62.5	5	13	5	6	4	7.1
135	9	15	3	3	5	7.7
36	4	4	4	4	3	3
48	4	5	4	4	4	6.6
100	5	10.5	1	2	1	6.5
64	4	4	2	4	3	9.5
31	4.5	3	6	4	5	7.1
40	4	6	2	2	1	2.45
40	4	4	2	2	2	3.7
86	5.5	8	2	2	1	1.95
173.2	7.5	7.5	3	4	3	5.5
50	3.5	3.5	4	5	4	8.79
60	4	5	3	4	4	4
35	3.7	3	5	4	3	6
110	5	21	3	4	4	5.75
148	4.5	30	2	2	3	7.2
45.9	4	6	3	4	4	8.7
47	5.2	12	3	3	3	6.2
70	4	6	2	4	3	9
48.8	4	14	2	2	2	5
95	5	14	1	2	2	6
60	6	4	3	4	4	7.5
34	3.25	5	3	3	3	2.4
83.9	5	9	3	4	5	4.4
73.1	4.3	8	3	4	4	9.9
105	7	25	4	6	4	7.02
60	4.5	8	3	4	5	7.9
86	4	3	2	3	2	6.8
59	4	5	2	3	2	7.4
73	8	5	4	8	4	8.8
56	4	7	2	2	2	7.18
115	4	30	1	2	2	5.7
77.9	3.5	3.5	1	3	2	5.1
80	5	22	4	5	6	7
45	5	5	4	4	4	6.6
70	8	8	4	4	5	8.6
62.77	4.05	4	2	2	2	5.75
80	5	8	2	3	3	5.1
80	5	13	2	3	2	1.7
87	4	10	3	3	3	8.5
65	5.5	3.5	2	3	3	4.7
80	6	13	3	4	3	3.2
120	6	12	1	3	3	3.6
19	4.17	2	2	2	1	1.83
36	3.3	3	4	4	4	3.2
100	5	16	3	4	3	3.1
112	8	7	2	3	4	6.5
63	4.2	7.5	3	2	2	3.98
50.6	4.55	8	3	4	3	6.8
93.2	5.03	8	2	3	3	8.6
57	6	3	3	4	3	4.8
132	6	10	4	5	5	9.8
58	4.5	7	1	3	2	5
232	5	4	1	2	1	1.5
34	5	3	5	3	4	6.8
75	5	3.75	2	3	2	3.29
34	4	3	5	3	4	5.2
40	4	3	3	3	3	6.4
53	3.5	4	3	4	3	2.78
30	3	4.5	3	4	3	2.48
95	5.3	5	3	4	5	9.6
45	3	3	2	3	2	2.2
92	4	12	4	3	3	8.5
35	3.8	3	7	4	6	9.2
22.7	4.1	2.5	2	1	1	1.48
50	4.6	6	2	3	2	3.5
68	4	4	2	4	3	8.4
40	3.6	3	4	4	4	6.85
68	6	7	4	5	4	9.3
73	5	7.5	1	2	1	5.79
71	4.5	13	1	1	1	7
39	3.9	3	3	4	3	3.4
50	3.47	5	3	4	3	3.16
105	7	60	4	6	4	9
60	4	13.5	5	5	6	6
75	5	7.5	4	4	4	5
53	5	5	3	3	3	3
45	4	4.6	2	2	3	4.85
95.11	4	6	3	4	3	7.6
135	9	12.5	3	5	4	7.55
67.3	4	4	5	5	6	7.9
42.3	4	5	2	2	2	5.1
34	4.3	4.2	5	3	4	6.6
40	5	3	2	2	1	4
100	5	12	4	5	6	9.7
106	9	2.5	3	3	3	6.3
95	5	15	4	4	3	7.3
160	8	10	2	2	2	7.2
67.3	4.7	4	2	2	2	5.3
40	4	6	5	3	4	6.79
42	5.5	8	5	6	6	9
72.5	5	22	2	3	4	4.3
50	4	3	4	5	4	7.2
316.6	5	32	1	1	1	2.9
30	3	6	5	3	5	3.75
43	5	4	1	1	1	7.12
86	12	12	1	3	3	2.8
95	7	5.5	2	3	3	7.7
24.5	3.5	3	3	2	3	3.5
160	8	14	3	4	4	6.68
100	5	8	4	4	5	8.6
64	4	3	5	5	4	5.75
108.2	4.2	3	2	3	3	2.2
42	5	4	1	1	1	7.1
95	5	15	3	3	3	5.5
100	3	15	2	2	2	5.3
75	5	75	5	8	8	6.67
60	4	13	5	5	4	7
36	4	3	3	3	3	2
40	6	3	5	5	5	8.5
65	4	8	3	3	4	8.2
160	4	12	1	3	2	2.1
500	22	8	2	3	2	5.3
42	3.65	1.8	5	4	4	5.85
45	3.6	6	2	2	2	7.2
196	10	6	1	2	2	2.5
74	4	10	3	4	4	8
50	4.8	6	4	4	5	9.9
47	4	2	2	2	2	2.05
65	10	32	4	4	2	8
80	5	10.5	3	3	3	9.7
100	5	15	5	7	4	5.6
41.6	3.2	3	2	2	2	3.99
45.8	5	2.5	2	2	2	2.58
16	3.2	2	4	3	2	2.68
30	4.8	4.8	2	2	2	4.2
110	4.2	3	3	4	5	7.7
54	4	3	2	3	2	4.59
45	3.5	4	4	4	4	8
83	5.5	8	2	3	3	7.2
72	4.5	5	2	3	2	1.52
76	4	7	3	4	4	9.4
44	4	3.5	2	2	1	4.5
32	3	2.5	1	2	1	1.85
37	3.7	16	2	3	2	5.2
17	2.3	12	2	1	1	2.88
100	5	8	5	4	5	9.9
31	3.2	3.5	4	6	4	3.8
110	5	3.5	3	4	3	4.5
76	5	9	5	6	7	7.9
55.4	3.9	10	1	3	2	5
85	5	5	2	4	3	1.5
90	5.4	6	2	3	2	5.8
37.7	3.15	4	4	4	3	7.25
87	6	16	1	2	1	3.8
69	4	5	4	4	4	8
63.9	4	13	2	2	1	4.3
78	4.3	2	1	1	1	7.8
28.9	4.7	3	4	3	4	7.15
44	5	4.5	4	4	5	10
45.9	3	6	3	3	3	9.5
100	5.2	3	1	2	1	5.1
59.16	4.8	20	4	3	4	5.9
90	4.5	10.5	2	3	2	7.8
37	5.5	2.5	3	3	3	5.5
64	4	6	3	4	4	8.89
168	8	2.5	1	4	4	5
110	5	23.5	5	6	6	7.3
30	4.2	3	3	2	2	2.35
40	4.1	2.5	5	3	3	5.5
40	3.5	3	3	3	3	3.2
68.2	4.4	10	4	3	4	4.69
80	4	6	1	2	2	2.65
133	5	4	1	3	1	1.15
52	4	7	2	2	2	3.85
86	4	6	2	2	1	2.69
35	4.6	2	5	4	5	7
81.8	4	5	1	2	2	2.65
60	6	15	2	3	2	3.1
40	4	10	7	5	6	9
39.9	4	6	1	1	1	4.1
44	4	6	3	4	3	5.99
64	4	8	2	2	2	7.5
45	4	4	2	3	3	5.25
60	4	4	2	3	2	8
50	5	16	3	4	4	8.5
36	3.6	3	4	4	3	5.45
25	3.5	5	5	3	5	7.65
27	3.6	4	4	3	3	5.45
46	3.6	3.2	5	5	4	5.6
41	5.06	3	2	2	2	2.2
112.5	5	7	3	3	4	7.2
160	8	14	3	4	4	6.2
72	4.5	17	2	3	3	1.79
105	5	7	3	3	4	5.8
66	4	4.5	2	2	2	2.3
160	10	15	3	3	3	7.5
47.95	4	4	5	5	5	7.7
85	5	5.5	2	3	3	5.95
90	9.3	11	3	3	3	1.65
31.62	5.1	8	4	3	3	7.4
45	4.5	6	2	2	2	2.3
68	6	12	2	3	2	3.2
24.2	4.06	5	4	4	4	4.4
47	4	4	4	4	3	3.05
72	4	7	3	4	4	5.95
68	6	40	3	3	3	7.19
38	2.5	4	2	1	1	3.7
50	4.2	3.5	5	5	4	9.39
140	5.5	6	1	5	2	5.8
52	4	7	2	2	2	3.85
67	5	3.5	2	4	2	4
50	4.2	2.5	5	5	3	9.35
120	6	20	1	3	3	5.3
96	6	12	3	4	4	6.1
75	5	12	4	6	6	4.19
35	4	3	5	3	4	7.2
410	8	12	1	2	2	2.99
82.6	5.4	6	4	6	5	7.3
28	3	3	6	6	6	5.4
80	4	16	2	2	2	8.8
96	4	3.5	2	3	1	5.5
40	4	3	5	5	4	6.8
41	5	5	3	3	3	9.95
120	4	3.6	3	4	2	5
35	5	2.5	4	4	4	3.8
77	4.55	4	3	4	4	6.9
160	10	13	1	3	3	4.65
40	4	10	6	4	5	9.8
55	4	5	2	2	2	6
51	4	3	2	2	2	5.6
171	8.4	20	1	1	2	2.6
67.3	4	8	4	5	6	8.3
108	6	12	3	4	4	7.5
175	7	5	1	4	2	2.5
70	4	7	3	3	4	3.6
86.3	6	4	2	3	2	3.6
44	4	4	4	3	3	6.3
110	7	7	1	4	4	5.45
108	6	30	4	4	4	5.98
49	3.2	8	2	2	2	7.6
65	4	7	4	5	5	6.75
60	3.5	13	3	1	1	6
20	6	4	1	2	2	3.29
31	4.2	4	4	4	4	7.65
102	4	5	4	4	3	9.99
68	4	15	3	4	5	8.8
85	5.5	5	4	4	3	8.85
214	5	5	4	5	4	10
41	4	2	4	4	3	4
78	5	10	1	3	2	9
72	4	8	4	3	3	9.3
111	11	16	2	4	4	6.05
100	4.5	4	2	3	2	2.68
43	4.5	3	6	3	5	9.6
31	6	2	5	4	4	5.3
40	4	2.5	4	4	4	3
60	5	10	4	5	5	7.5
50	4.6	4	3	4	3	2.89
48	3.5	3	1	1	1	1.8
84	4.2	12	4	4	5	10
232	7	10	1	3	2	2.9
76	5	56	3	3	3	7.1
52	5	5	3	3	3	4.5
23.04	7.2	3	2	2	1	1.32
100	5	8	2	2	3	5.28
126	5.5	5.5	2	2	3	8.6
83	5	4	2	5	5	6.8
40	4.25	2.2	1	1	1	1.86
100	5	12	4	7	7	6
66	6	5	3	5	4	7.95
90	6	10	3	5	5	3.75
56	4	6	2	2	2	7.5
69.4	8	5	3	4	4	9.3
48	4	2	4	4	3	6.98
40	3.7	4	2	2	2	5.9
22	3	5	2	2	2	4.15
24	4.85	3	3	4	3	4.35
18.3	4.9	3	2	1	2	2.89
90	15	80	3	4	4	8.5
119	5	12	2	5	5	6.2
331.8	5	26	1	1	1	6.5
10	3	3	3	2	2	1.9
40	3.5	3	4	4	4	6.35
40	3.8	5	4	4	4	9.5
80.8	8	8	4	6	6	7.3
33	4.2	3	1	1	2	4.5
90	6	25	3	3	4	4.3
84	6	22	3	4	3	2.8
75	5	12	3	4	3	1.9
75	5	30	3	4	3	1.9
43	4	4	4	3	5	7.2
70	3	3	2	3	3	4.45
26.4	3.3	4	3	2	2	4.3
117	10	14	3	4	3	5.5
52	4	16	3	4	4	7.9
45	4	2	4	4	3	5.5
45	4	2	4	4	3	5.4
80	6	3.5	3	3	3	3.9
52	5	5	4	4	4	7.2
56	5	5	3	4	4	6.5
156	13	4	1	3	3	7.6
94	4.2	26	2	3	2	3.1
60	4.5	12	3	4	4	9.5
73	6	6	4	4	4	8.5
83	5	3	2	5	5	6.9
82.3	5.5	14	5	2	4	7.5
67.6	4	15	3	3	4	3.2
90	5	6	3	4	4	6.19
45	4	6	3	2	2	6.5
75	5	12	4	6	4	4.6
210	10	5	2	3	2	8.6
78	4.5	8	4	4	4	7.85
31	3.4	3	3	3	2	5.3
39	2.8	3	2	2	2	4.78
30	3.27	4	3	2	3	3.8
28	5.3	2.5	3	4	4	4.25
50	4.5	3.5	4	4	5	6.5
27	5.5	3	4	2	3	4.4
25	1.5	2	4	2	2	2.8
23	3.74	4	2	2	1	2.3
63	4.05	2.5	3	4	4	6.95
25	6	3	2	2	2	3.65
39	8.5	3	4	3	3	4.86
16	3.1	3	2	2	2	2.75
60	7	3	4	4	6	6.15
36	3.5	3	2	2	2	4.9
25	5.11	3.5	2	2	2	3.9
19	3.5	6	3	2	2	3.6
64	4	5	2	3	2	4.7
48	3	3	4	5	5	8.6
32	2.9	2.5	2	2	2	4.45
45	5	5	5	3	5	6.5
44	5.2	3	4	4	5	6.7
68.8	5.8	4	2	4	4	7.6
40	4	12	6	3	3	5.5
31	4.2	3	6	4	5	7.5
120	5	14	3	5	6	7.5
61.7	5	13	2	2	2	2.85
102	6.8	4	3	4	3	9
50.5	6.7	3	4	4	5	8.5
40	4	3.3	5	6	4	5.4
65	4.5	5	2	2	2	5.2
173	5	5	1	2	2	2.45
60	4	4	4	4	3	6.7
70	6	20	1	3	2	6.2
42	3.6	4	5	6	7	8.55
131	10	7.5	3	3	3	3.7
61.9	4	15	3	3	3	6.5
64	4	6	3	3	2	3.2
39	3	5	3	3	2	2.45
49	4	3	4	3	3	3.15
100	5	16	3	3	4	7.9
40	4	4	4	4	4	7.2
24	3	5	4	4	4	4.7
77	5	30	4	7	5	8.5
55.2	5	6	1	1	1	5.4
75	5	14	1	3	2	1.88
45	4.9	6	6	4	5	5.55
90	5	5	2	2	2	1.8
287.5	12	7	2	3	3	8.5
70.5	4	6	3	6	5	5.8
107.8	7.7	10	4	5	4	8.9
100	5	35	3	4	4	3.4
80.9	5	18	3	4	4	2.4
40	4	2	1	2	1	1.98
48	4	10	3	4	5	5.8
50.2	6.3	5	2	2	2	1.55
100	5	20	1	2	1	1.2
68	4	6	5	4	5	5.85
60	4	8	2	3	2	3.68
56	4	10	3	4	4	6.2
74	4.9	4	1	2	3	4.35
64	4	8	3	3	3	10
80	3.8	5	5	4	4	8.5
57	5	3	1	1	1	4.25
95	5	7.5	3	3	3	7.5
40	4	6	2	2	2	5.05
55	10	8	2	2	2	3.68
46.6	4	3	2	2	3	4.5
40	10	4	5	6	4	5.5
64.5	3.1	4	4	2	3	7.2
33	5.3	4	4	3	4	7.1
60	6	6	3	3	3	3.1
66	4.5	15	4	4	5	7.98
70	4.7	11	2	2	2	8.7
58	14	14	2	2	1	4.65
45	4	8	5	3	5	8.45
79	3.5	2.5	2	4	2	9.5
22	3.1	7	5	3	4	7.2
35	4	15	5	5	5	4.35
142	7.1	10	1	1	1	8.6
38	3.7	15	3	3	3	6.4
80	5.2	5	1	1	1	5.6
156	6	8	1	4	2	9.9
150	5	7	1	4	4	3.2
72	3.3	8	2	3	2	5
72	4	10	3	4	4	6.95
30	3	4	4	4	3	4.6
60	5	3	4	4	4	5.9
130	5	72	3	4	4	3.1
44	4	3	5	4	4	5.4
50	5	2	4	4	3	6.5
90	6	16	2	4	3	4.85
50	4	4	5	4	4	7.59
44	4	2	5	5	4	5.6
38	3	4	2	2	2	4.65
80	5	12	3	3	3	4.5
62.5	5	13	5	6	5	7.4
52	4	5	2	2	2	6.6
97.9	4.5	6	1	3	2	2.3
168	8.4	15	1	5	3	3.7
100	5	48	3	4	3	4.8
67.5	4.5	6	5	4	5	5.2
120	6	60	3	4	4	8.54
30	3	6	3	3	3	6.8
100	5	16	1	1	1	2.65
42.5	6	6	3	4	3	6.5
42.9	4	5	5	5	4	6.55
61	4.2	6	4	4	4	6.1
110	5	15	3	4	5	5.75
145.2	6	13	2	3	2	2.2
59.1	4	3.5	3	4	3	6.9
42.9	4	5	5	5	4	6.55
54	4.5	5	2	3	2	5.15
58.5	4.5	4	5	5	5	8.5
76	4	5	4	4	5	7
47.6	4	5	4	4	4	6.8
42	3.5	4.5	4	4	4	5.5
82.3	5.35	8	2	3	2	7.1
70	4.2	6	2	2	2	7.9
54	8	8	1	2	1	8.5
45	4.6	2.5	5	7	7	5.8
70	5.61	24	3	4	3	3.5
57	4	5	3	3	2	5.8
60	3.3	4	3	5	4	6.38
48	4	4	2	2	2	5.2
120	6	34	4	4	4	7
37	3	5	3	2	2	6.3
35	3.4	5	5	5	5	6.9
97.6	6.1	8	3	3	3	7.75
185.6	5	7	1	3	2	5
164	8	16	2	4	4	8.8
50	3.75	2.5	2	2	2	4.95
500	15	20	1	3	3	10
39.4	3.5	4	2	2	2	4.55
30	3	3	4	2	3	4.35
45	3	20	1	1	1	8
156	8.8	7.5	2	4	3	8.6
100	5	7.5	1	2	1	3.95
45	3.5	2.5	5	5	4	6.2
33	3.2	5	4	3	3	7
156	8	14	4	4	5	6
55	4	3	5	6	5	8.9
54	8	12	4	5	5	9
58	4.2	4	4	4	4	8.5
42	4	2.5	2	3	2	4.65
60	4	6	2	3	3	4.5
60	3.6	3	5	6	6	9.5
105	9	9	3	3	4	8.3
60	4	3.5	3	4	3	6.9
90	4	3	1	2	1	2.7
68	4	8	3	4	5	9.8
51.1	6	6	3	4	3	5.28
100	5	8	1	2	1	1.53
56	4	2.5	2	2	2	5.4
56	3.6	3	4	4	3	7.8
46.5	4.5	6	4	5	5	7.5
60	5.5	3.5	4	3	3	5.8
53.9	9	6	5	8	8	7.5
59	4	3	6	7	7	8
43	3.8	3	2	2	2	6.6
75	5	7.5	4	4	4	5.5
99	5	12	4	8	4	5.6
80	5	12	3	4	4	4.8
46.2	3.5	10	4	4	3	9
70	4	4	2	3	3	5.9
35	4.5	6	6	3	5	5.7
64.8	4	4	4	6	7	6.5
129	7	18	2	2	2	5.9
96	6	12	3	4	3	6
64	4	3.5	1	3	2	2
60	5	13	3	3	3	3.25
57.4	4.5	3	2	2	2	4.5
110	5	15	3	5	5	5.46
60	5	22	2	3	3	3.25
60	5	22	3	3	3	3.25
75.6	4.2	8	2	3	2	4.6
75	5	10	3	4	4	9.8
56	4	3	1	1	1	2.95
49	8	8	1	2	1	6.5
30	3	3	5	3	4	4.15
68	4	15	4	5	3	5
100	5	30	3	6	4	8.3
33	5.3	3	5	3	4	7.1
85	5	13	3	3	4	5.7
87.8	5	5	1	2	2	4.5
61.3	4	4	3	4	3	4.35
33	3.3	10	5	5	5	5.8
80	4	14	2	2	2	2.3
125	5	12	4	4	4	7.4
100	12	25	4	4	5	8.8
100	12	12	3	4	4	9.5
19	2	2	5	4	4	3.7
32	4	8	4	4	3	2.78
135	7	13.5	3	3	3	2.6
75	5.8	10	1	4	4	7.9
30	4.2	5	5	5	5	5.1
30	4	5	5	5	5	5.02
28	4	8	3	3	2	2.7
75	6	12	4	4	4	3.6
31.5	4.2	4	1	2	2	3.25
54	4	4	3	4	4	4.55
95	5	30	4	8	7	3.2
75	5	10	4	4	5	7.8
33	4	3	4	3	3	2.5
41	3.8	3	3	3	2	2.2
70	5	32	5	6	5	9.5
108	15	30	5	5	5	10
100	5	15	3	4	5	5.78
318.9	6.7	40	2	2	3	9.4
150	10	5	2	3	3	6
40	4	4	4	4	4	6.95
32	3.3	16	2	2	2	8.6
60	4.7	1.7	2	2	2	6.5
68	4	20	5	8	7	9.9
50	3.5	5	3	3	3	9.9
44	4.3	3.5	4	4	3	3.2
56	4	8	5	4	4	8.2
35	5	4	3	3	3	2.58
90.5	3.7	7	2	4	4	6.8
100	4	18	3	4	5	3.79
85	5	8	3	4	4	7.3
108	6	25	4	4	4	6.8
100	5	8	3	4	4	3.9
53.4	6	7	4	4	4	4.69
50	3.65	5	3	4	3	2.6
50	4	13	5	5	5	7.9
41	3.2	4	6	8	8	9.75
39	3.35	3	5	6	3	4.65
40	4	7	3	4	3	2.8
47	4.5	10	3	4	4	3.95
110	5.4	4	3	3	2	4.1
53	4	3	4	5	3	5.99
76	4	10	1	1	2	3.9
59	5.2	2	4	4	3	8.4
400	18	2.5	1	3	2	3.97
63	4.2	13	5	5	5	6
100	5	6	2	3	2	3.6
87.3	5.2	6	1	2	2	2.45
80	5	7.5	2	3	2	6
65	6	6	4	5	5	7
60	4	11	4	4	4	5.8
100	6	13	4	4	4	5.7
180	9	8	3	7	5	8
72	4	8	5	5	6	8.3
62	4	5	5	4	5	8.68
40	3.5	4.5	3	2	2	3.55
66	4	8	4	4	5	4.55
78.9	7.16	13	3	4	4	4.79
48	4	6	3	3	3	5.9
55	5	40	3	2	2	3.3
111	6	16	3	4	4	7
299	15	12	2	4	3	7.5
25	3	2	3	2	1	3
100	5	9	3	4	3	4.5
63.9	4.8	3	1	2	1	2.25
36	4	4	2	2	1	3.2
95	5	30	3	8	9	9.5
95	5	30	4	8	9	9.5
393.2	15	6	3	4	4	7.5
100	4.6	28	2	2	3	4.2
92	4	6	1	2	2	3.75
32	3.2	4	3	4	3	6
43	5	6	2	3	1	3.35
31	3	8	2	2	1	3.3
66	4	6	4	5	3	6.7
175.4	4	4	1	2	2	8
35.5	4.4	20	1	1	1	2.6
120.1	5	7	3	3	3	6.5
64	4	6	3	4	5	5.2
75	12	12	3	4	3	9.5
120	9.6	79	1	2	2	7.2
450	15	10	2	3	4	8
40	4	10	2	2	2	5.4
90	12	60	4	8	8	9.5
42.4	4.8	6	1	1	1	4.9
56	4	13	5	6	5	7
75	5	20	5	4	3	4.2
43	4.3	3	2	2	1	1.5
100	5	20	3	6	4	9.5
100	5	10.5	1	5	5	4.05
82	5	12	3	4	4	8.6
40	4	4	2	1	1	4.1
60	3	3	2	2	2	4
81	5	7	2	2	2	2.9
50.1	4	2	2	4	4	4.23
110	5	6	2	3	2	5.8
118.2	5	2.5	1	1	1	4.8
150	5	6	1	2	1	2.2
100	5	16	3	4	3	5.69
100	5	20	3	6	5	9.5
52	4	4	2	3	2	4.9
150.9	7	20	3	4	3	5.8
40	4	6	2	3	3	2.18
63	4.5	7	5	6	4	5.2
85	5	12	3	4	4	2.15
50	4.2	3	3	3	2	5.1
135	9	12	3	6	6	7.5
180	9	12	3	6	6	9.7
135	9	12	3	6	6	7
100	5	10.5	3	5	5	7
42	5.5	4	5	3	4	6.3
57	4	8	2	3	2	5.8
65	5	5	4	5	6	5.05
80	6	3	3	5	5	7
64	5	6	3	4	5	7.5
40	3.6	5	5	6	7	8.5
51	3.6	3	3	4	5	7.5
65.7	4	20	1	2	1	2.2
93	7.6	8	1	1	1	6.8
40	4	5	4	5	6	4.8
61.8	5	6	1	3	2	4.97
50	4.6	4	5	5	5	6.8
60	4	4	2	3	2	4.05
119	7	12	4	6	5	8.4
100	5	5.5	4	7	7	7.98
119	5	12	3	5	4	5.75
111	11	60	2	4	4	6.8
47	4	4	3	5	3	8.7
160	8	14	3	4	4	7.05
125	5	7.5	3	3	3	7.2
100	5	7	3	3	3	8.5
105	5	2	3	6	5	7.6
40	4.5	3	5	3	4	5
338	10	10	1	2	1	2.5
227	8	6.6	1	1	1	3
131.5	6.65	3	2	4	2	3.1
70	5	15	5	6	5	9.3
40	3.6	10	3	5	3	10
54	5	13	5	4	4	8.6
36	6.5	5	2	2	2	6.5
102	12.5	25	2	4	2	8.9
180	9	6	4	4	3	10
60	6	8	2	2	2	8.5
171	8.5	15	1	2	2	2.6
190	8	15	2	4	3	9.5
48	4	4	3	3	3	5.4
152.1	8.3	5	1	3	2	8.8
57	4	5	5	4	5	7.99
36	8.5	4	4	5	5	6
32	4.1	4	5	3	4	3.7
420	20	10	2	3	3	10
150	5	20	1	1	1	7.6
76	4.1	5	1	2	1	1.7
60	4	13	5	5	6	7
100	6.5	6	1	2	1	4.2
113	5	6	2	4	2	5.9
59	4.1	3	3	3	2	4.5
34.34	3	3	3	2	3	6.9
47	4	4	1	2	2	4.5
100	5	15	3	4	4	5.81
31	4.5	3	3	3	3	2.95
70	5.4	8	3	3	3	7.5
69	8	10	3	4	4	2.2
148.2	8.7	5.5	2	2	2	9.9
35	4.8	3	5	3	4	5.3
60	4	13	5	4	4	8
31	4	2.5	5	3	4	5.7
64	4	8	4	4	5	6.6
80	5	5	2	3	3	3.5
87	4.3	7	4	6	6	10
55	5	8	5	6	6	5.15
75	5	25	1	4	3	7.55
164.6	4.2	15	2	3	2	3.15
75	5	5.5	3	4	3	5.5
90	5	5	1	2	2	2.1
90	4.5	40	3	4	2	7.6
460	5.5	20	2	3	2	6.79
72	3	8	2	1	1	2.8
72	4.5	7	3	3	2	1.52
30	4.3	3	5	3	4	8.38
54.96	4	5	1	2	2	4.3
101.8	6.5	2.5	2	3	4	6.5
100	4	8	1	2	1	5.8
72	4	4	2	2	2	3.5
44	4	8	5	5	5	9
20	3.8	5	3	4	4	7.2
113	6	12	2	3	3	3.7
65	4	5	3	4	2	6.4
80	6.61	20	3	8	6	6.6
76	5	6	2	2	2	6.5
56	4	8	3	4	2	6.9
58.8	4.2	15	2	3	3	10
57.9	4	6	4	4	3	5.8
93.8	5.5	3	2	3	3	8.2
65	5.45	5	4	4	5	5.8
34	5	2	5	5	5	6.1
108	6	12	3	5	4	9.6
78	6	11	5	5	4	10
53	4.08	3.2	2	4	2	4.35
176.3	6	6	1	3	2	1.38
155	10	10.5	3	4	5	9.8
63.5	5	8	5	8	8	4.8
100	4	4	3	3	4	6.9
85	4.3	10.5	2	3	2	4.45
135.2	6	12	3	3	3	8.2
38	3.5	2.5	4	4	4	3
60	5	6	4	4	6	5.5
75	5	5	3	4	3	7.3
87.5	5.7	3	2	3	2	1.59
126.6	7	1.3	2	8	8	7.7
68	4	8	4	5	5	4.55
70	5	5.5	3	3	3	5.8
126	9	7	1	2	2	2.55
125.4	6	8	2	2	2	3.66
95	5	5	5	6	4	4.66
25	3.5	5	6	6	6	9.4
58.6	4.2	5	1	1	1	3.3
31	3.5	4	5	3	4	7.7
464	15	14	1	2	3	7.2
100	5	14	3	4	5	2.8
90	5	16	3	4	3	4.68
464	10	15	1	2	3	8.5
450	15	15	2	3	4	8
93	7.8	5	2	4	3	3.9
45	5.4	5	5	6	6	4.85
63	4	8	4	4	2	5.3
67	4	6	3	5	6	8.3
99	5.5	14	4	4	5	6.8
96.8	5.5	12	3	4	4	9.9
111	6	12	3	5	4	10
81	4.15	5.5	1	2	1	6.5
90	5.5	5	1	4	4	4.9
84	6.8	14	3	3	2	3.7
45	4	20	5	4	4	6.9
60	4	10	2	3	2	2.95
31.5	3.5	4	5	5	4	6.2
50	4	4	2	2	2	1.05
41	8	4	5	4	4	5.2
34	4	3	5	3	3	6.8
135	9	13	3	4	5	7.55
54	4	4	3	3	4	4.9
101.3	5	22	1	5	5	6
84.5	13.5	22	2	3	3	7.5
60	4	12	3	4	4	3.7
42	3.55	3	2	2	2	3.29
50	4.7	5	1	2	1	4.15
70	3.6	5	2	2	2	8.3
102	5	6	2	3	2	2.25
32	5	5	3	3	3	2.4
128	8	30	3	3	3	2.7
56	4	6	1	2	1	3.6
120	6	7	2	3	2	4.7
56	4	50	2	2	3	5.2
366	28	12	2	2	2	6.3
160	7	30	2	3	3	9
84	5	3	4	3	3	9.3
77	4.5	6	3	4	4	6.5
75	5	13	4	6	4	4.3
35	4.2	3	5	3	4	5.8
36	3.7	5	6	3	3	6.48
40	3.6	3	4	4	3	6.3
75	5	5	1	2	2	3.65
50	4	3.5	5	5	4	9.4
100	6.15	3.5	3	4	3	7.5
31	31	2	4	3	3	4.74
50	4	2.5	5	4	3	6.75
57	4	6	2	4	2	7.4
80	4	5	2	3	2	3.9
50	3.5	4	3	2	3	5.05
79.8	5.7	14	3	3	4	5.5
64	5.8	5	6	4	4	8.9
90	6.5	5	1	2	2	4.65
67.4	4.4	25	3	4	4	7.5
34	10	2	1	1	1	3.35
70	5	3.35	1	2	2	4
42	3.5	2	5	9	5	8.2
168	7	25	2	3	3	5
49.2	4.1	10	4	4	3	3.2
60	4	5	2	3	2	5.6
42	5.2	5	3	3	3	6.2
66	4.4	8	4	4	5	6.25
40	4	8	1	3	2	4.95
67	4.5	8	4	4	3	4.9
80	4.2	5	1	3	2	1.5
85	8	8	4	4	5	9.4
56.4	5.18	6	4	5	4	9.3
58.7	4.2	6	3	4	5	5.49
127.5	5	7	2	3	4	3.9
64	3	3	2	3	2	5.2
66	4.2	6	4	4	5	7.5
36	3.6	2.3	4	3	4	5.3
72	4	8	4	4	3	6.85
38	35	25	4	3	3	5.3
90	4	14	3	4	4	9
24	4	4	4	2	3	1.55
100	5	6	1	2	1	3.2
68.9	5	8	4	4	5	8.8
42	4	1	2	2	1	3.1
44	4	5	2	2	2	4
53	4	5	3	3	3	2.7
50	3.5	3	2	2	1	4.5
100	5	60	1	2	1	2.5
80	4	12	5	6	7	8.9
90	12	16	2	3	4	2.55
40	4	3	4	3	4	5.35
62	4	6	3	3	4	7.2
52	4	4	3	4	4	6
60	4.2	5	3	3	4	8.8
37	8.5	4	4	5	4	6.25
67	10	12	3	4	4	3.6
50.5	4.5	6	6	3	4	8.2
177	10	24	3	4	4	10
58	4.6	5.5	3	4	3	9.9
40	3.3	2.2	4	4	3	5.5
51	4.6	6	6	4	5	6.5
40	4.9	3	5	6	5	5.95
50	3.5	5	3	3	3	7.6
45	4	6	4	4	3	8.5
48	4	3	3	4	3	4.75
61	6	6	3	4	3	5.99
58	4	4	3	3	3	5
90	5.5	6	2	3	2	2.7
60	4	3	2	2	2	4.5
80	4	6	5	5	5	9.5
43	3.5	28	5	8	9	5.2
83	5.5	5.5	1	4	4	4.2
60	10	6	3	4	5	4.9
56	4.68	5	3	3	3	3.35
160	8	8	1	4	3	5.8
60	4.7	2	4	3	3	9
84	4.3	4	5	7	5	9
100	5	16	3	3	4	6.1
494	8	32	1	6	6	9
20	4	5	2	2	2	1.49
67.5	5	7	2	3	2	3.35
100	5	13	3	3	5	8
11	4	4	1	1	1	1.4
69	4.4	5	2	3	3	6
94	6	6	5	5	5	9.99
188	8	7	2	3	3	6
52	3.5	3.5	5	6	4	7.9
62	5	3.5	4	4	4	8.5
33	3.5	3	4	3	3	3.6
138	6.4	16	1	1	1	8.3
72	4	5.5	4	4	5	4.6
90	5	7.5	3	4	4	6.5
550	12	8	1	3	2	2.4
117.7	5	12	3	5	4	5.2
80	5	5.5	3	3	3	4.19
48	3.5	5	2	4	3	4.8
72	4	5.5	3	4	3	3.8
50	4	3	5	9	5	8.95
100	5	7.5	2	3	2	4.29
45	4	20	5	3	3	6.9
151	15	15	1	2	3	5.7
40	4	3	2	2	3	3.59
50	4	6	4	5	6	9.3
50	3	2	5	8	8	8.6
114	6	16	4	6	7	9.7
140	5	16	2	3	2	4
40	42	3	5	3	4	7.5
100	5	15.3	3	5	5	5.7
50.8	30	5	1	2	2	3.95
39	4.7	2	5	3	4	6.5
39.3	4	3	2	3	2	4.68
26	4.4	3	4	3	3	3.85
46	8	8	2	2	2	6.8
34	3.3	3	5	3	4	5.25
80	6	6	3	3	2	5.3
49.5	4.5	12	3	4	3	4.65
50	4	3	3	3	2	3.75
50	3.6	5	5	4	4	9.99
115	5	5	2	3	2	3.1
45	55	25	5	3	3	5.85
60	4	24	3	3	3	4.2
60	4.8	8	5	5	5	5.9
208	8	10	1	2	2	2.8
260	69	10	1	3	2	8.8
80	4	12	1	3	2	6.1
100	5	20	2	2	2	6.7
108	4.5	7	2	3	3	4.9
107	5.5	12	2	3	3	4.8
148	8.2	10	1	2	1	4.1
170	9	12	2	3	3	6.45
64	4	8	4	5	5	5.4
86	4.5	13	3	4	4	5
80	5	10	4	5	6	9.3
80	4.3	12	2	2	2	4.5
40	3.2	2.5	4	4	3	6.8
105	5.3	12	4	5	5	4.99
35	4.5	2.5	4	5	4	4.85
28	16	3.5	2	2	2	3.35
60	4	14	5	9	9	9.8
34	5	2.5	5	3	4	5.2
76	7	12	4	7	6	6.2
45	3.3	3	3	3	3	6.6
66	4.2	7	2	2	2	3.15
50	5	6	5	4	5	4.95
33	3.9	2.5	4	3	3	4.69
48	4	10	5	5	4	4.7
52	3.6	2.5	5	4	4	7.1
34	3.6	2.5	5	3	4	5.1
100	5	6	3	4	4	7.2
18	6	5	3	3	3	3.3
60	5	8	4	4	5	8.95
89	5.1	6	2	4	5	8.95
76	4	30	4	4	4	7.9
40	4.5	5	6	4	4	9.9
62	4	4	5	6	4	4.45
30	4.2	3	5	4	4	2.55
70	5.5	4.5	2	3	2	2.7
65.5	5	5	3	3	2	3.2
100	6	15.2	3	4	5	6.8
40	4	6	2	2	2	4.3
51	13.34	2.2	2	3	2	7.2
72	43	3	4	5	5	10
88	7	3	2	3	2	2.3
60	4	24	3	4	3	9.2
60	4	24	1	1	1	7.5
100	5	8	3	3	4	6.2
75	6	5.5	2	3	2	4.7
30	4.1	2.5	5	3	4	3.9
36	3.2	12	4	4	3	6.7
30	4.8	3	6	3	5	5.5
56	4	6	3	3	3	5.5
70	5	7	4	4	5	3.1
60	4	5	3	3	3	8.6
50	5	5	4	3	4	7.49
63	5.2	6	2	3	2	2.9
100	5	5	2	3	3	4.2
54	4	3	4	5	5	7.2
115	4.2	12	4	4	6	9.9
33	3	3	5	4	5	8.3
100	5	15	3	4	6	5.7
86	4	5	2	2	2	7.05
45	9	6	3	3	3	6.25
60	4	12	3	4	4	3.7
35	4	3.5	3	2	2	3
100	5	8	2	2	2	5.2
40	4	11	3	3	3	3.7
63	5	17	3	2	2	1.69
64	8	8	4	3	3	5.6
35	3.5	3	5	7	4	6.95
30	5	3	4	4	4	6.1
40.7	3.3	6	6	6	6	5.2
93	5	5.5	2	3	2	4.5
62.5	4.3	6	4	4	3	9.7
73	5	3	3	3	4	3.4
44	5	10	4	4	4	8.5
31	3.6	2	3	2	1	3.6
37	4	6	1	1	1	4.8
58	4	5	2	3	2	3.98
36	4	3	3	3	3	5.5
33.6	2.8	4	3	4	3	4.9
60.4	4.2	4	3	3	3	6.7
21	3	3.5	4	2	3	4.75
30	6.8	2	4	3	3	3.4
35	3.5	2.2	3	3	3	6.7
40	4.5	3	3	3	2	3.35
160	8	16	2	3	3	4.7
34.5	3.2	2.5	4	4	4	5.4
24	3	4	2	2	2	3
60	4.6	10	4	3	4	5.7
80	4	5	3	4	5	8.9
48	4	10	4	4	3	3.25
82.5	5	5.5	1	2	1	3.68
48.9	4.1	10	4	4	3	3.2
80	4	10	2	2	2	9.5
49.2	4.1	10	4	4	3	3.15
50	4.2	10	3	4	4	3.2
48	4	10	4	4	3	3
68	4	7	4	4	5	7.9
65	4	6	1	4	3	6.2
50	3	7	4	4	3	8.5
118.4	6	5	3	5	3	5.2
80	4	6	3	6	5	6
56.3	4	3	1	1	2	3.5
39	4	3	5	4	4	5.2
110	5	2.5	1	4	4	1.8
34	3.9	2	4	5	3	5.95
35	4	4	5	3	4	8.3
54	6	20	3	4	4	8.6
39	5.99	3	3	3	2	2.7
49.4	5.9	2.5	3	3	3	2.99
66	5.7	8	4	4	3	9.3
57.8	4	6	4	5	4	6.5
72	4.2	6	4	5	4	9.5
73	4.9	3	1	2	1	7.99
107	5.09	4	2	2	1	2.58
86	7.65	4	1	3	3	7.2
230	10	20	1	5	3	8
80.5	5	6	2	3	4	9.7
36	4	5	5	3	3	5.2
100	5	10.5	3	4	3	6.7
32	3.3	2	5	3	3	3.3
55	4.5	7	4	4	4	5.8
68	4	12	2	5	3	6.8
72	4	4	3	4	5	5.5
64	4	7	4	5	5	5.2
44	4	6	3	4	3	4.4
46	4	8	3	4	4	8.3
44.5	4.29	2	2	3	2	3.35
29	2.55	4	4	3	3	5.5
32	3.8	2	5	3	4	5.78
58	5.1	5	3	3	5	6.75
50	6.2	3.5	3	4	3	4.1
85	11	3	2	4	4	2.59
30	4	3	5	3	3	3.45
36.4	3	2	2	2	2	3.94
46	4	3	5	3	4	7.05
47.3	4.3	30	2	3	2	6.4
36	3.4	3	4	4	4	5.35
36.3	3	2	2	2	2	3.93
36.2	3	2	2	2	2	3.92
36.1	3	2	2	2	2	3.91
36	3	2	2	2	2	3.9
35	3.7	3	7	3	6	9.2
109	4	14	1	2	2	4
82	4	6	2	4	3	5.8
67	4.3	6	1	2	1	5.2
100	5	12	4	4	5	9
60	4	12	3	4	4	3.7
52	5	19	5	5	6	9.7
106	4	6	2	3	3	4.3
61	5	8	2	2	1	2.5
67.4	5	16	2	2	2	3.9
32	3	3	4	4	2	5.2
56	8	3	4	4	3	6.5
75	4.5	5	1	3	2	8.2
38.5	4.3	2	5	3	4	6.55
47	3.7	3	3	4	3	7
50	6	6	1	3	1	1.65
90	4	12	2	3	3	3.8
58.8	7	7	2	2	2	1.65
64	5	5	3	3	4	7.8
76	3.5	6	6	6	7	8.9
75	4.5	3	3	7	7	5.9
204	20	20	3	2	2	8.5
87	5	24	4	5	4	5.4
42.8	4.5	5	2	2	2	1.85
120	9.3	15	3	4	5	5.3
90	4	3	3	3	3	7.2
30	4	2.5	2	2	2	3.45
60	5	7.5	4	3	4	8.3
31	5.3	2.2	4	3	3	3.45
120	6	56	3	4	4	7.85
28	4	6	5	3	3	5.8
77	4	16	4	4	4	7.75
100	5	15	4	6	7	5.9
42.8	45	5	2	2	2	1.85
54.5	3.5	3	2	2	2	3.3
300	5	24	1	3	3	8.9
35	4	2.5	4	4	4	3.9
31	3.65	3	5	4	4	4.6
76	4	10	4	4	5	7.5
45	4.2	4	5	4	4	6.7
100	5	13.5	4	4	4	3
38	3.8	2.5	4	4	4	3.5
80	5	16	3	4	4	5.8
81	5	18.5	5	4	5	9.9
105	7.5	21	4	8	8	5.6
120	6	55	4	6	5	4.57
90	5	6	2	4	2	3
51	4.6	3	2	3	2	4.6
79.2	10	10	2	1	1	4.4
117	6	11	2	4	4	6
117	6	11	3	4	4	6
143.5	6	11	2	4	4	7.3
51	4	8	3	3	2	6.5
33	4.3	3	6	4	4	7.6
37	4.5	3	5	3	4	5.48
40	6	8	2	3	3	1.05
28	2.7	2	4	3	3	3.6
32.4	4.5	7	4	3	4	8.5
73	5	8	2	2	2	3.23
76	4	6	3	3	4	7.85
80	4	5	2	3	3	7.5
33	3.8	2.8	5	3	4	4.35
91	7	12	1	2	2	8.3
77	4	16	3	4	4	7.75
65	4.2	12	2	3	2	9.3
70	5	10	5	5	5	9.5
68	4	6	3	3	4	5.88
60	4	15	4	3	3	8.9
100	5	10.5	3	5	4	6.9
40	4	6	2	2	2	1.55
120	6	15	1	1	1	4
60	5	5	2	2	2	2.2
60	4	15	4	3	5	9.7
100	5	13	3	3	4	6.7
109	5.5	20	3	4	5	8.9
59.1	6	6	4	5	6	7.7
50	4.5	6	4	4	4	5
76	3.5	6	5	6	7	8.88
69	4	3	3	4	4	5.9
61	4.5	6	3	3	3	6.5
128	5	12	1	3	2	9.9
51	4	3.5	4	6	6	6.8
55	6	3	4	6	6	9
37	4	2	3	3	3	2.92
38	4	3	5	6	4	4.85
150	6	9	2	5	5	10
27	3	6	5	3	3	5.95
73	8	3.5	2	2	2	3.65
50	4.5	3	5	4	3	6.25
442	10	6	1	2	2	2.65
100	5	53	4	4	4	9.2
32	3.5	2.5	5	4	3	4.3
45	4	4	4	4	3	5.15
80	6	8	3	4	5	5.69
73	4	9	4	4	5	5.35
45	4.6	6	2	4	3	7.1
51	5.6	7	3	4	5	4.6
54	4	8	4	6	5	6.1
90.8	4	7	1	1	1	4.2
50	4.65	12	5	4	6	5.9
80	5	9	2	3	1	1.4
76.5	4	8	3	4	3	7.9
86.7	4.5	7	2	2	3	6.9
41	4.5	2.5	5	3	4	6.85
160	4	15	1	2	1	6.98
90	5	15	3	3	4	4.6
98.5	4	8	3	4	3	7.4
42	3.6	2.5	2	2	2	3.2
44	3.7	3.5	4	4	3	9.2
57	5	7	2	2	2	3.8
100	5	6	2	3	2	2.15
74.5	5	3	2	4	2	2.5
97	4.5	3	2	3	2	2.65
100	5	5	4	7	7	9.5
52	4	12	2	2	2	6
64	4	10	3	4	3	6.5
31	3.8	2.5	3	3	3	2.25
35	3.5	3	5	4	3	2.55
45	6.3	2	5	4	5	8
33.1	3.2	2	2	2	2	2.9
70.5	8	4	2	2	2	4.85
90	5	6	1	2	2	1.3
138	6	30	4	5	6	9.5
65	5	6	4	4	3	4.7
22	6.8	5	4	3	3	4.6
32	3.2	12	2	2	2	8.6
108	6	16	3	4	4	9.5
100	5	10	2	5	5	1.3
60	4	40	5	4	5	9.29
36	3.7	3.5	3	3	3	2.6
100	5	15	2	3	3	3.1
34	3.5	3	3	3	3	1.69
60	6	13	2	3	2	2.7
33	3.7	4	3	3	3	1.69
106	4	6	2	3	2	4.3
30	4.2	3.5	5	3	4	2.55
46	5.5	3	4	3	3	5.45
180	6	15	3	4	4	10
40	4.8	2	5	4	4	5.2
60	5	7	3	4	3	5.1
54	4.5	5	2	2	2	2.73
80	4.2	13	3	3	3	6.8
99	4	6	2	3	2	7.1
49	4	10	3	4	3	5.1
40	5	4	5	3	4	5
30	4	4	5	3	4	4.05
95	5	7.5	2	2	2	5.7
62	6	2	4	4	3	8
120	6	11	2	3	3	3.5
53	3.9	3	3	3	3	3
79	4.5	8	3	4	3	5.65
60	35	3	4	4	3	5.9
40	5	25	5	3	4	7
35	4	3	4	4	3	5.7
102	8	8	2	4	4	6.2
38	3.6	3	6	4	4	6.8
111	3.8	40	1	2	2	8.45
80	5	12	3	4	4	4.1
38	42	3	2	2	2	3.4
50	4.5	4	1	1	1	8.9
84	4	12	1	1	1	6.6
54	4.5	7	4	3	3	4.8
75	5	22	3	4	4	7.25
42	4	10	4	4	5	4
100	6	12	2	5	5	4.5
80	4	3.5	2	3	2	2.5
45	4.6	8	4	3	3	9.9
56	4	5	4	5	4	6.5
150	5.6	8	1	3	2	2.8
41.9	3.9	2	2	2	2	4.65
60	4	6	3	4	4	7.6
142	5	3	3	4	3	6.3
55	9	5	4	4	4	9.3
43	5.6	1.5	3	2	2	2.8
99	5	7.5	4	5	5	7.8
77	5	16	3	4	4	7.75
85	5	16	5	5	4	9.8
197	5	7	2	4	3	2.25
46	4.2	2	4	3	3	7.15
135	9	12.5	3	4	5	7.77
35	5	3	4	4	3	5.48
122	4	8	1	7	7	9.3
83	3.48	9	3	4	4	6.6
53.8	5	10	2	2	2	4.5
60	5	12	6	5	4	7
32	3.2	2.5	4	3	4	3.65
61	4.5	7	2	3	2	3.2
190	10	11.5	3	4	4	7.5
70	5.5	4.5	2	3	2	2.7
52.5	3.63	7	4	4	4	8
37	3.4	3	3	5	3	3.6
100	5	4	2	3	2	2.95
46.3	4	5	4	4	5	5.7
90	4.5	4	2	4	5	4.29
37	3.3	8	4	4	3	8.8
90	4	6	3	3	3	6
110	4	7	2	5	3	6.2
100	5	5	2	3	2	4.2
85.4	4.2	5	2	3	2	3.3
67.5	4	4	1	2	1	2.65
85	5	6	2	3	2	4.3
90	5	25	4	5	6	7.8
31	3.15	10	2	2	2	8.6
80	10	12	3	4	5	6.08
65	4	5	3	3	3	6.8
59.8	5	5	3	4	4	4.5
52	4	5	3	4	5	4.78
82	6.5	6	3	4	5	5.5
40	4.2	3	4	4	3	5.6
40	4	5	4	6	6	4.95
164	11	60	2	4	4	8.8
15	4.55	3	5	2	2	2.8
67.8	4.2	8	3	3	3	3.15
42	41	3	6	4	4	8.5
50	4.1	5	4	4	5	8.8
143.5	11	16	2	4	4	8
46	3	4	5	5	4	9
45.2	4	4	1	2	2	4.75
35	3.9	2	5	3	4	4.8
40	4	3	5	3	4	6.95
76	5	6	5	6	7	8.35
178	6.7	4	1	2	1	3.35
72	4	6	2	2	3	3.8
66	4	8	3	4	4	5.85
85	4.2	8	4	4	5	7.8
65	5	5	1	2	1	1.55
72	5	12	3	4	5	10
40.27	4	2	5	6	4	5.9
172	7.5	7	3	5	5	5.95
75	6.5	7.5	5	6	7	7.5
62	5.4	3	4	4	4	8.9
45	5	3	1	1	1	2.55
40	4	4	4	3	3	4.2
89	4.31	8	2	3	2	5.8
88	4.6	8	3	4	4	9.9
95	12	10	3	3	4	9.9
65	5	5	2	3	2	8.7
97	5.2	8	4	4	5	6.7
30	3	3	4	4	4	6.15
31	3.6	2.5	5	3	4	3.15
59	4.1	5	2	4	3	8.6
60	4	12	3	3	3	3.9
60	5	12	2	2	2	3.97
40	4	12	4	4	3	5.4
35	3.8	2	6	5	3	6.85
52	5	15	5	4	5	10
50	7	4	4	3	4	7.9
34	3.2	4.5	5	3	4	5.6
55	3.5	10	4	3	3	9.5
22	4	3	4	3	2	2.8
75	5	5	2	3	2	3.65
35	3.4	3	6	4	5	5.7
150	5	12	3	3	3	8.8
60	6	8	2	3	2	2
55	5	18	5	4	5	9.2
33	4	3	5	3	4	2.95
38	3.5	2.5	5	5	5	4.2
58	5	20	3	3	3	5.98
60	5.4	20	4	3	3	7.99
80	4	7	4	4	5	9
36	3.8	2.6	4	3	3	3.5
45	6	5	5	4	5	9.5
50	4	10	4	3	4	8.5
42	3.8	3	5	6	4	5.58
96	8	16	4	5	5	5.1
280	10	15	1	2	1	5.1
57	5.6	3	3	3	3	6.5
58	4.4	5	3	4	3	6.4
48	4	6	2	2	2	4.33
60	6	8	2	3	2	3.1
67	5.1	4	2	3	2	4.44
88	4	20	2	3	3	5.5
67.5	4.5	6	5	4	5	8.5
34	3.2	4	5	3	5	5.5
53	4.5	6	4	4	5	7.5
56	3.5	50	4	5	4	8.7
96	6	16	1	2	2	9.5
109	5.5	5	2	3	2	1.95
40	3.7	3	5	4	4	6
40	3.6	3	4	5	3	6.8
105	5	7.5	3	4	3	7.5
40	3.5	3	4	5	3	6.8
45	5	3	5	5	4	6.7
36.8	4.85	6	3	3	2	6.25
35	4	3	5	4	4	4.8
54.1	6.25	7	3	4	3	7.2
138	5	6	1	3	2	2.7
50	4.5	3.2	3	3	3	8.2
75	5	13	3	3	4	6.5
81	6	3	3	3	3	8.1
55	4.8	2.6	4	3	3	2.95
150	5	8	2	3	2	2.28
30	5.5	2.3	5	4	4	2.88
125	5	8	2	3	2	2.08
47.4	5	5	4	4	4	7.5
96	4	5	3	4	3	6
53.7	3.25	3	3	4	4	6.9
40.7	3	4	2	3	2	4.45
33	4	2	5	3	4	3.5
70	4.4	8	3	3	3	3.9
81	5.4	8	3	3	3	4.5
44	4	2.8	4	4	4	4.7
46.8	4	4	2	2	2	3.3
40	4.5	2	4	4	3	3.86
88	4	20	3	4	5	9.1
94	4	6	3	3	4	7.7
34	1	3	3	3	3	1.85
55	4.5	6	4	4	5	7.85
72	4	7	3	4	3	6.5
60.2	4	8	5	4	5	6.9
85	5	7.5	2	2	2	6.5
82	8	7	1	1	1	7.3
30.45	3.5	6	2	2	2	1.55
60	5.2	3	2	5	5	1.9
42	4.5	3	6	3	5	8.8
75	5	10	3	3	3	7.1
112	8	13	3	3	5	10
85	4	6	4	4	5	6.5
120	5	8	3	5	4	6.49
45	3	3	3	4	3	6.19
64	4	10	2	2	2	9.75
100	7	7	2	3	2	4.9
43	7.8	4	5	3	4	7.5
56	4	6	3	4	3	6.3
100	5	12	2	3	2	1.6
317	5.67	30	1	2	2	6.2
52	8	1.5	4	6	4	7.4
30	4	2	5	4	4	4.88
31	3.5	2.9	4	3	3	3.55
65	5	6	5	4	5	7.2
89	5	18	3	3	4	5.18
36	3.6	8.2	5	4	4	5.7
35	4	7	5	4	4	6.8
60	4	10	2	2	2	5.7
90	5	7.5	3	4	3	6.45
90	5	18	3	3	5	5.89
97	4.5	6	2	3	2	1.83
82.5	5	10	5	5	6	7
76	4	8	5	5	6	6.6
38.4	3.2	4	4	4	3	6.5
55	3.7	12	4	4	3	6.69
48	4	5	2	2	2	3.68
40	4	4	2	2	2	3.15
40	3.5	3	2	2	2	3.5
75	4.5	4	1	2	1	3.85
64.9	4.4	5	4	4	5	6.7
99.4	5.5	4.2	1	2	1	3.55
46	3.8	3	5	6	4	4.05
35	3.5	2.3	5	3	4	5.9
84	5	13	5	6	5	8.7
45	4	7	5	3	3	6.5
81.9	3.59	7.5	1	2	1	6.75
58	4	5	2	2	2	4.1
31.1	5.93	2.7	3	4	3	3.05
80	5	8	4	4	5	7.9
42	4	2	4	4	3	5.25
85	5	4	2	2	2	1.95
90	3.9	3.3	3	4	3	4.8
100	5	7.5	3	3	3	5.19
135	5	7	6	5	5	8.9
66	4.1	7	5	4	5	7
40	4	3.5	5	5	5	6.5
58.3	4.6	4.5	4	4	5	6.8
62	4	10	3	3	4	6
51	5.8	2	4	5	5	9
60	4	8	4	4	5	4.55
90	5	22	1	1	1	5.7
88.3	4.45	35	2	3	2	3.3
30	4	4	4	4	3	5.4
99	7	7	1	2	2	4
100	5	12	1	2	1	2.1
50	4.5	5	3	4	3	6.2
108.9	6.47	5	2	5	2	9.18
100	5	12	4	3	4	7.8
100	5	16	3	3	3	5.5
80	6	7	2	3	2	2.45
64	4	25	2	2	1	2.1
32.3	4	10	2	2	2	4.5
34	3.5	2	4	5	4	4.45
60	4.2	5	3	3	3	5.3
40	3.5	3	4	4	5	6.5
126	6	13.5	4	5	5	7.5
189	5	7	1	3	3	1.9
54	4	6	4	4	3	6.25
80	5.5	3	5	6	3	9
42	5	2.5	6	6	5	7.9
167	8	6	1	4	3	1.9
56	4	6	1	2	1	3.38
63	4.5	5	4	4	3	8.6
84	6	14	1	2	1	2.8
52	4.07	4	2	2	2	4.9
84	4	16	2	2	2	9.3
84	4	16	3	3	2	9.5
46	46	3	2	4	2	6
43	5.5	8	5	4	4	5.85
80	4	8	2	4	2	2.1
62	5	3	4	3	3	8.9
30	3.7	5	5	3	4	4.5
39	4	10	5	5	5	6.15
40	3.46	2	4	4	3	4.4
45	3	2.5	6	8	9	8
35	4.6	2.5	5	3	4	4.3
59	5.9	5	3	3	3	2.25
40	4	4	3	3	2	1.4
66	6	40	2	2	2	3.75
123	8	8	2	4	2	5.6
110	4	14	1	2	2	6
90	4.5	24	3	3	2	7.5
80	4	5	2	2	2	6.8
41	4	4.5	3	3	2	2.65
62	4	3	2	3	2	2.1
69	5.1	10	5	5	5	9.5
92	4	8	4	5	3	8.1
72	6	4	4	4	4	6.5
68	4.5	4	2	1	1	2.49
63	3.6	5	4	4	4	7.9
60	4	8	2	3	3	6.7
65	4.35	3	2	3	2	6
125	5	48	3	3	3	7.5
90	7	10.5	2	2	1	7.15
40	4	8	3	4	4	6.75
80	4	32	2	3	2	5.8
38.5	4	4	5	6	7	5
44	4.4	5	5	3	4	7.4
36	5	5	3	3	3	2.35
50	4	5	2	2	2	4.95
141	5	4	1	2	1	3.7
125	5	30	3	4	5	8.8
93.6	5	5	1	2	1	2.35
100	5	14	3	3	4	4.3
28	3.6	3	5	3	4	4.6
46	3.8	2.5	4	4	4	7.4
40	4	4	4	4	3	5.85
33	5	6	5	3	3	4.5
72.9	11	6	2	2	2	3.5
43	4.3	12	2	3	2	8.3
61	4.5	6	5	6	6	8.88
93	5	75	3	3	3	7.4
39	12.3	3	7	3	5	9.7
58	5.2	6	4	4	5	6.8
57	4	3.5	5	4	4	7.2
40	4.5	3	4	4	4	3.6
100	5	16	3	4	4	6
30	5	5	3	3	4	4.65
120	6	6	2	2	2	4.8
54	4.5	5	5	4	3	6.5
39	55	4	4	6	6	7.25
120	6	6	3	4	4	9.9
153	9	6	1	1	1	9
100	5	10.5	3	4	4	6.5
101.3	22	22	1	5	5	6.5
40	4.5	5	5	8	8	8.5
108.8	5.44	13	4	4	5	8.9
30	3.8	2.9	5	3	4	4.2
80	6	21	5	5	5	4.7
52	4	3	5	6	4	4.58
84	5	7	4	4	4	8.8
50	5	4	3	1	2	1.95
41	3.13	5.5	3	3	3	6.7
90	5	34	4	4	4	5.7
45	3.6	3	5	4	5	10
93	5	10	2	3	4	9.2
84	5	12	2	3	3	5.7
62	4.2	4	3	3	3	4.9
30.4	5	3	3	4	5	5
68	3.8	3	3	3	3	7.8
69	42	5	2	3	2	3.6
85	5	8	3	4	4	9.6
110	5	30	3	4	4	4.3
55	4	6	5	4	3	5.5
62	4	5	2	3	2	4.5
45	4	4	5	4	3	6.8
120	5	7.5	1	3	3	3.9
85	5	5.5	3	3	4	6.45
85	5	5.5	4	4	4	5.75
40	5.2	3.5	6	4	4	9.7
62	4	6	4	6	5	5.99
52	4	4	3	3	3	7.2
33	4	3	4	4	3	5.65
36	5	3.5	5	3	4	4.6
33	3.6	9	2	3	2	6.5
170	4	3.5	1	4	4	3.2
95	6	8	2	4	4	7.3
88	4.85	5	2	3	2	4.3
67	4	12	4	4	4	8
28.22	3.5	3	4	3	3	6.8
62	5.2	4	3	4	3	4.5
80	5	42	6	5	5	4.9
95	8	6	3	3	3	5.9
45	4.3	2.5	5	9	9	7.45
50.8	5	7	3	3	3	4.69
40	4	4	3	3	3	3.8
98.3	5	10.5	1	2	2	9.25
64	4	6	2	3	2	4.7
70	4	4	3	7	7	8.3
30	6	6	3	3	2	5
66	6	6	3	4	3	5.9
33	3.1	5	2	2	2	4.35
63	4.05	6	4	4	5	8.5
29	4.6	4	1	2	2	3.5
80	4	12	5	5	3	9.7
46.5	5	3	3	3	3	2.25
445.5	13.5	7	2	4	3	8.29
105	6.5	7.5	4	4	5	9
60	4	6	3	3	3	5
58	4.8	8	2	2	2	7.8
64.5	4.3	5.5	1	2	1	4.9
32	3.1	2	4	3	3	4.8
60	4	6	4	5	5	5.6
126	5	7.5	1	4	4	5.1
73	4.1	12	3	4	3	8.95
33.6	4.2	3	3	3	3	3.25
71	4.2	6	1	2	1	4.8
18	3	20	3	2	3	4.6
100	40	40	2	2	2	4.5
60	4	12	5	5	5	5
37	3.3	3	4	5	2	3.7
64	4	6	2	2	3	4.9
21	6	6	4	3	4	7
110	14	5	2	3	3	8.8
40	4	6	4	4	3	10
75	6	7	3	3	2	4.95
60	4	12	5	4	5	6.3
67	4.5	6	4	3	3	4.35
30	4.2	3	5	3	4	5.6
38	5	4	4	4	3	5.7
45	4.4	4	4	3	4	5.5
80	5	12	3	4	4	4.8
77.6	4	6	2	4	4	5.5
30.5	4.2	2	5	3	4	7.2
52	5	5	3	4	3	5.5
32	5.53	4	3	3	3	4.75
35	3.35	2	5	4	4	4.9
60	4	6	4	4	3	7.5
45	4	2.5	5	6	5	6.1
58	4.65	3	1	2	1	1.9
38	4	2	5	6	4	6.3
40	4	3	2	2	2	3.8
35	38	2	5	3	4	5.6
43	3.5	4	2	3	3	6.4
47	4	3.5	3	5	5	6.28
48	4	3	4	4	3	9
75	5	12	3	4	3	3.5
63	4	5	3	2	2	6.2
45	4	5	3	4	3	6
174.5	8.2	5	1	3	2	3.8
60	4	13	3	4	4	3.7
56	4	35	5	6	4	7.9
94.2	6	5	2	3	2	3.75
88.6	5	6	2	2	2	6.4
61	5	5	3	3	3	3.6
70	5	15	4	4	3	8.5
70	5	15	4	4	3	8
32	4.2	2.5	5	3	4	5.5
60	4	5	3	4	4	5.2
54	4	10	2	3	2	2.8
48	4.6	12	2	2	2	8
50	4	4	2	2	2	4.18
61.7	4	12	3	4	4	3.65
40	4	4	2	2	2	3.48
48.3	4	4	2	2	2	3.88
76.6	5	5	2	4	3	3.5
40	4	11	4	4	3	3.7
73	5	18	5	5	4	10
63	4.5	13	3	3	4	3.6
60	5	13	5	6	5	6.8
38	4.5	3	4	4	3	5.5
30.2	4	2	5	3	4	4.8
75	5	12	3	3	4	5.24
45	3.1	6	3	4	5	7.2
51	4	18	4	4	4	6.55
62	4	12	3	4	4	3.85
26.3	5.5	25	4	4	5	4.25
47	4.2	4	4	4	3	5.95
61	4.7	4	2	2	2	2.3
78	6	20	5	6	5	9.2
35	4	6	1	2	2	1.93
83	3.6	7	3	3	2	7
49	5	5	2	2	2	2.5
60	4	15	3	6	3	6.6
73	5.2	8	2	3	2	3.55
93.5	5.5	7	2	3	2	3.6
50	6	2.5	5	4	5	8.2
48	4.6	2.5	4	4	4	5.75
84	4	20	3	4	4	6.5
28.7	4.17	5	4	4	3	4.3
75	5	15	4	8	5	6
73	5.4	3	4	4	4	8.9
80	5	6	3	4	3	8.7
72.9	5.6	4	2	3	2	2.75
34.3	2	2	1	1	1	1.17
60	5	12	4	5	4	4.2
48	4	8	3	4	3	6.6
125	5	20	2	4	3	2.6
61	7	15	1	3	2	1.95
60	5	15	1	3	2	1.93
75	5	5.5	3	4	5	7.7
110	5	15	3	4	4	5.65
82	4.1	12	2	3	2	8.3
75	5	12	3	4	4	3.5
195	5	10	2	4	3	6.1
100	5	5	1	3	2	1.4
53	4	6	5	8	4	6.6
91	5	5	3	3	3	5.4
90	5	24	3	4	5	6
40	4	3	4	3	3	5.35
420	1	5	2	2	2	3.45
180	6	8	1	4	2	5.3
200	10	16	2	4	4	5.9
100	5	20	3	4	4	9.45
80	5	12	3	4	3	9.1
120	6	64	3	4	5	8.6
60	4	8	1	3	2	2.95
40	4	12	3	3	3	5.65
100	5.1	8	1	3	2	5.2
71	4	6	2	3	2	3.2
90	7.5	20	3	4	3	8.5
85	5	20	3	4	3	8.69
48	4	4	4	4	3	8.8
45	4	7	4	4	5	9.3
67	4	4	3	4	3	5.85
55	4	3	5	6	4	9.4
75	4.5	3	4	4	4	9
45	3.6	2.5	5	6	4	6.1
50	4	3	4	5	5	8.8
51	4	15	4	3	4	6.85
30	6	2	4	3	3	3.45
42	4	2.7	4	4	3	4.3
50	4.3	2	3	3	3	2.98
36	3.3	2	5	5	4	3.99
47	3.6	2.4	4	4	3	3.65
31	3.3	2.2	5	3	4	3.9
50	5	4	2	2	2	3.8
29	2.4	3	4	4	3	4.55
74.5	4.6	5	3	4	4	5.2
35	4.2	5	5	3	4	5.7
30	3.5	3	4	3	3	6.86
45	4	4	4	4	4	8.9
108	6	20	3	4	5	9.5
39	10.6	3.1	7	6	7	9.8
47	4.5	6	3	3	3	2.34
75	5	30	3	4	4	7.95
40	5.8	6	6	4	4	9.5
96	4.8	10	4	6	7	8
35	6	2.5	4	3	3	4.3
55	6	10	3	3	3	8.3
30	3.5	3.5	2	2	2	3.25
45	6.9	6	6	3	3	9.85
125	5	10	2	3	3	7.7
100	5	7.5	2	2	2	4.99
76	6.1	4	2	2	2	5.2
67	4.5	7	4	4	4	4.35
62.4	5	5	2	2	2	4.6
125	5	7.5	3	4	5	6.85
50	4	5	2	2	2	4.8
100	5	7.5	3	3	3	4.65
90	7	8	4	3	5	7
52	8	8	4	4	5	7.3
30	3.3	3	5	3	4	3.75
52	4	4	4	3	4	5.5
48	4	6	3	4	3	4.3
95	5	6	3	3	3	6.7
96	6	6	5	5	5	9.9
66	4	14	4	4	3	7.3
33	3.4	2	5	4	4	5.5
75	5	7	3	4	4	7.5
49	4	3	5	5	5	7.85
48	5	3	2	4	5	3.85
60	4	13	5	6	5	7.3
80	5	13.5	3	3	3	3.15
40	3.5	10	5	6	4	9.95
48	4	4	1	2	2	1.6
41	3.1	5	2	2	2	6.5
200	10	12	2	3	3	5.95
59	4.8	6	2	2	2	6.8
55	5	8	5	5	5	9
102	8	4	3	5	4	3.85
55	5	6	5	5	5	9.5
49.5	4.5	6	4	4	4	5
32	3.5	2	5	4	4	3.65
55	5	6	5	5	5	9
30	3.3	8	4	2	3	5
55	5	6	5	5	5	9
95	4	6	3	3	3	7.7
55	5	6	5	4	5	8.9
35	4	4	5	4	3	4.3
68	5	4	2	5	5	6.3
52	3.8	4	1	4	4	2.6
64	4	7	3	4	3	8.2
92	4	6	2	3	3	4.8
28.7	4.2	7	4	4	3	4.3
76	4	13	3	3	5	4.35
44	4	5	2	2	2	1.26
52	4.6	5	4	4	5	6.3
226	5	13.5	4	4	4	3.7
40	4	7	2	2	2	3.68
107.8	8	6	2	4	4	7.5
50	5	12	3	4	5	5.88
32	4	3	5	3	4	2.75
90	6	12	3	4	4	9
55	5	6	3	4	3	4.1
100	5	10	3	5	5	7.7
40	4	3	2	3	2	5.1
41	3.2	5	4	4	5	7.8
106	4	3.5	2	3	1	3.85
53.2	3.8	6	2	3	2	1.57
100	5	14	3	3	4	7.8
50.8	4	5	2	2	1	4.3
66	4.1	5	5	5	4	6.7
28	3	3	6	6	5	5.5
100	5	17	2	2	1	1.85
82.9	8	10	2	4	2	2.4
100	5	8	3	4	4	4.55
45	3.7	4	2	2	2	6
62	4.25	3	4	4	5	3.88
30	4	3	5	3	4	3.7
193	7	6	1	5	3	3.89
30.6	3.3	3	2	2	2	3.3
50	5	4.5	4	3	3	7.3
24	4	8	5	3	3	5.6
60	4.12	4	4	4	4	5.7
35	3.3	3	5	5	5	4.35
60.4	4	8	2	3	2	2.6
60.3	4	3.5	2	3	3	5.9
60	4	12	5	4	5	8.5
40	4	4.5	5	4	4	9.5
75	5	15	4	4	4	7.8
107.1	6.3	6	3	3	4	4
30	4	2	4	3	4	4.35
32	4.5	4	5	3	3	3.2
90	6	2.2	2	2	2	9.8
68	4.5	15	4	3	4	9.5
57	3.5	12	2	2	2	6.1
36	4	3	6	4	3	6.5
40	4	5	5	3	3	7.45
51	6	4	3	3	3	8.8
95	5	6	1	4	3	9.8
70	5	5.5	3	3	4	6.85
40	4	2.5	4	4	3	4.5
42	3.5	3.1	4	4	3	4.45
70	5	5.5	3	3	4	6.85
128	5	7.5	3	4	3	4.35
99.9	5	3	2	4	2	4.8
95	5.3	5	3	4	4	9.6
79	4.5	7.5	3	5	3	5.65
60	7	5	4	4	4	4.45
32	4	4	2	2	2	3.39
73	5.5	3	4	5	3	8.9
82	4	5	2	3	2	2.65
35	7.13	4	5	3	5	5.65
45	4	3	4	4	3	5.3
33	5	3	5	3	4	4.18
35	3.5	2	5	4	5	4.79
58	42	3	2	3	2	4.5
117	6	11	3	4	2	6
65	8	2.5	5	8	6	8.5
30	3.6	2.5	5	3	4	5
90	5	3	2	3	3	5.2
54	8	6	1	4	3	7.8
31	4.15	2.5	5	3	5	3.85
75	5	15	5	6	6	8.88
39	6	3	3	3	3	2.8
40	4	4	5	4	4	8.15
28	3	8	2	2	2	3.75
61	5	3.2	3	3	2	7.9
15	4	2	4	2	2	1.83
20	4.8	3.5	2	1	2	2.7
48	4	4	3	4	3	4
75	5.1	3	5	4	4	9.5
46.5	3.2	5	2	3	3	4.98
32	3.8	4.5	5	3	4	4.29
40	4	4	5	4	3	7.79
32	3.7	2.3	5	3	4	4.5
28	3	3	2	2	2	3.29
32	5	3	5	3	4	5.25
45	3.1	2.5	4	4	3	4.75
50	4	5	5	3	4	8.65
42.9	3.3	5	2	2	2	3.65
57	6	6	6	3	4	8.6
28	3.7	6	4	3	4	7.3
50	4.5	3	5	5	4	7.15
50	16	6	3	3	3	9.7
100	9	4	3	5	3	3.65
45	4.5	3	3	3	3	2.55
105	8	5	3	4	3	9
68.4	6.2	3	4	4	3	4.4
45	5	3	3	3	3	2.69
58	7	7	4	4	3	6.4
30	4.1	4	6	3	5	5.84
45	5	5	6	3	6	8.25
76	4.2	5	3	3	3	4.5
75	5	8	4	4	4	7.99
72	6	2	3	3	4	4.2
60	5	3.5	2	2	2	3.7
58	4.5	5	3	4	4	9.5
40	4	3	4	3	3	2.7
31	3.15	4	6	6	5	7.5
100	4.95	12	1	1	1	8.6
100	5	7.5	3	4	4	5.75
52	4	7	4	4	4	5
60	4	7	1	1	1	9.5
73	4.7	1.5	3	3	3	6.5
90	6	8	3	4	3	8.69
55	5	7	4	4	4	5.8
60	4.5	4	5	5	4	9.5
35	3.5	4	5	3	4	5.7
30	6	5	2	2	2	2.55
40	8	8	4	6	6	4
120	6	56	3	4	5	8.9
53	4.2	3	5	6	4	9.45
50	5	6	4	4	5	4.9
75	4	4	6	3	4	6.9
76	5.5	5	2	3	3	5.4
45	4	3	6	3	4	8.9
100	5.3	13	1	3	3	4.8
64	4	4	1	3	3	2.9
70	4.8	4	4	4	5	8.49
31	4.59	2.8	3	4	3	3.15
267	16.24	4	3	5	3	6.6
50	4	6	3	4	5	6.2
30.1	3.5	2.5	5	4	4	4.3
76	4	8	3	3	4	6.3
56	4	15	4	4	4	7.63
86	6.4	7	4	4	5	8.3
80	4	4	2	3	2	4.5
50	4.5	3	3	3	2	2.05
60	5	5	4	4	5	6.4
50	4.1	5	5	4	5	6.6
56	4	5	4	4	5	6.4
90.8	4	4	2	2	3	9.7
60	5	4	3	3	3	1.95
65	4.5	10.5	2	2	2	2.55
90	5	6	4	4	5	8.29
60	4.5	4	3	3	3	2.05
55	4	3.5	4	5	3	8.5
50	4	3	2	3	2	1.48
72	45	85	2	3	2	2.5
100	5	5.5	1	1	1	2.82
21	3	3	2	2	2	1.95
100	5	10.5	1	2	2	4.5
100	5	5.5	2	3	2	2.95
100	5	7.5	2	2	2	5
90	6	5.5	2	3	3	3.5
100	5	10.5	3	3	4	7.5
36	4.5	3	6	3	4	7.5
150	6	3	1	2	1	1.48
35	35	75	6	3	5	6.5
35	4	3	4	4	3	5.35
82.1	5.8	3	1	2	1	1.85
112.5	5	7.5	3	3	4	6.5
61	4.2	5	5	5	5	7.6
41	5.1	3	4	3	3	9.7
33	41	2	6	3	4	5.1
60	5	10	5	6	7	8
80	5	33	5	5	5	9.94
133	5	6	2	3	3	4.6
35	4.1	2.5	4	3	3	4.69
46	3.76	3	3	3	3	6.8
60	7	5	5	4	4	9.1
64	4	16	2	2	3	9
85	5	10	3	3	2	4.89
120	6	20	2	3	3	6.5
33	3.1	3	4	5	4	5.99
24	3	4	2	2	1	2.65
55	4.9	4	5	4	5	9.3
105	5.1	5	3	4	3	5.6
40	4.3	5	5	3	4	6.8
69.1	4	4	3	3	4	10
40	3.5	2.3	5	3	4	5.6
37	3.1	3	3	3	3	5.5
59.4	4.4	4	3	4	2	4.1
58	5.5	6	2	4	4	3.55
32	3.5	4	5	3	4	5.6
55.2	4.6	5	3	3	4	3.8
38	3.5	2.5	2	2	2	5.8
60	6.5	8	4	4	5	6.6
90	5	6	3	3	4	6.09
52	4	5	4	4	4	6.5
44	3.8	6	3	4	3	8.9
42	4	4	2	3	2	4.3
40	5	3	6	3	4	7.5
70	4	13	2	4	3	6
40	4	4	4	4	4	6.4
212.4	5.2	4	1	2	2	1.89
70	5	5	2	4	5	7.89
93	4	5	2	5	5	9.79
110	5	2	2	3	2	8.89
70	4.1	6	2	3	2	9.49
60	4	3	3	3	3	6.49
62	4	6	2	3	3	7.69
55	3.6	6	2	3	2	4.69
110	4.2	12	1	1	1	8.25
73	6	7	3	4	3	6.3
30	3.7	2.5	3	3	3	2.5
75	5	8	2	2	2	2.87
60	4	3	1	1	1	2.85
42	4.5	3	5	4	4	6
40	8	3	4	3	4	9.25
53	3.8	3.5	3	3	3	3.1
45	5	5	5	5	5	7.9
67.5	5	12	4	4	4	8.1
70	5	5	4	4	5	6.9
131.2	8.2	6	2	3	3	8.9
55	5	5	4	4	3	4.95
35	3.5	4	5	5	4	5.15
32	3.8	2.5	5	3	4	2.5
32	3.8	3	5	3	4	2.85
45	3.5	2	5	8	9	6.6
110	5.5	6	2	3	2	1.94
39	4	3	4	5	4	5.35
30	3.8	2.5	5	4	4	3.1
33	4.5	2.5	5	4	3	4.7
50	4	4	5	6	4	9
33	3.8	2.3	5	3	4	5.5
32	3.9	3.1	5	3	4	5.68
54	4	6	4	4	5	6.2
40	3.8	2.5	3	3	3	2.3
32	3.2	4	2	2	2	3.45
100	15	30	1	2	2	4.6
128	7.8	10	1	2	1	8.15
41	4	3	4	4	3	8.2
37	10	2	7	5	5	9.8
45.7	3	5	4	6	6	8.5
56	3.8	3.5	3	3	3	3.15
73.5	42	7	4	4	5	8.8
45	3.6	5	5	4	5	6.6
45	3.6	6	5	4	5	6.6
50	3.7	3.5	3	3	3	2.75
125	5	7	1	2	2	1.7
37.6	3.6	4	3	2	3	7.5
99	5	5	2	6	6	6.4
122	5	7.5	3	4	5	7.7
58	3.8	3	4	4	3	7.2
90	4.5	4	2	2	2	2.99
47	4.1	5	4	3	3	9.8
100	4	10	2	3	3	7.9
53.95	4.15	3.5	2	2	3	5.35
63	5.2	3	3	4	4	9.2
37	3.8	3	4	4	4	5.3
150	5	16	1	4	4	1.9
56.7	5.12	8	2	3	3	6.5
35	4.1	3.5	4	4	3	1.98
47	4	3	4	4	3	9.45
50	4.1	5	4	4	4	5.1
140	7.4	6	1	2	1	7.6
93.7	4	4	4	4	5	7.7
63	4.2	5	4	4	6	6.98
39	3.3	2.5	5	4	4	7.1
127.5	5	7	2	3	4	3.9
45	5.8	10.5	2	2	1	9
77	5	4	1	2	1	2.83
36	4.15	3.5	3	3	3	2.55
34	3.5	3	2	2	2	4.35
36	5	3	5	4	4	6.8
90	5	7.5	3	3	4	6.48
133	8	8	1	4	2	2.1
45	8	3	5	4	4	6.5
65	4	5	3	4	3	4.65
72	4	6	2	4	3	6.3
96.8	5.5	20	3	4	4	9.9
90	7	7	2	2	2	1.45
162	9	12.5	3	4	5	8
85	5	20	4	4	5	10
76	4.2	6	4	4	5	8.8
75	5	13	3	3	4	7.25
97	5	5	3	3	3	4.1
31	4	3	5	3	4	5.4
95	5	7.5	3	3	4	6.3
43	9.5	10.5	3	3	3	7
93.3	5	10.5	3	4	4	9.2
39	3.6	2.5	4	4	4	4.65
33.6	3.3	4	3	3	3	4.35
100	4.5	6	2	2	2	7.5
93.7	4	6	3	3	3	7.7
58	6	10	1	1	1	6.15
80	5	6	2	3	2	7.5
31	6	2	5	4	4	5.3
30.2	4	3	4	4	4	4.8
30	3.7	2	3	3	3	2.5
50	4	3	3	3	3	2.46
53.51	4.1	3.5	2	2	3	5.35
55	4	12	3	3	3	6.7
36	3.8	3	3	3	3	1.8
33.5	3.5	3	3	3	3	2.15
72	4	16	4	4	5	5.8
54.1	5	5	3	4	4	4.7
68.8	4.3	10	4	4	5	7.8
56	5	7	4	4	4	9.5
72	4	6	5	4	4	8.5
33	3.4	3	5	3	4	3.5
89	4.5	4	2	3	3	3.95
38	4	3	5	4	5	5.88
110	7	8	3	5	3	6
45	4	3	4	4	3	4.65
31	4.8	2	5	3	4	4.1
25.6	3.6	2	4	3	4	3.6
35	3	2	4	3	3	3.32
76	4	5	2	3	2	8.9
82	5	5	5	9	6	7
46	4.5	5	3	4	3	4.45
67.5	5	13	5	3	3	9.3
150	7.7	12	3	5	5	9.5
52	4	4	3	4	4	4.45
41.2	6	8	2	4	3	6.35
52.5	4	4	2	2	3	4.95
44	3.5	5	4	4	4	7.49
40	3.82	3	2	3	2	2.35
48	4	4	2	2	3	3.9
40	3.75	3	5	6	4	6.6
52	3	3	3	5	6	4.9
58.5	4.5	15	5	4	4	7.2
71	4.5	13	3	3	4	5.6
83.6	5	6	4	4	5	8.6
56	4	7	4	4	6	7.49
30	4.83	2.5	3	3	3	2.48
38	4	3	2	2	2	4.3
90	5	7.5	3	4	3	3.6
72.9	5.6	3	2	3	2	2.75
44	3.85	3	3	2	2	6.2
50.4	4	9	4	5	5	4.4
50	4	30	4	6	6	9
46.5	4.05	4	4	5	5	7.5
33	3.8	2	4	5	4	5.7
60	4	5	1	2	2	3.2
40	4.8	3	5	3	4	6.8
150	5	16	1	3	2	2.1
100	5	4	1	2	1	1.49
103	4.6	6	2	5	3	9.3
190	5	4	1	3	1	1.55
55	5	5	4	4	4	5
144	6.5	8	2	3	2	2.35
39	4.6	2	5	3	4	6.9
45	4	3	5	6	4	8.89
57	4.5	6	3	4	4	7
27	2.6	2	4	3	2	4.15
80	4	6	1	2	1	2.6
51	4	20	2	4	3	4.5
64	4	5	3	4	4	6.7
66	4	6	2	2	2	4.15
51	5.2	6	3	3	4	5.2
55	6	10	1	2	2	7
37	4	12	4	3	3	5.6
70	5	20	5	6	5	9.1
30	4	2	4	3	3	5.3
42	3.6	2	4	4	3	4.7
83.25	4.5	5	4	3	4	5.5
68	4	4	2	3	3	5.7
34	4	4	5	3	3	2.55
75	5	10	3	3	4	6.5
64	4	6	4	4	5	8.9
51	4.15	5	2	2	1	8
25	3.5	2	4	3	4	3.6
32.2	4	3	5	3	4	3.55
38	3.8	5	4	3	3	5.1
86	5.2	2	1	3	2	1.7
38.6	4	4	5	6	4	4.85
34	7.1	3	5	3	4	5.65
30	3.4	5	4	2	3	6.9
36	4	20	5	5	3	4
21	3	4	3	3	2	2.58
70	4.2	4	1	2	1	2.7
45	8	2.8	4	4	3	3.3
95.1	4.2	5	3	4	4	8
62	4	4	5	6	4	9.5
52	7	5	2	2	1	4.5
68	4	8	5	5	6	6.95
32	4.6	5	5	3	3	3.85
74	5	18	5	4	5	9.9
50	5	3	1	1	1	6
56	4	3	3	3	2	5.3
51	6	6	2	3	3	5.6
40	3.5	4	5	6	3	7.85
52	9.4	3	4	4	2	7.8
39	4.6	2	5	3	4	6.9
33	3.8	4	4	3	4	2.2
45	5	4.5	4	4	4	7.38
40	6	3	3	3	4	6.6
65	6	5	4	4	5	6.3
100	6	6	2	3	2	5.5
85	5	6	2	3	2	3.8
96	5	4	2	4	3	6.3
40	4	3.6	4	3	3	1.89
51.7	5	2.5	2	3	2	2.39
69	3.8	2	3	4	4	5.9
35	4.3	3	6	2	5	7.6
52	4.2	4	1	2	1	1.9
60.2	5.2	6	3	4	3	6
37	4	2.5	5	3	3	6.2
70	4.6	5	5	8	8	8.6
65	4.5	6	2	3	2	2.55
33	5	3	4	3	3	1.95
36	4	8	2	2	2	3.68
82.4	6	4	2	4	4	6.35
50	5.6	2	2	2	2	7.2
38	4	3	4	3	4	5.3
83.5	5	10	2	3	2	3.5
56	3	3	3	4	3	5.58
88	4	4	3	3	2	7.2
75	4	4	2	2	2	6
34.2	3.2	3	4	3	4	2.5
91.3	4	5	2	3	2	3.75
33	4	6	5	3	4	2.8
104	4	12	2	2	2	8.1
50	5	7	4	3	4	5.4
64	4	6	5	7	6	4.8
80	4.1	5	3	5	5	3.36
80	4	10	4	5	4	6.7
60	3.5	2.5	4	5	4	5.05
62.5	4	20	5	6	4	8.9
48	4	10	4	5	3	10
48	4	10	5	5	3	10
72.5	4	6	4	4	5	7.4
42	5	3	6	3	5	6.25
40.73	3.64	4.2	4	4	3	6.79
108	4.5	20	1	3	3	5.9
73	4.5	3	4	4	3	9.5
48	4	3	3	4	3	4.75
90	5	15	5	8	9	4.85
36	4	7	3	4	3	2.48
90	6	30	4	2	4	9.5
105	5	7	1	3	2	1.32
45	5	6	1	2	1	6.9
60	4	6	4	4	4	6.7
58	5	3.5	4	4	4	9.08
100	5	14	3	4	4	7.8
32	4	3	5	3	4	4.65
105	30	30	3	3	4	7.3
65	4	4	4	4	5	3.85
100	4	8	2	6	5	7
44	4	2	3	3	3	2.85
100	6	6	2	6	5	7.5
71	4.5	15	4	3	3	5.95
100	4	8	1	6	5	7
100	4	4.5	2	3	2	3.1
65	4	5	2	3	2	4.95
71	4.7	4	4	4	3	6.5
52	4	3	2	3	2	4.9
48	4.8	2.2	5	5	5	5.2
40	3.8	3	5	4	4	5.9
48	4	12	4	4	4	2.5
33	4	3	3	3	2	1.85
32	4	6	2	2	2	1.75
50	4	3	5	5	4	9.1
160	8	14	3	3	3	6.4
78	6	20	5	6	6	10
160	10	24	3	3	3	7
73	4	5	4	4	5	7.45
40	3.5	2.5	3	2	2	5.35
35	4	3	5	5	4	3.6
38	4	3	4	4	3	2.9
33	4	3	5	4	4	3.55
39	4	3	4	4	3	4
38	4	3	5	5	4	4.4
33	4	10	5	4	4	3.75
33	4	3	5	4	3	3.15
38	4	4	5	4	3	4.45
35	4	6	3	3	3	1.9
76	6.4	6	4	5	5	6.8
39	6	6	4	3	3	4.35
72	6	2.5	2	3	2	3.65
33	3.5	3	4	3	2	5.4
88.9	5.1	6	5	5	6	8.45
64	4	5	2	3	3	4.35
38	3.5	5	5	5	4	8.7
98.8	5.2	6	4	4	5	6.7
37	5.5	2.4	3	2	3	5.5
85	4.7	8	2	2	1	7
42	4.5	3.5	5	4	4	5.75
56	5	4	5	5	4	9.25
75	6.4	6	4	6	5	6.8
48	4	3	6	5	5	6.35
120	6	12	3	3	3	4.5
64	4	5	4	5	4	6.3
130	4.5	33	2	3	3	7.82
58	3	8	2	2	3	6.8
70	4	7	4	3	3	8.95
65	5	6	4	4	3	8.9
50	4	6	4	3	4	8
55	4	5	3	4	5	7.7
77	4.5	8	4	3	3	9
30	3.8	12	4	3	3	8.1
265	11.3	5.5	1	2	1	3.1
30	3.3	3	4	3	3	4.8
15.5	3	4	1	1	1	1.55
100	5	6	4	7	7	9.5
83	4	6	4	5	5	7.15
35	4.5	2.5	5	3	3	7.45
80	5	8.5	3	3	3	2.43
36	4	3	6	5	5	3.85
114.1	4.16	20	2	2	3	9.5
51	5	10	4	4	3	5.7
75	5	4	1	2	1	1.41
50	4	6	2	2	2	5
35	4.5	4	5	4	3	4.95
33	3.8	2	5	3	4	4.8
40	3.2	3	5	3	4	6.8
46	4.5	33	2	2	2	5.15
46	4.6	4	3	4	3	3.4
310	15	12	2	4	4	6.3
52	4.2	15	6	4	6	9.6
52	4.8	10	3	4	5	6.77
20	3.8	10	1	2	1	6.8
90	12	30	3	4	4	5.95
48	4	5	3	3	3	4.8
59	4.5	5	1	2	1	4.65
80	4	2.5	2	6	3	6.5
80	5	6	2	4	4	6.8
59	4	6	4	4	4	8.5
38	4.5	3	4	2	3	9.9
33	4.1	2.5	5	3	4	7.5
73	4	2.5	4	7	4	8.9
24	4	4	2	2	3	1.68
52	5	3	5	4	3	9.9
65	4	4	7	6	7	11.5
125	5	12	2	3	2	7.7
55	3.99	4.5	6	4	4	8
77.4	4.3	6	4	5	5	8.79
50	4.2	3.5	4	4	3	3.65
89.2	4.5	4	1	2	1	3.95
78	4.6	18	1	1	1	5.45
30	3.4	2.6	4	3	3	3.7
38	3	15	5	6	4	7
42	5	10	4	4	3	7
37	3	2.5	2	2	2	2.9
46	5	3	7	1	1	9
75	5	2.5	2	2	1	3.7
43	3.6	3.5	2	3	3	4.95
62	4	7	4	5	6	5
57.4	4	7	3	3	3	4.83
40	4.5	2.4	4	4	3	7.4
60.2	5.2	6	3	4	3	6
77	5	5	4	5	3	4.9
40	3.7	10	5	4	4	10
73	4.1	8	3	3	2	2.8
159	10.5	10	4	4	5	9
82.6	4.6	5	4	4	5	9.4
85	8.4	3	1	1	1	5.9
125	6	15	3	5	5	5.1
40	7	3	3	4	3	7.5
35	3.2	2	4	3	3	6.25
37	5.25	2.2	4	3	3	5.6
60	4	6	5	3	4	7.2
33	4.5	10	5	4	4	3.9
20	4	3	4	3	3	3.6
77	5.5	12	3	4	5	4.5
32	3.11	5	2	2	2	3.8
50	4.2	3	5	5	5	9.2
51	7	10	2	2	2	6
50	4	4	1	2	1	6.4
25	4	3	4	2	3	4.95
64	4	3	3	4	4	8.9
50	3.8	6	5	4	4	9.6
48	4	6	4	3	4	6.6
70	5	5	2	3	3	1.45
37.9	4.7	6	4	4	4	7.1
70	5.5	5	4	4	6	7.2
60	3.8	2	4	6	4	6.5
102.5	5	5.5	1	3	1	3
37	3.7	3	3	2	3	3.9
22	3	2	2	2	2	3.8
58.8	4.2	10	4	4	5	5.75
62	5	3	2	2	1	1.45
36	3	3	2	2	2	3.75
36	8.5	3	4	5	4	6.25
46	4	6	2	3	2	6.4
81	4.13	8	2	3	3	8.4
78.6	4.8	6	4	4	5	9.2
55	4.9	5.5	3	3	3	7
35	35	3	4	4	4	5.35
30	5	3	6	4	4	5.95
27	4	15	2	2	1	3.2
28	3.8	3	4	4	3	4.25
34	3.82	3	2	2	2	4.5
49	4.8	3	4	4	4	6.4
73	4.1	10	2	2	2	6.3
361	6	20	4	6	6	9.7
35	3.5	3.5	2	2	2	4.68
80	5	9	4	5	5	2.5
55	3.5	4	3	4	5	6.7
135	15	13	2	3	2	10
47	3.4	5	3	3	3	6.5
39	4.5	6	6	3	5	6.2
72	4.5	5.5	1	2	2	3.35
85.4	4.9	5	3	6	7	9.4
49	3.3	3	2	2	3	5
55	5	6	4	4	3	8.8
90	5	14	1	3	2	2.3
100	5	15	3	5	3	3.7
31	4	3	5	3	4	5.6
52	6	3	5	6	4	7.6
43	4.1	3	4	3	3	6.5
68.5	5	5	3	4	4	2.98
83.2	5	7	3	4	5	8.29
29	4	4	4	2	4	4.4
93	4.5	10	2	3	2	2.8
72.3	7	3	4	2	2	3.5
35.5	3.4	4	5	6	5	7
30	5	3	5	3	4	5.56
33.1	3.1	4	2	2	1	5.2
36	3.6	3	5	3	4	5.48
18	4	3	2	1	2	1.8
33	4.6	4	5	4	4	7.2
60	4	3	4	4	4	8
30	3	3	4	4	3	4.5
83	5.3	30	2	4	1	3.2
66	6	5	2	3	2	6.5
35	3.5	3	5	3	4	5.8
39.5	3.3	2.2	1	2	1	3.25
75	5	6	2	3	2	2.5
27.1	3.15	3.5	3	3	3	6.5
36	3.6	4	4	3	3	4.75
48	4	3	5	4	3	6.8
26	3.4	3	2	2	2	6
65	4.1	6	4	4	5	6.6
35	3.5	3	5	3	4	5.1
38	4	4	5	4	4	5
51	4.6	7	4	4	5	6.7
40	4	4	1	2	2	2
30	3.5	2.2	5	4	4	6.2
52.8	4.8	12	4	4	3	3.7
80	9.24	13	4	4	4	5.6
46	7	3	3	3	3	2.62
72	4	8	3	4	3	5.6
115.5	5	15	2	3	3	8.7
84	4.6	7.5	3	4	4	8.3
75	42	10	4	4	3	7.9
35	4	4	2	2	2	2
128.7	5	6	2	2	2	3.1
51.7	8.5	7	4	4	3	6.8
40	4	3	6	4	5	6.5
150	75	16	5	5	4	7.5
38	3.5	2.5	6	4	4	5.1
100	4.2	6	5	5	6	10
62.4	5	3	1	2	2	2.2
40	3.4	5	5	4	4	5.7
32	4	2.3	5	3	4	4.15
40	3.5	5	5	4	4	5.2
51.2	5.2	7	3	3	4	5.4
32	3.6	2.3	5	3	4	4.4
33	4	2.2	5	3	4	4.15
160	8	14	3	3	4	6.2
30	3.5	3	5	3	4	5.28
120	5	5.5	2	3	2	7.9
32	4.3	3.5	5	3	4	6.5
35	3.5	4	5	6	4	7.95
100	5	30	3	4	4	7.3
43	5	5	2	2	2	1.28
40	4	3.5	6	3	4	7.5
80	5	13	3	3	3	1.8
55	5.5	3	5	3	4	9.5
105	7	13	5	6	5	8.55
36	4.2	3	5	3	4	7.35
55	5	16	1	1	1	5.5
61.5	4	3	1	1	1	5.1
90	4.6	8	3	4	1	9
35	3.3	2.5	5	6	4	4.3
56	4.5	3	5	5	4	8.9
31	3.1	3.5	4	2	3	6.5
35	4	6	5	3	3	5.12
51.7	7	20	2	1	1	5.7
21	3.5	40	5	3	5	9.6
37	9	5	4	3	3	6.85
39	6	5	4	4	4	7.75
84	14	6	5	6	5	10
64	4	7	1	1	1	5.7
68	4	7	3	4	5	7.9
55	4	4	5	6	6	6.35
51	4.4	7	5	4	3	6.8
32	5.6	13	5	3	3	5.35
30	3	2	3	4	3	3.8
51	4	4	2	3	2	6.35
77.1	4.4	16	3	4	2	2.85
80	5	67	5	5	6	4.7
44	36	4	4	3	3	9
50	3.5	2	6	3	5	7.55
31	4	3	5	4	4	4.6
36	4	8	4	4	4	8.5
64.1	5	13	3	4	4	3.1
20	4	8	2	1	1	3.58
45	4.3	6	4	4	4	7.8
57	4	3	5	4	4	7.2
30	6	2	5	4	4	7.2
35	3.2	15	6	4	5	6.5
48	3.2	3	3	4	3	6.19
35	5	2.5	5	4	4	8.4
40	7.4	3	3	4	5	5.88
100	5	12	4	4	6	6.5
81	4	7	3	4	3	4.3
122	6	35	6	6	7	7.7
128	5.8	30	3	3	3	7.2
67.2	4	8	4	2	2	5.8
47	4	5	4	4	3	7.9
45.9	3.25	5	2	3	2	5.2
40	4.5	5	4	4	4	7.2
35	4	4	5	3	4	5.3
70	4	2	4	4	3	8.6
41	4	2	5	3	4	5.78
45	4.5	3	6	3	5	10
83	5.3	6	2	3	3	6.9
66.4	4	6	3	4	4	5.85
41	3.3	4	3	3	3	4.35
80	5	8	3	4	5	7.19
62	4.2	10	3	3	5	9.3
60	5	12	4	4	5	5.5
50	5	12	5	5	4	9.6
70	4	6	2	4	2	7.2
45	4	7	6	4	5	9.3
383	7.5	5	1	1	1	2.29
90	6	13	4	5	4	9
48	4	3	2	2	2	4.4
85	5	12	3	4	3	7.5
81	5	7	2	3	3	3.6
63.5	4.23	13	3	3	4	3.56
72	4.5	12	3	3	4	4.8
60	4	12	3	4	4	3.6
90	5	20	1	2	1	3.7
62	4	13	3	3	4	3.85
80	5	12	3	3	4	4.8
56	4	12	4	4	5	8.2
60	8	10	3	3	4	6.1
76.5	4.5	15	3	4	4	4.7
60	8	12	3	4	5	6.1
35	3.5	2.5	5	3	3	4.6
50	4.2	12	4	3	4	7.7
100	5	5	2	3	3	2.95
31	4	3	5	3	3	4.85
47	3.5	6	2	3	2	7.4
100	5	5.5	3	3	3	4.4
75	4	3.2	2	3	3	5.1
48	4	3	2	2	2	3.67
136	8	7	3	5	5	8.59
60	4.6	12	4	4	4	6.8
40	5.8	2.5	5	3	4	7
50	4	7	2	2	2	2.3
66	3	4	5	6	5	10
32	4	3	5	3	4	4.8
30	3.5	3	5	3	4	6.5
38	4.8	5	2	3	3	4.15
43	4	3	5	4	3	6.75
60	4	12	2	4	4	3.7
41	4	2	5	5	5	6.15
28	3	3	3	2	3	3.75
35	4.5	3	5	3	4	5.1
52	4	6	4	4	4	8.1
57.3	4.5	8	5	4	5	8.5
22	2.8	3	3	2	3	3.5
44.6	3.2	7	4	2	3	7.3
58.6	4	5	2	3	4	3.45
36	4	5	5	4	4	6.3
50	4.6	6	5	3	5	6.8
38	3.3	3	4	4	3	4.8
32	4.2	2	5	3	4	4.8
60	4	13	3	3	4	3.2
100	10.2	4	1	6	6	9
40	6	4	4	4	4	6.7
33	3.35	3	3	3	3	2.4
33	3.3	4	4	4	3	6.15
63.2	4.5	5	1	2	2	4.5
45	4.4	4	4	5	3	5.6
45	4	3	5	4	4	5.8
64	3.6	6	2	2	2	5
36	4	2.8	5	3	4	4.8
93.7	4	6	3	4	5	7.7
35.5	4.7	18	2	1	1	3.8
100	5	7	4	7	8	8.5
114	6	13	4	5	5	9.76
62	5	10	2	3	3	2.95
110	5	7	1	3	2	3.19
94.4	6	4	2	2	2	3.6
75	4.5	8	3	4	4	8.2
60.7	7	8	4	4	4	6.15
35	3.5	8	4	4	3	5.8
48	4	20	3	3	3	2.6
78	7	30	1	1	1	10
74.3	5	4.7	2	3	2	4.5
80	4	8	2	3	2	4.6
40	73	4	5	3	4	7.55
88.7	4	5	5	5	5	9.2
58	4	6	1	2	2	9.2
81.8	5	3.5	1	2	1	5.6
32	3.4	2	5	3	4	4.85
90	5	4	1	2	1	6.5
51.5	4.25	3.5	3	4	4	6.3
70	5.92	4	4	4	4	8.3
60	5.29	10	5	4	5	10
75	5	20	3	4	3	6.8
92	5	7.5	3	4	3	6.95
37	8	2.5	7	6	7	9.5
70	4	6	2	2	3	9.5
80	5.3	6	4	4	5	8.3
80.4	6.6	7	4	4	6	8.9
40	5	5	6	5	5	10
48	3	3	2	2	2	3.3
33	4	2.5	5	4	4	4.8
110	5.5	5	1	2	1	2.8
160	8	12	2	3	3	4.7
97.5	5	10.5	3	4	4	9.2
35	4.2	5	5	3	4	5.2
46	4.5	2.5	5	4	5	5.5
60	4.5	7	6	6	6	9.5
35	4	4	2	2	2	2
79.8	4.2	5	3	1	1	2.85
92	5	55	3	5	4	6.48
114	6	13	4	5	6	9.76
30.71	4.03	20	2	2	2	4.2
43	4.3	3	5	4	4	5.6
100	5	6	1	3	2	2.2
108	4	5	4	6	6	7.6
48	4.1	2	5	4	4	7.2
39	4.3	3	5	3	4	6.8
45	3.5	4	5	6	4	7.95
100	12	12	3	4	5	8.2
52.5	5	6	2	2	2	3.85
60.6	4	6	3	3	2	7.9
130	5	10.5	2	3	3	7.95
62.5	4	6	1	1	1	6.7
106	5.5	15	5	5	6	9
111	11	60	2	3	3	6.08
117	6	16	3	4	4	6.39
91	4	6	2	2	3	6.5
59	8	8	5	6	6	9.2
50	4	12	5	4	4	9.9
43	4	4	1	2	1	3
40	4	4	3	6	6	4.8
66.2	4	4	4	4	5	8.19
109	5	4	3	4	3	3.25
90	6	13	3	4	4	5.5
60	4	5	3	3	3	4.2
65	5	4.5	2	3	3	8.19
150	6	6	1	5	4	5.8
40	5.2	10	1	1	1	9.7
65	4	5	1	1	1	7.6
80	4	8	3	4	4	9.99
40	5.8	2	4	5	3	4.1
104	6	3	2	5	3	4.3
50	5	5	2	2	2	1.65
88	5	20	2	1	1	9.5
45	4	3	4	4	4	5.4
112.5	5	6	3	4	4	7.25
105	30	30	3	3	4	7.2
65	4	8	2	2	2	3.3
50.4	6.5	16	3	4	5	9
80	4	8	3	4	4	6.3
477	15	5	1	2	2	3
29.1	3.7	4	4	3	4	2.55
60	4	6	2	3	3	4.5
60	6	6	1	1	1	8.4
100	5	6	1	5	3	5.3
42	6	4	2	3	2	4.8
40	4	9	4	3	3	5.85
95	5	6	3	4	3	6.7
48.5	5	10	4	3	3	4.15
48	4	3	4	3	3	2.36
200	10	13	2	4	4	5.6
40.5	5.5	4	5	3	4	3.8
45	3.6	4	5	6	5	9.5
38	4	2.5	5	3	4	4.95
75	5	20	5	6	5	10.2
48	4	5	2	2	2	1.75
54	4	5	5	9	9	8.6
75	5	12	4	5	5	4
65	4	3	1	1	1	1.7
100	4.7	4	2	3	2	5.45
50	5	4	5	6	5	7.01
48	4.3	4	1	2	2	3
92	4	5	4	4	5	7.41
48	4	4	1	2	2	1.8
50	4.3	4	5	3	4	6.6
40	4	5	2	3	2	1.45
38	4.8	3	5	4	4	4.68
60	4	6	3	3	4	5.2
34	4	4	2	2	2	1.45
35	3.3	2.5	4	3	4	6.2
32	4	5	2	2	2	1.25
50.4	4	4	4	4	3	4.05
40	3.4	5	2	2	1	2.25
48	4.2	11	4	4	4	3.1
40	3.5	3.5	5	4	5	6.3
50	4	15	4	3	2	3.95
49.2	4.1	10	4	4	3	3.25
60	6	11	4	4	4	6.3
88	5.5	5	1	5	5	4.8
32	3	2	4	4	4	4.63
72	6	5	3	4	4	6.7
60	8	8	4	4	5	5.98
95	4	6	2	3	4	7.7
80	6	6	4	4	6	8.4
100	5	10	2	6	6	3.1
46.5	7	15	4	4	4	3.9
78	5	6	2	2	3	5
48	4	4	2	2	2	3.4
72	4	5	4	5	6	7.5
35	3.5	12.5	4	4	3	9.2
50	4	11	4	4	3	8.4
72	4	6	3	4	4	9.2
74	3.65	2.5	2	3	1	1.38
46	7	6	6	5	5	9.8
60	5	8	4	3	4	5.5
160	5.5	6	1	5	5	8.1
98.6	8.7	2	2	2	1	1.65
76	4	10	4	3	3	3.89
80	5	12	3	4	3	4.2
430.4	20	4	1	9	9	4.5
100	5	13	3	4	4	6.2
180	9	15	3	4	4	9
135	9	13	3	4	4	7.3
66	5	5	4	6	4	6.6
120	4	6	2	3	2	2.8
55	4.5	5	4	4	3	10
51	4	3.5	4	3	3	7.6
60	3.5	4	4	4	5	5.05
68	9	9	2	3	2	4.35
63	4.5	15	4	4	4	6.6
38	3.6	9	7	4	5	9.3
120	6	26	3	4	4	7.5
57	4	4	4	7	7	8.3
60	4	5	2	3	2	1.8
35	4.6	7	6	3	6	7.9
64	5	5	2	2	2	5
40	5	6	1	2	1	2.6
52	4	35	4	4	3	3.8
60	5	4	3	4	3	6.05
60	7	12	1	2	1	1.45
75	4	5	2	3	2	5.9
56	4	7	3	3	3	5.5
85	4	4	4	4	3	7.8
75	4	13	3	3	4	6.5
109	7	2	1	2	2	8
64	4	8	5	4	6	6.8
55	5	5	4	4	5	4.5
69	5	5	2	3	2	2.9
64	4	5	3	3	3	4.85
77	7	3	1	2	1	2.87
68	4	3	2	2	2	3.79
95	5	8	4	5	5	8
45	6	30	4	4	3	7.65
50	5	6	3	3	3	3.8
56	4	8	2	3	3	7.3
52	5.2	4	4	8	8	5.2
35	3.5	8	5	4	4	9.2
80	5	13	3	4	4	6.8
58.3	4.9	5	2	3	2	2.65
90	5	13	3	3	4	7.8
42	4	5	6	3	5	9.6
38	6.3	35	4	3	3	6.15
300	15	32	4	7	7	9.5
48	4	7	2	2	2	3.69
35	5	4.5	2	1	1	2.48
56.2	4	4	2	2	2	3.5
95	5	6	3	4	4	6.7
30	3.8	25	5	3	4	6.5
45	4.5	2.5	3	3	3	2.63
64	5	2.5	1	2	1	1.8
41	45	5	5	3	5	5.75
90	5	18	4	4	4	10
44	3.34	2	5	6	5	8.95
54	5	3	1	1	1	5.72
93	6	3	2	4	2	3.1
35	6	1.5	1	1	1	2.8
90	6	12	5	5	5	9.29
65	4.5	12	3	3	2	9.5
68	4.2	6	4	5	4	7.7
31	4.5	2	5	3	4	4.83
45	5	13	3	1	1	3.2
36	5	3	5	7	6	5.28
75	4	8	3	4	3	5.95
174	4.6	5	4	4	4	5.8
75	4.5	6	3	3	4	4.3
70	5	6	2	3	3	5.5
64	3.5	3	4	4	6	6.99
36	4	2	5	3	4	4.85
40	4	8	3	2	3	3.2
119	7	60	3	3	4	6.75
73	5	5.5	4	4	5	5.15
80	5	6	4	4	5	7.5
69	4	6	4	5	5	6.2
52	5	7	4	4	3	6.5
50	4	6	3	4	5	5.5
100	5	5	1	5	5	2.25
75.5	3.6	5	5	5	7	8.8
52	4	6	3	4	3	5.9
100	5	6	4	4	5	8.6
82	4	4	1	2	2	2.15
56	4.6	6	4	4	5	6.6
55.3	4.6	6	4	4	3	6.5
42	3.7	3	5	9	9	7.5
91.2	6.5	8	4	4	6	9.5
90	5	7	4	3	4	8.8
60	5	3	6	6	5	8
38.5	4.1	1.5	4	3	3	6.5
56	4	4	3	3	3	6.8
80	5	10	4	5	5	6.3
40	4	6	2	2	2	3.85
90	4	7	4	5	5	7.1
110	10	15	1	3	1	1.59
150	16	8	2	3	2	2.3
65.8	4.8	3	5	6	4	5
76	4.2	8	2	3	2	2.85
45	41	2	5	7	8	6.9
25	3	2	4	3	3	3.5
50	4	30	1	1	1	7.7
80	5	10	3	3	3	8.9
35	4	3	5	4	4	5
20	34	25	4	3	3	3.68
48	4	16	5	6	4	7.25
95	5	7	3	3	3	5.3
54	4	3	4	4	5	2.99
138	6	68	4	4	5	5.6
40	5	2	4	4	4	6
45	4	4	4	4	4	5.5
65	4	3	3	9	5	8.8
88	4	4	2	3	2	4.3
36	3.8	2	5	6	4	4.3
39	4.2	3	3	2	3	3.5
94	5	4	2	3	2	3.7
90	5	7.5	3	3	3	6.5
65	4	22	4	3	5	10
100	5	7.5	2	3	3	5.8
205	11.5	6	2	3	2	8.9
90	5	5.5	2	3	2	6.6
68	4	6	3	4	3	5.5
90	6	5	2	3	2	3.5
55	10	5	5	4	3	9.49
87	6	5	2	3	2	6
27	3	5	2	2	2	1.38
36	5.8	4	6	3	3	7.4
28	3.5	5	2	2	1	1.3
60	4	7	2	2	2	3.68
88	4	15	3	6	6	8
64	4	6	3	4	4	6.48
69	4.6	6	2	3	2	3.3
44	5	4.5	4	4	3	9.95
150	5	8	2	3	2	2.18
150	5	8	2	2	2	2.1
150	5	8	2	3	2	2.3
90	6	5.5	2	3	2	3.5
100	5	13	3	4	4	3.8
35	3.3	3	4	4	3	5
95	5	20	4	4	6	9.3
32.5	2.85	3.5	2	2	2	3.4
30	3.3	4	4	4	2	4
35	5	2	4	4	2	3.5
140	8	30	1	3	3	1.65
84	3.95	4	2	3	2	4.35
75	5	5	1	3	3	3.05
40	4	3	4	3	3	6.2
72.4	4.2	13	3	4	4	8.85
69	4.2	6	1	2	1	5.2
100	4	8	3	3	4	7.7
41	6	3	4	3	4	3.45
80	4	6	4	4	5	7.45
70	5	2.5	1	1	1	2.2
76	4.2	6	4	4	4	5.8
157.3	4.5	10	2	4	2	2.8
82	4.5	3	1	1	1	2.1
30	32	10	4	2	3	4.51
25	3.5	8	2	2	2	3.1
50	3.5	2	4	4	4	8.5
75	5	6	2	3	3	5.1
66	5.4	3.5	2	2	2	3.75
33	4	6	5	4	4	6.9
40	4	2.5	4	4	3	4.5
34	4.6	6	5	4	4	8
40	3.5	2	4	3	3	4.2
35	6	3	4	3	3	6.1
46.5	3.87	5	2	2	1	2.4
49.1	4.25	4.5	4	3	3	8.1
38.3	5.2	5	5	8	7	6.95
60	4	8	2	3	2	2.95
48	4	4	3	4	3	6.8
51.8	3	4	4	4	3	7.5
28.9	4.7	3.5	4	3	4	7.15
95.6	6	4	2	3	2	3.5
72.2	4	5	2	3	2	3.25
48	5.7	6	5	4	4	9.3
45	5	3	5	6	4	6.7
100	10	8	2	3	2	2.05
30	3.02	5	5	3	4	5.28
160	8	30	3	6	6	9.85
56	4.3	5	2	4	3	8.35
65	4	6	2	3	2	5.2
65	4.5	6	2	2	2	5.2
38	3.8	1.5	5	3	4	4.5
38	3.5	6	4	3	3	5.48
35	3.54	3	3	4	4	4.49
100	5	13	3	3	4	4.5
38	4.5	2	4	3	3	7.9
42	3.6	3	2	2	1	4.3
45	6.2	2	4	4	3	7.68
30	3.7	3	5	4	4	4.7
29.7	4.26	4	3	3	3	3.15
80	4	13	3	3	4	4.8
40	4	3	4	4	4	7.2
75	4	13	3	3	4	6.5
35	4.3	3.5	5	4	4	4.45
50	3.7	2.5	6	4	5	6.5
90	5	8	2	3	2	4.5
50	4	2.5	3	3	2	2.05
105	5	9	2	2	2	2.8
40	4	4	1	2	2	2.35
48	4	7	2	2	2	4.5
30	6	3	6	3	4	4.55
40	3.7	8	2	2	2	6.65
33	5	50	5	3	4	4.1
34	3.2	4	2	2	2	4.2
54	4	7	3	3	3	5.5
55	4.5	6	4	4	3	9
90	4.2	30	1	1	1	7.3
40	4.5	3.2	4	4	4	7.95
73	3.4	10.5	2	4	2	7.3
53	3.8	3	2	2	2	7.5
75	3.8	4	3	3	2	2.4
72	6.1	6	3	4	5	7
48	5	4	5	7	4	6
40	3	5	4	3	4	8.1
64	4	5	3	4	3	5.1
80	4	20	4	4	3	9.7
76.8	8	8	3	4	3	9.8
89	4.2	7	4	4	5	7.8
68	5.9	5	3	3	3	6.95
37	3.4	4	4	6	6	8.15
87	4	8	2	3	2	4.6
63	5	13	5	6	5	7
48	4	25	4	4	3	3.25
76	4	8	3	4	5	6.3
157	4	12	4	2	3	7.5
35	3.5	3	5	4	4	3.86
50	4.4	2.5	4	3	4	7.3
64	4.1	2.5	5	6	4	7.6
55	4	3.5	2	2	2	1.65
60	4	6	2	2	2	2.85
45	4	5	2	3	2	1.38
76	4	5	2	4	3	4.2
63	4.2	4	3	4	5	6.85
73	4	3	2	2	2	5.1
68	5	4	2	2	2	7
70	5	4	2	2	3	7
50	4	6	5	4	5	7.2
80	4.5	17	3	4	3	7.6
37	3.8	4	4	3	3	3.75
95	4.77	6	1	1	1	8.5
35	4	15	6	4	4	7.6
37	7.3	3.5	5	3	4	7.7
30	6	3	6	3	4	5.95
45	4	2	5	3	4	5.15
52	53	5	5	5	5	5.5
40	4	3	2	2	2	1.4
48.7	5.2	3	2	3	2	3.89
33	4	10	5	3	4	5.69
93.7	4	6	3	3	3	7.9
24.1	4	3	2	2	1	2.85
97.5	5	20	3	4	4	8.5
72	4.5	5.5	3	3	1	3.35
31	4	3	5	4	4	3.3
80	4	12	4	5	4	5.98
40	4.2	3	6	7	5	8.8
31.1	6	4	4	4	3	5.5
75	5	12	3	3	2	6.7
76	4	3	2	3	2	3.7
38	6.3	3	4	3	3	6.15
51	4	3	2	2	2	8.5
58	4	5	2	4	3	7.3
80	5	7	2	3	3	3.6
80	5	15	2	2	2	7.17
58	4	6	5	5	6	9.4
35	4	3	5	3	4	6.7
108	6	12	3	4	4	9.6
40	3.2	7	5	6	4	8.85
65	15	6	4	4	5	8.5
77	5	6	1	2	2	8.5
71.8	4	5	3	4	4	8
66.3	4.5	5	5	4	5	9.5
60	4	3.5	3	3	3	5.47
70	50	5	1	1	1	6.9
72	4	6	2	3	2	4.5
38	5.1	3	6	4	5	7.5
38	4	3	6	4	5	8.3
70	4.2	12	1	2	2	7.35
72	4	6	4	5	5	5.5
52	4	5	4	5	5	7.95
40	4	5	5	4	4	8.15
90	5	13	3	3	4	7.8
33	4	3	5	3	4	6.8
160	8	16	2	4	3	4.6
75	5	6	4	4	5	7.7
45	3	3	4	4	3	9.2
48	4	5	2	3	2	4.49
65	4.2	4	3	3	3	7.3
137.4	6.2	4	1	2	1	3.8
44	3.8	2.7	5	3	4	5.4
72	4	10	4	4	5	8.7
32	3.3	4.5	6	3	4	6.7
58	5	8	2	2	2	3.83
48	7	3.5	4	5	4	4.8
85	5	5.5	3	3	2	6.2
66	5.5	8	2	2	2	5.8
60	4	3	3	3	3	2.35
65.2	5	3	3	3	3	2.45
50	4.5	6	4	3	3	3.1
60	4.4	3	3	3	3	1.79
50	3	3	4	6	7	7.6
57	4.5	3	3	3	3	1.95
60	4.5	3	3	3	3	1.95
52	4.5	3	3	3	3	1.82
88	5.5	13.5	5	6	7	6.5
45	8	4.5	4	4	4	8.7
67	4.5	7	4	4	3	4.35
65	5	13	5	7	5	7.5
80	5	5	2	3	2	3.4
40	4	3	5	3	4	6.4
68	4	4	3	3	4	3.2
35	4.2	3	5	3	4	4.4
80	6.5	6	3	4	3	6.8
30	3.07	2.7	3	4	3	2.7
60	4.3	4	2	3	2	6.5
60.7	4	13	3	3	4	3.2
62	4	8	3	3	2	4.38
85	4	6	4	6	5	5.9
96	5	7	5	5	6	7.3
110	3.6	4	4	4	4	5.4
93	5	7.5	3	4	3	7.3
45	5	4	6	4	5	5.75
59	5	7	4	3	3	4.2
60	5.2	6	3	4	3	4.5
68	6	6	4	4	5	6.2
95	5	7.5	3	3	4	6.7
83	4.16	2.5	1	2	1	3.7
47.4	5	14	2	2	1	6.4
65.4	3.35	33	3	2	2	6.75
72	6.25	4	3	5	3	2
34	3.3	6	2	2	1	7.5
46	3.3	8	2	3	2	5.85
100	5	6	4	7	7	9.45
34	3.5	4	4	4	4	5.5
42	3.1	8	2	3	2	5.8
71	45	6	5	4	4	6.3
56	4	8	4	4	3	6.7
65	4	7	5	3	5	9.3
240	12	12	3	5	5	7.4
82	4.1	12	2	2	2	8.2
72	4.3	6	3	3	3	7.5
38	6.3	25	4	3	4	6.15
39	5	3	4	4	4	6.15
60	3.78	20	3	5	3	7.56
97	5	4	1	3	1	3.5
110	7	4.5	1	1	2	8.5
32.5	4	2.5	1	2	1	1.35
84	4.2	10	3	4	3	9.5
95	5	6	2	3	2	3.9
136	6.8	6	1	3	1	4.3
64	4	5	3	4	5	5.85
61.2	3.6	5	3	3	3	6.1
80	4	12	3	4	4	5
45	3.6	2.6	5	3	4	5.4
95	5	7	3	4	4	4.2
35	4	5	4	3	3	2.1
43	4	2	4	4	3	8.6
52	4.4	3	4	4	3	4.35
52	4	4	3	3	3	1.9
44.1	4.2	10	5	4	4	4.35
80	4	10	4	4	3	9.99
31	4	4	4	3	4	4.68
30	3.2	4	5	5	4	5.8
44	4	3.6	2	3	2	4.2
67	4	5	2	3	2	2.8
33	3.4	2	5	3	4	4.55
44	4	3.6	2	2	2	4.2
30	3.5	3	6	3	4	5.68
67	10	10	3	3	2	3.25
96	6	12	5	8	7	8.15
38	4.8	3	5	3	3	6.45
34	3.3	3	5	3	3	6.99
42	4.8	4	6	4	4	9.5
35	4.7	2.5	5	3	3	6.85
40	4	8	2	3	3	5
113	5	6	2	4	2	3.89
40	4	5	4	3	3	2.28
50	4	6	4	4	5	8.9
42	4.2	4	4	4	3	6.8
35	4	2.8	3	4	3	2.54
38	4	4	3	3	3	2.25
37	9.5	6	3	3	3	5.95
33	4.2	8	5	3	3	8.7
110	3.7	3	3	4	3	7.6
75	10	8	4	7	7	10
35	4	3	4	4	4	7.6
80	4	8	1	4	2	6.2
40	4	6	5	4	3	7
45	3.3	8	2	3	2	5.8
35	4	6	5	3	3	4.85
23	3	3	5	3	4	3.5
32	3.9	2.6	5	3	4	3.65
56	12	12	4	5	6	7.3
32	3.5	2	4	3	3	4.25
70	4.6	12	2	2	2	8.5
30.4	3.5	12	3	5	3	6.2
48	4.2	4	4	4	3	9.7
100	5	7	1	3	2	4.39
81	4.5	13	3	3	3	8.5
75	5	50	4	8	5	6
56	4	6	4	4	6	7.45
33.9	5.9	4	3	7	5	7.6
15	3	4	3	4	2	2.3
36.8	4	5	3	4	3	4.6
35	4.8	3	4	5	4	7.8
65	6	8	3	4	3	3.79
30	3	3	5	3	4	3.95
70	4	5	3	4	4	9.5
40	4	8	5	6	7	8.2
72	6	5	3	4	4	8.2
81	5	10	4	5	5	7.5
52	4	20	3	3	2	4.9
20	4	5	2	2	2	3.2
46	3.5	6	2	2	3	4.25
47	4.5	4	1	1	1	6
41	3.7	2	2	2	2	3.55
30	4	15	5	3	4	7.7
81	33	3	4	4	4	9.5
32	4.8	3	1	2	1	4.3
68	4	4	3	3	3	5.5
86	4.55	8	5	6	6	8
56	3.8	8	4	4	4	8.5
40	3.6	2.5	4	4	3	6.35
60	4	5	1	2	2	1.3
40	4	5	2	2	2	5.8
88.7	4.6	6	4	3	4	7.9
40	4	6	2	3	2	5.45
113	5	18	1	1	1	7.6
100	24	24	4	5	5	3.4
49	4	3.5	3	3	2	3.6
53.2	4	6	2	2	2	4.1
100	5	15	5	6	6	10
56	5	2.6	1	2	1	3.2
70	4	20	3	3	3	5.5
124.3	5	10	2	8	8	5.4
60.7	14	4	2	2	3	2.9
80	4.5	10	5	5	5	7.5
111.6	4	6	2	5	5	8.5
67.5	5	7	4	4	4	5
56	7.7	3	2	5	3	5.6
46.5	3.5	4	2	3	3	4.98
62	5	12	3	3	2	2.75
76	4.2	7	4	4	5	8.5
81	4.2	15	3	4	5	7.5
55	5	3	3	4	5	5.2
30	5	15	5	3	2	5.95
55	5	6	2	2	2	3.85
40.4	4	4	3	2	3	6.2
30	3.5	5	1	2	2	1.05
40	4	3	4	3	4	5.35
100	5	7.5	2	3	3	7.5
88	4.5	10	3	3	2	6.1
36	6	6	2	3	2	5.45
81	4	4	2	3	1	1.6
252	6	3	2	3	2	2.34
35	3.5	3	5	3	4	3.85
35	4	4	5	3	4	3.85
32	4.5	2	4	3	4	3.1
101	5	10.5	3	3	3	9.5
42	3.9	2	4	4	3	5.28
36	3.6	5	5	3	4	6.35
72	4.5	5.5	1	3	1	3.35
100	5	4.5	2	3	2	3.1
50	4.5	3	4	4	4	6.3
67.7	4.1	3.5	4	4	3	6.4
44	3.6	3	5	6	5	7
25	3.5	3	5	3	4	5.45
160	8	14	3	4	4	6.5
33	3.5	2.5	4	4	3	3.45
43	3.7	8	5	6	4	8.1
60	4	6	4	4	6	7.5
33	3.5	2.3	5	3	4	3.96
42	4.5	4	6	3	5	9.68
40	3.6	5	4	3	3	6
60.2	5	3	3	3	3	6.99
37.4	3.4	2	3	3	3	4.6
60	4.1	5	4	3	3	3.3
32	4.2	3	2	2	2	3.79
40	3.5	5	2	2	2	3.65
88	4	10	2	3	2	4.62
95	4.5	6	3	3	4	7.65
37	3.5	5	5	5	4	5.6
78.4	5.1	5	4	4	5	7.4
70	4	20	1	1	1	7.5
40.4	5	5	3	3	5	8.6
33	4	3	3	3	3	5.8
50	6	6	5	6	5	5.95
60	4.5	5	3	3	3	2.55
48	4.1	4	5	4	4	9.6
54	4	6	3	3	2	4.79
82	4	12	2	3	3	8.3
60	5	6	3	3	3	5.2
75	5	12	3	4	4	8
57.8	4.2	12	5	6	4	7.15
32	4.3	6	5	4	4	7
42	9	2.5	4	3	4	5.5
80	5	13	2	3	2	2.6
113	5	20	1	2	2	7.8
43.1	4	16	2	2	2	8.6
66	4	5	3	3	3	2.35
64	4	6	3	4	4	7.6
42	4	2	4	4	3	5.5
34	4.7	2.5	5	3	4	6.85
32	3.5	4	6	3	4	3.85
35	4.7	2.5	5	3	3	6.85
35	4.7	2.5	5	3	3	6.85
102.2	5	7.5	3	3	3	7
68	4	5	3	4	4	6.6
83.7	4.5	5	2	4	2	3.75
72.5	4.2	5	3	2	3	5.7
83.9	5	12	4	4	6	4.4
35	4.7	2.5	5	3	3	6.85
68	3	5	1	1	1	4.8
75	8	6	3	3	3	2.8
75	5	20	3	4	3	7.1
75	5	20	3	4	4	6.7
75	5	5.5	2	3	3	4.1
200	10	16	2	3	3	5.9
200	9.6	8	2	4	3	8
35	4	3	5	3	4	6.8
103	5	4	1	3	2	2.95
100	4.4	4	1	3	2	3.7
35	4.2	2.5	6	3	4	6.2
60	43	8	4	4	5	6.95
100	6	7	2	4	2	2
76	4	3	3	4	3	6.3
44	4	2.5	3	4	3	4.55
63	3.8	2	3	7	8	7.9
18	31	2	4	3	3	2.58
30	6	3	2	2	1	2.95
324	9	6	1	2	2	3
80	4.2	6	4	5	6	6.8
90	5	6	1	3	2	7.5
39	3.9	3	5	6	4	5.15
81.2	6	2.5	2	3	2	3.7
72	4	6	1	3	1	6.5
60	3.5	25	4	4	3	7.9
120	6	30	4	6	8	5
52	4	3	3	3	3	1.55
70	4.2	4	4	3	3	2.85
82	6.3	5.5	3	3	3	5.2
62	4	7	4	4	3	3.45
49.8	6	4	3	3	3	3.4
100	4	6	2	3	2	3.9
88	4.5	12	4	4	3	3.59
90	6	7	4	4	4	6.55
65	5	8	4	4	6	3.8
60	5	8	4	5	6	5.3
323	14	6	1	3	4	10
80	4	20	1	2	1	4.8
30	3.7	3	5	3	3	4.3
90	5	5	2	3	3	7.6
76	4	6	3	4	4	8.2
82.5	5	5	3	4	4	4.99
54	4.1	4	2	2	1	5.55
23	3	2	4	3	3	3.9
94	6.8	2	4	4	6	5.75
112	7	3	1	2	2	5.75
36	4.5	2	5	8	9	8.9
46.8	5.5	5	1	2	2	3.68
30	4.2	2	5	3	4	6.7
40	3.5	3.5	4	4	3	9.9
75	5	5	2	2	2	3.55
172	30	16	2	4	2	4.7
172	30	16	3	4	2	4.7
36	3.5	2.5	5	5	5	6.85
68	4	6	4	4	6	6.65
56	4	7	3	4	5	5.3
45	3.7	3	4	4	3	6.1
37	4.2	3.5	4	4	3	7.25
72	4	6	4	4	5	9.85
55	4	12	4	4	6	7.4
70	5	5	2	3	2	5.7
30	3.35	2	4	3	3	4.3
34	4	3	2	2	2	4.75
18	2.32	2.5	2	2	2	2.38
42	4.2	3	5	4	5	5.6
16	3	3	2	2	2	2.65
90	4.5	13	3	4	3	7.7
46	4	4	4	4	5	7.2
55	5	5	4	4	5	4.7
52	4	6	4	5	3	7.7
55	3.04	2.5	2	3	2	5.5
90	5	13	3	3	3	6.7
112	8	8	3	5	5	8.5
60	4	12	3	4	4	3.7
100	4	4	1	3	2	2.25
189	6	15	1	2	1	5.9
38	4	3	5	3	4	6.6
68	4.2	5	2	2	2	7.95
48	4	16	3	4	4	6.5
69	5	13	2	2	2	1.46
53	4	3.5	3	4	3	6.7
42	4.5	10	5	4	4	5.5
40	3.5	2.5	3	3	2	3.4
198	55	45	2	3	2	6.5
50	4.5	4	3	3	3	4.6
51	4.2	8	3	4	4	6.4
60	4	7	4	4	5	6
93.4	5	19	1	3	3	3.2
54	3.5	3.5	4	4	3	9.5
48.9	3.8	3	5	3	4	5
12.8	3.15	4	4	2	2	3.8
87.5	6	16	4	4	4	5.8
37	46	3	5	3	4	4.9
85	5	5.5	3	3	3	3.85
40	3.5	8	2	3	2	6.2
114	6	6	5	5	5	9.7
124	8	2	2	3	3	2.9
72.3	4.5	4	3	3	4	6.2
80	4.2	6	2	2	2	7.7
145	4	8	2	3	2	2.15
30	3.7	2.5	5	4	4	3.86
109	5	25	2	3	2	4.28
89.6	5.5	6	3	4	4	4.4
51	4	7	4	4	4	6.8
160	5	20	4	5	3	10
110	5	15	3	4	4	5.6
60	4	7	4	4	5	8
35	3.6	1.5	5	3	4	5.1
68	4.5	6	4	4	5	6.8
80	5	6	3	4	4	4
160	8	13	2	4	4	4.65
171	11	4.5	1	7	7	8.8
52.9	4	3	3	3	3	2.4
123	6	12	1	2	2	8.2
60	4	4	4	4	3	7.8
91	4.5	5	4	5	5	9.6
121	5	4	2	3	2	2.6
94	4	10	3	3	2	8
64	3.4	14	4	6	6	8.6
48	4	25	3	3	2	1.68
60	4	6	2	3	2	3.35
35.1	4.1	5.5	5	4	4	7.8
135	4.8	12	5	6	3	9.5
57	5.8	7	6	3	4	8.6
63	4.5	10	3	3	3	3.7
66.8	4.5	2.5	1	1	1	2
105	5	4	1	2	1	2.25
42	4.6	2.5	6	9	9	8.2
124.5	9	30	2	4	3	7.5
35	7	4	2	2	2	1.85
48	4	3	3	4	3	2.6
35.7	4.2	2.5	2	2	2	2.85
54	4	6	2	3	3	3.9
12	2.5	3	3	2	2	2.38
117	4.1	12	2	3	2	6.2
52	4	12	5	5	5	5
12	3	6	4	3	3	2.75
39	4	10	5	4	3	6
30	35	3	5	3	4	4.3
48	3.5	2	1	1	1	4.9
70.9	4	6	5	6	6	9
74	4	2	1	2	1	2.7
32	3.5	2	2	2	2	3.8
32	4	3	3	3	3	3.33
100	6	10	1	1	1	10
55	4	3	5	6	4	8.95
122.4	9.4	5	2	3	3	4.05
40	4.5	3	5	4	4	6
220	9	4	3	4	4	3.8
41	32	2.5	5	6	4	7.9
150	5	12	1	7	7	3.69
35	4	3	5	3	4	5.6
38	3.8	2	4	4	4	6
74.5	4	12	3	3	3	4.35
62.4	6	3.5	1	2	1	2.19
58	4	3.75	4	4	4	6.9
35	4.2	4	6	3	5	6.9
100	6.2	5.5	3	4	5	6.7
70	5	4	2	3	3	7
100	5	17	4	7	7	6
52.2	4	4	2	4	3	4.19
85	5.3	8	2	3	3	7
65	3.5	16	2	2	2	6.5
84	4	5	2	3	3	9
38	4	5	4	4	3	5.5
57	4	8	3	4	4	6.5
92.5	5	5.5	4	4	3	7.65
119	6	16.5	4	6	3	8
30	3.8	2	5	3	4	5.6
64	4	12	2	3	3	8.8
83.3	4.3	8	4	7	7	8
68	5	5	4	4	4	6.8
33	5	2.5	6	4	5	5.4
112.1	9.44	4	3	5	5	9.9
32	4	3	2	2	1	1.7
101	5	5	1	2	2	5.7
36	4.4	12	4	3	3	5.5
100	5	10.5	2	3	2	5.65
82	4.1	12	2	3	3	8.5
52	4	17	4	4	4	5
59	4	6	4	4	4	9.3
100	4.2	3.5	1	2	2	2.25
109	5.6	4	2	3	2	9.3
98	6.5	8	2	2	2	6.4
62	4.5	3.5	5	5	5	8.9
60	4	6	4	4	5	7.55
40	4	5	2	2	2	1.25
40.2	4	4	3	3	2	4.5
50	5	3	2	2	4	3.1
64	4.5	8	1	2	2	6.5
72	4	6	4	4	4	6.8
75	5	11.5	4	4	4	7.6
103	7	4	1	2	2	2.85
134	23	5	2	6	6	6.2
38	4.3	3	5	5	4	6.35
110	5	21	3	4	4	5.7
77.8	4	4	1	2	1	4.9
31	3.3	3	3	3	3	2.25
32	4.28	3	3	4	3	3.6
64	32	32	5	4	6	6.5
48	4	20	3	3	3	7.6
34	4	3	2	2	2	2.9
33	4	2	5	3	4	3.5
28	5	5	2	3	2	4.68
30	3.9	2	3	3	3	2.5
71	5	7.5	2	3	2	5.7
35	3.5	6	2	3	2	5.45
30.3	3.3	2	5	3	4	3
30	5	4	3	4	4	1.93
21.3	5.3	6	2	2	2	3.8
60	8	10	4	4	5	7.6
200	10	12	2	3	3	5.65
46	4	8	5	6	7	8.8
40	4	4	1	3	2	3.8
54	10	3	5	4	5	9
75	5	13	4	3	4	5.8
67	6	3	2	2	2	2.85
110	5	15	3	4	3	5.46
280	7.9	5	2	3	2	2.59
56	4	14	1	2	2	9
138	5	6	2	3	2	2.65
58	4	6	2	3	2	7.5
47	4.2	6	4	4	4	6.99
60	5	5.5	3	6	6	9.9
75	5	5.5	3	3	2	4.85
46	4	5	2	2	3	4
114	6	6	2	3	2	2.1
74	4.2	4	1	2	2	2.5
35	4	4	5	3	4	7
72.3	4	4	2	3	2	3.85
90	4	5	2	3	2	6.5
250	10	16	2	4	3	6.12
477	15	5	1	2	2	3
62	4.5	5	2	3	3	5.4
106	5	6	3	4	4	6.7
44	3.2	2	3	3	3	4.95
70	4	20	2	3	3	8.5
33	5	2	5	3	5	5.1
37	3.35	2	5	4	3	4.9
55	3.4	6	2	3	4	4.85
40.26	6.1	5	4	3	4	6.5
32	3.2	3	4	4	4	3.3
60	4	8	4	5	5	5.95
37	3.8	2	3	3	2	2.09
51	4.14	8	3	4	4	6
100	4.4	4	2	3	2	3.5
48	4	5	3	3	3	2.15
61.6	4	13	3	3	4	3.6
52	4	3	3	3	3	1.68
51	4	10	4	3	4	6.55
35	3.8	3	5	5	5	6.7
70	4	6	3	4	4	6.3
93	4	36	2	3	2	6.9
80	14	20	3	4	3	2.99
82	4	8	3	4	5	8.6
60	4	12	3	3	4	3.7
52	4.3	3.5	5	6	4	9.45
80	5	7	2	3	2	8.5
54	4.2	20	5	6	4	10
80	8	6	5	5	7	9.6
175.5	6.5	4	2	3	2	3
21	5	3	2	2	2	3.8
248	10	8	2	3	3	9.99
34.2	5	5	2	2	1	3.8
110	5	7.3	1	6	6	4.2
26	3.3	2	5	3	3	5.6
80	4	5	1	1	1	10
68	4	5	2	2	2	5.98
52	4	6	3	4	3	4.58
62	3.5	3	2	3	2	6.2
95	5	12	4	5	5	8.3
104	5.1	10	3	4	4	8
30	3.8	3	3	3	3	1.6
41.2	4.5	2.5	4	4	4	6.2
40	5	4	2	2	2	3.95
75	5	5.5	4	4	4	7.3
67.5	6	6	3	5	5	6.5
47	3.7	5	4	4	4	6.5
45	4.3	4	5	7	4	6.6
34	3.5	2.5	5	3	3	4.95
37	4.8	5	6	3	5	4.65
100	5	16	3	3	3	3.2
38	4.6	3	5	4	5	5.9
95	5	6	3	3	4	6.7
52	4	6	4	5	4	5.6
74	5	5	2	4	2	4.4
69	4.3	3.2	4	3	4	8.75
29	3.5	5	4	3	4	7.15
41.6	4	5	3	4	3	4.3
168	7	25	2	3	3	5
80	5	5.5	2	3	2	5.9
80	4.5	2	1	2	1	4.8
78.2	4	8	3	3	2	8.9
48	4	5	3	3	2	4.75
90	6	42	4	8	6	5
44	5	3	5	3	4	6
47	5.5	4	5	3	4	6.3
222	6	7	2	4	1	3.1
44	6	6	2	3	3	5.96
83	7.4	3	2	3	2	5
35	3.3	7	5	2	4	10
150	16	16	1	3	2	6
40	3.8	2.5	4	3	4	5.88
84	4	6	1	2	2	5.8
21.3	8	8	4	3	4	4.68
55	5	5	5	4	3	9.3
54	4	4	2	2	2	3.65
90	5.5	6	5	4	5	7.5
90	5.5	6	6	6	6	8.1
76.5	5	7	2	3	2	3.4
100	5	12	4	4	5	10
153	10.6	5	1	8	8	9.8
30	4.3	5	5	3	4	8.38
44	4.7	3	5	3	4	5.5
54	4.3	4	5	5	6	9.44
33	5	5	5	3	4	4.5
264	10	6	3	5	4	8
33	4	6	5	4	4	7.2
73.6	4.3	12	3	3	4	8.7
54	5	3.5	5	3	4	5.3
93.7	4	6	3	4	4	7.7
41	3	3	2	2	2	4.2
101	5.4	7	4	6	6	9.39
42	5	5	2	2	2	4.89
55	3.7	12	4	4	3	6.69
55	4	6	4	5	3	7.8
102	8	3	4	4	3	8.5
39.9	3	4	2	2	2	2.9
72.8	5.7	8	3	4	4	6.5
30	4.3	3	5	3	3	5.5
148	4	22	4	8	6	8.9
65	6.6	6	2	3	2	5.2
114	6	5	2	2	2	4.85
88	8	9	3	5	3	5.6
37	5	3	6	4	5	7.2
51.7	6	2.5	2	4	2	2.4
60	4.4	6	3	6	6	8.2
45	4	2.5	3	3	3	1.79
60	5	6	6	4	5	9.96
46	4	2	2	2	2	5.2
42	4	2	4	3	4	4.5
34	5.1	2	5	3	4	5
90	5	60	4	4	5	9.5
52	4	6	5	5	6	5.95
48	4	10	1	1	1	6.85
67	6.1	6	4	5	5	7.9
72	8	8	4	5	5	6.3
100	5	12	1	2	2	8.7
54	4	4	3	3	3	8.45
47	4.3	10	2	3	3	3.55
88	4.3	4	3	4	4	6.9
100	4	4	3	4	3	5.8
58.3	4.2	5	4	4	4	8.8
79.3	5.6	5.5	3	5	4	7.5
62	4	5	3	3	4	6
79.3	5.6	5.5	3	4	4	7.5
52	4.2	2.5	4	4	3	6.15
36	3.5	2.5	4	4	3	6
48	4	5	4	4	4	9.6
123	5.2	12	4	8	8	8.9
70	10	4	2	3	2	4.85
56	4.1	6	5	5	5	7.8
87	4	12	3	3	2	8
47.4	5.15	14	2	2	1	6.4
51	4.6	9	6	4	5	6.5
69	5.3	4	3	3	3	6
49	4.2	3	2	2	2	5.88
33	4.1	5	5	4	4	5.8
86	7	19	1	3	2	2.8
82	4	7	2	3	2	3.45
35	4	3	4	6	7	4.75
40	68	3	4	4	3	7
56	5	5	6	9	9	7.75
70	5	3.5	3	2	2	3.47
100	5	7.5	3	3	3	8.75
92	4	6	2	3	3	4
30	3.5	3.5	5	4	4	7.48
150	4	4	2	3	3	2.35
100	4	2.5	2	3	2	1.65
86	4	3	2	3	2	7.05
50	4.5	4	2	2	1	3.35
60	4	5	4	6	7	7.2
40	3.6	3.2	5	3	4	4.8
37	3.6	5	3	3	1	9
52	3.9	6	5	4	4	9.9
50	3.6	6	5	5	5	10
39	6.5	6	4	6	3	4.85
42	4	2	3	3	2	6.7
55	4.5	2.5	4	4	3	6
34	3.5	4	3	3	3	4.6
36	3.5	4	5	5	4	7.5
57	5.6	3.8	3	3	3	6.1
55	5	5	3	3	3	4.6
96	5	5	2	3	2	3.75
100	5	7.5	2	3	2	5.5
90	5.1	7.5	1	2	2	9.8
100	5	7.5	2	2	2	8.8
65	5	7.5	3	3	3	6
125	6.1	7.5	1	3	3	8.4
74	4.5	7.5	4	4	4	5.95
60	5	5	2	3	2	3.85
70	5	5.5	2	3	3	8.5
50	4	2	4	3	2	6.5
85	4	6	3	3	3	5.8
67	5	8	3	3	3	7.6
95	5	4	1	2	2	4.9
65	5	5	1	2	1	4.9
150	8.7	6	2	9	9	9.5
45	5	5.5	3	3	3	4.2
70	5	6	3	3	3	7.7
70	5	4	3	3	3	4.45
65	3.5	3.5	3	3	3	5.75
55	5	7.5	3	3	3	7.3
81	4.5	16	3	4	3	7.8
69	4.6	12	2	2	2	8.7
87	6.5	3	2	2	1	7.9
35	3.6	3	4	4	3	6.25
50	4.2	3	4	4	3	9.7
50	5.6	7	4	4	5	6.3
70	7	6	4	4	4	6.36
54	5	6	4	3	4	9.25
168.2	7	12	2	3	3	5.15
35	3.3	3	4	4	3	6.15
42	3.5	3	5	3	4	5.2
64	4	14	3	4	4	3.6
65	4	4	4	4	3	3.85
75.5	5	5	2	3	3	4.1
64	4	13	3	4	4	3.9
112.5	4	6	1	1	1	6.15
65.1	4	8	2	2	2	3.25
50	4.2	3	5	6	4	9.8
72	4	8	2	3	2	3.7
120	5	12	1	6	6	4.3
44	5	5	2	2	2	2.35
126	6	4	1	2	2	6.5
30	4	7	4	3	4	2.6
47	4	4	3	4	3	2.6
35	4	3	4	3	3	3.3
120	8	8	2	3	2	8.9
45	5	5	5	4	4	6.8
41	3.6	3.1	4	4	3	4.35
39	3.5	4	4	3	3	7.2
62.7	4.6	8	2	3	2	8
43	4	3	4	4	5	8.6
68.4	3.55	6	4	4	5	8.5
25.7	4	3.5	2	2	2	3.2
49.6	5	3	2	2	2	3.79
106	5.24	7.5	3	4	4	4.7
66	10	4	2	3	3	6.2
30.4	3.1	10	3	3	3	4
36	5.9	3	5	3	3	4.98
64	4	6	5	4	5	6.45
60	5	7	5	5	6	6.5
36	4	5	3	4	3	4.29
64	4	10	5	4	5	6.85
53.1	4.2	6	4	7	7	8.5
30	3.5	3	5	3	5	5.03
103	5	4	2	3	3	4.5
30	10	16	4	4	4	7.59
38	3.65	2.5	2	2	2	3.25
31	4.2	2.5	6	3	4	7.5
42	8.6	10	5	3	4	4.8
73	4	6	2	8	8	6
70	5	6	4	5	5	7.5
75	4	10	2	1	1	9
64	3.7	8	4	4	3	9.5
66	4.5	6	3	5	5	3.1
45	4	7	5	4	4	9
30	4	3	3	3	3	2.95
33	4	5	5	3	4	3.2
92	5	17	3	4	3	3.6
45.8	5	3	2	2	2	2.6
40.7	4	4	2	2	3	4.8
87.1	6.7	4	2	4	4	6
45	4.5	6	2	2	2	2.35
90	5	7	2	5	4	3.8
30	4	4	3	3	2	2.65
90	5.5	8	3	4	4	4.4
120	6	21	4	5	5	6.35
70	5.5	8	2	3	3	4.8
75	5	41	4	4	4	10
80	8	8	2	3	2	8.3
55	5	3	3	4	4	5.3
103	4.1	6	2	4	4	4.99
30	4.14	2	2	3	2	4.9
90	4	20	1	1	1	9.2
58	3.7	5	3	2	2	6.3
60	5.2	5	3	4	3	4.5
82	9	5	3	3	4	8
35	3.5	3	4	3	3	5.35
40	5	5	2	2	2	4.9
48	5.4	4	3	4	5	4.5
160	10	12	3	4	4	6.9
60	20	6	4	4	5	10
35	10.2	3	2	3	3	4.5
80	4	12	2	2	2	8.18
125	5	7.5	3	4	5	6.85
120	6	25	4	6	5	5.4
40	4	5	2	2	2	3.85
72	4.5	6	3	5	5	6.4
69	4.3	2	4	3	4	9.5
146	8	10	2	3	2	2.4
86.4	4	14	1	1	1	7.4
36	3.7	3	4	5	4	5.86
81.1	4	12	4	5	6	8.25
55	4	4.6	1	1	1	4.5
88	4	30	1	2	1	6.5
36	5	4	5	3	3	3.7
56.7	5	9	3	3	2	4.9
100	5	5.5	3	3	4	4.4
75	5	40	4	4	5	5.37
47	4	3	3	3	3	5.2
75	4.5	40	4	4	5	5.37
57.8	4.1	10.5	3	3	3	9.7
35	3.8	2.5	7	3	4	9.3
60.7	4	13	3	3	4	3.2
60	5	10	4	4	5	5.95
60	4	5	3	3	2	5.95
62	4	7	5	5	3	7.5
120.6	5	6	2	3	2	4.6
35	3.6	3	5	3	4	6.5
64	4	6	3	4	3	4.7
87.4	5	4.5	3	2	2	3.1
32	4	4	2	2	2	3.39
76.5	4.5	3	4	8	8	4.7
51	4	5	2	2	2	2.8
56	4	6	5	6	4	9
40	4.8	5	5	6	4	5.5
240	10	20.5	3	4	4	10
37.35	8.3	5	4	3	3	5.9
34	3.2	2	4	3	3	3.7
125	5	4	1	6	6	3.9
32	3.7	3	4	4	3	5.75
120	6	16	2	2	3	4.4
80	8	6	2	3	4	6.5
60	4	6	2	2	2	3.35
60	4	30	3	4	3	8
38	4.5	3	4	5	4	9
48	3.2	7	2	2	2	4.45
82.5	5	20	3	4	4	8.5
31	3	3.5	3	3	3	2.35
41	4.1	25	3	4	2	7.6
71.2	4	2	1	2	1	3
114	5.5	4	1	3	1	3.6
60	5	12	3	4	4	6.2
60	4.2	18	3	4	4	10
50	4	4	4	3	4	6
86	6	4	2	2	2	8.5
110	5	5	3	4	3	3.2
50	3.8	3	5	6	4	6.9
75	5	12	3	3	4	8
63	4	4	1	2	1	8.4
20	3.2	3	4	3	3	2.58
112.5	6.4	5	1	1	1	8
155	5	2.4	1	2	1	3.1
30	4	4	5	3	4	5.1
45	4	4	4	4	5	8.5
47	5	2.5	2	2	2	4.8
43	35	3	4	5	4	8.6
90	6	15	5	6	6	9
31	3.5	2.5	5	3	4	3.45
52	4.6	4	3	3	3	3.3
60	4.2	12	4	4	4	5.25
47	7	10	2	2	2	3.5
83.8	7	7	1	1	1	3.1
110	6	10	1	2	1	8.5
24	4	3	2	2	2	2.45
127.5	5	7	2	3	3	3.9
31	3.8	3	5	3	4	6.95
45	4	3	5	9	9	7.2
45	3	6	1	2	2	4.45
65	4.4	6	4	3	3	7.1
26	3.2	3.5	2	2	2	3.3
50	5	5	3	4	4	6.5
25.5	6.7	3	2	2	1	2.4
41.5	3.2	3	2	2	2	1.6
72	4	8	3	4	5	5.95
157	6.3	24	4	5	5	6.68
43	4.5	4	3	3	3	6.4
75	5	14	3	3	3	3.2
40	6	6	2	3	3	3.45
106	6	67	5	5	6	9.28
85	6	6	1	3	2	6.5
100	5	10	3	5	4	5.2
67	4	5	1	1	1	3.75
56.1	4.51	5	4	5	5	3
40	3	3	1	2	1	2.75
75	4	5	2	2	3	8.4
67	4	10	3	5	5	9.8
60	5	3	5	3	4	6.3
55	5.7	5	4	5	5	9
158	6	22	1	3	2	6
38	3.5	35	6	3	5	8.35
45	4.3	4	3	3	3	6.4
50	4	25	4	3	3	9.2
51	45	2	3	3	2	5.5
16	4	4	2	1	1	2.3
72.6	4	4	2	2	2	3.85
120	4.2	2	2	2	2	4.8
30	3	8	2	2	2	3
200	10	7.5	3	6	5	8.95
64	4	10	3	3	3	5.65
43	4	4	4	3	3	6.4
63.2	4	12	2	2	2	5.85
90	5.5	4	2	3	2	3.2
50	4	3	4	4	3	8.7
30	4	2	3	3	2	2.4
42.2	4.1	3	3	3	3	6.4
74	4	8	4	4	5	5.9
45	7	3	4	3	3	8.95
100	5	16	3	3	3	6.5
129.5	7	13	2	3	3	5.1
73	5	5	1	1	1	1.45
38.3	3.4	3	4	3	3	4.75
125	28	28	3	4	3	2.75
40	4	3.5	5	3	3	9.8
45	4.5	3	5	5	4	8
39	5.2	5	4	3	2	7.5
36	4	4	2	2	2	5.2
125	5	7.5	3	4	5	6.88
70.5	5	8	2	3	2	3.6
45	4.5	6	3	4	4	8.25
75.3	7	5	2	3	3	2.8
50	4.2	3	5	5	4	9.3
81	5	5.5	2	3	2	6.35
113	5	16	4	4	6	8
58	3.5	4	2	3	2	5.5
120	5	22	4	5	5	4.5
60	4	8	3	4	4	8
36	4.5	4	5	3	4	6.3
150	5	16	1	3	2	2.2
90	4.5	14	3	4	4	9.8
75	4	13	3	3	4	6.5
78	8	10	4	4	4	6.5
73	10	10	4	3	3	9.5
50	5	2	5	3	4	6
84	13	13	1	1	1	8.4
27	4	3	5	3	4	4.75
90	5	10	4	4	5	8
237	10	5	1	6	5	7.9
90	5	6	2	3	2	8.9
82	6.5	7.5	3	3	3	4.9
90	6	4	4	4	4	7.8
90	5	30	3	2	4	9
80	4.5	8	1	1	1	6
90	6	13	4	3	4	8.5
64	4	6	2	3	3	5.2
58	4	12	3	4	3	3.8
15	3	40	5	3	4	4.5
76.3	5	10	3	3	4	7.19
29.7	50	2	2	4	3	4.5
73	3	3	4	4	3	5.8
52	4	10	5	7	5	7.5
39	4	6	2	2	2	3.95
55	5	5	5	9	9	7.5
68	4	3	4	4	4	5.9
72	4	3	3	4	3	7.8
60	5	5.5	4	7	8	9.9
50	4.5	4	6	3	4	8.2
58	4	13	3	3	3	3.8
98	5	10.5	1	1	1	9.2
56	4	5.5	2	3	2	5.6
54.6	4.2	5	2	3	2	4.9
72	4	8	3	4	3	5.95
60	4	2	4	6	7	6.1
41	4	2.5	4	4	4	3.45
65	16	6	2	1	1	9
60	4	6	2	2	2	7.8
32	4.4	2	2	2	2	4.2
360	15	20	2	4	3	9.5
50	3.8	2	2	2	2	5.7
60	6	20	5	2	2	5
40	4	2	4	4	4	5.5
250	5	25	3	4	3	5.5
42	3.5	2.4	4	4	3	7.5
61	4.4	2	5	9	9	9.9
30	4.6	2	5	3	3	3
90	5	5.5	3	3	3	6.05
200	7	8	1	1	1	9.9
75.6	4.2	3	3	8	8	4.1
30	5	5	2	2	2	2.35
52	4.5	6	3	4	4	6.1
174	6.5	6	2	3	2	3
72	4	10	4	4	5	6.3
67	4.5	6	4	4	4	4.35
40	4	3	5	6	4	3.8
40	4	3	5	6	5	4.3
98.6	5.8	6	2	3	3	2.7
48	4	3	5	5	4	6.9
60	4	5	3	3	3	7.2
52	5	5	3	4	3	5.5
95	5	12	5	4	4	10
88	6	5.5	3	2	3	6.2
60	5	4	2	3	2	5
30	4	4	6	4	4	5.1
49.5	4.5	7	4	3	4	6.2
70	4	3	3	9	5	5.85
90	5	12	4	4	5	9.9
39	3.8	2	3	2	2	5.3
89	4.3	3	2	3	3	4.6
39	3.5	3.5	4	3	3	4.15
41.3	5	3	4	4	3	2.35
126	6	21	4	4	4	7.95
80	5	13	3	4	4	6.8
124	6.5	5	3	3	3	5.6
105	4.6	4.5	3	3	3	4.5
68	6	13	4	4	4	9.5
56	4	13	5	5	5	7
60	4	5	3	4	4	5
100	5	55	4	7	5	4.19
105	5	7.5	3	4	3	7.8
65	4	13	5	5	6	7
78	4.74	10	4	4	5	7.75
33	3	2.5	5	4	5	4.25
40	4	3	4	5	3	5.9
75	6	6	4	3	4	4.4
100	5	15	3	4	5	5.7
85	5	22	4	5	5	4.2
72	4	7	4	4	5	8.8
36	4.2	3	5	5	5	6.29
46	4.6	3	5	4	4	6
70	4.5	13	4	4	4	9
100	6	25	2	2	2	2.8
30	3	3	5	3	3	4.55
63	4.5	13	5	6	5	7
80	4	5	2	3	2	3.89
63.5	4	3	3	4	3	2.85
34	3.5	3	3	3	3	1.99
40	3.5	2.2	4	4	3	7.7
75	5	22	2	2	2	2.3
336.6	7	26	2	3	2	5.5
80	4	13	3	3	4	4.8
47	4.5	4	4	4	3	3.65
50	5	35	4	4	3	6.65
45	4	3	4	4	3	3.45
90	4.5	12	5	6	5	8.6
38	3.5	4.5	5	4	4	5.7
35	4.2	3	5	3	4	4.5
59	4.5	6	3	4	5	6.8
45	5	5	4	4	3	3
64	4	10	3	4	5	9.4
52	3.5	2.5	4	4	4	4.6
102	4	6	1	2	1	4.5
142	5	30	2	3	3	7
34	4	20	2	2	1	1.5
28	3.2	2	2	2	2	1.95
30	3.8	3	5	3	4	6.5
34	4	20	2	3	2	2
40.3	5.43	3	2	2	2	2.95
90	4.5	13	3	3	4	8.85
105	5	5	2	2	2	4.2
67.5	5	7	2	4	2	3.35
40	4.6	5	2	2	2	5.7
152	6.8	8	3	3	3	6.8
45	4.5	3	5	6	4	6
200	10	12	2	4	4	5.6
88	4	12	2	3	3	8
100	4	30	2	4	5	4.5
80	5	5	2	5	5	4.85
65	5	3	3	4	4	4.4
35	4.3	3	6	3	4	7.6
95	5.3	6	3	4	4	9.6
34	3.6	2	5	3	3	5.65
168	7	16	2	4	3	5.11
55	4.1	6	4	6	5	9
100	5	16	3	3	3	3.2
56	9	9	4	4	5	5.7
45	4	4	5	9	9	7.65
96	6	5	1	3	2	4.6
39	4	2.5	5	6	4	6.95
60	6	5	3	3	2	2.95
60	5	20	2	3	1	3.9
60	4.3	5	4	5	5	6.4
35	5	3	4	1	1	6.05
75	5	15	4	4	4	6.8
100	6	8	2	3	2	2
50.2	4.2	5	3	3	4	7.9
52	6	3	4	4	3	6.8
70	5.8	5	3	4	3	3.6
118	5	5	1	2	2	8.3
80.9	5	5	2	3	3	6.5
47	4.4	3	3	3	1	4.2
238	10	6	1	4	4	7.7
90	5.5	4	1	3	2	4.5
88	4	20	2	3	3	7.5
35	6.55	3	4	2	3	3.55
40	8	3	3	3	2	2.6
60	5	22	3	3	3	2.8
40	5	3	2	2	2	2.8
36	3.3	5	5	6	4	5.6
66	8	4	2	2	2	3
72	4.1	8	2	4	2	6.3
42	8	6	5	5	4	9
70	4.4	5	1	3	2	3.55
100.9	5.8	4	2	3	2	3.7
104	5	5	2	3	2	4
43	7.75	5	5	3	4	7.5
40	4	4	1	1	1	1.6
128	5	10	1	3	2	1.8
39	4	3	4	4	4	7.8
105	6	7	3	4	5	6.85
92	4	5	3	4	4	7.5
115.1	5	19	3	4	4	3.6
35	6.2	2.5	2	2	2	1
75	5	13	4	6	6	4.2
70	4.2	4	4	4	5	7
50	4	4.7	4	4	5	6.9
43.4	4.8	4	5	5	5	7.9
43	3.5	2.4	5	3	4	5.6
190	7.5	4	1	2	1	1.6
94	6	4.5	2	3	3	3.75
45	3.1	2.3	4	4	3	4.75
25.2	5.5	15	3	2	1	6.5
105	4	5	4	4	3	10
44.4	4	5	3	4	2	4.86
135	5	7	2	3	2	8.5
56	4	8	5	4	5	5.5
144	6	6	4	5	6	8.9
34	5.2	3	2	2	1	3.1
100	5	8	3	4	3	7.3
32	4	5	6	3	3	6.3
155.7	5	3	1	3	1	1.8
100	5	4	3	4	4	9.7
70	5	15	4	4	3	7.4
38	3.3	3	4	3	3	5.9
80	4	10	4	4	5	7.8
30	4	3	5	3	4	5.2
50.9	4.4	4	2	2	2	5.1
81	4.5	5.5	3	3	3	6.2
55	4	3	5	6	4	6.5
34	2.6	8	3	2	2	3.5
25	4	3	2	2	2	2.45
138	6	30	4	5	6	9.8
110	5	5	2	2	2	5.5
66	4	15	4	8	9	6.6
64	8	4	4	4	3	6.5
57	4.2	3	3	4	3	4.7
67.4	4	8	5	4	6	9.5
75	4.5	5.5	2	4	3	4.7
61	6.6	10	4	5	4	6.6
40.3	8	6	2	1	1	6.8
73	3.2	2.5	3	3	2	4.05
100	5	6	1	5	5	5.28
51	4.1	5	1	1	1	3.98
38	3.6	3	5	3	3	5.7
60	4	6	4	4	4	6.7
100	5	16	3	4	4	3.1
30	5	4	5	3	4	5.4
78	5	6	2	3	2	1.5
110	10	10	2	3	2	6.3
18	3	3	4	3	3	2.58
88	6.5	6	1	2	1	4.79
31	3	3	4	3	3	4.7
203.9	7.5	6	1	3	2	1.75
40	4	6	2	2	2	3.4
80	5	3	3	5	4	9
32	5	4	2	3	3	5.18
42	4	6	4	4	4	7.8
111	6	5	3	4	4	6.7
60	5	5	4	9	9	7.3
64	4	6	4	5	4	7.8
53	5	5	4	5	4	7.25
75	5	5	4	3	5	3.7
30	5	6	5	3	3	7.4
41	7	3	5	4	4	8.6
339	5	6	2	2	2	2.1
46	5.4	5	5	9	9	8
59	4	6	3	5	5	7.3
34	4	4	3	4	3	6.2
30	3.2	17.5	4	3	3	9.3
84	7	5	2	2	2	5.3
17.2	4	4	2	1	2	3
40	3.25	8.5	5	3	3	8.4
17	2.6	6	4	2	3	4.95
60	5.2	6	3	4	4	4.49
61.6	3.2	3.3	2	3	3	7.9
80	4.2	6	2	3	2	8
30	3.8	2.5	5	3	2	4.25
50	4.5	3	4	4	4	7.6
30.66	4.1	3.4	3	2	3	6
110	5	2	1	2	3	3.6
35	5	3	5	3	4	8.19
31.4	3.7	10	3	2	3	4.3
70	4	6	2	3	2	7.1
61	5	3	3	3	2	7.85
60	4	7	4	4	5	5.99
48	4	12	2	2	2	1.2
56	4	10	2	3	2	3.7
52	4	4	2	3	3	5.6
40	3.3	6	3	4	2	1.55
30	3	30	4	4	3	5.7
90	4.2	6	4	4	3	5.6
36	3.6	6	6	5	4	10
156	6	7	1	2	1	1.58
70	3.5	6	2	3	2	8.3
57	4	6	5	5	6	9.2
32	5.5	12	3	2	3	4.98
74	4.2	6	4	3	4	8.8
50	4.3	6	4	4	4	7.1
80	4	13	3	3	4	4.8
100	5	18	3	3	4	4.4
52	4	5	5	7	4	6.5
31	6.2	6	3	2	3	6.8
63	4.5	3	4	4	3	8.6
60	4.2	5	2	3	2	4.9
177	10	11.5	3	4	4	9
95	5	6	3	3	2	5.5
69	4.5	3.5	1	2	2	2.4
68	5	5	3	4	3	5.85
72	4	12	3	3	3	6.05
70	5	4.5	2	3	2	4.7
31	3.8	12	4	3	3	7.8
70	4.74	4	2	3	2	7
78	4	12	2	3	3	7
32	4.4	8	2	3	3	9.7
72	4	8	1	3	2	3.8
85	8	3	1	2	2	1.9
51	5.8	3	4	4	4	9
42	4.2	5	3	3	3	3.9
61	5.6	9	2	3	2	2.6
250	45	16	2	4	5	6.1
71	5.75	4	4	4	3	7.3
116.7	10.4	5	1	2	2	4.3
220	8	12	2	3	4	5.5
34	3	3	4	4	4	4.65
90	4.5	5.5	1	1	2	8.8
60.7	4	7	3	3	4	3.2
84	4.2	7	4	5	4	7.98
90	5	5.5	2	3	3	3.55
32	4	2	5	3	3	3
140	5.6	10	4	4	3	4
122	4.5	6	4	8	8	8.5
71.4	5	6	3	3	2	9.5
66	6	6	5	4	4	9.3
66.6	4.5	10	3	3	3	5.37
56	4	5	4	5	3	6.6
70	5.5	3.5	3	5	5	4.4
60	4	6	2	3	3	6.2
54	5	7	4	3	3	4.2
25	5	3	3	2	3	2.78
200	8	12	1	2	2	6.5
127	6	6	4	5	6	4.5
60	4	4	4	4	4	3.9
35	5	5	3	4	3	4.7
70	4	5	3	3	4	6
60	5	4	1	2	2	4.75
86	4.5	10.5	2	3	2	5.45
35	3.5	5	3	3	3	2.15
256	6	24	4	5	4	3.9
136.5	5	10	1	2	1	3.9
80	5	5.5	2	3	2	4.5
40	4	6	4	4	3	6.8
101	4.4	5	2	3	2	3.5
40	7.5	2.5	4	3	3	7.3
162	7.8	8	2	4	4	4.2
76	4	16	3	4	5	9.8
55	4	3	4	5	4	8.7
71.4	5	10	3	3	4	9.5
123	8.01	4	2	3	3	7.3
45	4	4	5	6	5	8.1
32.2	4	6	3	3	3	3.35
24	4	4	2	2	2	2.55
200	10	13	2	3	3	5.6
46	4	3	4	4	3	7.8
32	3.2	2	5	4	3	4.4
32	3	5	4	3	3	6.7
42	5	3	5	6	6	6.2
30	3.7	2.5	5	4	4	4.35
20	4	5	3	2	2	2
46	4	2	5	5	4	5.5
100	5	7.5	3	6	5	10
48	4	6	3	4	3	5.7
47	6.15	6	3	5	4	6.25
80	5	13	3	4	4	3.85
160	8	7	2	3	3	6
75	5	8	2	4	4	8.95
188	12	7	2	3	3	6
80	7.16	13	3	4	4	4.79
56	4	2	5	3	4	6.8
36	3.5	5	6	6	4	7.5
75	5	5.5	4	4	4	7.3
64	4	7	3	3	3	4
48	4	3	3	3	3	2.4
113	3.6	2	4	3	3	2.52
72	6	7	4	4	3	4.2
30	3	5	2	2	2	3.05
100	5	7	3	3	3	2.75
82	4	5	3	3	3	2.4
120	6	20	2	4	3	5.3
30	3.5	2	5	4	4	4.3
45	4	3	3	4	3	2.76
160	8	14	3	4	4	6.2
40	5.5	4	4	6	6	7.25
72	6	16	4	6	4	4.8
45	6	3	4	3	4	8.4
60	5	8	4	9	6	5.1
50	3.5	3	2	2	2	4.49
140	6	5	1	3	3	4.6
160	8	12	3	4	5	9.1
300	10	10	1	2	1	2.7
120	6	20	2	3	3	5.3
75	5	5.5	2	3	3	6.8
40	4	15	5	4	4	8.5
40	4	5	4	3	3	5.5
72	5	15	4	5	3	6.8
96	6	8	2	9	8	5.2
56	4	7.5	3	3	3	6.8
32	3.2	3	4	3	4	5.25
90	5	6	1	3	2	2.1
35	3.6	2.5	4	5	4	3
34	3.8	2.5	4	4	3	2.9
32	3.6	2.5	5	4	3	3
120	30	30	4	7	8	6.5
98	7	20	2	3	2	1.65
54	4	5	5	4	5	7.2
90	4.5	20	5	4	5	7.5
85	5	10	4	3	3	6.55
172	12	13	3	5	5	8.6
24	3	4	2	2	2	2.75
32	4	3	3	3	3	5.75
40	5	8	2	2	2	7.89
89	5	6	2	4	2	1.85
50	5	12	4	4	4	6.3
298.1	14	6	3	4	3	7
161.8	6	6	2	3	2	6.5
75	3.2	4	2	4	2	8.75
84	4	4	2	4	3	4.65
80	5	30	1	3	2	7.3
32	3.9	2.5	3	3	3	4.29
60	5	12	3	3	4	6.35
50	5	4	1	3	2	2.5
30	3	3	3	3	3	3.84
60	4.5	8	5	5	6	6.5
95	7	5.5	3	4	4	7
49.9	4	6	2	3	2	6
72	55	55	3	3	4	5.7
50	4	12.5	5	4	4	9.95
44	4	5	2	2	2	3.1
36	4	3	4	4	3	5.5
79	56	3	1	3	2	7.99
60	4.5	5	2	3	3	5.1
53.4	4.45	4	2	2	2	4.95
97.8	2	7	2	3	2	3.35
58	4.5	4	3	3	3	9
40	4.5	2	6	3	4	9
100	5	7.5	3	3	4	7.2
32	4	5	2	2	2	2
290	8	12	2	3	2	9.2
31	3.2	2.5	3	2	3	4.3
40	3.3	2.5	2	2	2	3.65
33	3.5	2.2	4	3	2	4.2
106	4	6	2	3	2	4.3
32	7	5	5	3	3	5.75
38.7	3.5	3.5	3	4	3	4.2
200	10	5	1	2	1	2.4
36	4.3	3	3	2	2	4
50	4.2	3	4	4	4	7.8
85	5	8	2	3	4	6.45
42.8	5	5	2	2	2	1.85
217.7	6.75	19	3	4	4	5.8
56	4	25	4	4	3	6.97
69.9	4.5	10	4	4	4	5.6
119	5	6	4	6	6	10
30	3.1	10	5	3	4	7.89
85	5	5.5	1	2	2	3.59
50	5	5	3	4	5	6.8
72	4	12	4	5	5	8.3
76.95	4.05	10	2	3	3	9.3
31	4	3	5	3	4	3.75
90	5	12	2	3	2	2.25
126.3	8	8	1	3	2	6.35
250	10	5.5	2	4	3	7.1
57.4	4	3.5	2	2	2	3.29
100	5	10.5	4	4	5	6.9
80	4	5	2	3	2	6.8
44	4	3.5	2	2	2	3.4
86.2	5	15	2	3	2	2.8
57	5	12	1	2	1	1.22
100	4	6	2	3	3	3.85
32	4.3	6	4	3	3	4.85
100	5	7.5	3	3	4	7
38	4	3	5	3	4	5.6
78	5	5	2	2	2	3.39
105	5	4	2	3	2	3.8
44	4	4	3	2	3	4.95
146	8	30	4	6	5	8
34	3.8	4	4	4	4	6.9
64	4	16	2	3	3	8.9
75	5	12	3	3	3	5.5
50	4	12.5	5	4	5	9.95
130	7	12	3	4	4	6.9
48	3	3	4	5	5	8.6
102	4	5	4	4	4	9
91.3	6	6	1	2	2	9
60	4	12	3	3	4	3.4
64	4.7	12	4	4	5	4.6
60	4	12	3	4	4	3.25
76	4	13	3	5	5	4.35
60	4	13	2	4	4	3.7
65.8	4.7	14	3	4	3	3.75
35	4.5	3	1	1	1	4.85
48	13.8	5	2	2	2	7.65
23	4	10	6	3	3	4.98
75	5	5	2	3	2	5.1
80	4	12	4	4	4	9
56	4	6	5	5	4	5.2
61.5	5.5	12	2	4	4	4.6
52	4	13	5	6	4	6.5
110	5.2	6	2	3	3	6.5
52.6	5	7	3	5	6	5.39
34.4	4.6	2.5	5	3	4	3.6
74	4.5	5.5	2	4	3	5.8
44	4	2	3	4	2	2.35
80	8	5	3	4	3	3.8
45	4.2	2	6	6	6	7.9
82	4	12	2	3	3	8.5
75	5	7	3	4	4	7.2
168	7	16	2	1	4	5.11
60	13	7	3	4	3	3.1
60	13	7	3	4	3	3.2
116	5	7	3	4	5	6.3
96	7.2	10.5	3	3	4	8.2
156	6	6	1	6	6	9.7
95	6	7	1	4	4	3.9
84	5	6	1	1	1	5.5
31	3	3.5	4	5	3	6.15
150	5	16	1	2	2	1.85
73	4	6	4	4	3	6.2
36	9	6	4	4	3	7.5
100	4.5	6	3	4	3	6.5
43	5	6	3	4	3	6.25
121	8.5	6	4	4	5	8.6
100	5	5	2	3	2	6.3
97.5	14	14	4	5	6	9.9
130	5	5.5	3	3	4	6.5
240	8	7	1	9	9	1.5
100	5	10.5	1	2	2	6.5
45.8	4.35	4	4	4	4	8.35
40.5	4.3	2	4	3	4	7.19
55	5	6	4	4	4	3.85
180	9	15.5	3	4	5	8.6
100	6	15.3	3	4	5	5.8
62	5	5	4	5	6	4.6
132	6	40	4	5	4	3.75
37	4	3	6	4	3	7.69
43	5	4	1	1	1	7.13
150	3.2	2.5	4	3	3	2.95
75	4.55	4	3	4	4	6.78
40	4	12	4	3	3	8.3
38	4	3	6	4	4	7.5
73	4.9	5	1	1	1	5.4
161	8	12	3	5	5	8.5
87	4.33	5	3	4	5	6.88
50	4	12.5	5	4	6	9.95
24	2.4	6	5	3	4	4.7
56	4	13	5	6	4	7.6
33	3	4	4	3	3	4.99
78	6	20	5	6	4	10
60	4.5	13	5	6	4	7.8
78	6	13	5	5	4	10
60	4	13	5	6	4	8
60	4.5	13	5	6	4	7.9
60	4.5	20	5	6	4	7.8
64.4	4	8	3	4	4	3.54
35	3.65	3	6	4	4	5.8
45	5.5	6	5	6	4	9.2
70	5	4	3	2	2	8.5
71	4	6	5	4	5	9.99
80	5	6	2	3	2	9.5
89.4	4.5	5	1	4	4	5.9
35	3	3	2	2	2	3.58
52	5	19	1	1	1	10.9
55	5.8	14	6	4	5	9.6
88.2	5	10	3	4	4	7.7
20	4	3	2	2	2	2.8
51	4	6	5	4	5	6.6
45	4	4	4	3	5	6
90	5	14	4	4	5	8.3
85	4.6	7	3	3	3	6.8
48	4	3	5	6	4	8.3
52	5.2	7	4	4	3	5.2
200	10	10	2	3	2	1.25
30.1	3.35	3	4	4	3	2.75
46	5	4	4	4	4	5.85
125	4	5	3	4	5	5.1
100	5.5	10.5	3	3	3	4.4
114	6	16	5	6	6	9.76
33	3.6	2	5	3	4	6.6
20	4	3	2	1	1	1.85
100	5.5	7.5	3	3	3	4.6
70	4.5	5.5	3	3	3	5.7
60	4.2	5	3	4	3	4.9
31.2	4	2.5	2	1	1	2.5
119	7	3	2	4	2	7.5
117	16	42	3	4	3	6.1
90	5	4	2	3	3	3.3
130	8	4	3	3	2	4.57
90	5	4	1	3	2	1.75
100	5	2.5	2	4	2	6.8
39	5.4	4	5	3	4	4.8
33	3	4	5	3	3	4.5
68	4.5	6	2	2	2	8.3
60	4.3	30	5	5	5	8.5
61.2	6	9	1	1	1	8.8
46	4	4	5	6	6	4.55
40	4.5	4	5	4	5	4.65
30	4.5	4	5	3	3	4.5
99	5.3	5	3	3	2	6
45.6	5.7	6	1	1	1	6.5
66	4.7	4	2	3	3	2.1
90	4.17	6	3	3	3	6.5
68	4	6	3	4	5	7.35
38	3.5	8	2	2	2	2.6
86	5	12	3	4	4	4.7
48	4	4	3	4	3	4.75
152.65	10	4	3	4	4	4.8
118	5	6	2	2	2	8.3
60	4	6	5	5	5	5.1
32	4	3	4	3	4	3.65
21.5	3	3	2	2	1	1.35
37	3.4	2.9	4	5	3	4.75
77.5	5	20	3	3	3	5.7
30	4	2.5	5	3	4	3.9
100	5	10	4	5	3	5.19
43	5.3	2.6	4	4	3	3.3
90	4.5	6	4	4	4	8.7
37	4.2	4	5	3	4	7.5
99.4	30	5	1	2	2	4.7
39	4.3	5	4	4	4	7.5
31	3.4	3	5	3	4	5.95
42	4.2	3.5	4	3	4	8.8
50	5	5	4	3	4	9.6
73	4.2	12	3	4	2	8.8
35	4	4	5	3	3	5.2
85	21	21	4	3	3	6.8
36	4	4	3	3	3	5.5
50.1	4.02	20	4	4	5	7
108	8	8	3	5	4	8.3
60	4	5	2	2	2	4
72	4	4	2	2	2	5.8
80	4.1	6	3	3	3	9.9
44	4.2	3	3	4	3	7.6
63.8	5.3	6	2	2	3	7.5
51	5	4	3	3	3	5.2
56.5	4.46	5	1	2	1	1.45
73	8	6	4	8	5	8.8
100	10	4	1	2	1	1.39
52	4	3	4	3	3	2.65
45	3.6	6	2	2	2	7.2
21	4	3	2	2	2	2.37
150	5	62	3	2	2	3.65
100	5	8	2	3	2	3.6
85	5	20	3	4	4	7.78
42	4	3	4	6	4	6.95
35	3	2	5	4	4	6.15
32	4	2.2	5	5	4	4.1
72	4.5	5.5	2	2	2	3.6
100	25	25	3	5	5	3.5
50	4.5	5	4	4	3	3.95
74.6	5	20	3	3	3	4.2
26.3	4.5	3	2	2	2	2.89
40	3.75	6	3	4	3	6.05
92.5	5	5.5	2	5	2	6.1
62	4.3	4	5	4	3	9
60	4	30	3	2	2	10
60	6	6	3	4	4	9.15
21	3	2	2	2	2	2
40.5	5	5	4	3	4	5.8
73	6	3	3	4	4	8.89
144	6	20	4	3	3	9.52
120	6	30	4	6	5	4.57
100	5	14	3	3	4	7.8
33	3.3	2	5	4	4	4.3
68	4.2	6	2	2	2	6.5
74.1	12	25	2	3	3	7.9
95	5	30	4	4	3	6
72	5	5.5	2	2	2	3.35
48	4	4	2	2	2	3
33.1	3.95	3	3	3	3	1.7
37	4	3	5	4	3	5.5
100	12	12	3	4	4	8.8
30	3	4	5	3	4	7.97
26.9	4.7	10	4	3	4	8.3
48	4.5	4	3	4	4	6.5
66	5	4.4	4	4	4	5.65
80	8	3	5	8	8	6.6
59	6	4	6	7	4	7.9
69	5	6	2	3	3	2.9
61	4	10	2	3	2	2.75
46.5	7	12	4	4	4	3.9
87.5	5	12	3	4	4	6.2
126.4	5	5	1	2	2	4.95
65.9	5	2	1	2	1	1.7
240	12	12	3	4	5	7.2
30	5	8	5	3	3	5
61	5	4	2	2	3	7.2
55	4	2.2	1	2	1	1.28
54	7.35	30	4	3	3	8.2
70	4.5	4	3	3	3	3.4
66	4	4.5	5	4	5	7.8
73	5	5	2	3	2	5.3
50	4.4	2.5	5	9	9	9.9
52	1.1	2.5	4	4	3	6.8
40	3.3	3	5	4	4	7.2
32	3.5	2.5	5	4	4	4.5
100	5	15	3	2	2	4.13
80	5	19	3	4	4	5.88
32	4	3	5	3	3	4.5
57	4	4	4	4	4	5.2
42	4	3	5	4	4	4.5
72	4.5	5.5	2	2	2	3.35
75	5	51	5	5	4	8.6
80.6	5.5	7	4	4	5	9.8
49.6	4.8	5	3	5	3	6
84	5	8	4	5	6	7.9
120	6	20	4	5	6	6.8
48	4	5	3	4	2	3.85
90	6	16	2	4	3	3.2
65	5	13	5	6	4	7.4
53	10	3	3	3	3	5.6
39	3	5	2	2	2	2.2
70	4	4	2	2	2	6.2
71	4	6	3	3	3	6.65
85	5	12	3	4	4	8.3
80	8	20	2	3	3	6.5
82.7	5	12	3	4	5	8.6
40	3.6	3	5	3	4	5.2
30	4.3	6	3	3	3	4.85
70	5	6	3	3	4	7.3
180	9	15	3	5	4	9.7
94	4.5	8	3	4	4	8.7
41.6	3.2	3	2	2	2	4
101	4.4	5	2	3	2	3.5
55.4	4.4	4	2	2	2	3.6
72	4	10	2	3	2	6.1
50	4	5	5	4	4	8.5
40.5	4	2.5	4	4	3	1.95
73.6	3	12	4	5	3	8.5
43.8	3.6	3	4	4	3	6.6
68	4	16	3	4	4	9.5
60	5	5	3	3	3	6.2
120	6	8	1	6	6	8.5
79	4.5	7.5	4	3	6	5.5
69	4.5	8	2	3	2	3.65
88.4	4	8	2	4	2	4.85
65	5.1	5	4	4	4	9.8
33	3.5	2	5	4	4	5.1
37.1	5.42	2.5	6	3	4	6.2
43	4	4	3	3	3	5.86
104.5	7.5	34.5	4	6	4	7.5
35	4	3	5	3	4	4.45
60	5	8	4	4	3	4.5
70	4.9	3	3	4	4	7.1
59	4.4	6	3	4	3	6.4
40	4	5	1	2	2	1.93
33	3.6	3	6	3	4	5.68
90	5	4	1	2	1	1.45
60	4	12	2	4	5	3.95
22	2	2.5	4	2	2	4.25
59	7.3	7	3	4	3	5.3
80	5.2	7	3	3	3	6.5
35	3.5	6	5	3	4	4.8
72.3	4.5	5	3	3	4	6.2
60	4	13	3	4	4	5.4
32	4	5	6	3	4	5.6
64.6	4	4	2	2	2	6.5
60	3.5	3.75	3	3	2	3.5
70	4	24	2	3	4	1.95
40	6	3	3	3	3	2.8
240	12	12	2	3	3	8.5
200	7	4	3	4	3	2.5
37	7.3	3	5	3	3	7.7
100	5	14	3	4	4	4.8
60	4	8	3	4	5	7.8
48	4.6	4	5	4	4	5.75
350	6.8	7	2	4	2	9
100	6	6	2	3	3	2.3
90	9.5	10	3	4	4	9
45	4	5	5	6	4	9.8
76.6	4.5	4	3	4	3	5.5
39	4.6	3	5	6	4	6.5
65	6.2	3.5	5	6	4	9.85
50	12	5.5	3	3	2	5.1
70	4.2	5	2	3	2	8.5
38	3.9	2	5	3	3	6.2
60	4	5.5	3	3	3	3.9
100	4	6	1	3	2	3.99
140	7	7	2	4	4	4.1
94.5	5	5	3	4	3	4.8
160	8	6	2	4	3	6.6
55	4.5	8	5	5	5	5.8
121	5	7.5	2	3	2	5.7
61.4	5	3	2	2	2	1.95
38	4.5	2	5	6	6	5.85
63	5	12	4	4	4	7.5
48	4	6	2	3	2	5.6
55	4	6	3	3	4	6.4
73	8.25	4	1	2	1	9.8
68	4	8	4	4	5	4.55
36	4	4	2	2	1	3.95
72	6.2	4	4	4	5	6
46	3.5	5.5	2	2	2	4.6
60	4	17	3	4	5	3.78
80	5	12	2	2	3	1.5
44	3.9	2	5	5	4	7.2
110	4.5	6	4	4	4	9.8
60	12	12	3	3	4	3.7
88	5.5	14	4	4	6	6.2
61.1	4.7	7	3	4	5	3.35
56	4	6	4	4	5	7.3
84	5	5	2	3	1	2.08
40	4	6	3	2	2	4
80	5	15	2	3	2	7
60	4	4	2	2	2	3.8
96	5	6	2	3	2	1.9
68	4	8	4	5	5	5.6
34	4	2.5	5	3	3	4
46	3.5	4	3	3	3	5
60	45	3	3	3	2	4.5
55	4	3	3	4	3	6.1
60	5	12	5	5	6	3.4
30	3	3	5	3	4	4.78
63	4	15	2	4	4	8.99
62.5	5	4.5	1	2	2	3.8
45	4.3	4	3	3	4	5.9
64	4	16	2	2	3	8.9
100	5	7.5	3	4	3	5.2
180	7.2	17	3	4	4	8.5
70	4	7	4	4	4	6.5
100	5	20	3	4	4	8.49
37	4	3	3	4	4	5.6
41	5	3	3	3	3	5.28
39	4.55	3.8	5	3	4	4.95
42	9	6	6	5	4	8.85
73.6	4.6	6	5	5	5	8.4
68	6	7	2	2	2	2
44.6	4	2.5	3	3	3	3.05
60	5	5	4	4	5	7
220	6	7	2	4	2	3.1
30	3	5	3	2	2	2
40	4	4	3	3	3	2.68
50.8	4	3	2	2	2	5.6
51.7	4.7	7	4	4	4	3.3
55.6	3	3	1	2	1	1.9
100	5	54	3	4	4	6.8
135	9	64	3	5	5	7.55
50	5	4	1	2	1	3.2
98	5.7	13	4	5	4	7.2
89	5	13	4	4	4	9.5
64.5	4.3	6	3	4	3	3.3
94.6	4.3	5.5	3	3	3	5.3
48	4	10	4	4	3	3.2
50	4.2	10	4	4	3	3.2
45	4	6	3	4	3	3.6
120	5	5.5	2	3	3	7
75	6	6	3	3	3	5.05
80	4	12	4	5	6	7.59
72	4	12	3	4	3	6.6
95	5	6	3	5	5	4.8
85	5	6	3	4	4	6.2
79.5	3.7	8	2	4	3	5.6
63	5.2	2	1	1	1	1.64
75	5	13	3	4	5	6.3
33	3.6	2	5	3	3	4.6
35	3.5	3	3	4	3	2.65
125	5	7.5	3	3	3	7.2
45	4.6	3.5	5	4	4	5.75
60	4	8	5	4	5	6.1
46	4.5	3.5	5	4	4	5.55
34	3.5	3	3	3	3	2
89	5	3	2	3	3	1.7
51.3	3.99	2	2	2	1	1.55
45	3.9	4	5	6	5	5.98
76	5	4	1	3	2	6.3
46	3.6	6	4	5	5	8.8
135	9	12	3	4	5	7.5
56	4	6	3	4	3	5.4
100	5	12	3	4	5	8.2
59	7	7	3	4	5	8.7
78	5	4	5	4	4	8.9
109	5	7.5	2	9	9	5.8
72	6	5	4	4	5	8.9
31	3.3	2.5	5	3	3	4.2
45	4	4	4	4	3	7.6
50	4	5	1	1	1	4.28
25	3	3	2	2	2	2.58
46	3.3	3	6	6	6	9.6
50.1	4	7	3	4	5	7.5
72	4	6	1	2	2	6.65
68	4	12	4	4	4	9.7
55	4	25	5	9	9	7.9
60	5	4	3	4	4	9.2
32	4	10	3	2	2	4.65
115	6.8	12	4	5	6	10
78.75	4.5	5	2	3	2	1.45
46	4.3	5	4	4	4	8.5
200	8	30	2	3	2	7.6
32	4	20	5	3	4	3.65
153.9	6	6	2	2	2	4.5
72	4	8	3	4	4	5.95
37	3.7	4.5	6	3	5	5.5
26.3	4.5	3	2	2	2	2.9
48	4	24	5	4	5	9.6
30	31	5	5	3	4	7.98
63.7	4.2	2	1	2	1	1.6
196	7.39	6	2	3	3	4.8
180	9	15	3	4	4	8.6
67	5	4	2	3	2	9.2
35	3.5	3	3	3	3	1.69
52	4	6	4	3	4	8.9
34	4	6	4	3	3	5.9
74	4	2	3	3	3	6.6
33	3.2	2.5	5	3	5	4.7
31	3.5	2	5	3	4	4.4
100	6	15.3	3	5	4	6.9
69.5	4	4	3	4	4	5.4
45	5	3	5	3	4	5.8
32	4	5	3	2	2	5.29
67	6.3	12	2	2	2	7
61	5	7	5	5	5	6.9
45.8	4.5	5	4	4	3	7.5
282	8.2	26	1	3	2	6.75
60	4	13	3	4	3	4.5
77	4	16	3	4	5	7.75
67.2	4.2	6	1	1	1	3.79
53.4	4	5	2	2	2	3.89
90	4.5	4	3	3	3	5.8
32	3.5	2.2	5	4	4	6.2
73.86	6	6	3	5	4	8.9
65	4	5	4	4	2	6
52	4.6	6	4	3	3	9.98
58	5	3	1	2	1	1.2
34	3.5	2	5	3	4	5.35
42	3.6	2.5	4	3	4	4.5
37	3.5	2	4	4	5	4.95
40	4	2.5	4	4	4	6.3
70	4.7	5	5	4	3	6.79
79	5.8	4	2	4	3	3.35
50	8	5	5	4	5	7.5
34	3.5	5	5	4	3	6.7
90	4.5	13	3	3	4	8.85
72	4	6	5	4	5	9
80	4.7	5	2	3	2	2.75
32	3.3	3	5	3	4	4.25
36	3.7	2.5	4	3	3	2.7
33	3.5	3	5	3	4	3
57	7	5	5	7	5	4.4
35	3.5	4	5	3	4	5
42	3.4	4	2	2	2	5.2
39	6	3	2	3	2	5.8
100	5	7.5	3	3	3	6
145	9	6	1	3	2	4.3
90	5.5	8	3	4	4	4.4
30	5	6	3	4	3	2.48
75	4	6	3	3	3	9.49
114.7	4.5	5	2	2	2	2.25
55	5	5	5	4	5	8.5
105	5	10	2	4	4	9.49
68	5	5	3	4	4	6
60	4.5	4	3	5	3	6.8
108	6	16	3	4	4	7.8
62	5	3.5	1	3	2	3.25
70	4.5	4	3	3	4	6.8
58	4.25	6	3	3	3	5.2
75	5	15	3	4	3	3.45
274.8	9.88	6	1	4	2	2.2
72	4	16	4	4	4	7.8
45	4	4	4	4	3	4.35
64	4.2	4	3	4	4	6.85
31	3.3	2	3	3	3	4.6
150	5	6	3	4	4	5.9
90	5	69	4	4	3	3.6
52	4	10	4	4	5	5.95
44	4.5	2.5	4	4	4	4.55
48	4	6	5	4	4	6.3
93	4.2	4	1	2	1	5.7
48	4.1	6	4	4	4	6.9
47	4	4	3	5	4	6.2
93	8.2	12	4	6	4	7.9
50	3.6	2	4	3	3	5.9
45	3.5	4	2	3	3	6.4
74	6.55	10	3	3	3	9
208	8	12	1	2	2	3.5
43.8	3.38	5	4	4	3	5.9
62.5	5	30	5	6	4	7.5
38	4	3	6	5	5	7.5
120	5	5	2	3	3	3.8
45	4.7	4	5	6	5	9.6
65	7	7	3	3	4	4.99
136.5	6.5	5	2	3	3	4.77
39	4	6	5	4	5	9
42	4	4	4	4	4	4.6
105	6	4	2	5	5	3
100	4	16	3	3	3	9.35
45	4	5	4	3	3	6
190	9	12	2	3	3	8.2
125	5	8	1	1	1	3.5
75	5	5	2	2	2	1.85
100	12	12	1	7	7	8.4
102	6	6	2	2	2	8.9
40	4	12	3	3	3	3.7
44	4.5	5	2	2	2	6.8
45	4	3	5	9	9	7.65
94	4	6	3	3	4	7.7
45.6	16	16	3	3	3	6.1
227.1	8	3	2	3	2	5.2
45.4	5	6	3	3	3	5.1
105.5	5	4.5	2	2	2	3.75
80	4.2	8	4	4	4	7.1
100	5	5.5	3	4	3	6
78	6	13	5	4	4	9.3
29	3.8	5	5	3	4	6.7
75	5	5.5	4	4	4	7.6
441	22	12	2	4	5	6.5
56	4	6	4	5	5	6.4
42	4	2	5	8	8	7.9
75	5	5	2	2	2	3.65
72	4	7	1	3	2	3.8
202	5	6	2	4	3	2.35
65	5	5	2	3	2	3.98
59	4.2	3	4	5	3	7.6
366	20	12	2	6	6	8.6
97.4	3.95	6	2	3	2	6.7
80	4	7.5	3	3	3	8.5
75	5	13	3	4	3	6.2
100	5	10.5	3	4	4	6.5
144	8	13	3	8	9	9.5
45	4.3	4	4	6	4	6.49
60	4	6	3	4	4	8.2
71	4.3	2.5	3	3	3	8.7
70	4	13	2	4	3	6
30	4.5	2	3	3	3	2.55
62	4	5	2	3	2	3.5
43.7	4.5	10	4	3	3	8.5
30	5	16	3	3	2	6.6
100	8	12	1	2	1	5.07
38	3.7	12	4	4	3	9.1
20	4	3	5	5	5	5.5
38	3.5	3	4	4	3	4.88
37	3.6	2	5	3	3	5.65
13	2	7.5	2	1	1	1.8
55	5	4.5	5	6	6	5.5
60	9	8	2	4	3	1.7
95	5	11.5	3	4	3	7.2
75	5	12	3	3	5	6.25
100	5	18	3	3	4	5.95
48	4	20	5	4	5	6.3
40	4	5	4	4	4	8
82	6.1	3	2	2	1	6.5
120	6	13	4	6	3	6.2
60	5.8	5	3	3	4	2.2
283	9.5	8	1	2	1	1.5
100	4.2	12	2	3	3	8.79
45	4	3	5	6	4	3.74
45	3.6	3.5	3	3	2	9.5
117.6	4.2	7	4	3	4	5.6
73	7	9	3	4	3	3.2
47	6.8	8	4	3	3	3.9
67	4	5	4	4	5	8.6
75	5	15.2	4	4	4	4.2
150	8	16	2	3	2	2.3
60	4	7	4	5	6	8.2
54	4	6	4	4	4	5.95
47	6	6	4	4	4	5.25
203.1	7.6	12	1	2	1	8
81	4.1	12	2	2	2	8.2
112	8	16	3	5	4	2.4
53	3.5	10	3	4	4	6.2
112	8	16	2	5	3	2.7
64	4	6	3	3	4	6.3
45	7	4	4	4	3	7
164	11	60	2	4	4	9.6
160	8	16	2	3	3	4.6
55	4	7	1	2	1	3.95
24.6	5	5	3	4	3	1.75
32	3.2	4	4	3	3	5.4
45	5	10	3	3	4	5.95
125	5	20	3	3	2	6.5
39	6	5	3	5	5	7.9
75	5	8	4	4	5	6.35
142	6.95	5	1	2	1	6
32	1	3	3	2	3	1.95
35	4.2	3	4	3	4	6.7
52.8	8	8	3	3	3	4.5
40	3.5	8	4	4	3	5.4
29	3.7	2.5	4	3	3	2.55
54	5	20	1	2	2	6.85
51	5	5	3	3	2	4.99
80	4	30	4	5	4	7.45
100	5	12	3	3	3	2.9
92	7	10	1	2	1	2.45
85	5	5	2	3	2	4.3
80	5	25	3	4	4	3.45
40	4.5	2	5	6	5	7.5
62	4.5	8	3	3	3	8.8
60	4	30	5	5	5	6.3
184	9.2	4	2	2	4	4.5
65	42	6	3	4	3	3.3
32.2	4	6	3	3	3	3.33
117	6.5	13	4	3	3	8
100	5	8	2	3	2	3.6
51	5.1	5	3	4	3	5.7
64	4	10	3	4	3	4.7
90	6	48	3	2	4	5.3
88	6	48	2	1	2	3
102	6	22	4	3	3	7.2
20	4	2.5	2	1	1	1.85
30	3.4	12	4	3	3	5.3
64	4	8	2	2	1	4.3
62.5	8	8	1	2	1	4.5
35	3.8	2	5	4	3	4.5
70	5	4	2	2	2	3.99
33	3.6	3	5	3	4	4.6
75	4.2	6	2	3	2	5.5
34	4	3	5	3	3	4.75
36.6	4	2	4	3	2	3.05
64	5	3	1	2	2	3.5
50	4	3	5	4	4	6.2
60	6	10	4	5	6	5.59
65	4	7	4	5	5	6.95
40	4.5	3	5	3	4	5.5
42	3.5	3.5	1	2	2	2.55
45	3.8	3	5	5	4	5.8
160	20	27	3	3	4	10
120	6	8	4	6	6	8.2
100	5	5	4	1	1	3.2
90	5	8	2	3	2	4.4
50	4	6	2	4	3	4.75
86	4	20	3	4	5	6.8
178	8	5	1	3	1	3.9
68	6.8	5	3	4	2	8.5
60	4	10	2	3	2	2.75
60	18	18	1	3	3	1.8
50	4.5	3	5	6	4	6.48
80	5	9	3	4	3	6.5
56	4	20	4	4	5	7.8
136	6.8	12	2	4	4	4.4
33.5	3.35	10	2	2	2	4.38
30	4	2	4	3	4	4.14
33	3.4	2	4	3	3	5.35
388	8	5	1	3	1	1.9
85	5	5	1	4	4	4.45
100	5	5	2	3	2	4.2
50	5	9	4	4	3	7.95
95	5	7.5	1	2	1	4.95
117.5	5	5.5	2	3	2	3.55
90	5	5.5	3	4	3	3.85
60	5	3	5	7	8	6.1
375	15	7	2	3	2	9.32
32	2	3	4	3	3	4.58
55	5.2	5	5	5	5	5.5
90	7.5	7	1	2	1	5
205	11	6	1	3	2	8.9
55	5	5.5	3	3	3	5.5
116	8	5	1	3	3	6.99
40.3	3.6	3	5	6	3	4.6
123	8	65	3	3	3	3.6
45	5	3	5	3	4	8.5
56	4	6	3	4	4	6.7
40	4	5	2	2	2	2.55
37	5	5	6	4	5	6.45
48	4	18	7	4	7	9.2
63	3.5	14	4	7	8	8.9
32	4	2.5	4	3	3	3.6
27	4	4	2	2	2	3.2
30	5	4	5	6	4	7
135	12	7	5	5	5	9.5
65	4	5	3	3	2	5
48	5.9	12	4	6	4	9
88	4	8	3	4	5	6.8
36	4.5	2.5	5	4	4	6.9
45	5.4	5	5	4	5	7.1
36	4.62	2.2	5	4	4	5
64	5	3	2	2	2	3.5
50	4	4.5	4	4	4	8.9
60	5	3	3	3	2	6.6
81	9	6	3	4	5	5.2
37	3.5	3	4	4	3	3.7
52	3.5	3	5	6	6	7.5
51	5	6	3	2	2	6
40	4	12	4	3	2	5.6
35	4	2.5	2	2	2	3.38
30	4	5	2	3	3	1.88
32	3.5	2	5	3	3	3.29
80	5	6	4	4	4	7.9
32	3.2	4	3	4	3	1.75
82	6.5	5.5	3	3	2	6.8
33	3	3	2	2	2	1.37
34	3.4	4	4	4	3	5.7
60	4	8	5	4	5	8.85
80	5	13.5	5	6	7	4.8
40	5	3	5	3	4	7
62	4	5	3	3	3	2.75
36	4	16	4	4	4	5.85
80	4	10	2	2	2	9.89
160	8	16	3	4	4	6.2
40	4	3	5	9	9	7.5
19	3.1	2	5	3	4	3.75
60	4	7	2	2	2	3.35
40	4	6	3	4	4	6.5
26	3.3	2	4	2	4	1.5
45	4	4	2	2	2	4.8
60	4	12	2	2	2	2.55
36	4	3	6	3	4	5.5
39	3.6	3	4	2	2	5.3
56.8	4	2	1	1	1	2.05
60	4	8	4	5	5	8
48	3.4	2.5	5	3	3	5.45
89	4.5	10	2	4	2	5.3
32	4	3	5	3	4	5.8
85	65	85	1	2	1	1.65
50	4	3.5	4	3	3	3.6
16	4	1	5	3	4	5.7
90	5	5.5	2	3	2	4.49
27	5.3	4	3	3	3	5.2
31.9	3.5	3	2	2	3	6
50	4	4	5	4	4	8.5
133.8	4.5	10	1	2	1	1.3
43	3.8	10	4	3	3	8.3
45	6	20	4	4	5	8.9
44	4	6	1	1	1	4.2
30	4	2.5	3	2	2	3.25
100	5	5	2	3	3	9.9
57	3.51	4	4	4	5	5.8
72	4.5	13	3	3	3	4.3
33	5	6	5	4	3	6.8
76	4	10	4	4	5	7.7
63	4.2	5	4	5	7	8.2
75	5	5	2	3	2	3.65
56	4	5	5	5	6	7.69
82	4.1	10	2	3	3	8.2
38	4	35	5	3	4	4.5
45	7	20	4	4	5	9
50	3.5	10	4	3	3	7.5
37	6	3	4	3	3	6.9
42	4	4	5	4	5	8.3
32	3	2.5	5	3	3	6.1
31	4.8	4	5	3	3	4.95
60	4	7	5	6	5	8.8
89	4.5	10	2	4	3	4.3
35	4	3	5	3	4	4.95
64	4	10	3	3	2	5.7
40	4	3	2	2	2	2.45
39	4	12	2	3	2	3.4
48	6	5	3	4	3	4.7
60	4	7	3	3	3	5.2
67.5	4.5	11	4	4	4	8.8
126	7	2	1	2	1	1.4
94	6	4	2	3	3	3.75
58	4	4	3	4	3	5.2
45.8	5	3	1	2	2	2.59
39	1	4	3	2	3	3.75
71	4.2	6	3	4	4	4.5
40	4	12	3	3	3	5.6
73	4	8	2	3	1	4.5
112.6	4	5	1	2	2	4.65
52	4.8	15	5	4	3	6.3
42	4	8	2	2	3	3.6
49	3.6	6	3	2	3	4.3
47	4.5	3	2	2	2	2.5
68.8	4.3	8	3	3	3	9.7
61.9	4	5	3	3	3	7.9
32	3.7	5	2	2	2	5.29
49	4.9	3.5	3	4	3	2.9
81	4.5	19	4	4	6	8.3
95	5	11.5	3	4	3	7.1
48	4.4	5	3	4	3	4.6
65.5	5	12	5	6	6	5.9
75	5	5	2	3	2	3.65
58	4	5	4	4	4	5.85
35	39	25	5	4	4	5.69
97	6	7.5	3	3	3	7.2
40	4	3	5	4	4	5.35
35	3	2.5	2	2	2	3.99
33	4	3.3	3	3	3	1.58
32	3.5	3	5	3	3	2.5
56	4	4	4	3	3	4.4
39	3.5	4	5	4	4	4.7
56	5.8	2.5	4	3	3	7.6
54	4	4	3	3	4	7.5
70	6.1	3.5	3	3	3	6.5
75	5	16	3	3	4	8.2
45	5	3	4	4	4	6.5
42.4	8	6	4	3	3	6.25
75	5	3.5	2	3	2	3.8
35	4	3	3	3	3	1.9
86.9	4.85	2	3	3	2	3.48
164	4.5	5	1	3	1	3.5
80	4	12	3	3	4	6
74	4.02	8	4	7	4	5.85
30	3.7	20	5	3	4	5.2
70	4.5	10	4	3	3	5.9
48	4	10	2	2	2	3.95
100	5	10	3	4	3	5.5
15	3.5	3	2	1	1	1.8
40	4	4	7	5	6	9.2
89	4.5	8	2	3	2	5
75	5	13	2	3	2	1.5
44	3.8	3	5	6	4	3.87
52	12	12	5	5	6	5.99
40	8	4	1	2	2	3.25
61	4	6	1	2	2	3
37	3.7	3	4	3	3	1.65
81	4.5	12	3	4	3	7.8
59	4	2.5	2	2	1	2.65
90	8	8	2	3	2	2.38
100	6	6	2	3	2	2.4
76	4	8	3	4	4	3.6
99	5	18	3	3	3	7.2
75.6	4.2	6	4	5	5	7.25
46	6	2.5	1	2	1	1.58
46	3.8	3	5	6	4	4.28
49	3	3	7	5	6	8
60.5	6.8	8	4	4	5	10
106.8	4.5	16	2	3	3	5.9
53	4.05	5	2	2	2	4.86
90	4.5	13	3	3	4	8.85
79	4.5	7.5	3	6	4	5.65
75	4	5	2	3	3	6.5
45	6.7	4	3	3	3	3.45
16	4	2	2	2	1	1.55
34	4	4.5	6	4	5	4.95
44	3.6	6	3	3	3	8.2
56	4	4	2	3	2	3.1
140	7	12	3	4	3	7
46	4.2	3	4	4	3	6.8
46	5	3	3	3	3	3.25
28	4	3	2	2	2	2.6
99	5	5	1	2	2	2.75
40	46	3	5	6	4	5.4
89	5	5.5	4	4	2	9.2
55.3	5	7	5	8	5	10
35	5	5	2	2	2	4
80	6	11	5	5	5	9.6
42	3.6	5	2	2	2	3.2
48	4.5	3	4	4	3	8
34	3.4	3	4	3	3	5.33
80	6	11	5	5	7	9.6
524.7	35	6	1	2	1	4.8
70	4.5	10	4	4	3	5.9
80	7	12	2	3	3	2.97
18	3.6	4	3	2	2	2.28
48	5	8	2	3	3	5.85
88	4	10	2	2	2	4.85
58	7	2.5	5	6	3	7.6
40	4.2	5	6	4	4	10
40	5.5	4	5	3	3	7.2
39	4.3	5	5	3	4	8.3
78	6	5.5	2	3	2	4.3
38	3.6	3	5	3	4	6.3
60	4	12	3	4	5	3.7
77.6	4.1	4.5	4	4	5	6.6
60	4	10	5	4	4	9.5
62	4	3	1	3	2	2
67	4	6	3	4	3	3.85
60	4	4	1	2	1	2.55
52	4	6	3	4	3	4.7
48	8	2.5	1	2	1	2.05
101	4.3	8	1	2	2	5.2
124	6	6	3	3	2	5.5
100	5	5.5	2	3	2	4.5
45	3.9	3	6	4	4	7.85
40	4	10	4	6	5	8
35	3.7	3	5	2	2	5.75
28	5	2	4	3	3	4.6
23	3	2	5	5	5	3.55
67	42	7	4	3	3	4.1
40.4	6	4	6	5	5	8.6
46	4	8	1	2	2	4.4
36	3.6	5	1	2	2	5.1
60	5	5	2	2	2	2.75
115	5	3	2	3	3	3.5
72	4	8	3	4	4	5.5
62	5.2	5	3	4	3	4.5
48	4	20	5	7	7	8.8
111	5	4	2	4	3	3.9
87	5	5	3	4	4	9.79
55	4	3	4	3	3	2.95
53	5	7	2	3	2	9.3
120	5	5.5	3	5	3	4.5
45	4.7	3	5	3	4	7.7
30	3.6	3	5	3	1	3.85
154	7	21	1	2	2	10
30.2	3.9	2.5	3	5	3	3.8
40	5	4	4	4	4	8.5
35	3.5	4	5	3	3	5.25
74	4	33	2	2	2	3.8
53.8	5	10	2	2	2	4.5
60	4	5	3	3	4	6
35	4	2	5	5	5	4.4
57	4	5	1	2	1	2.2
34	4	3	5	3	4	3.9
20	3.5	10	5	3	4	8.5
90	5	12	4	4	6	10
46	3.1	5	4	6	6	8.5
36	3.2	2.2	2	2	2	4.65
34.8	3.5	6	5	4	3	5.5
48	5	4	5	4	4	3.7
100	5	12	3	4	5	6.5
40	5	5	5	3	2	5
36	36	3	5	3	4	7.8
32	5	2	2	2	2	4.8
100	5	10	1	2	1	5.3
60	4	5	2	2	2	3.2
30	4.3	3	6	3	4	4.15
89	4.9	13	3	4	4	9
90	6	6	6	6	8	9.5
50	4	11	4	6	4	9.8
39	4.4	5	2	2	2	3.5
20	3.3	2	4	3	3	3.55
35	4	4	5	5	3	6.2
146	5	2	1	8	8	3.5
60	4	10	3	3	3	3
28	3.1	3	4	4	3	5.25
44	6	2	4	4	5	5.88
37	3.8	2.8	5	6	4	6.9
40	4	4	1	2	2	2.3
47.5	4	5	1	2	2	5.2
121	7	3.5	1	2	2	8.8
116.5	5	15	3	4	4	5.2
35	3.8	8	5	4	4	2.5
130	5	10	1	2	1	2.25
47.8	4	4	3	3	3	3.2
47	4	5	7	4	5	8
42	3.8	3	5	4	5	9.6
84	4.2	5	2	4	2	1.85
71	9.5	20	2	2	2	10
70	7	14	2	3	3	2
48	5	20	5	7	7	8.9
115	5	10	4	5	6	9.55
85	15	6	2	3	2	3.7
42	3.6	2	2	2	2	3.2
56	4	6	3	3	3	4.55
85	4.1	16	3	5	5	8.9
35	3.5	3	4	4	3	2.5
120	6	33	5	8	9	7
20	5.1	2.5	4	3	3	3.2
35	3.5	2.5	5	4	4	5.59
80.5	4	10	1	2	1	2.55
35	5	4	2	2	2	3.1
51	4	4	2	2	3	4.86
108	6	30	5	5	5	9
105.5	6.89	4.5	2	2	2	3.75
60	4	5	3	3	4	6
50	5	5	5	4	5	7.3
32	34	2	5	3	4	6
50	5	3	4	3	4	9.9
32	4	4	2	2	2	3.95
66	4	4	4	5	6	7.7
33	4	2.5	5	4	4	4.7
40	4	10	6	5	6	8.9
64	4	5	5	4	5	9.55
60	6	12	3	4	3	5.5
76	4	7	3	3	3	3.8
72	4	6	2	2	2	3.8
60	4.7	7.5	3	3	3	7.1
171	5.4	8	1	2	2	9
93	5	7.5	3	4	4	7.4
48	4	3	5	6	4	4.46
191	8	10	2	4	4	3.8
60	4	12	3	4	4	3.7
30	3	3.5	5	3	4	5.95
580	10	30	2	6	5	7.5
60.7	4.5	5	2	2	2	2.35
104	5	4	2	3	2	3
35	5	5	2	2	2	1.88
61	5.6	10	2	3	2	2.6
35	3.3	3	6	3	3	6
55	5	4	5	7	7	8
45.5	5.2	2.5	2	3	2	5.35
64	4	12	2	4	4	3.6
62	4	12	3	4	4	3.65
76.5	5	15	3	4	4	4.7
59	6	4	5	5	5	9.8
37	4	3	5	3	4	2.85
46	4	6	4	4	4	5.6
43	3.5	5	4	4	3	8
64	4.1	6	3	4	3	5.68
100	4	12	3	4	4	8
48	4	20	5	7	7	8.9
100	5	10.5	3	4	4	6.5
61.7	4	8	2	3	2	2.75
60	4	13	3	3	4	3.9
69	5	5.5	3	3	3	4.7
217	9	3	2	3	2	9.5
57	4	4	5	8	7	9.5
103.8	4.3	3	1	2	1	3.85
98	4	9	3	4	5	6.6
39	6	6	4	3	4	8.6
50	4	11	4	4	3	4.7
22	6	5	3	3	3	3.79
32	3.5	3	5	7	5	7.5
132	5.5	10	1	1	1	7
60	7.5	3	2	3	3	3.35
323	20	10	1	3	3	10
60	4	4	2	3	3	7.2
37	4	12	3	4	3	5.6
80	5	1	1	1	1	4.3
40	4	5	5	4	4	4.2
100	5	5.5	2	3	2	5.25
48	4	3	5	6	4	4.22
215	12	2	2	4	2	7.2
150	5	16	1	5	5	1.75
69	4.8	6	2	3	3	2.9
72	4	4	2	4	3	5.5
40	4	2	4	3	3	2.65
61.7	4	10	2	3	2	2.75
62	4.4	42	2	3	2	4
60.75	4.5	6	2	2	3	2.35
35	3.8	8	5	3	4	7.5
72	4	5	2	3	2	2.45
90	5	8	2	3	2	2.8
60.7	4.5	6	2	2	2	2.35
57	4.2	6	3	3	3	4.5
68.5	8	2	2	6	6	3.3
50	5	3	6	4	5	7.7
73.8	4.1	5	1	1	1	5.95
64	4.8	6	2	3	3	2.9
75	6	12	2	3	3	3.5
46.5	7	6	3	3	4	4.2
60	5	12	4	4	6	5.5
20.6	7.53	2.5	2	2	2	4
49	4	4	3	3	3	5.98
61	6	10	2	3	3	2.75
50	5	5	2	3	2	1.33
60	4	8	2	3	2	1.33
72	4	7	2	3	3	3
60.5	7	7	4	4	5	5.5
62	6.6	2	4	4	3	8
79	5.1	8	5	5	6	9
80	5	5	1	2	2	1.9
100	5	15	3	4	5	5.7
30	3.2	2	5	3	3	4.6
62	5	3	3	4	5	7.85
38	3.4	5	5	4	4	5.7
46.5	14	14	4	4	4	3.9
120	6	15	3	4	4	7.1
51	4	7	4	4	4	7.3
78.5	4.5	5.5	2	3	3	7
47	6	10	4	3	3	4.8
62	4	4	3	3	3	5.89
60	4.5	3	3	4	3	4.75
55	4	5	5	3	4	9
69	4.8	6	2	3	3	2.9
33	3	2	4	4	4	4.3
100	5	16	3	3	3	3
84	6.8	8	3	4	3	3.7
40	5.5	4	6	3	4	6
108	15	32	2	3	3	9
87.65	4.55	6	1	2	2	8.8
50	4	8	2	2	2	5.85
56	9	5	2	2	2	3.6
35	3.3	2.8	3	4	3	1.85
40	3.6	8	3	3	3	6.45
32	3.5	4	6	5	4	6
55.4	5	2.46	1	3	1	3.3
82.46	5	5	3	3	3	2.7
52	4	3	2	2	3	5.19
50.8	5	5.1	4	3	3	5.45
58	4	5	3	3	3	3.95
60	4	5	2	2	2	4.19
45	5	3	4	7	4	5.75
120	20	5.5	5	4	4	8
64	4	5	2	2	2	5
51	4	4	2	2	2	6
106	4	6	3	6	3	7.9
56	3.8	3	4	4	3	5.6
60	4.5	4	2	3	2	6.2
32	3.8	2.3	5	4	4	3.6
40	6	12	2	3	2	3.6
68.6	4.2	8	3	3	3	9.7
34	5.1	2.7	5	3	4	4.9
61.3	4.3	4	3	4	3	5.9
60	4	5.5	3	3	3	3.95
35	3	3	2	2	2	3.3
82	4.7	3	4	5	4	9.9
100	5	16	3	3	3	3.4
250	10	16	2	4	3	6.12
100	5	12.5	2	3	2	4.2
72	4	6	2	3	2	3.8
300	15	32	3	7	3	9.18
300	15	32	3	7	3	9.2
369	15	12	2	4	4	6.37
36	7	3	5	3	4	5.65
32	3.4	3	6	4	5	5.7
65	5.5	7	3	3	3	4.6
53	3.6	5	4	3	4	6.6
60	10	10	4	5	3	9.99
42	4	4	2	2	2	1.9
71	4.7	4	4	4	4	6.4
56	6	30	1	1	1	6.9
40	4.5	3	3	3	2	6.4
32	3.6	2.5	4	4	3	2.9
102	6	5	4	5	6	8
40	4.5	2	6	3	4	9.3
23	4	10	6	3	3	5.1
32	4	3	4	3	3	1.94
63	5	12	4	4	4	7.9
56	4	6	2	3	2	1.78
40	5	3	5	3	4	6.75
80	4	8	3	3	4	9.2
35	4.5	3	5	3	3	7.5
56	4	6	2	2	2	7.15
26	3.3	30	2	3	2	9
29	3.13	6	4	3	3	9.5
57.7	4	6	3	4	5	7.49
109	7.5	15	5	8	5	7.4
52.5	4	5	3	4	3	5.2
27	4	5	2	2	2	2.95
70	4	4	4	4	5	6.8
150	5	20	1	1	1	3.5
37	3.8	3	2	2	2	1.1
52	4	4	2	3	3	3.99
36	3.4	2.5	5	4	3	5.05
49	5	4	3	3	3	5.6
131	7.4	5	2	8	7	9
72	4	4	2	3	3	5.7
49	4	4	5	3	3	4.15
60	5	5	4	3	3	3.95
40	4.2	5	2	2	2	3.5
55	4	6	3	3	4	4.65
23.5	4	4	5	3	3	2.65
35	6.6	4	5	3	3	4.05
92.5	5	4	2	9	7	7.3
38	4	2	4	4	4	7.9
58	4.2	9	3	3	4	6.1
58	4.7	8	2	2	2	6.5
30	4	5	5	4	4	7.3
55	4	4	2	2	2	4.45
105.5	7.05	36	4	4	5	5.7
38	4	5	2	3	2	3.95
30	8.5	4.5	2	2	2	6.1
159.1	8	6	1	9	9	5.2
100	4	3	1	7	7	9.5
119.5	9	8	3	4	4	9.5
100	5	7	3	4	4	5.8
160	8	5.5	3	4	5	6.5
66	4.4	30	3	3	3	9
42	4	3	5	4	3	2.95
41	3.8	3	5	4	3	3.75
40	4	3.5	5	4	3	3.9
100	5	18	3	3	4	5.95
85	5	3.2	2	2	2	6.45
109	5	4	2	3	2	2.55
90	5	5.5	3	4	4	9.2
56	5.8	2.5	4	5	4	7.6
50	4	4	5	7	5	8
103	7	3	1	2	2	5.5
44	3.6	3	5	6	4	5.18
72	4	3	4	5	6	7.5
64	4	5	3	4	4	6.15
100	5	12	5	6	7	8.8
65	4	5	3	4	3	4.5
39	4.2	4	2	2	2	3.6
64	4	3	5	5	5	5.69
30	5.5	2	4	3	3	3.05
51	5	5	3	4	3	6.9
42	4	2.5	4	4	3	7
76.1	10	6	4	4	4	8.5
35	4.5	5	2	2	2	3.95
44	4	4	2	2	3	3.5
45	3.3	6	4	4	4	8.95
35	3.8	2	6	5	5	6.85
65	5	13	5	5	5	7.8
40	4.3	5	3	3	3	7
67.5	5	13	4	4	4	9
64	4.5	13	5	6	4	7.2
70	5	20	5	6	4	7.9
75	4.5	20	5	6	4	10
65	5	20	5	6	4	7.8
64	5	13	5	6	4	7.35
75	4.5	13	5	6	4	10
75	5	13	5	6	4	10
56	4	13	5	6	4	7.5
68	4.5	20	5	6	4	7.5
52	4	30	5	6	4	6.5
68	5	13	5	6	4	8
105	5	15.5	2	3	2	5.75
100	5	10	3	4	3	5.5
162	8	20	4	7	7	8.4
105	5	7	1	3	2	2.85
50	4.04	4	3	4	4	6.8
64	4	14	3	4	4	3.35
34	4.2	4	6	3	3	4.68
90	6	16	3	4	4	4.2
62	6.7	5	2	2	2	3.5
50	8	9	3	3	3	3.99
30	3.4	4	5	3	4	5
35	4.6	5	5	4	4	8.2
45	6	4	4	3	4	8.59
45	3.6	10	4	4	4	3.2
85	5	5	1	2	1	1.65
79	5	5	1	2	1	3.55
132	4.9	6	1	2	2	8.5
68.9	3.5	8	4	5	6	8.5
62	4.5	5	2	2	2	3.9
52	5	5.5	2	3	2	5.5
84	4	4	2	3	2	3.39
54	4.5	4	5	4	4	6
48	4.3	6	1	2	1	2.83
35	3.5	2	4	3	3	3.18
48	4.15	6	4	3	3	3.99
95	4.5	7.5	2	3	2	5.3
81	4.5	3.75	3	2	3	5.3
94	9	4	3	3	4	7.2
20	3	6	6	3	3	5
37	3.3	3	5	4	3	3.7
130	6	14	1	5	5	8.6
40	3.6	2.5	4	5	3	6.5
95	7.5	3	3	3	3	8.99
37	4.85	3	2	2	1	4.6
35	4.8	3	5	4	4	5.1
30	3.2	4	5	3	4	7.98
48.3	3.6	2	4	3	3	7.85
40	6	6	3	4	3	3.8
40	4	6	3	3	3	4.7
48	7.3	4	4	4	5	9.7
38	3.1	2.6	1	2	1	4.8
52	3.6	2.3	2	2	2	5.6
39	4	5	2	2	2	3.25
44	3.8	3	5	6	4	4.09
83	6	40	1	1	1	5.8
72	4	8	4	6	5	9
55	3.7	12	2	2	1	7.58
48	3.2	2.5	5	3	4	5.86
36	4	3.9	5	6	3	7.96
50.1	4	7	4	4	5	4.45
45	5	7	3	3	3	6
40	5.4	3	2	2	2	3
40	4	4	2	2	2	3
52	4	8	1	2	2	3.95
26	3.2	8	4	4	4	2.15
52	5	6	3	3	3	4.8
52	4.2	8	3	3	4	6
83.3	6.5	5.5	4	4	5	6.2
59	6.2	10	3	3	3	7.3
34	3.4	2.5	5	3	4	6
52	4	5	4	4	5	6.5
92.6	5	8	3	3	2	6
105	7	54	4	4	5	9
45	4.5	3.2	2	2	1	3.3
64.4	3.2	3.5	3	4	3	3.35
34	3.2	2	3	3	2	2.65
39	3.8	2.3	4	5	4	4.55
150	4.58	6	3	3	3	1.78
42	6.9	5	6	3	5	9.8
68	4	8	5	4	5	7.1
47	7	6	3	6	4	6.5
68	4	6	6	4	5	6.25
100	5	5	3	3	4	7.7
56.25	4.5	7	4	5	6	6.85
95	10	7	5	6	7	8.7
96	6	6	4	5	6	7.2
33	3.5	2	5	3	4	5.1
75	4.6	7	2	2	2	5.48
61	3.9	10	2	2	2	8.15
75	19	19	3	4	4	2.2
55	4.3	6	3	4	4	5.8
55.5	4	5	3	4	4	4.7
56	8	8	4	5	5	6.8
40	4	2.3	4	4	3	4.35
90	6	16	3	4	3	4.7
30	6.3	4	5	3	4	4.5
66	4.4	6	4	5	3	8.5
103	6	3	3	8	8	5.5
53.4	4	4	1	3	2	4.55
78.6	4	8	4	4	5	5.25
47	3.1	7	4	4	3	5.6
35	4	4	5	3	4	5.6
50.2	4.5	8	4	6	6	6.3
47.8	4	4	4	4	4	5.5
64	4	5	5	4	6	8.5
126	5	7	1	2	2	4.4
45	3.1	2.5	4	5	3	4.75
31	3.4	2.5	5	3	4	4.8
31	5	2	5	3	3	7.2
39	4.5	3	5	3	4	4.6
86.2	3.2	2	4	7	7	10.89
68	5.7	5	2	3	2	3.5
48	4.5	5	2	3	2	1.64
105	7	12	2	3	3	5.55
70	4	10	2	3	2	3.99
95	5	4.5	2	5	3	5.8
60	4	6	4	4	4	9.5
32	4.15	2	5	3	4	3.85
13	2.5	3	2	1	1	1.65
57	4	20	3	3	3	6.6
36	3.7	4	6	3	4	6.5
30	3.7	3	5	3	4	4.86
60	4	6	3	3	4	6.5
165	7	15	3	4	4	7.3
60	5	10.5	2	2	2	6.7
90	3.7	7	2	4	4	6.8
73	3.2	2.5	3	3	2	4.05
36	3.6	2.5	5	3	4	5.7
32	4.8	3	5	3	4	5.25
44.5	3.6	4	2	1	1	4.45
30	6.3	4.5	5	3	5	4.5
98	5	2.5	1	2	1	2.75
72	4.05	3	1	4	2	2.65
101.6	9.4	2.5	2	3	2	4.75
60	5	5	3	3	3	4.65
32	4.8	2.5	5	3	4	5.25
30	4.76	2	5	3	4	4.4
51.25	4.1	3	3	3	3	5
88	4	6	1	3	2	3.5
122	5.5	5	4	5	3	8.6
48	7	5.5	2	4	4	7.65
30	5	2	1	1	1	2.2
60	4.7	6	2	2	1	6.2
60	6.2	8	2	3	2	3.1
65	4.6	10	2	2	2	7.9
35	4	3	5	4	4	6.5
32	4	3	4	3	4	5.8
30	6	2	5	3	4	5.85
43	4	5	3	2	2	3.68
90	4.5	7	2	3	3	3.25
64	4	5	3	3	4	7.3
34	3	3	5	3	4	5.1
58.3	4	4	3	4	3	8.9
40	4	7	2	2	2	1.7
69	6	6	2	3	1	2.05
97	5	18	3	3	4	8.3
45	7	3	5	8	9	4.7
46	4	6	3	4	4	5.6
100	5	13	3	4	4	7.8
88	6	10	2	3	2	4.05
42	4	6	5	3	4	6.5
53	5	6	3	3	3	4.8
42	4	3	4	3	3	3.05
30.9	3	3	3	3	2	2.68
55	4.2	2.8	4	4	3	9.77
60.6	4	12	3	3	3	3.2
32	3.6	2	4	3	3	3.3
84	4.2	8	2	7	7	6.8
90	5	5	2	3	2	2.6
126	5	5.5	2	6	6	8.6
90	5	7.5	3	4	4	6.49
70	6	5.5	2	3	3	6.3
37	12	3	6	4	5	8.85
63	4	4	2	4	2	6.25
125	5	5	1	2	1	1.69
160	8	12	2	4	3	6
33	3.2	3	5	3	4	4.95
63	5	4	3	3	3	3.1
82	5.3	5	3	4	5	5.5
40	4	3	5	4	4	5.5
52	4	2.5	3	3	3	3.5
60	4.1	7	5	5	5	9.2
109	15	67	5	5	5	7.2
24	5.6	4.5	5	4	5	5.95
40	12	12	4	4	3	3.48
69	4.1	10	1	2	1	5.3
79.8	4.2	15	3	3	3	7.5
34	3.2	2	5	3	4	5.35
58	4	7	5	5	6	6.8
97.8	5	30	1	1	1	8.6
62	4.4	6	2	3	2	3.59
100	4	24	2	4	3	9
43	7.2	2	2	2	2	5
40	5	2	5	3	4	4.8
44	3.8	3	5	6	4	3.87
40	5	8	5	4	4	10
40	4	3	3	3	3	4.5
60	4.2	4	3	3	3	6.6
70	5	3.5	1	2	2	4.6
40	3.9	8	5	5	4	6.95
82.5	5.5	6	3	3	3	3.6
83	5	40	4	3	5	5.5
100	5	28	3	4	4	2.4
78	6.9	6	2	4	3	5.99
38.7	4.3	5	4	2	3	4.9
40	3.5	3	4	4	3	5.5
52	4	6	3	3	4	8.1
45	4	4	5	6	6	8
45	4	3	5	4	4	6.6
24	3.15	4	2	2	1	3.9
83	4.5	5	3	3	3	5.5
45	4.3	3.5	7	4	4	7
43	4.2	3.5	5	3	3	6
85	3.8	3	2	2	2	7.8
43	3.55	2	4	4	5	4.05
38	4.2	3	5	4	3	5.6
52	3.8	5	2	2	2	7.7
68.5	4.5	6	2	4	2	3.6
72.2	4	5	2	3	3	3.25
27.4	3	4	2	2	3	5.2
100	5	6	2	3	2	4.6
65	5.6	5	4	4	5	8.95
69	6	3	4	4	4	9
79	6	3	1	3	1	2.95
44	4.1	5	4	5	5	7.3
227.5	10	5	3	3	4	8.5
36	7.5	5	4	4	4	6.55
60	4	7	2	3	3	5.3
50	4.8	5.5	3	3	3	4.8
75	5	5.5	4	4	4	7.6
50	4	5	3	4	4	4.45
51	8	6	4	4	3	5.2
25	3.5	3	3	2	2	2.65
56	4	20	5	6	4	7.48
35	7	3	5	9	9	6.6
21	3	3	2	2	2	2
36.65	3.8	10	2	2	2	4.65
60	4	4	2	2	2	3.75
90	5	5.5	3	4	3	4.8
147	6.1	6	1	6	6	6.9
100	5	5.5	2	3	3	9.9
72.3	6	3	3	2	2	3.5
32	4.1	3	5	3	4	7.3
36	3	4	3	3	3	2.6
80	4.3	6	2	4	2	2.88
74.7	4.7	3	2	3	2	2.35
60	4.2	4	3	3	4	4.65
45	3.5	7	3	3	3	4.75
126	6	7.5	3	4	3	7.3
63	5	17	2	3	3	1.5
73	5	7.5	2	3	3	8
102	4.5	5	2	2	2	1.56
40	4	2.5	3	2	3	4.5
77.5	4	3	4	7	5	6.3
74	8	6	3	3	3	4.8
40	5	5	1	2	2	1.58
35	3.5	2	5	3	4	4.9
28	2	6	5	4	5	4.4
41	4	6	4	4	5	6.9
75	7.5	7.5	2	3	3	5.5
45	4	2	3	3	3	2.9
48	5	4	4	4	3	8.2
142	5	10	2	3	2	7.9
55	4	4	2	2	2	5.2
45	4	5	5	6	5	9.9
64	4	8	4	4	4	9.5
68	4	10	3	4	5	5.6
40	4	6	1	2	2	6.9
55	5	2	4	3	3	2.95
148.2	5.3	8	2	3	2	6.6
52	4	5	2	3	2	1.69
118.4	5.3	10	3	5	5	9.3
100	5	10.5	3	3	2	4.5
35	5.5	5	4	4	4	5.8
40	3.5	2	3	3	3	3.2
33	3	3	3	3	2	1.7
198	6	21	2	3	2	3.68
55	5	4	5	4	4	6.25
43	4	3.5	5	4	3	6
100	5	12	3	4	5	8.7
48	4.5	3	5	5	4	6.5
72	4	13	1	1	1	8.6
70	5	6	3	3	3	7.6
42	4	2	3	3	3	2.65
69.3	5.5	4	1	3	3	3.85
92	6.5	12	1	2	1	8.79
127	15	15	1	3	1	2.49
33	3.5	2.5	5	3	4	3.4
90	4.5	25	1	2	2	6.5
27	7	20	2	2	2	6.2
35	4.8	3	5	3	3	5.4
80	5	11	2	2	3	7.6
80.7	4.14	4	2	2	2	6.8
32	3.2	4	4	4	3	5.98
28	4	3	4	2	3	3.6
78.8	4.5	10	3	4	4	5.57
135	5	5	1	5	5	5.7
60	5	6	2	3	3	4.05
108	5	5	1	6	6	5.39
50	4	3	5	6	4	4.4
77.9	7.35	5	3	3	3	7.8
97	4	8	1	1	1	2.55
228	8	3	1	2	2	1.35
37	4.1	2	2	2	2	3.6
52	4	6	3	3	3	2.63
32	3.5	3	5	5	4	4.5
57	6	2.5	3	3	3	8.3
32	3.2	3	5	4	5	6.5
32	4	3.5	4	5	5	6.15
120	4	16	2	3	4	2.5
33	4	5	2	2	2	1.68
37	3.7	7	3	5	3	2.78
96.2	5	7.5	2	4	3	6.5
97.5	6.5	8	4	4	5	9.2
36	8.3	5	3	3	3	5.99
205	10	5.5	2	3	2	6.3
75	5	8	3	5	5	6.3
71	4.6	3	3	3	3	4.05
32	6	2	5	3	3	4.5
134	6	7	3	4	4	5.2
50	4.55	5	3	4	3	6.8
80	5	5	4	4	5	8.6
39.43	4	6	3	4	3	3.5
38.8	4	6	2	2	2	3.59
119	5	12	3	4	3	5.75
84	4	12	3	3	4	9.5
102.9	5.25	4	4	5	5	5
44	4	8	3	3	3	2.55
84	4	12	3	3	4	9.3
30	4	5	4	3	3	4
63	4.5	13	5	8	5	6.69
42	3.5	3	4	4	3	3.55
36	6.5	5	4	5	5	7.5
126	5	7.5	1	4	4	5.1
36	4.1	3	1	2	1	2.17
45	4	6	4	4	4	4.45
50	3.88	3	5	5	4	4
80	5	36	3	3	4	3.9
35	4	2.5	4	4	3	3.45
40	3.5	2.8	5	3	3	3.25
76	4	15	2	4	2	6.3
42	4	3	4	4	3	3.5
32	4	2	5	3	4	3.6
58	3.65	4	1	1	1	5
85	5	5.5	3	3	4	6.5
90	5	8	4	4	5	6.8
42	4	3	4	4	3	3.2
90	5	5	2	3	2	1.85
210	10	10	1	2	1	9.2
120	6	56	3	4	5	8.6
23	2.8	3	2	2	1	2.92
42	5.2	8	4	4	4	6.8
65	4	5	2	3	3	4.9
100	6.5	14	1	2	2	9.2
100	5	16	2	3	3	9.3
64.6	13	14	3	4	7	7.9
52	7	3	4	4	3	6.9
72	4	6	3	4	4	4.4
80	4	8	2	3	2	3.85
68	4	8	4	4	5	5.9
50	4	5	4	4	3	5.4
47	3	3	2	4	2	4.5
100	6.5	6	3	7	5	10
80	4.5	5.5	4	4	4	6.8
100	5	7.5	1	4	4	3.45
100	5	5	1	2	2	4.95
151.5	17	5	1	3	2	1.9
100	5	10.5	2	3	2	5.5
100	5	7.5	2	3	2	4.99
66	5.4	3.5	1	2	2	3.8
100	5	5.5	3	3	3	4.35
39	4	3	5	6	6	6
72	4.1	5	4	4	5	9.5
30	4	4	5	4	4	4.89
49	4.8	3	1	1	1	1.9
38.4	3	3	2	3	2	1.98
225	5.5	18	2	3	3	9.7
51	4	3.5	4	3	3	3.5
46	4	7	4	3	3	3.1
10	3	3	3	2	1	1.1
60	5	7	4	4	5	5.5
72	4.5	8	3	3	4	5.6
31	3.5	2.5	5	3	4	4.5
80	7.5	12	3	4	4	6.5
60	4	3	2	3	4	4.87
51	4.2	8	3	3	4	6.1
68	4.5	3	2	3	2	4.6
75	6.5	10	5	8	8	6
60	4.36	5	1	2	1	3.3
95	5	7.5	2	3	3	5.4
23	3	4	4	4	4	5.2
45.2	4	7	2	2	2	6
63.2	4	5	2	2	2	6.7
32	3.5	3	5	4	4	3.55
25	3	3.5	2	2	2	2.5
45	5	3	5	6	4	6.7
70	4	8	3	3	4	7.4
34	4	2.6	4	3	4	5.9
83	3.48	10	3	4	4	6.8
73	4.2	3	1	2	1	4.08
72	4	6	1	2	1	4.75
30	3.6	2.5	4	5	4	6.15
20	4	10	3	2	3	1.65
275	5	12	1	2	1	7.5
75	5.1	5	1	1	2	4.58
66	4	12	3	4	5	7.3
81	3.5	4	3	4	4	5.3
36	3	3	2	2	2	2.65
125	5	7.5	3	5	4	6.88
75	5	12	3	3	3	7.2
81	4	6	2	4	2	5.8
40	3.5	2.5	4	5	3	8.95
35	5.7	4	5	3	4	8.2
55	4	7.5	2	4	3	5.45
47	4.2	4	2	2	2	4.15
38	3.5	13	5	5	4	7.8
42	4.05	7	2	3	3	6.9
52	5.1	5	5	6	4	6.9
76	4	7	3	4	4	4.35
75	4	13	3	3	4	6.5
68	4	5	2	3	2	2.48
128.5	5.7	12	1	2	1	8.7
90	4.6	5	3	6	5	6.8
85	5.15	5.5	1	2	1	7.9
60	4	5	3	5	5	3.99
54	3.8	5	4	4	4	8.5
92	5.85	3	1	3	2	3.6
72	4.5	7	1	1	1	7.1
150	5	16	2	2	1	2.05
60	5	6	2	2	2	3.4
107.8	5	4	2	5	2	5.8
76	4	8	3	5	3	4.6
112	14	20	3	4	4	2.4
85	5.1	5	1	2	2	5.85
73.1	4.5	6	1	2	1	4.5
52	4	3.5	5	6	6	6.8
250	36	16	2	4	3	6.1
89	5	2.5	3	3	4	4.5
78	6	13	5	5	5	9
81	4.5	14	1	1	1	3.35
67	5	3	3	3	3	6.9
80	8	10	1	3	2	1.85
30	3.5	5	4	3	3	5.75
66	4.5	4	1	2	2	5.1
50	4.5	4	3	4	4	5.15
60	6	12	3	4	3	5.5
40	3.8	3	5	4	4	4.45
100	6	5	3	3	4	8.5
70	5.1	3.5	2	3	2	2.89
80	3.5	10	2	4	4	8.5
25.8	3.11	2	2	2	2	4.3
43	3.8	13	2	2	2	3.4
45	4.5	45	5	4	5	9.5
55	5	6	6	6	5	6.6
66	4	7	4	4	4	6.3
43	4	3	4	4	4	8.6
76	4	8	2	3	3	4.6
142	4	20	4	3	2	5
45.65	4.2	3	2	3	2	5.2
90	4.5	12	2	2	1	6.3
44.1	3.5	4	3	5	5	6.6
48	4	2.5	4	4	3	3.3
56	4	6	5	5	6	9.7
28	3	3	4	3	3	4.65
75	5	15	4	4	3	7.8
30	3	20	2	2	2	4.4
126	11	5	1	4	4	6.7
72	4.5	5.5	3	4	4	6.1
56	7	4	4	4	2	6.9
33	3.3	4.5	2	2	1	2
43	4	6	3	4	5	5.1
64	3.4	13	3	7	3	8.8
63	4.5	8	3	3	4	5.3
100	5	20	3	4	5	8
80	6.6	10	4	4	5	8.9
78	4.5	8	4	5	4	4.7
35	3.5	7	5	4	4	9.2
81	5.75	6	3	3	3	3.25
100	5	24	4	5	5	3.3
69	4	10	3	4	4	4.2
35	5	5	2	2	2	4.7
30	3	5	3	3	4	6.6
82.5	5	13	2	4	3	5.05
33	4	3	5	4	4	4.2
40	4	2	5	4	4	5.1
60	4	8	2	3	2	7.98
74	5.17	20	1	1	1	9
105	5	5	2	2	2	4.2
102	4	6	3	4	4	5
36	4.1	3	6	3	6	6.9
80	5	30	3	4	5	8
30	3.5	3	5	3	4	5.1
100	4	8	1	6	5	7.5
77	4.7	6	2	3	3	7.1
88	4	7	3	4	4	5.25
75	4.6	14	3	4	4	8.9
75	5	8	3	4	4	6
44.1	4	5	4	4	4	4.4
60	5	7	4	4	4	4.45
76	4	5	2	3	2	6.5
98	12	10	3	4	4	10
35	4	11	5	5	4	8.2
89.3	7	7	1	1	1	3.1
73	5	8	1	2	2	3.25
68	6	6	3	4	3	6.5
63.6	3	3	2	3	2	6.9
49.3	3.55	5	3	3	3	6.5
75	4	4	4	6	7	7.5
46.5	4.65	3	2	2	2	2.2
40	3.5	3	5	5	4	3.5
44	4	4	2	2	2	3.7
34	3.5	3	3	3	3	1.69
32	3.5	3	4	3	4	2.45
42	3.6	3	2	2	2	4.2
50	3.41	3	2	3	2	2.1
81	4.5	22	4	5	5	9.5
58	4	4	2	2	2	4.1
65	8	5	1	2	2	8.3
40	3.8	6	3	4	2	7.7
50	4	6	4	4	5	6.6
80	6	6	2	3	3	7.5
42.6	4	3	5	6	5	5.8
160	8	13	3	3	3	4.65
48	4.15	7	4	3	3	3.99
62	4.5	10	2	3	2	8.25
400	15	12	3	4	5	6.5
303	15	12	2	4	4	6.3
90	5	10.5	1	2	2	5.25
80	4	6	3	5	5	6.8
85	5	5.5	2	3	2	4.3
40	4	6	3	4	4	7.8
70	4.5	7	3	4	4	2.8
40	3.5	3	3	4	2	3.3
71	5	5	3	5	4	8.99
20	4	5.5	3	2	3	5
40	4	6	3	4	4	6.78
168	7	25	2	3	3	5.2
94.6	4.3	5.5	3	3	4	5.7
85	8	2	1	2	1	1.9
61.6	4	12	3	4	4	3.6
116	6.3	6	2	6	2	9
45	6	4	5	3	4	4.8
45	4.68	3	5	3	4	7.95
31	7.5	2	5	3	3	4.35
37	4	3	6	5	3	7.8
40	3.9	3	4	4	3	5.4
36	3.5	3	5	3	3	5.95
34	3.2	3	4	4	4	4.69
36	4.5	4	5	3	4	7.5
39	4	4	5	3	3	7.65
52	4.5	3	4	5	3	8.2
45	6	8	4	3	3	3.85
50	4	3	5	5	3	8.8
30	5	4	3	3	3	1.88
160	8	16	3	4	3	6.4
61	4.3	6	4	4	3	7.8
34	3.6	2	5	3	4	6.3
40	3.6	3.5	5	4	3	8.4
49	4.04	8	5	5	5	9.8
66	4	12	2	2	2	6.5
17	4	8	2	1	1	1.15
79.5	3.65	8	2	4	3	5.6
80	4	13	3	4	3	5.3
113.6	6	3	1	4	2	1.4
36	4	3	4	5	3	2.45
38	4	3	4	4	3	3.65
143	5.5	5	1	2	2	2.7
35	4	3	1	2	1	2.75
32	3.5	3	4	4	3	3.85
131	4.06	8	3	4	4	5.7
120	6	56	3	4	4	9
30	3	4	2	2	2	3.2
32	4	7	4	3	3	3.9
35	4.5	3	5	4	3	2.95
112	5.1	4	1	3	3	5.9
36	3.5	5.5	2	2	2	3.3
66	5	5	2	2	2	3.3
35	5	3	5	4	3	3.1
36	4.5	5	3	3	3	3.05
50	4	6	3	4	5	5.7
43	4.03	3	5	5	4	6.8
52	4	4	4	4	3	7.8
37	3.3	2	4	4	3	3.95
35	3.5	3	3	3	3	1.5
60	4.2	18	3	4	3	10
45	5	15	5	4	4	5.6
85.3	5	9	3	3	2	4.89
36	3.4	5	5	5	5	9
35	3.5	3	3	4	3	1.5
54	6	3.5	2	3	4	5.35
60	4.5	5	4	4	5	6.9
65	4	6	3	3	3	9.75
16	3.5	3	4	2	3	4.1
40	4	4	3	3	3	4.95
50	3.6	5	5	5	4	6.5
31	3.3	4	3	3	3	2.45
60	4.2	5	4	4	3	4.9
100	5	12	5	5	5	8.6
78.8	4	32	3	4	3	6.3
48	4	8	3	4	3	8
47	3.5	2.5	3	3	3	1.8
61.3	4.6	4	3	3	3	2.35
36	4	3.5	3	4	3	2.5
42	4.6	20	6	4	4	6.7
70	4.5	12	4	4	4	6.9
60	4.5	4	3	3	3	2.29
60	4.5	4	3	3	3	1.85
52	4	3	2	2	2	5
55	4.5	4	3	3	3	6.5
60	5	3	3	3	3	6.5
55	4.5	5	3	3	3	2.25
90	4.5	8	3	4	4	5.9
50	4	2.5	2	2	2	1.72
50	4.5	3	3	3	3	2.15
68	4	4	4	4	5	4.95
72	22	14	3	5	4	3.75
45	3.7	6	2	2	2	3
85	5	7.5	2	3	2	5.2
100	2	3	3	3	2	5.6
145	6	5	1	4	4	7.4
40	4.2	12	6	3	5	7
275	22	12	1	3	2	2.5
50	3.9	8	4	5	4	9.79
90	4.5	12	4	4	3	9.99
60	4.5	4	4	3	4	7.5
50	10	5	3	3	2	4.5
50	4.2	4	5	5	5	5.8
50	4.1	5	2	2	2	3.99
76	4	5	4	4	5	9.5
50	4.91	13	2	4	3	5
72.9	5.6	4	2	3	2	2.75
83	3.5	9	3	4	4	6.8
22	3.5	6	3	2	3	3.9
45	4	2	4	4	3	6.5
105	5	5	2	3	2	3.7
92	5	6	1	1	1	8.6
54	4	6	3	3	3	4.3
44	4	4	5	3	3	5.1
50	4	4	5	4	4	6.35
52	4.2	4	4	4	3	6.2
50	4.1	4	5	3	4	6.25
50	4	4	5	3	3	6.25
50	4	3.5	5	4	4	6.28
45	4	5	5	4	4	5
45	4	3	5	3	4	5.15
45	4	3	5	4	4	5.16
50	4	4	5	4	4	6.35
81	4.5	15	4	3	3	8.5
50	4	4	5	4	3	6.35
50	4	3	3	3	3	1.89
77	5.5	30	4	8	6	7.96
85	5	12	2	3	2	2.8
54.2	4.5	2.8	3	3	2	1.67
52	6.4	2	4	3	3	5.15
90	4.5	12	5	4	4	8.6
60	5.9	2.3	3	5	3	5.6
60	5	5	5	4	3	8
72	4	10	2	2	1	4.2
56	6	4	1	1	1	4.3
90	4	15	3	4	3	9.85
68	5	7	2	3	3	3.65
69.4	4	8	2	2	2	1.95
44	4	10	4	4	3	3
164.5	5	6	1	2	2	5.5
64	4	4	2	3	2	3.86
80	4.5	4	4	4	4	4.3
47	6.15	8	3	5	4	6.3
27	4.5	2.5	2	2	2	2.25
66	5	20	2	3	3	4.6
56	4	8	4	4	4	4.75
81	4.5	8	4	4	5	6
48	4	5	3	4	3	4.5
63	6	3	4	4	3	3.65
60	4	7	1	2	1	3.52
80	4.3	7.2	3	4	3	4.3
30	4	2	4	3	3	2.55
67.5	45	5	2	2	2	3.1
23.8	4.5	1.5	1	1	1	1.25
162	6.2	2	1	3	2	3.55
61	3.3	7.5	1	1	1	4.8
48	3.5	3	3	4	3	2.6
75	6	6	2	3	3	3.4
30	5	4	2	3	3	1.88
86.5	4	5	2	2	2	3.1
38	4	4	4	4	3	5.8
84	6	20	3	4	4	3.45
80	4	14	2	4	3	9.5
30	2	3	5	3	4	3.8
57.2	4	10	1	2	2	3.5
98	7	4	3	3	4	9.5
65	5	6	3	4	5	6.75
87.2	4	12	2	2	1	8.1
290	9.5	5	1	3	2	6.1
72	4	5	3	4	3	6.7
78	5.5	3.5	2	3	2	4
122.2	6.36	2.6	1	3	2	3.1
38	3.45	10	2	2	2	3.8
30	4	8	5	3	4	5.65
60	8.5	3	5	4	4	6.1
94	5	4	5	4	4	2.45
72.9	5.6	8	2	3	2	2.75
140	7	4	1	3	1	2.69
110	6.5	12	2	2	2	7.9
126	8.05	7	2	3	2	6.35
50	4	50	5	4	3	6.8
80	6	15	2	3	3	6.5
70	4	6	4	4	5	5.9
50	4.3	5	3	3	2	3.8
100	4	10	1	2	1	5.5
70	4	6	3	4	3	5.45
20	5.5	2.5	3	2	3	4.05
32.2	3	3	2	2	2	4.15
60	4	4	4	4	5	4.9
30	3.8	2	5	3	3	4.98
160	8	13	2	3	3	4.69
60.7	4	14	3	4	4	3.25
46.8	4.2	8	4	4	5	7.8
240	10	7	1	4	4	7.7
100	5	12	3	3	4	3.59
50	5	4	1	2	2	1.2
71.4	4	6	4	4	3	5.95
100	5	15	3	3	3	6.85
150	6.1	55	1	4	4	7.4
70	4.2	6	3	3	3	7.35
68	4	6	1	2	2	5.9
100	5	13	3	3	4	7.8
96.1	4.2	8	5	8	5	9.8
35	3.5	4	4	4	4	6.25
120	5	10.5	2	3	3	4.05
65	6	6.5	3	3	3	9.6
72	7	7	5	4	5	6.3
120	6	8	1	2	2	2.3
50	5.1	8	4	4	4	8.5
75.6	4.2	6	2	3	3	9.5
75	5	5	1	2	2	1.7
55.6	3	3	1	2	1	1.9
38	3.3	3.5	3	4	3	4.2
57	20	20	1	2	2	2.69
47.3	4.3	3.5	1	1	1	4.4
201	9	4	2	3	3	8.7
82	5	11.5	5	4	4	6.69
33	3.7	3.5	4	3	3	2.55
38	4	12	5	5	5	9.2
50	4.7	13	3	4	3	5
38	12	5	3	4	3	7.1
95	5.8	14	1	3	2	6.3
531	10.8	4	1	2	2	2.5
68.3	6.5	2.5	3	4	3	2.8
52	4	7	3	4	5	4.45
88	5.5	14	4	4	4	5.4
75	5	17	3	4	4	2.5
60	4	5	2	2	3	3.86
91	5.2	5	4	4	4	8.4
54	4.3	4	3	4	3	6.5
94	4	6	4	4	5	7.7
40	4	5	4	4	4	7.35
61	5	3	2	2	1	4.15
56	3	3	3	4	5	5.68
68	4.5	6	3	3	3	5.8
106	8	8	2	2	2	8.5
320	23	8	2	6	6	9.9
96	4.8	6	3	5	4	5.6
58	4	6	4	4	6	7.49
29	5	5	5	3	4	5.75
53	4	5	5	6	4	9.45
40	4	5	2	2	2	4.18
45	5	3	4	4	3	5.3
100	5	4	2	5	5	4.8
82.5	6	5	2	2	2	8
61	4	3.5	3	3	3	2.7
40	4	4	5	3	3	6.2
33	4	3	4	4	4	4
38	4.4	25	5	4	4	6.95
170	6	12	1	1	1	8.2
72	4	4	1	1	1	3.7
30	4	3	5	3	3	4.6
46	4.3	10	5	5	4	8.6
98.7	4	8	1	2	2	6.5
38	3.8	3	7	4	4	9.15
45	34	3	4	3	3	9.1
34	7	2	5	3	5	6.8
52	3.5	3	4	4	4	8.1
50	6	3	3	4	3	5.7
30	5	3	4	3	4	6.08
75	12	52	3	4	4	8.95
60	4	7	3	4	4	6.9
43	4	3	4	4	4	5.4
278	12	12	2	4	5	7.5
43	3.6	3	2	2	3	4.49
35.5	3.45	3	4	3	3	4.9
72	4	12	4	4	3	6.55
100	5.3	12	2	3	2	4.8
76	4	7	3	4	4	4.35
63.5	4.5	13	3	4	4	5.3
71	4.5	13	3	4	4	4.8
54	3.4	2.5	3	3	3	4.1
82	7	18	5	6	7	6.8
45	3.8	3	5	9	9	7.3
106	7.5	6	2	4	4	7.7
67.6	5	2	2	3	3	7.8
50	4.1	3.5	5	6	5	5.5
75	5	3	2	3	2	2.55
92	4.6	8	2	3	2	7
10	2	3	2	2	2	1.55
54	5	10	3	3	3	5.8
53	5	8	3	3	3	4.6
80.2	5	6	4	4	5	8.8
80.3	7.3	6	4	4	5	6.5
34	3.5	3	2	2	2	3.2
53	4.57	3	2	2	2	4.45
74	4.3	6	4	4	6	8.5
100	5	7.5	2	3	2	4.35
34	3.1	4	5	3	3	7.4
30	5	3	5	3	4	5.3
80	5	5	2	3	2	4.2
101.2	5.2	15	3	2	3	5.7
51.3	5	2	2	2	1	1.8
100	5	8	3	4	4	5.5
90	54	6	2	3	2	5.8
35	4.2	3	5	3	4	3.2
48	4	5	3	4	3	4.85
60	8	5	2	3	2	4.8
56	4	6	3	3	3	4.5
50	48	5	5	3	5	6.6
56	3.5	4	2	2	2	4
38	6	5	5	3	4	8.6
56	4	6	2	4	2	4.2
73	4	8	2	3	2	4.4
30	4.9	1	5	3	4	4.48
58	8	4	3	2	2	3.7
65	3.6	10	2	1	1	5.9
60	4	10	2	3	1	3.5
68	4	3.5	2	3	2	6.39
44	4.2	2	3	3	2	4.3
50	4.5	5	3	3	2	1.78
225	5.5	30	2	3	3	9.7
217.7	6.75	18	3	4	4	5.8
119.3	5	16	2	2	2	6.2
68	4.2	4	2	3	3	6.2
60	18	63	4	5	6	6.78
70	4.2	3	5	3	4	5
50	3.2	4	5	3	4	7.4
31	3.6	2	5	3	3	3.98
31	3.5	2.8	5	3	3	4.4
38	3.3	3	4	4	3	5.3
50	5	2.5	2	2	2	2.58
58	5	12	4	4	5	5.3
122	4.3	6	2	3	2	4.2
68	4.5	6	2	3	3	3.6
30	3.6	3.2	5	3	4	4.4
80	4	8	2	3	2	8
90	5	8	2	3	2	1.85
31	3.4	2.2	5	3	3	5.95
50	4.5	5	5	4	3	5.9
38	11	4	3	2	2	4.45
35	4	3	5	3	4	6.85
45	4	8	5	4	3	9.5
48	4	4	3	3	3	4.3
36	4.5	4	2	2	2	3.8
47.4	5.15	14	2	2	2	6.4
125	5	7.5	3	4	5	6.8
40	3.5	2	5	6	4	8.2
52	4	10	3	3	3	3.2
47	4.2	10	2	2	2	6.5
34	4	4	4	4	3	5.45
80	5	5	1	1	1	9.6
58	6.5	2.4	1	2	2	2.85
30	5	5	1	1	1	5.5
67	5	6	5	5	6	6.7
79.95	4.1	3.5	3	7	5	6.3
196	7.4	8	1	3	3	4.8
35	4	3	6	5	5	5.3
100	5	15	3	4	5	6.9
75	5	14	4	6	7	4.19
100	9.2	30	4	4	5	6.9
48	4	4	2	2	3	4.86
43	4	6	3	3	2	6.25
101	5	4	2	3	3	4.45
46	3.7	5	2	2	2	4.6
39	6	2	5	3	4	5.75
36	4.15	6	4	4	3	5.89
63.1	4.2	4	4	5	3	6.8
74.3	5	4	2	3	2	4.3
139	10	8	3	5	3	8
81	4.5	8	2	3	2	6.7
60	4	2	4	4	4	8.5
83	4.2	6	3	4	3	7.8
120	9	8	3	4	4	9.5
119	9	8	3	4	4	9.5
198	9	8	2	4	2	8
41.7	5	4	2	3	3	2.9
50	4	2	4	4	4	6.5
72	4	14	3	4	4	3.75
33	4	4	5	5	3	6.2
30	4	2	4	3	2	2.65
63	4.5	3	4	3	3	8.6
83	6	7	1	2	1	5.7
38	4	3	4	3	3	5.56
48.5	3	40	5	5	3	6.6
62	4	6	2	4	2	8.7
31	3.6	2	4	4	3	6.3
30	2	2	5	3	4	3.8
100	5.6	2.5	3	4	4	5.99
25	4	3	4	3	3	3.45
72	4	6	3	4	4	3.75
83	7.4	2	2	3	2	5
42	5.5	2	5	3	4	7.8
66	5.7	6	5	4	3	9.3
100	5	6	1	3	2	3.6
50	4.2	5	2	2	2	7
64	4	6	4	4	5	5.6
67	4.78	4	2	3	2	2.95
66	8.9	4	2	3	2	3.15
105	5	5	2	5	5	4.6
64	4	8	4	5	5	6.35
48	3	3	4	4	4	5.84
30	4	3	3	3	3	2.95
60	5	4	5	4	4	7.5
40	33	3	5	3	4	6.3
65	4	6	2	2	2	3.25
70	4	5	2	3	2	3.6
60	4	12	3	4	4	3.3
81	5	8	2	3	3	3.6
50	4.6	8	6	4	5	6.35
41.1	4	10.5	3	3	2	8.2
33	4	4	5	4	4	3.65
38	5	5	4	4	4	3.8
84.1	4	16	4	4	5	8.5
87.3	4.2	4	2	4	2	6.9
33	5	3	5	4	4	3.5
33	4	3	5	4	4	2.98
35	5	4	5	3	4	2.95
50	4	4	3	4	3	2.7
57	4	6	4	4	4	6.6
56	4	5	3	3	4	5.4
77	4	13	4	4	5	7.75
31	4	4	4	4	4	6.15
72	4	12	3	4	4	7.3
33	4	3	5	4	4	3.55
42	5	3	4	4	3	4.7
32	4	2	4	4	4	4.7
82	4.3	5	4	4	4	6.3
50	3.3	2	4	4	3	8.1
32	3.2	10	2	2	2	3.38
54	6	3	2	3	3	2.45
30	6	8	2	4	3	2.48
50	4.2	10	4	4	3	3.2
95	5	12	3	4	3	6.95
22	3	3	2	2	3	4.5
41.1	5	12	5	4	3	7.5
33	3.5	3	3	3	3	3.99
30	3	12	4	3	3	7.5
63.9	4.5	3.5	2	2	3	4.99
39	5	8	7	4	4	9.7
79.9	3.9	2	1	2	1	3.35
250	10	16	2	4	3	6.12
72	6.5	10	3	5	3	3.35
146	5.63	5	2	7	7	8.3
47.8	4	3	3	3	3	3.2
48	4	6	4	3	5	8.9
68	4.17	8	4	4	5	8.2
72	4	6	2	3	2	3
60.2	5.2	6	3	4	3	6
33	5	3	5	3	4	7.8
35	3.5	3	5	3	4	5.6
38	5	15	6	4	5	9.9
45	6.2	2	5	4	4	7.65
39	4	3	5	3	4	6.8
38	5.9	3	5	3	4	4.98
39	4.5	10	6	3	5	9.9
42	8	8	1	1	1	2.4
77	5	5	1	3	1	3.15
65.5	4.5	10.5	3	4	4	8
54.1	5.82	5.5	3	3	3	6.9
34	5	3	6	3	4	6.9
90	4	6	3	3	3	4.9
70.6	4.5	5	4	4	4	3.5
30	3	3	4	2	3	7
50	4.25	9	3	3	3	3.99
147.1	10	5	2	3	2	2.2
135	4	15	3	3	4	4.48
75	4	4	3	3	4	6.8
90	5	7.5	3	3	4	4.8
96	8	20	4	6	6	9
41	4	30	2	2	2	8.39
71	3.9	5	2	2	1	6.3
48	4	3	4	4	3	7.68
125	5	5	1	4	3	2.45
71	3.5	5	2	2	2	3.9
76.6	5	6	4	3	4	2.85
30	3	3	4	2	3	7.2
52	4	3	3	3	3	5.5
93.5	7.2	8	2	2	2	6.8
60	5	15	4	4	3	8
95	6	6	5	5	5	9.99
150	5	20	3	5	4	4.25
60	4	6	3	4	5	2.5
38	3.8	3	4	3	4	3.7
117.1	6	8	1	7	7	8.45
60	4	12	4	4	6	5.5
50	4	3	4	4	3	5.5
92	5	8	2	3	2	4.2
41	3.8	3	5	3	4	4.8
71.4	5	7	3	3	2	9.5
30	3	6	5	3	4	4.05
100	5	16	3	3	3	3.26
85	4	5	3	3	3	4.65
83	7	5	2	3	2	1.7
100	5	36	2	6	3	4.5
56	5	7	2	3	3	4.79
105	5	5	1	3	2	1.98
56	9	16	4	4	5	7.5
32	32	3	5	3	4	4
38	3.5	9	5	3	4	4.1
90	4.5	8	2	3	2	2.7
68	4	4	3	4	4	7.1
86.4	4.8	15	2	3	2	7.6
128	6.9	8	1	2	1	1.5
75	5	52	3	3	3	5.5
41	4	4	5	3	3	5.85
52	4	15	3	3	2	5.5
69.75	4.5	6	2	2	2	1.79
27	3	2.5	3	3	3	2.45
51	55	6	6	6	6	7.6
72	5	3	4	4	5	6.6
56	4	6	3	4	3	4.9
28	4	3	4	2	3	4.6
88.7	5	30	1	2	2	7.1
20	3.5	4	2	2	2	2.5
66	4	2.5	3	3	3	4.9
110	5	5	2	2	2	5.5
60	4	4	2	3	2	5
55	4.2	3	5	9	9	8.5
50	4	3	5	9	9	7
50	3.8	3	5	9	9	8
50	4	4	5	9	9	9.55
50	4	3.5	5	8	8	6.5
55	4	3	5	9	9	7.6
55	4	3	5	9	9	7.85
39	4	6	4	4	4	7.4
52	4	3	5	8	8	7.6
50	4.5	3	5	9	9	8
60	3.8	3	5	9	9	9
70.3	4	6	2	2	3	4.95
71.3	6	4	2	3	2	6.3
108	6	13	3	4	4	7.5
48	43	8	4	4	3	6.5
40	4.2	4	4	4	4	9.2
100	5	8	3	5	5	6.8
70	7	5	4	3	3	1.98
94.1	4	5	2	2	2	6
60	6	5	4	4	5	8
39	4	3	3	4	2	3.5
74.8	4	6	2	3	2	3.15
45	6	2.5	4	3	3	8.6
72	4	6	2	3	2	7.6
50	4	12	7	5	5	9.8
32	4.8	5	5	3	5	4.5
32	4	5	5	3	4	5.5
33	4	5	6	4	5	5.85
42	3.25	3	4	4	2	4.08
32	4.2	5	6	3	4	5.6
58	3.5	4	2	2	2	5.4
53	5	10	5	5	5	6.9
42	3.5	3.5	2	3	3	4.95
84	6.45	7	1	3	2	2.08
63	5	10.5	1	2	1	7.9
98	4	10.5	1	2	2	5.5
60	4	4	3	4	3	4.99
42	4.05	4	2	2	1	3.65
105	4	6	4	6	4	7.6
75	5	8	3	4	3	6.3
45	4	4	2	2	2	3.65
60	3.4	10	4	5	6	7.28
101.25	4.5	13	3	3	4	7.5
60	4.3	5	2	2	2	5.45
112	5.5	5	1	6	6	8.5
60	4	8	4	4	5	5.95
76	4	10	3	4	3	7.9
56.7	4.3	4	4	4	4	9.9
51	4.8	8	3	3	3	6.2
35	5.3	2	5	3	4	3.6
77	5	4	1	2	1	7.2
52	6.5	8	4	5	6	5.5
75.5	4	7	2	3	2	4.7
49	4.5	4	3	3	3	2.6
58.8	4.8	5	3	4	4	5.1
40.3	4.5	4	2	2	2	4.35
120	8	4	2	1	1	6.8
72	4.2	5	5	6	4	8.9
32	4.3	3	5	3	4	4.9
38.7	3.5	2.8	4	4	3	6.15
53	4	2.5	5	4	3	7.6
31	3.5	3	5	3	4	4.5
52	4	4	4	5	6	8.5
37	4.5	1.8	5	3	4	5.5
35	4	3.5	5	3	4	4.5
45	4	3.5	2	2	2	4.59
53	5	4	3	2	2	3.6
53	4	4	5	6	4	5.9
72	4.9	6	2	3	3	5.8
90	4	14	3	3	3	9
85	4.5	6	5	6	6	8
30.5	3.5	5	2	2	2	1.65
50	3.7	9	4	4	4	7.5
419	5	5	1	3	1	7.5
50	4	3	3	4	4	5
72	6	3	1	2	1	2.88
55	4	5	5	4	4	9.5
45	4	7	5	4	4	9.3
34	3	6	3	2	3	3.6
84	6	3	1	2	1	3.4
56	4	4	1	2	1	2.9
30.45	3.5	6	2	2	2	1.55
45	8	5	5	5	5	7.5
45	3.5	3	1	2	1	3.2
57	4.1	2	3	4	3	4.1
126	5.5	5	2	4	4	2.6
45	4.5	8	3	3	3	8.65
60	4	4	2	3	2	3.8
52	6	10	4	3	4	5.43
46	3.6	5	3	2	3	5
50	3.3	6	4	2	3	7.95
90	5	6	2	3	2	2.65
33	4	7	2	3	1	3.43
40	4.8	4	5	4	5	7.95
36	4	4	2	2	1	2.89
33	3.6	2.5	6	4	4	5.5
83.6	5	8	3	4	5	8.6
51.9	4	10	2	4	3	6.2
24	6	3	1	2	1	1.35
35	4.5	5	5	3	4	7.79
23	6.55	2	3	2	3	3.5
18	3	3	2	2	2	2.95
60.8	4	2	2	3	1	3.1
43	7	2	2	3	2	5.2
75	6	3	6	4	4	8.79
51.4	5	5	2	3	2	2.8
50	4.2	3	5	5	4	9.39
79	5	5.5	3	3	3	5.5
35	4	4	5	3	4	5.9
40	4.5	3	5	4	4	5.6
40	4.2	3	5	4	3	5.6
35	4	4	5	4	4	5.4
45.24	7.8	8	3	3	4	7.5
61	4.5	6	3	2	2	3.7
28.5	3	2	2	2	2	2.39
71.5	5.5	2.5	3	4	4	6.3
80	5.5	6	2	3	3	5.3
40	3.4	7.5	7	6	7	10
35	3.8	2	7	3	6	9.3
54	5.8	2.5	4	4	4	9
48	6	5	2	4	4	7.5
80	5	5.5	3	3	3	7.7
22	3.8	20	2	1	1	3.5
40	5	3	4	5	4	7.85
125	5	5.5	1	2	2	3.6
35	3.5	3	5	4	3	3.15
89	5.1	10	4	4	5	8.6
44	4	10	4	3	4	7
47	3.4	5	2	3	2	2.6
36.2	3.8	3	5	4	4	4.2
61	5	10	4	4	4	10
40.1	3.8	3	5	3	4	4.45
72	4.5	6	3	3	4	5.69
40.6	4	3	5	5	3	4.4
36	4	6	5	4	3	4.8
36	3.6	2.8	5	4	4	5.72
51	4.4	7	3	4	3	6.8
35	3.5	3	5	3	4	5.5
90	6.4	6	4	8	9	9.99
70	10	7	5	5	5	9.5
90	6	6	2	5	5	9.69
29	3	8	3	3	2	9
30.15	3.35	4	4	4	3	5.2
70	5	6	2	3	2	10
88	4	5	3	4	4	9.5
63	3	6	2	3	3	8.8
40	3.2	5	3	4	3	7.5
64	5	4	2	3	2	7.2
54	4	6	3	3	3	9.5
64	5.15	4	2	3	2	7.2
47	4	5	4	5	5	7
85.5	4.5	7.5	3	3	4	6.35
81	4.5	5.5	3	3	4	5.65
70	3.5	3.5	2	3	3	3.45
35	3.5	2	5	4	5	3.9
30	3.3	2	5	6	4	6.2
40	4	4	3	6	6	4.8
60	5	5	4	4	4	4.5
60	5	5	2	3	2	4.8
100	5	14	3	4	4	5.5
50	4	5	3	4	4	7.1
10	3	3	3	2	2	1.18
52	4	6	5	3	3	8.4
126	8.4	6	2	3	3	6.6
130	5.7	5	2	3	2	3.95
32	3.5	3	4	3	3	3.85
39	38	3	7	3	6	9.3
37	3.7	3	5	3	4	5
35	4.5	8	5	3	4	5.1
100	5.8	4	2	3	2	3.7
100	4	10	2	3	2	4
53	4.25	3	2	2	2	4.5
56	4	12	3	4	3	7.2
50	11	4	1	1	1	7.5
30	3	3	2	2	2	3.2
64	6	6	2	3	2	4.4
34	6	3	4	3	2	4.3
75	6	5	4	4	4	6.8
48	3.4	12	4	5	4	7.3
47	4.3	4	5	6	7	8.3
35	3	2	4	3	3	4.2
34.3	3.92	3	5	3	4	3.25
102	6	7	2	3	3	9.3
36	6	2.5	2	2	2	2.6
32	4.5	4	4	4	3	3.3
47	4	20	7	4	6	9.6
38	3.38	2.8	4	4	2	3.4
52	4	20	4	4	3	6.7
42	5	4	6	8	8	7.9
36	4	5	4	4	3	3.16
35	4	6	5	3	4	3.65
40	4.2	6	5	4	4	6.3
32	3.4	2.5	4	3	3	3
120	4.8	6	4	6	6	5.8
100	4.7	6	2	3	3	5.4
31	3.1	3.5	2	2	2	2.55
68	4.5	3	3	3	3	6.8
112	5	4	1	2	1	2.45
36	5	12	5	4	4	7.8
70	5	6	5	7	7	10
75	5	13	4	5	3	5.8
35	3.3	2.5	4	3	4	2.7
62.5	5	12	1	2	2	5.95
34.2	3.5	5	2	2	2	1.8
30.2	5	2	5	3	4	5.65
54	4	4	2	3	2	2.9
68	4.7	3	2	3	2	6.7
60	8	8	4	4	5	5
107	6	5	2	3	2	5.3
78	4	8	4	5	6	7.8
63	7	6	2	4	4	4.85
79	5	3	1	2	1	3.5
53	4.2	7	4	4	4	7.8
57	10	6	4	3	4	6
48	9	5	5	3	5	5.9
62	4	5	4	4	4	6.35
60	4	5	4	4	4	6.8
80	4	5	2	4	3	6.5
68	4	6	3	4	4	7.2
75	4	6	4	4	5	7.5
100	4	7	2	4	3	7.6
60	4	8	3	4	4	3.25
35	4	1	5	3	4	5.5
36	4	3	4	4	3	5.2
49	4	10	3	4	4	5.1
32	6	3	5	3	4	3.15
30	3	3	4	3	4	7.3
32	4	3	5	3	4	3.5
40	5	3	3	3	3	3.3
40	3.9	3	4	4	3	3.45
36	3.5	2.5	5	6	3	3.99
30	6	3	4	3	3	3.45
68	4	4	4	4	5	5.2
40	4	3	4	4	3	2.95
150	10	12	2	4	3	7
37	3.7	3	2	2	3	3.8
56	4	4	5	4	5	6.79
53	4.2	3	5	5	5	8.9
30	3.8	2.5	5	3	4	4.95
105	5	30	3	3	4	7
31	3.7	2	5	3	4	5
35	3.8	3	5	4	5	6.2
55	5	8	5	4	4	6.5
50	3.4	5	2	2	2	7.5
51	4.1	2.5	4	4	4	8
100	5	12	2	3	3	6.38
96	5	6	2	4	3	9.35
70	5	6	2	3	2	2.9
55.27	3.5	8	4	4	3	6.45
80	4.5	20	4	2	6	9.5
18.9	3.1	8	1	1	1	3.8
105	6	5	2	2	3	3.8
100	4	4	1	3	2	6.5
48.8	4	10	4	4	3	4.2
73	4	5	2	4	2	3.25
60	4	12	3	3	4	3.25
68	5	5	1	2	1	2.2
62	4	12	3	3	4	3.85
60	5	5	2	2	2	3.4
40	4.5	2	4	4	4	7.9
38	3.7	5	2	2	2	3.3
170	9.5	6	1	2	1	4.25
50	11	11	4	4	5	4.55
30	3.7	2	5	3	5	4.7
35	3.7	2	5	6	4	6.38
35	3.5	3.5	5	3	4	4.55
50	5.6	20	1	4	2	6.8
28	4	4	4	3	3	4.8
38	3.8	2.5	5	6	4	4.5
30	3	3	2	2	3	3.2
50	5	10	3	3	4	5.1
36	3	3	2	2	2	3.68
48.3	4.1	10	4	4	3	3.1
45.6	6.17	2	4	4	4	5.5
32	4	2.5	5	4	4	3.15
35	57	3	5	3	3	5.95
88	4.4	20	3	3	3	4.5
105	7.5	5	3	4	4	9
60	4	2	2	2	2	7.3
32	3.8	2.5	4	3	3	4.2
27	3	3	2	2	2	2.39
300	12	8	2	4	5	4.6
55	4	4	2	3	3	7.2
45	3.5	4	2	2	2	4.15
32	2.81	4	2	2	1	2.8
87	4.33	6	3	4	5	6.8
144.5	9.3	6	3	3	4	4.85
48	4	4	2	2	3	4.3
31	4.15	2	5	3	4	3.85
34	3.2	3	5	3	4	5.5
80.7	6.5	8	3	4	5	7.5
72	4.8	4	2	3	3	5.7
32.1	4	2.5	4	3	4	3.5
32	4.8	3	5	3	4	5.25
54.1	3.5	3	4	3	3	3.1
150	10	12	2	4	3	6
142	12	12	2	4	3	6.3
90	6	12	3	4	3	3.75
150	12	12	2	4	3	5.8
44	4	6	3	3	3	5.75
120	4.5	7	2	5	5	7.2
35	4	4	6	8	5	6.65
40	3.6	3.2	5	3	4	8
46	3.8	4	4	4	4	8.5
85.5	4.5	5.5	4	7	7	6.9
78	6	20	5	6	5	9.1
70	5	4	1	2	2	4.4
41	3.3	5	2	2	2	3.65
81	4	6	4	4	4	7.2
45	4.7	6	4	6	6	5.65
56.4	5	4	3	3	3	1.83
64	4	10	1	1	1	7.4
60	3.5	8	4	4	4	7.7
50	4.2	6	5	5	4	10
80	5	20	5	6	5	10.9
38	3.6	3	2	2	2	4.39
46.2	4.2	14	4	4	4	10
27	2.2	3	1	1	1	2.5
112	8	8	3	4	3	8.5
41	4	3	3	3	2	3.2
57	3	2	4	4	3	6.5
75	5	5.5	3	3	3	4.4
20	5	5	4	3	3	4.95
160	8	6	3	4	4	7.2
30	3.8	2.3	5	4	4	3.98
90.2	4	12	3	4	3	4.35
104.5	5	12	2	3	2	5.8
43	4.3	4	5	4	4	4.1
68	4	5	1	2	1	2.5
98	5	5	3	4	4	7.8
60	6	8	2	3	3	3.1
171	6	5.5	2	2	1	5.9
75	5	8	2	3	2	3.65
89.9	5	7	2	3	2	3.79
58	6	5	3	4	4	4.83
36	3.6	3	3	3	3	2.1
52	10.5	12	3	2	2	9.9
45	5	7	3	4	3	9.9
44	4.4	2.5	4	3	3	4.99
77	4.06	6	3	3	4	10
70	5	32	4	6	5	9.5
26	3	2	3	2	2	2.85
70	5	6	4	4	4	5.9
53	4	3	1	2	1	4.35
46	3.9	4.2	6	4	5	7.8
45	3	3	5	6	4	5.52
65	4	4	2	2	3	2.9
34	5.5	2.5	6	4	4	6.68
54	3.7	6	3	4	3	9.5
41	4.1	3	3	3	4	7.6
38	3.4	3	5	6	5	7.65
100	5	7.5	3	3	3	6.05
78	6	20	5	6	5	9.7
90	6	8	3	4	4	6.9
60	5	14	5	5	6	4.8
45.5	4.5	5	4	4	3	3
78	6	20	5	6	5	8.1
35	3.5	2.9	4	5	3	3.68
90	6	12	2	4	3	3.2
45	4.5	6	1	2	2	2.3
26	3.2	4	2	2	2	3.4
30	3.8	2.9	5	3	4	3.85
52	4.1	6	2	1	2	7.4
103	5.3	4	3	5	3	4.95
115	5	15	2	3	3	8.4
96	5	5	2	2	2	7.8
110	5.5	8	3	6	6	5.8
40	4	5	3	3	3	4.5
60	4	7	3	4	6	6.2
40	4	4	5	4	3	8.6
90	6	9.5	2	2	2	4.19
72	4	4	4	3	4	8.7
44	4	5	3	2	2	4.65
90	13	45	2	4	3	3.15
225	16	45	2	4	3	8.3
128	5.5	6	1	3	3	6.9
100	5	7.5	2	3	3	7
85	5	5.5	2	3	2	3.9
115	5	15	2	3	2	8.7
49	3.5	3	5	6	4	8.2
60	4	12	2	4	4	3.5
60	4	8	2	2	2	6.45
48	4	6	4	4	4	6.5
28	3.5	4	5	6	5	6.8
125	5	4	2	4	2	2.95
44	4	5	3	3	3	2.8
81	45	5.5	3	3	3	4.76
62	4	4	5	8	8	8.2
37	4	2	3	3	2	4.3
116.2	9	4	1	3	3	4
31	4	2	5	4	4	5.3
33.6	5	2	4	4	2	5.35
50	4	3	4	5	4	5.4
78	4.2	14	1	1	1	9.3
58	4	7	4	4	5	6
56	4	6	5	4	5	5
112	7	33	4	6	4	5.5
83	4.5	4	2	3	2	4.6
64	5.1	5	5	4	4	9.65
50	5	10	2	2	2	6.8
52	4	8	4	6	6	7.2
55	4.2	4	1	1	1	3.1
90	6	20	4	6	6	9.7
62	5.5	8	2	4	3	4.8
110.3	5.15	5	2	2	2	5.5
85	5	5.5	3	3	3	6.5
110	13	5.5	1	3	2	2.65
54	4	4.5	2	2	2	5
56	15	20	2	3	2	5.95
60.7	4.5	5	2	2	2	2.35
20	4	3	2	2	1	2.3
60	4	7	2	2	3	6.3
54	4	5	3	3	4	5.2
60	4	20	5	6	5	7.6
58	39	4	3	4	3	8.5
50	42	4	4	4	3	7
33	4	2.5	5	4	5	6.3
35	4	5	5	3	4	8
73	4	5	3	5	5	7.3
170	6.5	5	3	5	4	9.8
61	4.4	5	1	2	1	5
122	6	6	4	5	3	8.4
76	4.15	5.5	3	2	2	6.3
82	4.1	6	2	3	3	7.5
93	12.5	30	2	3	3	6.9
76	4	4	2	3	2	3.5
104.3	5	12	2	4	2	9.9
255	7	5	1	4	4	6.3
75	5	5	2	2	2	3.65
71	5.5	5	3	3	3	5.2
80	4	8	1	1	1	10
43	4.27	3	3	4	3	3.1
192.6	7.5	16	3	5	5	9.2
76	4	12	4	4	5	9.8
54	4	4	2	2	3	4.2
67	4	6	2	3	2	4.6
98	4.7	5	2	2	3	5.5
30	4.5	3	5	3	3	4.9
106	5	5	2	3	3	6.2
54	5	5	1	2	2	2.72
102	5	3.5	1	2	2	5.3
30	4	2	5	3	4	5.2
39	4.8	3	6	4	5	7.5
168	7	16	2	4	3	5.11
81	4	8	1	3	2	1.99
40	4	4	2	2	2	3
68	4	12	5	4	6	8.1
71	4.5	5	2	4	4	5.4
100	5	5	4	4	4	8.5
105	6	6	4	4	5	8.8
61	4	4	2	2	2	3.7
72	4.2	12	3	4	3	9
43	5	3	6	4	4	7.4
35	7	3	2	2	2	3.95
90	5	5.5	3	4	4	6.09
96	6	9	5	5	5	6.2
35	4.58	3	6	4	4	5.45
40	4	3	5	6	4	4.5
60	4	5	2	3	4	5.2
55	8.6	3	4	3	3	7.98
36	4	5	4	4	3	3.6
35	4.5	3	5	3	4	4.9
70	5	5	4	4	5	7.5
60	5	5	4	4	5	6.9
80	5	5	3	4	5	6.95
65	6.35	1.5	4	3	3	10
162	9	18	3	5	6	9.38
75	5	5.5	2	3	2	3.4
174.6	9	10.5	2	3	3	9.7
162	9	14	3	4	4	7.95
58	4.7	2.7	5	6	3	6.8
94.3	5.5	4	2	3	2	3.15
59.16	4.8	22.5	4	3	3	6
42	4	6	2	2	2	3.85
35	3.3	3	4	4	4	7.6
47.1	4	4	2	3	3	4.65
75	5	5	3	4	3	4.5
48	4	5	4	5	4	4.65
75	5	12	3	3	3	3.75
89	4	5	3	3	3	2.75
32	4	3	3	3	3	3.25
80	8	10	1	2	3	5.8
35	3	3	3	4	3	5.2
90	5	15	4	4	6	10
85	4.5	6	1	2	2	8
72	4	8	3	4	3	9
38	65	3	4	3	3	6.1
44.5	3	3	1	2	3	5.6
100	5	13	3	3	3	5.75
81	4.5	5.5	3	3	2	6
30	3.5	3	4	3	3	6.86
81.6	4.1	12	2	2	2	8.5
44	6.2	2	4	4	3	7.7
163	7	5	1	1	1	1.55
120	6	20	2	4	3	5.3
95	5.1	7.5	3	5	6	7.5
80	8	7	2	3	2	2.5
41	5	4	4	4	3	2.9
120	6	20	2	3	3	5.3
96.25	5.5	5	2	4	4	10
48	4	5	1	2	2	3.55
50	5	6	6	4	6	9.8
33	4.5	4	5	3	3	6.3
35	4	3	4	4	3	5.48
36	4	3	4	3	3	5.18
100	4.3	4	2	2	3	8.5
100	5	10.5	3	3	4	7.5
79	5.5	5	4	4	3	6.3
65	12	12	3	3	3	4.59
50	4	5	2	2	2	5.3
58	5.8	3	3	4	4	4.95
143	6	6	1	5	5	3.1
35	4.57	3	5	3	3	7.45
66.8	4	3	1	2	1	4.1
45	5	4	3	3	3	7.35
52	4	5	2	3	4	8
64	8	5	4	3	4	7.9
40	4	6	4	3	3	7.8
62	5.5	3.5	3	2	2	8.6
60	5	5	4	4	5	9.69
63	4	5	4	4	5	6.25
72	4.2	6	3	4	4	4.45
48	4	5	2	2	1	4
167	13	6	2	7	7	8.1
56	4	6	4	5	5	6.05
26	9	9	5	3	3	6.6
68	4	10	3	4	4	9.5
105	7.2	6	3	4	4	9
100	4	7	3	4	3	7.7
66.1	4	12	3	3	4	3.1
81	4.5	5.5	3	3	3	4.76
46	6	2.8	5	5	6	6.6
39	5	3	5	3	4	7.5
80	5	5	1	2	1	1.09
38	4	3	4	3	4	6.15
100	5	12	3	3	4	7.8
35	3.2	3	2	2	2	4.15
71	5	7.5	2	3	2	5.7
72	4	13	3	3	3	3.75
57.7	3	3	2	3	3	3.9
120	8	20	3	4	4	7.8
100	4.5	6	3	4	4	6.2
160	8	7.5	3	6	5	9.2
84.9	4.91	4.5	4	3	5	7.7
40	3.5	2.5	4	4	5	7.65
35	3	3	2	2	2	2.78
64	4	8	4	5	5	5.5
60	4	7	4	4	5	4.99
56	4	7	3	4	4	4.9
56	4	8	3	4	4	4.85
85	5.15	5	1	2	1	7.65
45	4	3	5	3	4	5.5
75	12	15	3	4	4	3.8
87	4	10	3	4	5	9.2
500	12	2.5	1	3	2	5.8
120	8	6	1	2	2	5.35
31	5	3	5	3	4	4.7
64	4	13	3	3	4	3.9
80	4	12	2	2	3	8.2
67	4.2	13	2	3	2	9.2
52	4	5	5	7	6	7.5
58	7.3	6	3	4	4	5.5
64	4	8	3	2	3	8.2
40	3.5	3	5	3	4	6.5
72	4	13	3	3	2	8.7
56	4.6	7	4	4	4	6.8
125	5	7.5	2	3	2	4.3
60	5	9	3	3	3	2
110	5	5.5	1	2	1	2.85
92.5	5	7.5	3	4	4	6.95
56	5	14	2	3	3	7.6
102.6	5	6	1	3	2	2.2
102.5	5	18.5	4	4	3	6.9
41	4.1	3	6	5	4	7.83
70	4	8	3	3	4	7.2
60	4	13	3	3	2	4.5
51.3	5	1.5	2	2	2	1.75
72.8	5.2	8	2	3	2	3.55
56	3.7	10	2	2	2	6.2
30	5	3	3	3	2	2.42
80.4	4	8	4	5	6	6.8
50	5	5	2	2	2	3.8
100	5	5	3	5	3	3.48
86.4	3.57	14	3	4	3	9
60	4	16	3	4	3	8.75
100	4	12	3	4	5	10
100	4	14	1	2	2	8.8
100	5	4	2	2	2	5.2
213	6	3	3	7	7	7.2
400.5	8.8	10	2	4	6	8.9
56	4	4	4	4	4	5.8
100	5	6	2	3	2	3.6
125	5	7.5	3	4	6	7.8
102	4.2	12	3	4	4	9.3
75	5	10	4	5	5	8.6
81	4	7	2	3	2	4.85
26	3	3	3	4	3	1.86
64	4	6	2	2	2	5.2
50	4	16	1	2	1	6.7
100	4	14	1	3	3	8.4
100	5	5	2	2	2	2.9
85	5	18	4	5	5	7.64
84	4.2	14	2	2	2	8.95
120	5	10.5	2	3	3	4.5
96.7	5	13	3	4	4	5.2
32.7	3.27	15	2	2	3	8.15
170	6.5	6	3	5	4	9.9
100	4	20	1	2	1	9.5
79	7.1	12	1	1	1	8.3
40	3.4	6	4	4	3	8.15
56	4	10	4	4	5	6.5
40.5	3.3	3	4	4	3	7.6
97	4	16	1	4	4	9
62.5	4	5	4	4	5	7
64	5	13	5	5	4	7.5
69	4	5	2	3	2	4.2
64	4.6	6	4	5	4	7.9
103	5	7	2	3	2	9
60	5	7	4	7	7	8.5
52	4	4	2	3	2	5.19
70	5	5.5	3	3	4	5.68
80	5	5	5	5	6	9
75	4	6	2	3	3	6.5
36	3.6	6	5	3	3	6.8
60.1	4.2	5	4	3	4	6.9
55	7.5	3	1	1	1	1.58
101.25	4.5	12	3	3	4	7.5
115	4.7	12	3	5	5	8.5
80	4	7	2	3	3	5.08
68	4	8	4	4	4	6.2
92	5	7.5	3	3	3	6.95
67	4	5	2	3	2	4.6
40	5.5	3.5	2	2	2	2.45
60.75	3.7	20	2	2	1	2.55
102	6	5	1	2	2	6.8
53	5.5	6	2	3	2	3.5
67.44	5	3.5	5	7	8	9.8
41.5	4	12	1	2	2	7.5
70	3.44	3.5	2	3	3	3.45
52	4	5	2	2	2	5.6
65	5.2	2	3	3	3	8.5
47	4	5	2	2	2	5.2
40	3.5	2	5	3	4	6.8
50	4	12	4	4	5	4.8
40	4.22	3	5	6	6	5.8
45	3.9	3	5	7	7	8.88
33	3.5	2.5	5	3	4	6.7
200	10	7.5	3	3	3	8.25
80.8	4	8	3	6	3	6.6
83.2	4.4	6	5	9	9	9.9
33	4	25	4	3	3	4.4
98	5.5	6	2	2	2	7.5
44	4	6	5	3	4	8.5
76.3	5.1	4.5	4	4	5	7.4
33	3.2	2.5	4	4	3	4.05
30	4	6	2	2	2	2.2
50	4.2	3	4	4	3	7
28.55	3.66	5	4	4	4	4.5
72	4.5	5.5	2	3	2	3.5
41.4	4.6	4	3	2	2	3.35
60	4	4	4	4	4	5.1
43.5	48	3	5	4	4	7.1
60	4	3	1	3	2	3.7
81	4.5	5.5	3	3	2	6.35
111	7.6	5	1	2	1	8
95	5	7	2	2	2	4.1
108	8	50	3	4	4	7.6
56	4.1	8	1	2	1	2.65
32	7	7	4	4	3	5.7
50	5	3	1	1	1	4.7
60	3.7	4	3	2	3	4.2
80	6	5.5	3	8	8	4.2
80	4	10	2	2	2	8.5
40	4	11	3	3	3	3.7
50	4	4	3	5	3	4.25
52	4.1	3	3	3	3	4.99
120	6	12	4	6	5	5.5
76	4	5	2	3	2	7.2
70.3	3.7	4	3	5	2	5.2
94	4.7	6	5	5	5	7.3
58	4.5	6	5	4	5	7.1
55	5	4	2	2	3	4.15
52	3.8	2.5	4	4	4	7.6
93.2	5.03	8	2	3	4	8.6
112.5	5	6	3	4	4	7.25
160	8	13	2	3	3	4.65
60	5	6	3	3	3	5.3
45	3.95	3	4	2	2	5.3
60	4	6	4	4	6	7.55
136	7	12	2	4	3	7.9
35	4	3	4	3	3	7.4
58	4	5	1	2	2	3.86
90	5	30	4	6	3	7.5
117	6	60	2	4	3	9.2
117	6	16	2	4	4	6.05
72.4	6	5	3	4	4	8.5
100	5	7.5	4	5	6	10
67	4.2	7	3	3	3	4.3
75	4	5	4	4	4	8.9
66	4	3.5	2	2	3	6.25
46.5	4.65	3	2	2	2	2.2
160	8	12	2	3	3	4.65
301	6	20	1	9	9	7
160	8	12	2	3	3	5.35
100	5	7	4	6	6	10
160	12	12	2	3	3	4.75
80	4	4	2	2	2	4.8
32.2	3	12	2	2	2	4.15
49.5	4	3	2	2	2	5.7
42.4	3.62	4	5	8	9	4.15
42.4	4	3	2	2	2	3.95
35	3.5	6	1	2	1	5
36	4.4	3	4	4	3	3.3
36	5	7	4	3	2	3.85
40	3.8	3	4	3	3	5.7
63	4.2	8	2	3	2	6.2
33	3.7	3	5	3	4	5.3
38	3.7	3	4	4	3	4.45
121	4	30	2	2	2	6
38	4.5	3.5	4	4	3	3.38
63.9	4	13	1	2	1	4.5
150	6	5	3	1	1	5.5
80	4	5	2	2	3	4.5
40	4	5	5	6	4	8.6
76	4	40	2	3	2	7.6
50	5	5	5	5	4	9.9
55	8.1	3	6	9	9	7.75
35	3.5	4	5	3	4	5.5
42	5	5	5	3	3	4
90	5	7.5	3	4	4	6.47
60	5	12	4	6	5	4.2
60	5	6	4	4	5	5.5
30	4.78	3	5	3	4	4.95
17	4.6	5	4	3	3	3.6
285	12	20	1	5	5	9
73	3.8	8	3	3	3	9.9
100	5	18	3	3	4	5.95
61	4.1	9	2	2	3	6.3
50	4	3	3	3	2	4.5
17	4	10	2	1	1	1.15
35	4	3	4	2	3	4.59
126	6	7.5	3	5	5	7.3
45	3.6	2.5	4	4	4	6.3
173.1	5	3.5	1	3	2	2.5
93	17	18	1	2	2	9.2
41	4	3	4	4	4	6.3
67.5	4.5	16	2	4	2	3.28
46	3.7	5	6	4	5	9.3
49	3.5	3	2	2	2	6.3
43.4	3	3	3	4	3	5.6
36	3.5	4	4	3	3	5.35
60	5	3.5	4	4	3	3.8
69	3.5	8	4	5	5	8.5
45	5.4	3	5	4	4	7.4
70	4.5	5.5	4	3	4	4.95
63.3	4.6	8	4	4	3	4.74
41	3	5	5	3	4	5.35
298	4	20	1	1	1	3.6
400	20	6	3	6	4	4.34
72	4	3	4	7	5	8.9
60	6.5	4	1	1	1	7.6
100	6	5	3	4	4	6.7
37	2	2	4	4	3	4.55
60	4	4	3	3	4	5.5
45	4	2.5	5	9	9	8
75	5	12	4	3	4	5.8
128	6	5.5	3	4	3	9.85
60	4.2	7	3	4	4	6.56
90	4	10	3	4	4	8.5
34	3.9	2	5	3	4	5.95
68	5.4	2.8	4	4	4	9.9
38	3.5	2	5	4	3	5.46
55	5.5	34	4	3	3	6.8
225	15	36	2	2	2	6.8
20.8	2.6	3	3	2	3	3.3
78	30	30	2	3	2	4.5
53	4	3	1	1	1	4.9
126	7	12	3	3	3	7.5
95	5	5.5	2	5	4	6.6
86.4	14	14	1	1	1	6.85
32	4	3	4	4	4	5.8
129	6.17	75	3	2	2	7
45	5	5	5	5	5	6.3
300	15	32	3	7	3	9.5
32	3.4	3	4	3	3	2.95
75	5	5.5	1	2	2	4.2
247	14	7.5	2	3	2	7.9
30	3	6	2	2	2	1.4
51.6	4	6	2	2	3	5.2
45	7	7	5	3	3	9.3
31	3	3	3	4	3	3.98
67	4.1	16	1	3	2	4.6
