Customer_ID,Age,Gender,Tenure,Contract_Type,Paperless_Billing,Internet_Service,Tech_Support,Monthly_Charges,Total_Charges,Churn
CUST-20000,19,Female,25,Month-to-month,Yes,DSL,Yes,82.54,2058.99,0
CUST-20001,24,Male,10,Month-to-month,Yes,Fiber optic,No,79.97,764.49,1
CUST-20002,44,Male,9,Month-to-month,No,No,No internet service,19.46,166.64,0
CUST-20003,74,Male,62,Month-to-month,Yes,Fiber optic,No,87.62,5431.7,1
CUST-20004,31,Male,15,Two-year,Yes,DSL,Yes,61.21,923.75,0
CUST-20005,31,Female,24,Month-to-month,Yes,Fiber optic,No,70.29,1696.95,1
CUST-20006,47,Female,9,Month-to-month,No,DSL,Yes,58.27,550.09,0
CUST-20007,70,Female,9,Month-to-month,Yes,Fiber optic,No,90.82,783.78,1
CUST-20008,46,Female,22,Month-to-month,Yes,DSL,No,53.3,1187.67,1
CUST-20009,69,Female,18,One-year,Yes,Fiber optic,Yes,76.54,1379.85,1
CUST-20010,23,Male,54,Two-year,Yes,No,No internet service,21.54,1180.84,0
CUST-20011,30,Male,50,One-year,No,Fiber optic,Yes,97.75,4936.31,1
CUST-20012,46,Female,69,Month-to-month,Yes,Fiber optic,No,73.68,5103.56,0
CUST-20013,20,Female,13,Month-to-month,Yes,DSL,Yes,49.02,644.96,0
CUST-20014,72,Male,33,Month-to-month,Yes,DSL,Yes,66.99,2214.16,0
CUST-20015,31,Female,1,One-year,Yes,No,No internet service,23.4,23.4,0
CUST-20016,45,Male,69,Month-to-month,Yes,Fiber optic,No,97.55,6721.19,0
CUST-20017,50,Female,71,Month-to-month,Yes,Fiber optic,Yes,104.74,7427.62,0
CUST-20018,25,Female,20,Two-year,Yes,Fiber optic,No,103.76,2114.14,1
CUST-20019,50,Male,2,Two-year,Yes,Fiber optic,Yes,97.6,191.84,1
CUST-20020,25,Female,18,One-year,No,Fiber optic,No,82.27,1512.63,0
CUST-20021,65,Female,38,Two-year,Yes,DSL,No,50.79,1940.75,0
CUST-20022,38,Male,53,One-year,No,DSL,Yes,56.16,3013.98,0
CUST-20023,51,Female,46,Month-to-month,Yes,DSL,No,50.7,2367.8,0
CUST-20024,66,Female,66,One-year,No,DSL,No,69.56,4591.22,0
CUST-20025,56,Female,5,Month-to-month,No,DSL,No,40.84,179.51,1
CUST-20026,43,Female,26,Two-year,No,DSL,No,46.92,1172.72,0
CUST-20027,22,Female,37,Two-year,Yes,DSL,No,53.62,1965.04,0
CUST-20028,69,Male,55,One-year,Yes,Fiber optic,No,79.42,4372.23,0
CUST-20029,66,Male,46,One-year,Yes,DSL,No,52.06,2406.17,0
CUST-20030,35,Female,50,Two-year,Yes,No,No internet service,18.54,927.65,0
CUST-20031,27,Female,56,Month-to-month,No,No,No internet service,22.69,1281.78,0
CUST-20032,70,Female,26,Month-to-month,No,DSL,No,62.6,1617.43,1
CUST-20033,65,Male,19,Month-to-month,No,DSL,No,51.4,981.78,0
CUST-20034,33,Male,16,Two-year,No,Fiber optic,No,83.46,1320.39,1
CUST-20035,47,Female,47,One-year,Yes,DSL,Yes,63.55,2995.22,0
CUST-20036,38,Male,24,Month-to-month,No,Fiber optic,No,69.49,1669.92,0
CUST-20037,59,Male,1,Two-year,Yes,Fiber optic,No,111.91,111.91,1
CUST-20038,49,Male,59,Two-year,Yes,No,No internet service,22.8,1352.24,0
CUST-20039,47,Male,25,One-year,Yes,Fiber optic,Yes,85.07,2128.63,0
CUST-20040,24,Female,46,One-year,Yes,Fiber optic,Yes,88.66,4050.5,0
CUST-20041,72,Male,15,Month-to-month,Yes,DSL,Yes,59.83,894.51,1
CUST-20042,58,Male,66,Month-to-month,No,DSL,Yes,73.25,4840.45,0
CUST-20043,71,Male,28,Two-year,No,DSL,No,35.33,1019.93,0
CUST-20044,18,Male,13,Month-to-month,No,Fiber optic,No,83.89,1086.17,0
CUST-20045,33,Female,40,One-year,Yes,Fiber optic,Yes,120.0,4828.59,0
CUST-20046,21,Female,31,Month-to-month,No,DSL,No,70.48,2159.24,1
CUST-20047,54,Male,39,Month-to-month,Yes,DSL,No,51.68,2000.22,0
CUST-20048,51,Female,13,One-year,No,DSL,No,48.14,649.13,0
CUST-20049,55,Female,51,Month-to-month,No,Fiber optic,No,76.64,3931.42,1
CUST-20050,27,Male,6,Two-year,No,Fiber optic,No,84.94,496.69,1
CUST-20051,42,Male,31,Month-to-month,Yes,Fiber optic,No,86.38,2671.89,1
CUST-20052,67,Male,59,One-year,Yes,Fiber optic,Yes,86.04,5063.11,0
CUST-20053,37,Female,57,Two-year,Yes,DSL,No,57.06,3282.61,0
CUST-20054,52,Female,22,Month-to-month,Yes,No,No internet service,19.63,456.89,1
CUST-20055,53,Female,43,Two-year,No,DSL,Yes,49.16,2134.04,0
CUST-20056,42,Female,3,Month-to-month,No,No,No internet service,19.51,50.79,1
CUST-20057,49,Female,39,One-year,No,DSL,No,56.79,2207.51,0
CUST-20058,73,Female,56,Two-year,Yes,Fiber optic,Yes,94.89,5282.7,0
CUST-20059,21,Male,30,Month-to-month,Yes,No,No internet service,19.84,588.71,0
CUST-20060,27,Male,48,Month-to-month,Yes,Fiber optic,No,87.26,4178.17,1
CUST-20061,56,Male,29,Month-to-month,Yes,DSL,No,63.62,1827.83,1
CUST-20062,50,Female,26,Month-to-month,Yes,No,No internet service,21.61,556.95,0
CUST-20063,63,Male,36,Month-to-month,No,DSL,No,65.7,2366.33,1
CUST-20064,55,Female,19,Two-year,Yes,DSL,Yes,67.25,1224.31,0
CUST-20065,40,Female,52,Month-to-month,Yes,DSL,No,51.95,2715.86,0
CUST-20066,42,Female,21,Month-to-month,No,Fiber optic,No,75.6,1586.81,1
CUST-20067,33,Male,17,Month-to-month,Yes,Fiber optic,Yes,101.59,1715.38,1
CUST-20068,29,Female,20,Two-year,No,Fiber optic,No,82.68,1612.32,1
CUST-20069,29,Male,41,One-year,Yes,DSL,No,64.02,2654.96,0
CUST-20070,47,Male,67,Month-to-month,Yes,No,No internet service,19.46,1291.88,0
CUST-20071,30,Male,12,One-year,Yes,DSL,No,58.84,670.75,1
CUST-20072,32,Female,41,Month-to-month,Yes,No,No internet service,20.1,834.55,1
CUST-20073,25,Female,25,Month-to-month,No,Fiber optic,Yes,78.72,1964.19,1
CUST-20074,50,Male,24,One-year,Yes,DSL,No,62.21,1495.14,0
CUST-20075,25,Female,54,Month-to-month,Yes,DSL,Yes,59.18,3191.23,1
CUST-20076,20,Male,20,Month-to-month,Yes,Fiber optic,No,85.72,1706.6,1
CUST-20077,38,Female,6,Month-to-month,Yes,DSL,No,59.42,334.96,1
CUST-20078,54,Female,59,Month-to-month,Yes,DSL,Yes,70.44,4214.37,0
CUST-20079,50,Male,41,Month-to-month,Yes,DSL,Yes,58.89,2423.74,1
CUST-20080,38,Female,61,Two-year,No,Fiber optic,Yes,111.68,6833.74,0
CUST-20081,51,Female,5,Two-year,No,Fiber optic,No,120.0,574.12,1
CUST-20082,20,Male,46,Month-to-month,Yes,DSL,No,47.49,2169.0,0
CUST-20083,33,Female,70,Month-to-month,Yes,Fiber optic,Yes,92.12,6471.65,1
CUST-20084,18,Female,15,Month-to-month,No,Fiber optic,No,97.95,1463.52,1
CUST-20085,32,Female,32,Month-to-month,Yes,Fiber optic,No,91.02,2916.8,1
CUST-20086,61,Male,24,Month-to-month,Yes,Fiber optic,No,68.52,1626.81,1
CUST-20087,51,Male,39,Month-to-month,Yes,Fiber optic,No,102.42,3980.95,1
CUST-20088,32,Female,60,Two-year,No,DSL,No,76.86,4646.73,0
CUST-20089,48,Male,71,Month-to-month,Yes,DSL,No,37.21,2645.04,0
CUST-20090,50,Female,71,Month-to-month,Yes,DSL,Yes,61.24,4384.49,0
CUST-20091,69,Male,26,Month-to-month,No,Fiber optic,Yes,94.85,2481.38,1
CUST-20092,69,Female,23,Month-to-month,No,DSL,No,54.91,1260.13,0
CUST-20093,66,Female,53,Month-to-month,Yes,DSL,Yes,54.37,2868.42,0
CUST-20094,70,Male,51,Month-to-month,Yes,Fiber optic,No,102.18,5187.8,1
CUST-20095,21,Male,58,Month-to-month,No,Fiber optic,No,60.85,3504.02,0
CUST-20096,37,Female,56,Two-year,No,Fiber optic,No,87.64,4893.78,1
CUST-20097,20,Male,60,Month-to-month,No,Fiber optic,Yes,77.55,4676.12,0
CUST-20098,43,Male,65,Month-to-month,Yes,DSL,Yes,55.75,3634.58,0
CUST-20099,23,Female,58,Month-to-month,No,Fiber optic,Yes,120.0,6946.77,0
CUST-20100,73,Male,59,Month-to-month,Yes,DSL,Yes,76.79,4534.59,0
CUST-20101,55,Female,54,Month-to-month,Yes,Fiber optic,No,115.76,6231.61,0
CUST-20102,32,Male,33,Two-year,Yes,DSL,No,46.22,1526.81,0
CUST-20103,57,Female,72,Month-to-month,Yes,Fiber optic,No,71.22,5097.55,0
CUST-20104,62,Female,64,Month-to-month,Yes,No,No internet service,19.64,1247.45,0
CUST-20105,41,Female,49,Month-to-month,Yes,DSL,Yes,80.22,3925.3,0
CUST-20106,66,Male,65,Two-year,No,DSL,No,58.1,3793.43,0
CUST-20107,21,Female,64,Two-year,Yes,No,No internet service,31.44,2035.08,0
CUST-20108,39,Female,7,Two-year,Yes,Fiber optic,No,76.5,543.06,0
CUST-20109,51,Male,1,One-year,Yes,Fiber optic,Yes,97.93,100.05,1
CUST-20110,55,Male,21,Month-to-month,Yes,Fiber optic,No,95.92,2033.44,1
CUST-20111,47,Female,57,One-year,No,Fiber optic,Yes,96.03,5516.11,0
CUST-20112,35,Female,57,Month-to-month,No,No,No internet service,25.83,1461.37,0
CUST-20113,52,Female,53,Month-to-month,No,No,No internet service,18.0,932.54,0
CUST-20114,31,Female,72,Month-to-month,Yes,Fiber optic,No,81.4,5826.88,1
CUST-20115,40,Female,34,Month-to-month,Yes,Fiber optic,Yes,109.42,3709.42,1
CUST-20116,67,Male,53,Month-to-month,Yes,DSL,Yes,68.47,3606.87,0
CUST-20117,39,Male,27,Month-to-month,Yes,No,No internet service,18.0,480.56,0
CUST-20118,53,Female,51,One-year,Yes,Fiber optic,Yes,101.47,5176.96,0
CUST-20119,37,Male,13,Month-to-month,No,DSL,Yes,60.71,770.52,0
CUST-20120,26,Male,31,Month-to-month,Yes,Fiber optic,No,79.46,2477.83,1
CUST-20121,53,Male,62,One-year,No,Fiber optic,No,61.6,3823.47,0
CUST-20122,51,Female,48,One-year,Yes,Fiber optic,No,82.47,3961.57,1
CUST-20123,32,Female,30,Month-to-month,Yes,Fiber optic,Yes,102.2,3083.79,1
CUST-20124,49,Male,72,One-year,Yes,Fiber optic,No,99.04,7144.16,0
CUST-20125,22,Male,38,Month-to-month,Yes,Fiber optic,Yes,91.05,3440.09,1
CUST-20126,56,Female,33,Month-to-month,No,No,No internet service,30.39,1015.54,1
CUST-20127,46,Female,39,Month-to-month,Yes,DSL,Yes,56.98,2223.3,0
CUST-20128,40,Male,68,Month-to-month,No,Fiber optic,No,81.31,5523.48,0
CUST-20129,52,Female,51,Month-to-month,No,Fiber optic,No,80.29,4113.13,1
CUST-20130,18,Female,31,Month-to-month,Yes,Fiber optic,Yes,107.54,3365.35,0
CUST-20131,72,Male,33,Month-to-month,No,Fiber optic,Yes,83.17,2766.01,1
CUST-20132,72,Male,56,Month-to-month,No,Fiber optic,No,87.61,4892.78,0
CUST-20133,50,Male,25,Two-year,No,DSL,Yes,66.91,1679.12,0
CUST-20134,62,Male,21,Two-year,Yes,DSL,No,44.48,960.5,0
CUST-20135,26,Male,53,Month-to-month,No,Fiber optic,Yes,115.68,6155.17,0
CUST-20136,34,Male,18,One-year,Yes,No,No internet service,20.61,361.0,1
CUST-20137,43,Female,58,Month-to-month,Yes,DSL,Yes,73.58,4263.25,0
CUST-20138,40,Male,31,Two-year,No,DSL,Yes,64.4,2040.87,0
CUST-20139,61,Male,30,Two-year,Yes,DSL,No,78.59,2324.54,0
CUST-20140,43,Female,32,Two-year,Yes,Fiber optic,No,85.63,2747.06,1
CUST-20141,51,Male,61,One-year,No,Fiber optic,Yes,105.03,6416.49,0
CUST-20142,22,Male,53,Two-year,Yes,No,No internet service,18.0,956.53,0
CUST-20143,28,Female,29,Month-to-month,Yes,Fiber optic,Yes,85.3,2475.52,1
CUST-20144,35,Female,45,One-year,No,Fiber optic,No,98.32,4435.75,0
CUST-20145,39,Female,63,One-year,No,DSL,No,49.34,3076.1,0
CUST-20146,38,Female,31,Two-year,Yes,Fiber optic,No,77.49,2404.92,0
CUST-20147,24,Male,49,Month-to-month,No,Fiber optic,No,105.0,5166.7,0
CUST-20148,71,Male,26,One-year,Yes,No,No internet service,18.0,491.6,0
CUST-20149,69,Female,11,Two-year,Yes,DSL,No,49.07,546.96,0
CUST-20150,45,Female,4,One-year,No,No,No internet service,18.0,74.12,0
CUST-20151,28,Male,59,Month-to-month,Yes,Fiber optic,No,86.3,5070.35,1
CUST-20152,27,Male,64,Two-year,Yes,Fiber optic,No,94.88,6078.09,1
CUST-20153,41,Male,39,One-year,No,Fiber optic,No,89.32,3466.53,1
CUST-20154,50,Female,34,One-year,Yes,Fiber optic,No,102.16,3503.15,1
CUST-20155,57,Female,38,Month-to-month,Yes,Fiber optic,No,80.73,3085.15,1
CUST-20156,18,Male,49,Month-to-month,No,No,No internet service,19.08,908.82,0
CUST-20157,26,Male,53,Month-to-month,No,Fiber optic,Yes,55.15,2909.04,0
CUST-20158,66,Female,11,Two-year,No,Fiber optic,Yes,119.04,1329.96,1
CUST-20159,44,Female,67,Month-to-month,No,DSL,No,58.84,3902.89,0
CUST-20160,57,Male,16,Month-to-month,Yes,Fiber optic,No,98.43,1571.22,1
CUST-20161,23,Female,5,One-year,Yes,DSL,No,59.78,282.22,1
CUST-20162,66,Male,42,One-year,Yes,DSL,No,62.2,2618.3,1
CUST-20163,47,Female,15,Month-to-month,No,DSL,No,44.95,687.79,0
CUST-20164,68,Female,42,Month-to-month,No,Fiber optic,Yes,115.07,4847.0,0
CUST-20165,24,Male,71,One-year,No,Fiber optic,Yes,78.02,5498.96,0
CUST-20166,60,Female,71,One-year,Yes,Fiber optic,Yes,86.74,6144.52,0
CUST-20167,26,Male,49,Month-to-month,Yes,Fiber optic,No,78.06,3855.75,1
CUST-20168,43,Male,5,Month-to-month,No,DSL,No,51.03,244.45,1
CUST-20169,46,Female,38,Month-to-month,Yes,No,No internet service,19.64,718.12,0
CUST-20170,50,Male,29,Two-year,No,DSL,No,41.94,1256.85,0
CUST-20171,18,Male,45,Month-to-month,No,Fiber optic,No,102.75,4614.95,1
CUST-20172,56,Female,46,One-year,No,Fiber optic,Yes,91.91,4236.99,1
CUST-20173,65,Male,18,Two-year,Yes,Fiber optic,Yes,104.13,1885.07,0
CUST-20174,67,Female,64,Month-to-month,Yes,DSL,No,50.12,3195.98,1
CUST-20175,41,Male,20,Two-year,Yes,No,No internet service,22.61,425.85,0
CUST-20176,59,Male,32,Month-to-month,Yes,DSL,No,45.94,1484.34,0
CUST-20177,35,Female,23,Month-to-month,Yes,DSL,No,63.01,1449.9,0
CUST-20178,63,Male,7,Month-to-month,No,No,No internet service,18.0,114.67,1
CUST-20179,32,Male,51,Month-to-month,No,DSL,No,47.52,2457.19,0
CUST-20180,70,Female,20,Two-year,Yes,No,No internet service,24.92,478.9,0
CUST-20181,46,Female,22,Two-year,No,Fiber optic,Yes,85.15,1904.9,1
CUST-20182,21,Male,35,Month-to-month,No,No,No internet service,28.22,954.95,0
CUST-20183,31,Male,40,One-year,No,Fiber optic,Yes,102.49,4109.08,0
CUST-20184,71,Male,49,One-year,No,Fiber optic,Yes,120.0,5887.63,0
CUST-20185,38,Female,8,Month-to-month,Yes,DSL,No,64.35,499.2,1
CUST-20186,69,Female,42,One-year,Yes,DSL,No,45.2,1936.43,0
CUST-20187,54,Female,7,Month-to-month,Yes,DSL,No,35.42,245.25,0
CUST-20188,36,Female,10,Month-to-month,No,DSL,No,52.74,550.71,0
CUST-20189,19,Male,7,Month-to-month,Yes,No,No internet service,22.11,140.8,0
CUST-20190,72,Male,57,Month-to-month,Yes,Fiber optic,No,83.17,4753.7,0
CUST-20191,43,Female,14,One-year,Yes,DSL,No,45.67,635.66,1
CUST-20192,31,Male,23,One-year,Yes,DSL,No,60.4,1382.81,0
CUST-20193,50,Male,10,Month-to-month,Yes,DSL,Yes,63.37,619.73,0
CUST-20194,29,Male,56,Month-to-month,Yes,DSL,Yes,58.93,3305.15,1
CUST-20195,58,Female,16,Two-year,Yes,Fiber optic,No,55.9,900.32,1
CUST-20196,22,Female,39,Two-year,Yes,DSL,No,48.86,1924.44,0
CUST-20197,54,Male,72,Two-year,Yes,DSL,No,40.81,2959.94,0
CUST-20198,54,Male,20,Month-to-month,No,No,No internet service,25.18,507.84,1
CUST-20199,69,Female,58,Month-to-month,Yes,No,No internet service,18.0,1037.63,0
CUST-20200,64,Female,50,Month-to-month,No,DSL,Yes,59.55,2981.7,1
CUST-20201,48,Female,48,One-year,Yes,Fiber optic,Yes,77.97,3718.34,0
CUST-20202,51,Male,11,Month-to-month,Yes,DSL,No,42.28,485.09,1
CUST-20203,49,Female,5,One-year,No,DSL,No,63.63,312.58,0
CUST-20204,67,Male,28,Month-to-month,Yes,DSL,No,73.78,2035.93,0
CUST-20205,74,Female,45,Month-to-month,Yes,DSL,Yes,78.53,3547.4,0
CUST-20206,49,Female,24,Month-to-month,Yes,Fiber optic,No,75.73,1801.01,1
CUST-20207,45,Female,67,Month-to-month,Yes,DSL,No,51.87,3492.97,0
CUST-20208,31,Male,48,Two-year,Yes,Fiber optic,Yes,87.71,4167.02,0
CUST-20209,24,Female,65,Month-to-month,No,DSL,No,65.01,4248.09,0
CUST-20210,37,Male,70,Two-year,Yes,DSL,No,39.89,2796.39,0
CUST-20211,48,Female,13,Month-to-month,Yes,No,No internet service,22.78,313.79,1
CUST-20212,56,Female,45,One-year,Yes,Fiber optic,Yes,95.65,4317.79,0
CUST-20213,62,Male,42,Month-to-month,Yes,DSL,No,67.58,2835.33,0
CUST-20214,72,Female,54,Month-to-month,Yes,Fiber optic,No,97.62,5282.24,1
CUST-20215,27,Male,49,Month-to-month,Yes,No,No internet service,23.31,1145.38,0
CUST-20216,44,Male,31,Month-to-month,Yes,DSL,No,46.62,1438.54,0
CUST-20217,58,Female,68,Month-to-month,Yes,Fiber optic,No,113.83,7784.95,1
CUST-20218,31,Female,28,One-year,No,DSL,No,68.64,1912.71,0
CUST-20219,40,Male,11,One-year,No,No,No internet service,18.6,216.98,1
CUST-20220,22,Male,27,Month-to-month,Yes,No,No internet service,18.0,471.69,0
CUST-20221,38,Female,65,Two-year,No,DSL,No,59.68,3875.61,0
CUST-20222,31,Female,59,One-year,No,Fiber optic,Yes,120.0,7100.26,0
CUST-20223,41,Female,25,Two-year,Yes,DSL,No,36.38,903.1,1
CUST-20224,37,Female,43,Month-to-month,Yes,DSL,No,48.02,2065.74,0
CUST-20225,29,Female,62,One-year,Yes,Fiber optic,No,57.52,3587.97,0
CUST-20226,36,Female,22,One-year,No,Fiber optic,No,74.45,1664.86,1
CUST-20227,63,Female,49,One-year,No,Fiber optic,Yes,100.95,4902.96,0
CUST-20228,43,Female,48,Month-to-month,No,DSL,Yes,70.17,3401.75,0
CUST-20229,49,Male,29,Month-to-month,Yes,No,No internet service,18.0,520.95,0
CUST-20230,20,Male,19,Month-to-month,Yes,No,No internet service,26.48,489.05,1
CUST-20231,38,Female,65,Two-year,No,DSL,No,54.0,3448.37,0
CUST-20232,43,Male,55,Two-year,Yes,DSL,No,56.19,3059.9,0
CUST-20233,45,Female,28,Two-year,No,No,No internet service,28.11,798.67,0
CUST-20234,72,Male,3,Month-to-month,No,DSL,No,34.83,114.2,1
CUST-20235,66,Male,62,Month-to-month,Yes,Fiber optic,Yes,120.0,7417.34,0
CUST-20236,48,Female,65,One-year,Yes,DSL,Yes,74.59,4850.55,0
CUST-20237,31,Male,31,One-year,Yes,No,No internet service,18.33,534.14,0
CUST-20238,63,Male,2,Month-to-month,Yes,DSL,Yes,61.03,131.79,0
CUST-20239,35,Female,60,Two-year,No,DSL,No,52.15,3154.01,0
CUST-20240,57,Male,20,One-year,Yes,DSL,No,39.73,829.82,1
CUST-20241,66,Female,1,Two-year,No,DSL,No,64.9,64.9,0
CUST-20242,69,Male,72,Two-year,No,DSL,Yes,64.72,4633.22,0
CUST-20243,64,Male,51,Two-year,Yes,Fiber optic,Yes,93.68,4756.77,0
CUST-20244,31,Male,61,Two-year,No,No,No internet service,18.0,1064.46,0
CUST-20245,26,Female,8,Month-to-month,Yes,Fiber optic,No,92.27,751.42,1
CUST-20246,65,Female,58,Month-to-month,No,No,No internet service,24.77,1455.78,1
CUST-20247,57,Male,4,Two-year,No,DSL,No,52.95,205.92,0
CUST-20248,38,Male,70,One-year,Yes,DSL,No,61.46,4298.05,0
CUST-20249,33,Female,53,One-year,Yes,Fiber optic,Yes,75.25,3969.88,0
CUST-20250,18,Male,69,Two-year,No,No,No internet service,22.6,1562.26,0
CUST-20251,54,Female,53,Month-to-month,Yes,DSL,Yes,67.21,3577.79,0
CUST-20252,57,Female,43,One-year,No,DSL,No,68.59,2939.43,0
CUST-20253,33,Female,66,One-year,Yes,Fiber optic,Yes,101.26,6669.5,1
CUST-20254,74,Female,60,Month-to-month,No,DSL,No,54.67,3299.58,0
CUST-20255,57,Female,6,Two-year,No,DSL,Yes,62.2,348.98,1
CUST-20256,29,Male,45,Month-to-month,No,DSL,Yes,77.7,3525.53,1
CUST-20257,32,Male,62,Two-year,No,No,No internet service,28.03,1752.88,0
CUST-20258,40,Female,66,Month-to-month,No,Fiber optic,Yes,120.0,7923.81,1
CUST-20259,32,Female,58,Month-to-month,No,No,No internet service,23.77,1364.36,0
CUST-20260,74,Male,51,Month-to-month,Yes,Fiber optic,No,94.19,4791.71,1
CUST-20261,39,Male,63,Month-to-month,No,DSL,Yes,51.31,3212.42,0
CUST-20262,27,Male,27,Two-year,Yes,DSL,No,55.38,1499.96,0
CUST-20263,53,Male,67,Month-to-month,No,DSL,No,60.74,4062.94,0
CUST-20264,37,Male,60,Month-to-month,Yes,DSL,No,62.43,3757.64,0
CUST-20265,64,Male,45,Two-year,Yes,Fiber optic,No,80.16,3615.12,0
CUST-20266,58,Male,8,Two-year,Yes,DSL,No,54.49,444.9,1
CUST-20267,48,Female,59,Month-to-month,Yes,Fiber optic,Yes,79.7,4696.74,1
CUST-20268,52,Male,41,Month-to-month,Yes,Fiber optic,No,75.0,3074.0,1
CUST-20269,72,Female,69,Month-to-month,No,Fiber optic,No,85.13,5892.27,1
CUST-20270,43,Male,25,Month-to-month,Yes,Fiber optic,No,65.4,1627.87,0
CUST-20271,70,Female,69,Month-to-month,Yes,DSL,No,42.43,2905.97,0
CUST-20272,30,Male,28,Month-to-month,No,Fiber optic,Yes,101.41,2867.91,1
CUST-20273,47,Male,28,Month-to-month,Yes,Fiber optic,Yes,103.48,2871.77,1
CUST-20274,39,Female,57,One-year,Yes,No,No internet service,18.0,999.56,0
CUST-20275,35,Male,13,Month-to-month,No,No,No internet service,20.21,270.07,0
CUST-20276,26,Female,60,Two-year,Yes,Fiber optic,Yes,98.43,5902.68,0
CUST-20277,73,Male,70,Month-to-month,Yes,DSL,No,52.19,3636.35,0
CUST-20278,33,Female,4,Month-to-month,Yes,DSL,No,49.08,190.99,1
CUST-20279,66,Male,6,One-year,Yes,No,No internet service,19.99,155.12,1
CUST-20280,43,Female,33,Month-to-month,Yes,DSL,Yes,78.02,2597.66,1
CUST-20281,37,Male,41,Month-to-month,Yes,Fiber optic,Yes,77.7,3200.09,0
CUST-20282,54,Female,22,Month-to-month,Yes,Fiber optic,No,91.6,1990.98,1
CUST-20283,45,Female,8,Two-year,Yes,DSL,No,63.18,480.15,0
CUST-20284,31,Female,19,One-year,Yes,DSL,Yes,67.91,1303.09,0
CUST-20285,53,Female,9,One-year,No,Fiber optic,Yes,67.5,609.46,1
CUST-20286,63,Female,51,One-year,No,DSL,No,75.94,3864.84,0
CUST-20287,63,Female,43,Month-to-month,Yes,No,No internet service,28.17,1221.19,1
CUST-20288,32,Female,9,One-year,No,DSL,Yes,74.6,655.31,1
CUST-20289,68,Female,66,Two-year,No,No,No internet service,25.33,1684.81,0
CUST-20290,44,Male,1,Two-year,Yes,Fiber optic,No,81.42,97.48,1
CUST-20291,69,Male,13,Month-to-month,No,Fiber optic,Yes,67.14,837.63,1
CUST-20292,27,Male,59,Month-to-month,No,DSL,No,52.33,3102.36,0
CUST-20293,68,Male,60,Month-to-month,No,DSL,Yes,63.68,3877.23,0
CUST-20294,40,Female,31,Two-year,No,Fiber optic,No,102.42,3191.35,1
CUST-20295,47,Female,60,One-year,Yes,DSL,No,60.08,3623.64,0
CUST-20296,65,Female,6,Month-to-month,Yes,Fiber optic,Yes,96.89,593.46,1
CUST-20297,49,Female,57,Two-year,Yes,DSL,Yes,58.0,3290.27,0
CUST-20298,45,Female,36,One-year,Yes,No,No internet service,18.0,632.02,1
CUST-20299,27,Female,55,Month-to-month,Yes,Fiber optic,No,87.81,4810.41,1
CUST-20300,59,Male,15,Month-to-month,Yes,DSL,Yes,62.7,966.2,1
CUST-20301,19,Male,20,Month-to-month,Yes,No,No internet service,18.0,352.81,0
CUST-20302,73,Female,33,Month-to-month,No,Fiber optic,No,76.8,2540.62,0
CUST-20303,19,Female,22,Two-year,Yes,Fiber optic,No,96.24,2129.51,1
CUST-20304,24,Male,39,One-year,Yes,Fiber optic,Yes,100.79,3903.95,0
CUST-20305,24,Male,27,One-year,No,Fiber optic,Yes,112.02,2995.09,1
CUST-20306,27,Male,41,Month-to-month,No,Fiber optic,Yes,99.79,4091.05,0
CUST-20307,22,Female,48,Two-year,No,DSL,No,45.63,2167.92,0
CUST-20308,60,Male,34,Month-to-month,Yes,DSL,No,48.08,1609.47,0
CUST-20309,70,Male,70,Month-to-month,Yes,No,No internet service,21.6,1486.01,0
CUST-20310,39,Female,37,Month-to-month,Yes,Fiber optic,No,94.27,3502.95,1
CUST-20311,30,Female,38,Month-to-month,Yes,No,No internet service,18.0,662.0,0
CUST-20312,55,Male,64,Month-to-month,No,DSL,No,59.24,3814.23,0
CUST-20313,25,Male,48,One-year,Yes,No,No internet service,24.93,1180.68,0
CUST-20314,67,Female,26,One-year,Yes,Fiber optic,No,91.83,2378.43,1
CUST-20315,34,Female,41,Two-year,Yes,DSL,Yes,63.83,2613.48,0
CUST-20316,71,Female,67,Month-to-month,Yes,DSL,No,72.32,4847.73,0
CUST-20317,70,Male,5,One-year,No,DSL,No,69.42,348.63,0
CUST-20318,28,Female,58,Month-to-month,No,DSL,Yes,79.11,4600.82,1
CUST-20319,61,Female,51,One-year,No,DSL,No,51.42,2630.76,0
CUST-20320,43,Male,38,Month-to-month,No,DSL,No,67.34,2550.79,0
CUST-20321,48,Female,15,One-year,Yes,Fiber optic,No,58.92,878.84,0
CUST-20322,67,Male,22,One-year,Yes,No,No internet service,21.45,487.41,0
CUST-20323,57,Female,27,Month-to-month,Yes,No,No internet service,18.0,510.29,1
CUST-20324,64,Male,52,Month-to-month,No,No,No internet service,26.72,1408.72,0
CUST-20325,63,Female,22,Month-to-month,Yes,Fiber optic,No,84.98,1888.29,1
CUST-20326,50,Male,62,Month-to-month,No,DSL,No,43.47,2697.83,0
CUST-20327,23,Female,57,One-year,No,Fiber optic,No,102.21,5838.92,0
CUST-20328,23,Male,47,Month-to-month,Yes,Fiber optic,No,98.28,4621.04,0
CUST-20329,27,Female,66,Two-year,Yes,No,No internet service,22.4,1481.57,0
CUST-20330,45,Female,15,Month-to-month,Yes,Fiber optic,Yes,107.29,1627.65,1
CUST-20331,68,Male,45,Two-year,Yes,No,No internet service,19.29,866.42,0
CUST-20332,69,Male,22,Month-to-month,Yes,Fiber optic,No,57.16,1245.27,1
CUST-20333,18,Male,7,One-year,No,No,No internet service,18.0,133.83,0
CUST-20334,64,Male,14,Month-to-month,No,Fiber optic,No,89.45,1262.5,1
CUST-20335,74,Female,38,Month-to-month,No,Fiber optic,Yes,90.75,3436.54,1
CUST-20336,50,Male,41,Month-to-month,Yes,Fiber optic,No,78.99,3219.59,1
CUST-20337,37,Female,1,One-year,No,No,No internet service,23.82,26.27,0
CUST-20338,58,Male,41,Month-to-month,Yes,No,No internet service,22.68,960.03,0
CUST-20339,70,Male,63,Month-to-month,Yes,DSL,No,49.87,3133.47,0
CUST-20340,42,Male,9,Month-to-month,Yes,Fiber optic,No,105.87,963.01,1
CUST-20341,52,Female,58,Month-to-month,No,DSL,Yes,55.03,3195.95,0
CUST-20342,22,Male,44,Month-to-month,No,DSL,No,61.95,2708.86,0
CUST-20343,45,Male,24,Month-to-month,Yes,DSL,No,64.83,1570.16,1
CUST-20344,74,Female,14,Two-year,Yes,Fiber optic,Yes,103.03,1476.42,0
CUST-20345,31,Female,12,Month-to-month,No,Fiber optic,No,81.11,974.82,1
CUST-20346,63,Male,60,One-year,No,Fiber optic,Yes,90.04,5411.39,0
CUST-20347,64,Male,58,Month-to-month,No,Fiber optic,Yes,81.81,4767.53,0
CUST-20348,74,Male,46,Month-to-month,Yes,Fiber optic,Yes,95.55,4378.96,1
CUST-20349,40,Male,20,Month-to-month,No,Fiber optic,No,86.8,1714.23,1
CUST-20350,64,Female,34,Month-to-month,Yes,Fiber optic,No,89.19,3037.55,0
CUST-20351,35,Male,64,Month-to-month,No,DSL,No,62.49,3994.37,0
CUST-20352,63,Female,46,Month-to-month,Yes,Fiber optic,No,82.99,3787.86,1
CUST-20353,61,Male,51,Month-to-month,Yes,No,No internet service,21.08,1092.38,1
CUST-20354,20,Male,49,Month-to-month,No,DSL,No,61.11,2999.0,1
CUST-20355,74,Female,70,Two-year,Yes,DSL,Yes,54.4,3824.11,0
CUST-20356,47,Male,43,Month-to-month,Yes,Fiber optic,No,92.43,3998.67,1
CUST-20357,68,Female,61,One-year,Yes,Fiber optic,No,62.97,3847.61,0
CUST-20358,28,Male,55,Month-to-month,Yes,DSL,No,70.27,3858.41,0
CUST-20359,51,Male,13,Two-year,Yes,Fiber optic,Yes,92.24,1227.67,0
CUST-20360,47,Male,9,Month-to-month,No,Fiber optic,No,96.31,860.09,1
CUST-20361,71,Female,23,One-year,Yes,Fiber optic,No,84.0,1927.91,0
CUST-20362,36,Female,48,One-year,Yes,Fiber optic,No,91.91,4444.93,0
CUST-20363,56,Female,48,Two-year,No,DSL,No,46.23,2216.56,0
CUST-20364,18,Male,45,Two-year,No,DSL,Yes,66.44,3012.34,0
CUST-20365,45,Male,22,One-year,No,Fiber optic,No,109.03,2396.18,1
CUST-20366,39,Female,47,One-year,No,Fiber optic,No,59.48,2815.67,0
CUST-20367,60,Male,49,Two-year,Yes,Fiber optic,No,85.43,4147.98,1
CUST-20368,59,Female,24,Month-to-month,Yes,DSL,Yes,52.04,1258.58,1
CUST-20369,35,Female,12,Month-to-month,No,Fiber optic,No,105.3,1315.1,1
CUST-20370,64,Female,55,Month-to-month,No,DSL,Yes,49.99,2744.67,0
CUST-20371,64,Female,16,Month-to-month,Yes,Fiber optic,No,99.22,1582.09,1
CUST-20372,37,Female,10,Month-to-month,No,DSL,No,50.39,480.52,1
CUST-20373,60,Male,59,One-year,Yes,DSL,Yes,71.3,4238.02,0
CUST-20374,23,Male,28,Month-to-month,No,DSL,Yes,66.32,1867.22,1
CUST-20375,37,Female,12,One-year,No,No,No internet service,20.89,237.5,1
CUST-20376,42,Male,38,Month-to-month,Yes,No,No internet service,18.0,645.54,0
CUST-20377,44,Male,33,Month-to-month,Yes,Fiber optic,No,75.79,2510.06,1
CUST-20378,57,Female,29,One-year,Yes,Fiber optic,No,70.96,2056.66,0
CUST-20379,60,Male,28,Month-to-month,Yes,Fiber optic,No,86.91,2432.02,1
CUST-20380,19,Female,29,Month-to-month,No,No,No internet service,21.95,685.96,0
CUST-20381,40,Female,13,Two-year,Yes,DSL,No,66.74,868.39,0
CUST-20382,47,Female,40,One-year,Yes,Fiber optic,No,104.23,4179.03,0
CUST-20383,19,Male,49,Month-to-month,No,Fiber optic,No,80.87,3954.85,1
CUST-20384,42,Male,59,Month-to-month,No,DSL,Yes,63.41,3777.14,0
CUST-20385,27,Male,21,Month-to-month,No,DSL,Yes,76.35,1595.88,0
CUST-20386,24,Female,71,Month-to-month,No,Fiber optic,Yes,94.24,6694.48,0
CUST-20387,47,Male,35,Month-to-month,Yes,No,No internet service,18.0,612.02,0
CUST-20388,58,Male,50,Month-to-month,No,DSL,No,61.38,3084.11,0
CUST-20389,70,Male,33,Month-to-month,Yes,Fiber optic,No,82.85,2761.3,0
CUST-20390,45,Female,45,Two-year,No,No,No internet service,26.95,1230.92,0
CUST-20391,21,Male,16,One-year,Yes,DSL,Yes,65.55,1032.11,0
CUST-20392,39,Male,5,Month-to-month,No,Fiber optic,Yes,99.67,520.59,1
CUST-20393,18,Female,11,Month-to-month,Yes,Fiber optic,No,104.04,1135.49,1
CUST-20394,70,Male,25,One-year,Yes,No,No internet service,21.42,545.1,0
CUST-20395,48,Male,24,Month-to-month,Yes,Fiber optic,Yes,112.29,2679.16,1
CUST-20396,73,Male,66,One-year,No,No,No internet service,18.0,1210.07,0
CUST-20397,23,Female,24,One-year,Yes,Fiber optic,No,88.12,2125.22,1
CUST-20398,44,Male,13,One-year,No,DSL,No,69.15,873.52,1
CUST-20399,43,Female,27,Month-to-month,Yes,DSL,Yes,64.65,1713.13,1
CUST-20400,74,Female,13,Month-to-month,Yes,Fiber optic,No,80.82,1056.73,0
CUST-20401,55,Male,63,One-year,No,Fiber optic,No,80.86,5129.86,0
CUST-20402,28,Female,6,Month-to-month,Yes,Fiber optic,No,88.02,572.59,1
CUST-20403,55,Female,19,Two-year,Yes,Fiber optic,No,93.44,1785.13,1
CUST-20404,51,Female,62,Month-to-month,Yes,Fiber optic,No,59.46,3724.67,1
CUST-20405,53,Female,53,One-year,Yes,Fiber optic,Yes,100.97,5348.96,0
CUST-20406,41,Male,6,Month-to-month,No,DSL,No,42.56,238.17,1
CUST-20407,18,Female,6,Month-to-month,Yes,DSL,No,48.74,306.77,1
CUST-20408,34,Female,63,One-year,Yes,No,No internet service,23.08,1472.22,0
CUST-20409,61,Male,62,Two-year,No,DSL,Yes,57.11,3528.04,0
CUST-20410,69,Male,57,Month-to-month,No,Fiber optic,Yes,82.53,4700.62,1
CUST-20411,50,Male,38,Two-year,Yes,DSL,No,73.28,2786.09,0
CUST-20412,62,Male,44,Month-to-month,Yes,DSL,Yes,62.69,2765.39,0
CUST-20413,52,Male,44,Month-to-month,Yes,DSL,Yes,57.52,2534.18,0
CUST-20414,29,Male,11,Two-year,Yes,DSL,No,41.65,440.42,1
CUST-20415,38,Female,53,Month-to-month,Yes,Fiber optic,No,72.4,3816.62,1
CUST-20416,35,Male,44,One-year,No,Fiber optic,No,96.94,4263.11,1
CUST-20417,28,Female,28,Two-year,Yes,DSL,No,48.31,1369.57,0
CUST-20418,39,Male,68,Two-year,Yes,Fiber optic,Yes,65.99,4496.1,0
CUST-20419,34,Female,45,One-year,Yes,No,No internet service,18.0,801.37,0
CUST-20420,23,Female,27,Month-to-month,Yes,No,No internet service,18.0,483.92,1
CUST-20421,18,Male,42,Two-year,Yes,Fiber optic,No,99.1,4150.86,0
CUST-20422,74,Female,68,Two-year,No,Fiber optic,Yes,95.51,6488.82,0
CUST-20423,28,Male,11,Two-year,Yes,DSL,No,60.94,655.79,0
CUST-20424,61,Male,67,One-year,Yes,No,No internet service,20.12,1398.77,0
CUST-20425,30,Female,51,Month-to-month,Yes,Fiber optic,No,120.0,6137.02,0
CUST-20426,49,Male,13,Month-to-month,Yes,DSL,No,57.43,777.52,1
CUST-20427,26,Female,40,Month-to-month,No,Fiber optic,No,67.88,2689.94,1
CUST-20428,41,Male,56,Month-to-month,Yes,Fiber optic,Yes,92.78,5221.03,0
CUST-20429,18,Female,16,Two-year,No,Fiber optic,Yes,78.63,1247.71,0
CUST-20430,62,Male,19,Month-to-month,Yes,DSL,No,42.09,797.76,1
CUST-20431,21,Female,33,Two-year,No,No,No internet service,22.3,725.16,0
CUST-20432,40,Male,49,One-year,Yes,Fiber optic,Yes,103.58,5052.28,0
CUST-20433,46,Female,57,Month-to-month,Yes,No,No internet service,18.0,1016.26,0
CUST-20434,24,Female,64,Month-to-month,No,Fiber optic,No,94.66,6064.43,0
CUST-20435,54,Male,44,Month-to-month,No,Fiber optic,Yes,90.43,3992.53,1
CUST-20436,70,Male,37,Month-to-month,No,No,No internet service,21.77,807.63,0
CUST-20437,31,Female,6,Month-to-month,No,DSL,Yes,59.78,342.07,1
CUST-20438,58,Male,56,Month-to-month,Yes,No,No internet service,18.0,989.84,0
CUST-20439,42,Female,55,Two-year,Yes,No,No internet service,20.21,1118.64,0
CUST-20440,53,Female,30,Month-to-month,No,No,No internet service,29.3,866.1,0
CUST-20441,67,Female,25,Month-to-month,No,DSL,No,68.56,1722.93,1
CUST-20442,74,Male,23,One-year,No,DSL,No,45.37,1058.85,1
CUST-20443,31,Female,3,Month-to-month,No,Fiber optic,No,74.13,224.86,1
CUST-20444,21,Female,32,Two-year,No,DSL,No,51.8,1683.32,0
CUST-20445,53,Male,34,Month-to-month,No,DSL,No,46.52,1579.94,0
CUST-20446,57,Female,21,Two-year,No,No,No internet service,19.68,392.93,0
CUST-20447,41,Female,35,One-year,Yes,Fiber optic,No,69.64,2438.2,0
CUST-20448,68,Female,61,Month-to-month,Yes,DSL,No,53.86,3284.58,0
CUST-20449,59,Male,45,Month-to-month,Yes,DSL,Yes,69.81,3156.44,0
CUST-20450,64,Male,27,Two-year,Yes,Fiber optic,No,85.79,2337.95,0
CUST-20451,43,Female,59,One-year,Yes,DSL,No,68.52,4054.56,0
CUST-20452,71,Female,1,One-year,Yes,Fiber optic,Yes,102.02,147.74,1
CUST-20453,22,Female,69,Two-year,No,DSL,No,60.84,4225.14,0
CUST-20454,49,Female,22,Month-to-month,Yes,DSL,No,51.6,1153.09,0
CUST-20455,60,Male,23,Two-year,Yes,Fiber optic,No,68.28,1567.99,0
CUST-20456,60,Female,62,Month-to-month,No,No,No internet service,18.0,1174.3,0
CUST-20457,30,Male,45,One-year,No,DSL,No,41.01,1864.09,0
CUST-20458,49,Female,63,Month-to-month,Yes,Fiber optic,Yes,80.04,5011.01,0
CUST-20459,66,Male,24,Month-to-month,Yes,DSL,No,55.28,1323.05,0
CUST-20460,42,Female,2,Month-to-month,Yes,Fiber optic,No,65.3,122.7,1
CUST-20461,54,Male,32,Month-to-month,Yes,Fiber optic,No,68.06,2188.71,1
CUST-20462,30,Female,20,One-year,Yes,DSL,Yes,81.5,1647.04,0
CUST-20463,42,Male,49,Month-to-month,Yes,Fiber optic,Yes,81.19,3973.75,1
CUST-20464,31,Female,20,Two-year,No,Fiber optic,Yes,85.09,1684.55,0
CUST-20465,24,Male,71,Two-year,Yes,No,No internet service,18.0,1278.35,0
CUST-20466,36,Female,30,One-year,Yes,DSL,Yes,62.86,1873.48,0
CUST-20467,36,Female,65,Month-to-month,Yes,DSL,Yes,68.28,4449.47,0
CUST-20468,58,Male,39,One-year,Yes,Fiber optic,No,93.18,3652.57,0
CUST-20469,22,Male,26,Two-year,Yes,Fiber optic,No,87.27,2298.39,1
CUST-20470,60,Male,16,Month-to-month,No,Fiber optic,Yes,97.45,1549.12,1
CUST-20471,48,Male,56,Two-year,No,DSL,No,73.79,4150.37,0
CUST-20472,23,Female,30,Month-to-month,Yes,Fiber optic,No,82.62,2467.22,1
CUST-20473,53,Female,14,Month-to-month,No,Fiber optic,No,89.68,1252.47,1
CUST-20474,47,Male,27,Month-to-month,No,Fiber optic,Yes,82.14,2217.9,1
CUST-20475,37,Female,39,Month-to-month,No,Fiber optic,Yes,94.95,3705.82,0
CUST-20476,56,Female,35,Month-to-month,No,No,No internet service,18.0,639.39,0
CUST-20477,42,Male,41,Month-to-month,Yes,Fiber optic,No,77.07,3122.26,1
CUST-20478,53,Female,68,Month-to-month,Yes,Fiber optic,No,71.21,4831.67,0
CUST-20479,40,Male,46,Month-to-month,No,Fiber optic,No,76.84,3537.41,1
CUST-20480,63,Male,57,Month-to-month,Yes,Fiber optic,Yes,88.71,5059.81,1
CUST-20481,30,Female,2,Month-to-month,Yes,No,No internet service,20.82,48.55,0
CUST-20482,29,Male,40,One-year,Yes,DSL,Yes,89.56,3568.21,0
CUST-20483,51,Female,51,Month-to-month,Yes,Fiber optic,No,99.81,5081.53,1
CUST-20484,28,Female,20,Month-to-month,No,Fiber optic,Yes,112.8,2252.07,1
CUST-20485,33,Female,42,One-year,Yes,DSL,Yes,72.82,3089.69,0
CUST-20486,65,Male,54,Month-to-month,No,DSL,No,58.32,3159.23,0
CUST-20487,42,Female,65,One-year,No,DSL,No,44.26,2893.62,0
CUST-20488,48,Male,20,One-year,Yes,DSL,Yes,60.25,1234.49,0
CUST-20489,27,Male,52,One-year,Yes,DSL,No,50.92,2634.41,0
CUST-20490,59,Female,62,Month-to-month,Yes,Fiber optic,No,88.03,5465.5,0
CUST-20491,21,Female,33,Two-year,No,Fiber optic,No,85.64,2850.18,0
CUST-20492,24,Female,68,Two-year,No,Fiber optic,Yes,83.45,5654.87,0
CUST-20493,66,Female,39,Month-to-month,No,Fiber optic,Yes,82.61,3198.66,1
CUST-20494,26,Female,38,Month-to-month,Yes,DSL,No,69.0,2628.36,1
CUST-20495,44,Male,19,Month-to-month,Yes,DSL,No,44.38,864.19,1
CUST-20496,18,Female,35,One-year,Yes,No,No internet service,21.52,783.41,0
CUST-20497,56,Female,7,Month-to-month,No,DSL,No,54.17,391.84,1
CUST-20498,52,Male,25,One-year,Yes,No,No internet service,26.16,672.58,1
CUST-20499,22,Male,48,Month-to-month,No,Fiber optic,No,80.38,3847.98,0
CUST-20500,34,Female,57,Two-year,Yes,Fiber optic,No,80.61,4602.69,0
CUST-20501,67,Female,43,One-year,Yes,No,No internet service,18.0,774.3,0
CUST-20502,52,Female,28,Month-to-month,No,Fiber optic,No,104.12,2929.86,1
CUST-20503,38,Male,30,One-year,Yes,No,No internet service,25.23,745.94,1
CUST-20504,39,Female,32,Month-to-month,No,Fiber optic,No,81.98,2610.45,1
CUST-20505,18,Male,10,Month-to-month,No,No,No internet service,18.0,199.42,0
CUST-20506,70,Male,12,Month-to-month,No,No,No internet service,18.0,223.25,1
CUST-20507,73,Male,8,One-year,Yes,DSL,No,55.35,423.74,1
CUST-20508,30,Female,60,Month-to-month,Yes,Fiber optic,Yes,86.99,5227.27,1
CUST-20509,25,Female,18,Month-to-month,No,Fiber optic,No,61.24,1080.73,1
CUST-20510,39,Female,48,One-year,No,No,No internet service,18.0,845.61,0
CUST-20511,21,Female,11,Month-to-month,No,Fiber optic,No,76.25,870.57,1
CUST-20512,60,Male,29,Month-to-month,Yes,Fiber optic,No,65.48,1901.83,1
CUST-20513,70,Female,7,Month-to-month,Yes,Fiber optic,Yes,86.31,612.98,1
CUST-20514,30,Female,16,Two-year,No,Fiber optic,No,75.46,1205.13,1
CUST-20515,35,Male,46,One-year,No,No,No internet service,23.37,1051.66,0
CUST-20516,55,Male,33,One-year,No,Fiber optic,No,73.22,2416.29,0
CUST-20517,22,Male,20,Two-year,Yes,DSL,No,61.04,1213.21,0
CUST-20518,73,Female,18,Month-to-month,No,Fiber optic,No,85.11,1534.29,0
CUST-20519,57,Male,26,Month-to-month,Yes,DSL,No,36.82,918.65,0
CUST-20520,27,Female,35,One-year,Yes,Fiber optic,No,84.85,2997.58,0
CUST-20521,62,Male,27,Month-to-month,No,Fiber optic,Yes,113.79,3058.22,1
CUST-20522,36,Female,16,Month-to-month,No,No,No internet service,18.0,266.38,1
CUST-20523,28,Male,42,Two-year,No,No,No internet service,27.16,1170.51,0
CUST-20524,71,Female,48,Month-to-month,No,No,No internet service,22.71,1101.15,1
CUST-20525,21,Male,33,One-year,No,No,No internet service,18.0,642.7,0
CUST-20526,38,Male,43,Month-to-month,No,DSL,No,63.36,2707.29,1
CUST-20527,25,Female,37,Month-to-month,Yes,Fiber optic,Yes,91.08,3367.08,1
CUST-20528,50,Female,41,One-year,No,No,No internet service,18.0,722.66,0
CUST-20529,61,Female,21,Month-to-month,Yes,DSL,No,28.3,623.37,0
CUST-20530,55,Male,66,Month-to-month,Yes,DSL,Yes,64.56,4230.93,0
CUST-20531,70,Male,27,Two-year,No,Fiber optic,Yes,102.71,2755.17,0
CUST-20532,45,Female,54,Month-to-month,Yes,Fiber optic,No,100.77,5421.49,0
CUST-20533,55,Female,5,One-year,No,Fiber optic,Yes,82.99,390.34,0
CUST-20534,45,Male,58,Month-to-month,No,Fiber optic,Yes,83.51,4839.29,1
CUST-20535,65,Female,36,Month-to-month,Yes,DSL,No,63.84,2331.33,0
CUST-20536,35,Female,61,Month-to-month,No,No,No internet service,18.0,1135.07,0
CUST-20537,18,Male,64,Month-to-month,No,No,No internet service,26.79,1737.79,0
CUST-20538,19,Male,13,Month-to-month,Yes,No,No internet service,23.43,272.15,1
CUST-20539,44,Male,65,Month-to-month,Yes,DSL,No,61.04,3967.56,0
CUST-20540,63,Female,28,Month-to-month,Yes,No,No internet service,18.43,502.21,0
CUST-20541,35,Male,63,Month-to-month,No,Fiber optic,No,82.35,5185.56,0
CUST-20542,74,Female,70,Two-year,Yes,No,No internet service,19.91,1377.34,0
CUST-20543,33,Female,28,Month-to-month,No,DSL,No,61.11,1693.68,1
CUST-20544,27,Male,51,Month-to-month,Yes,Fiber optic,No,80.35,4118.28,1
CUST-20545,41,Male,15,One-year,Yes,DSL,No,29.67,484.69,0
CUST-20546,50,Female,17,Month-to-month,No,Fiber optic,No,88.03,1534.41,1
CUST-20547,27,Male,3,One-year,Yes,Fiber optic,No,69.23,223.56,1
CUST-20548,51,Female,20,Month-to-month,Yes,DSL,No,53.54,1068.43,1
CUST-20549,29,Female,72,Two-year,No,Fiber optic,No,100.54,7279.83,0
CUST-20550,73,Female,51,Two-year,Yes,DSL,No,40.93,2133.41,0
CUST-20551,74,Female,20,Two-year,Yes,No,No internet service,21.45,436.78,0
CUST-20552,48,Male,68,Month-to-month,Yes,No,No internet service,21.4,1466.7,1
CUST-20553,45,Female,9,Month-to-month,Yes,Fiber optic,No,86.88,761.38,1
CUST-20554,67,Male,11,Month-to-month,Yes,DSL,Yes,66.61,734.16,1
CUST-20555,63,Female,4,Month-to-month,Yes,Fiber optic,No,98.67,378.66,1
CUST-20556,45,Female,38,One-year,Yes,No,No internet service,18.0,710.65,0
CUST-20557,63,Female,6,Month-to-month,No,No,No internet service,24.8,159.28,0
CUST-20558,56,Female,30,Two-year,Yes,Fiber optic,No,78.37,2334.48,0
CUST-20559,61,Male,23,Two-year,No,Fiber optic,No,79.21,1796.98,0
CUST-20560,52,Male,66,Month-to-month,No,Fiber optic,No,100.58,6667.5,0
CUST-20561,21,Male,71,Month-to-month,Yes,Fiber optic,No,77.7,5533.16,0
CUST-20562,59,Female,31,Two-year,Yes,No,No internet service,25.66,809.54,0
CUST-20563,73,Female,47,Month-to-month,No,Fiber optic,Yes,104.98,4911.72,0
CUST-20564,55,Female,1,Month-to-month,Yes,No,No internet service,24.12,24.12,0
CUST-20565,70,Female,51,Month-to-month,Yes,DSL,No,49.78,2568.83,0
CUST-20566,71,Female,48,One-year,Yes,DSL,Yes,61.97,2926.4,0
CUST-20567,26,Female,26,Two-year,Yes,Fiber optic,No,75.18,1946.56,0
CUST-20568,52,Male,37,Month-to-month,No,DSL,No,55.71,2063.71,0
CUST-20569,66,Male,8,One-year,No,Fiber optic,No,79.95,632.08,0
CUST-20570,40,Female,33,One-year,Yes,Fiber optic,Yes,95.71,3170.11,1
CUST-20571,50,Male,15,One-year,No,DSL,No,60.91,909.49,0
CUST-20572,38,Male,42,Month-to-month,Yes,No,No internet service,18.0,771.2,0
CUST-20573,28,Female,20,Month-to-month,No,Fiber optic,No,86.15,1704.66,1
CUST-20574,23,Female,21,One-year,Yes,DSL,No,54.83,1166.39,0
CUST-20575,40,Female,62,Month-to-month,Yes,DSL,No,60.92,3775.66,0
CUST-20576,73,Male,57,Two-year,No,DSL,No,55.46,3173.27,0
CUST-20577,48,Male,4,Month-to-month,Yes,No,No internet service,22.04,116.77,0
CUST-20578,55,Male,52,One-year,No,DSL,Yes,65.33,3403.09,0
CUST-20579,32,Male,23,Month-to-month,Yes,Fiber optic,Yes,99.01,2271.67,1
CUST-20580,57,Male,12,Month-to-month,No,DSL,No,40.86,478.21,1
CUST-20581,58,Female,53,Month-to-month,No,Fiber optic,No,61.03,3170.65,1
CUST-20582,33,Female,32,Month-to-month,Yes,Fiber optic,No,105.03,3379.42,1
CUST-20583,51,Female,42,Month-to-month,Yes,Fiber optic,No,87.47,3645.44,1
CUST-20584,53,Male,48,Month-to-month,Yes,DSL,No,53.13,2570.83,1
CUST-20585,26,Male,63,Two-year,Yes,DSL,Yes,76.47,4835.72,0
CUST-20586,45,Female,64,One-year,Yes,No,No internet service,20.1,1294.33,0
CUST-20587,22,Female,50,Month-to-month,Yes,No,No internet service,22.34,1110.96,0
CUST-20588,72,Male,22,One-year,No,DSL,Yes,70.52,1529.6,0
CUST-20589,74,Female,26,One-year,No,Fiber optic,No,83.62,2196.54,1
CUST-20590,50,Female,56,Month-to-month,Yes,Fiber optic,No,51.47,2873.37,0
CUST-20591,70,Male,27,One-year,Yes,DSL,Yes,60.87,1622.5,0
CUST-20592,33,Male,64,Month-to-month,Yes,No,No internet service,23.79,1545.17,0
CUST-20593,47,Male,8,Two-year,Yes,DSL,No,43.17,362.22,0
CUST-20594,32,Male,58,Month-to-month,Yes,No,No internet service,18.0,1022.37,0
CUST-20595,60,Male,52,One-year,Yes,No,No internet service,23.27,1230.2,0
CUST-20596,73,Male,29,Month-to-month,No,No,No internet service,19.95,599.45,0
CUST-20597,21,Female,59,Month-to-month,Yes,No,No internet service,18.0,1042.73,0
CUST-20598,55,Female,1,One-year,No,No,No internet service,22.07,22.07,0
CUST-20599,70,Female,32,Two-year,Yes,Fiber optic,No,82.16,2661.76,0
CUST-20600,34,Female,67,Two-year,No,Fiber optic,No,120.0,8041.03,0
CUST-20601,40,Male,24,Two-year,Yes,DSL,Yes,83.89,2032.84,0
CUST-20602,35,Male,47,Month-to-month,No,No,No internet service,23.47,1148.05,0
CUST-20603,41,Female,51,One-year,Yes,Fiber optic,No,92.38,4714.97,0
CUST-20604,53,Female,47,Two-year,No,Fiber optic,Yes,85.15,3981.22,1
CUST-20605,72,Male,10,Month-to-month,No,No,No internet service,19.4,167.51,1
CUST-20606,27,Male,67,Month-to-month,No,No,No internet service,24.79,1671.26,0
CUST-20607,65,Female,53,Two-year,Yes,DSL,No,47.93,2563.68,0
CUST-20608,49,Female,45,Two-year,Yes,DSL,No,52.15,2346.3,0
CUST-20609,54,Female,55,Month-to-month,No,No,No internet service,18.0,972.84,0
CUST-20610,65,Female,64,One-year,Yes,DSL,No,40.67,2585.86,0
CUST-20611,27,Female,3,One-year,Yes,Fiber optic,No,82.07,254.27,0
CUST-20612,19,Female,2,One-year,Yes,DSL,Yes,80.08,194.65,1
CUST-20613,36,Female,14,One-year,No,DSL,No,41.95,600.09,0
CUST-20614,26,Male,44,Month-to-month,Yes,No,No internet service,18.0,774.32,1
CUST-20615,58,Male,27,Two-year,No,DSL,No,51.12,1424.52,0
CUST-20616,32,Female,35,One-year,Yes,Fiber optic,No,73.62,2591.73,0
CUST-20617,43,Male,57,Two-year,Yes,DSL,Yes,66.62,3767.69,0
CUST-20618,29,Female,8,Month-to-month,No,No,No internet service,27.89,217.94,1
CUST-20619,50,Male,58,Month-to-month,Yes,No,No internet service,19.06,1121.09,0
CUST-20620,20,Female,61,Month-to-month,Yes,No,No internet service,18.82,1151.99,0
CUST-20621,60,Male,28,One-year,Yes,No,No internet service,21.86,628.23,0
CUST-20622,30,Male,18,Two-year,No,No,No internet service,18.0,328.88,0
CUST-20623,24,Female,11,Month-to-month,No,Fiber optic,No,64.91,696.59,0
CUST-20624,56,Female,38,Month-to-month,No,DSL,Yes,75.0,2845.94,1
CUST-20625,44,Female,55,Two-year,No,Fiber optic,No,90.38,5001.35,0
CUST-20626,59,Male,42,Month-to-month,No,Fiber optic,No,85.16,3578.48,1
CUST-20627,35,Male,54,Two-year,Yes,DSL,No,51.34,2801.23,1
CUST-20628,28,Male,8,Month-to-month,No,DSL,Yes,72.3,559.7,1
CUST-20629,42,Female,7,Month-to-month,Yes,Fiber optic,No,97.03,652.79,1
CUST-20630,35,Male,2,One-year,Yes,Fiber optic,No,82.14,176.25,1
CUST-20631,45,Female,27,One-year,No,Fiber optic,No,55.57,1484.67,0
CUST-20632,19,Male,5,Month-to-month,No,DSL,No,47.63,239.59,1
CUST-20633,19,Female,58,Month-to-month,Yes,Fiber optic,Yes,101.25,5896.55,0
CUST-20634,23,Female,10,Month-to-month,Yes,No,No internet service,18.51,208.99,0
CUST-20635,31,Female,20,Month-to-month,Yes,Fiber optic,Yes,111.75,2246.71,1
CUST-20636,45,Male,72,Month-to-month,No,Fiber optic,No,61.28,4390.08,1
CUST-20637,68,Male,51,Month-to-month,Yes,Fiber optic,No,70.78,3581.86,1
CUST-20638,40,Female,18,Month-to-month,Yes,DSL,Yes,57.59,1003.82,1
CUST-20639,56,Male,51,Month-to-month,No,Fiber optic,No,76.91,3898.16,1
CUST-20640,42,Male,36,Month-to-month,Yes,Fiber optic,No,103.2,3713.84,1
CUST-20641,26,Female,12,One-year,No,Fiber optic,No,109.08,1278.32,0
CUST-20642,25,Male,19,One-year,Yes,Fiber optic,No,115.76,2214.7,1
CUST-20643,20,Male,27,Month-to-month,Yes,DSL,Yes,66.67,1813.83,0
CUST-20644,45,Female,27,Two-year,No,DSL,No,59.25,1619.73,0
CUST-20645,56,Male,9,One-year,Yes,DSL,Yes,53.58,471.3,0
CUST-20646,41,Male,43,One-year,Yes,No,No internet service,19.25,826.39,1
CUST-20647,18,Male,41,Month-to-month,No,Fiber optic,Yes,90.27,3727.09,1
CUST-20648,53,Female,54,Two-year,Yes,No,No internet service,23.43,1275.69,0
CUST-20649,69,Male,12,Month-to-month,Yes,Fiber optic,No,111.67,1333.57,1
CUST-20650,63,Female,24,Two-year,Yes,No,No internet service,24.2,556.53,0
CUST-20651,25,Female,21,One-year,Yes,Fiber optic,No,70.42,1468.61,0
CUST-20652,40,Male,68,Two-year,No,Fiber optic,Yes,107.93,7338.39,0
CUST-20653,28,Male,66,Month-to-month,Yes,Fiber optic,No,58.3,3837.84,1
CUST-20654,24,Female,64,One-year,Yes,Fiber optic,No,78.96,5043.64,0
CUST-20655,23,Female,35,Month-to-month,Yes,Fiber optic,No,79.17,2756.15,1
CUST-20656,63,Female,50,One-year,Yes,Fiber optic,No,82.96,4148.75,0
CUST-20657,37,Female,45,Month-to-month,No,Fiber optic,No,101.52,4545.7,0
CUST-20658,71,Male,58,Month-to-month,Yes,Fiber optic,Yes,120.0,6961.65,0
CUST-20659,35,Female,1,Month-to-month,No,Fiber optic,No,77.73,124.9,1
CUST-20660,38,Male,63,Month-to-month,Yes,No,No internet service,20.43,1292.61,1
CUST-20661,20,Male,3,Two-year,Yes,Fiber optic,Yes,98.22,284.8,0
CUST-20662,20,Female,28,Month-to-month,No,No,No internet service,18.0,509.09,1
CUST-20663,60,Female,8,Two-year,Yes,Fiber optic,Yes,118.29,954.25,0
CUST-20664,71,Male,64,One-year,No,DSL,No,57.72,3664.57,0
CUST-20665,61,Male,59,Month-to-month,No,DSL,No,31.29,1839.02,0
CUST-20666,46,Male,62,Two-year,Yes,No,No internet service,27.08,1724.32,0
CUST-20667,64,Female,29,One-year,No,Fiber optic,Yes,75.67,2205.47,1
CUST-20668,70,Male,68,Month-to-month,Yes,DSL,No,45.15,3061.5,0
CUST-20669,60,Male,55,Month-to-month,Yes,DSL,No,52.52,2904.37,0
CUST-20670,21,Male,37,Month-to-month,Yes,DSL,No,62.38,2321.04,1
CUST-20671,27,Female,2,Month-to-month,No,Fiber optic,No,112.0,196.76,1
CUST-20672,30,Male,15,One-year,Yes,No,No internet service,27.71,406.25,1
CUST-20673,52,Female,23,Two-year,No,No,No internet service,18.0,420.91,0
CUST-20674,31,Male,28,Two-year,No,Fiber optic,No,87.22,2450.14,1
CUST-20675,39,Male,39,Month-to-month,No,Fiber optic,Yes,77.06,2999.13,1
CUST-20676,50,Female,2,Two-year,No,DSL,Yes,64.91,130.23,1
CUST-20677,66,Male,13,Month-to-month,No,Fiber optic,No,72.01,937.02,1
CUST-20678,51,Female,17,Month-to-month,Yes,No,No internet service,18.0,320.28,1
CUST-20679,51,Male,7,Two-year,No,DSL,Yes,64.8,459.73,0
CUST-20680,34,Male,13,Two-year,No,Fiber optic,No,77.36,1038.1,1
CUST-20681,40,Female,57,One-year,Yes,Fiber optic,Yes,99.55,5664.13,1
CUST-20682,39,Female,34,Two-year,No,Fiber optic,No,66.17,2222.79,0
CUST-20683,46,Male,18,One-year,Yes,No,No internet service,18.0,279.99,0
CUST-20684,48,Female,31,Month-to-month,No,Fiber optic,No,105.44,3250.31,1
CUST-20685,34,Female,21,Month-to-month,Yes,Fiber optic,Yes,90.81,1931.53,0
CUST-20686,66,Male,41,Month-to-month,Yes,Fiber optic,No,81.99,3411.6,0
CUST-20687,49,Female,21,One-year,Yes,Fiber optic,No,85.75,1800.48,0
CUST-20688,30,Female,34,Month-to-month,Yes,DSL,No,50.3,1726.25,0
CUST-20689,67,Male,9,Month-to-month,Yes,DSL,Yes,79.43,699.02,1
CUST-20690,29,Male,70,One-year,Yes,No,No internet service,18.0,1290.38,0
CUST-20691,39,Male,24,Month-to-month,No,Fiber optic,No,101.23,2431.9,1
CUST-20692,22,Female,1,Two-year,No,Fiber optic,No,37.17,43.66,0
CUST-20693,22,Male,40,One-year,No,No,No internet service,18.74,762.01,0
CUST-20694,36,Male,18,Month-to-month,No,DSL,Yes,69.86,1279.22,1
CUST-20695,72,Male,10,One-year,Yes,No,No internet service,18.0,171.07,0
CUST-20696,42,Female,39,Month-to-month,Yes,Fiber optic,Yes,116.31,4506.78,1
CUST-20697,41,Male,6,Month-to-month,No,Fiber optic,No,113.82,683.65,1
CUST-20698,32,Male,66,Month-to-month,Yes,Fiber optic,Yes,90.16,5938.04,0
CUST-20699,71,Female,39,One-year,Yes,No,No internet service,20.53,800.99,1
CUST-20700,22,Female,15,Month-to-month,Yes,DSL,Yes,85.01,1269.83,0
CUST-20701,53,Male,71,Month-to-month,Yes,Fiber optic,Yes,117.96,8350.77,0
CUST-20702,45,Female,58,Month-to-month,Yes,DSL,No,45.47,2635.64,0
CUST-20703,68,Female,32,One-year,Yes,DSL,No,43.03,1357.52,0
CUST-20704,62,Female,52,Month-to-month,Yes,Fiber optic,No,98.21,5154.07,1
CUST-20705,26,Female,66,Month-to-month,No,DSL,No,58.55,3886.17,1
CUST-20706,54,Female,45,Month-to-month,Yes,Fiber optic,No,93.02,4205.7,0
CUST-20707,33,Female,68,One-year,Yes,DSL,Yes,71.93,4887.98,0
CUST-20708,35,Male,27,Month-to-month,No,Fiber optic,No,72.69,1956.68,1
CUST-20709,20,Female,21,Two-year,No,No,No internet service,22.55,454.57,1
CUST-20710,51,Male,38,Month-to-month,No,DSL,No,51.45,1948.72,0
CUST-20711,46,Female,52,Two-year,Yes,DSL,Yes,61.77,3217.32,0
CUST-20712,69,Female,47,One-year,No,Fiber optic,No,113.54,5280.17,0
CUST-20713,55,Female,57,Month-to-month,No,DSL,No,51.08,2938.48,0
CUST-20714,28,Female,41,Month-to-month,Yes,Fiber optic,No,79.94,3262.44,0
CUST-20715,27,Female,62,Month-to-month,No,Fiber optic,Yes,98.36,6113.4,0
CUST-20716,55,Male,67,One-year,Yes,No,No internet service,24.2,1610.56,0
CUST-20717,56,Female,63,Two-year,Yes,No,No internet service,23.56,1490.98,0
CUST-20718,47,Female,15,Month-to-month,No,Fiber optic,Yes,115.48,1719.15,0
CUST-20719,34,Female,10,Month-to-month,Yes,DSL,No,66.68,675.68,1
CUST-20720,51,Male,47,Two-year,Yes,No,No internet service,26.79,1288.64,0
CUST-20721,44,Female,41,Two-year,Yes,DSL,No,51.71,2113.61,0
CUST-20722,56,Female,50,Month-to-month,Yes,DSL,No,45.54,2244.94,0
CUST-20723,40,Male,41,Month-to-month,No,Fiber optic,Yes,72.96,2995.06,1
CUST-20724,36,Female,53,One-year,No,No,No internet service,22.99,1169.37,0
CUST-20725,66,Male,6,One-year,Yes,DSL,Yes,69.37,445.36,0
CUST-20726,43,Male,63,Month-to-month,Yes,DSL,No,48.35,3074.5,0
CUST-20727,59,Male,32,Month-to-month,Yes,DSL,No,53.89,1711.1,1
CUST-20728,53,Male,30,One-year,No,Fiber optic,No,102.11,3025.55,0
CUST-20729,73,Male,63,Month-to-month,Yes,Fiber optic,No,100.04,6310.92,0
CUST-20730,47,Female,37,Month-to-month,Yes,DSL,No,66.23,2431.09,1
CUST-20731,42,Male,29,One-year,Yes,No,No internet service,18.0,506.84,0
CUST-20732,30,Female,66,Month-to-month,No,DSL,No,59.53,3909.21,0
CUST-20733,29,Male,31,Month-to-month,No,DSL,No,57.27,1792.42,1
CUST-20734,39,Male,45,Month-to-month,No,DSL,No,51.27,2321.8,0
CUST-20735,68,Female,53,One-year,No,Fiber optic,No,101.03,5357.3,0
CUST-20736,26,Male,57,Two-year,Yes,DSL,Yes,71.65,4135.85,0
CUST-20737,38,Female,72,Month-to-month,No,DSL,Yes,56.62,4061.72,0
CUST-20738,43,Male,30,Month-to-month,No,Fiber optic,No,106.01,3166.29,1
CUST-20739,51,Male,63,Two-year,No,Fiber optic,Yes,93.0,5873.74,0
CUST-20740,64,Male,35,One-year,No,DSL,Yes,68.28,2385.83,0
CUST-20741,27,Male,4,One-year,Yes,Fiber optic,No,86.38,332.0,1
CUST-20742,19,Male,31,Month-to-month,No,Fiber optic,Yes,69.24,2145.08,0
CUST-20743,62,Female,12,Two-year,Yes,No,No internet service,18.0,182.74,0
CUST-20744,42,Female,56,One-year,Yes,No,No internet service,21.81,1230.15,0
CUST-20745,54,Female,2,Two-year,No,DSL,Yes,72.83,141.46,1
CUST-20746,66,Male,27,Two-year,Yes,DSL,No,61.96,1679.65,1
CUST-20747,34,Male,21,Month-to-month,No,DSL,No,51.56,1078.9,0
CUST-20748,57,Female,32,Two-year,No,Fiber optic,No,94.6,3038.08,0
CUST-20749,51,Female,15,Two-year,Yes,Fiber optic,No,59.94,880.69,0
CUST-20750,53,Female,48,Month-to-month,No,DSL,No,63.11,3030.67,0
CUST-20751,18,Female,7,One-year,No,Fiber optic,Yes,82.27,582.36,0
CUST-20752,58,Female,46,Two-year,No,Fiber optic,Yes,109.58,5044.94,0
CUST-20753,65,Female,67,One-year,Yes,Fiber optic,Yes,107.84,7272.28,0
CUST-20754,35,Female,28,Two-year,Yes,Fiber optic,No,99.97,2821.89,0
CUST-20755,40,Male,12,Month-to-month,Yes,Fiber optic,Yes,77.94,939.52,1
CUST-20756,30,Male,6,One-year,No,DSL,Yes,65.1,367.1,0
CUST-20757,31,Male,35,Two-year,Yes,Fiber optic,No,87.04,3051.42,0
CUST-20758,73,Female,30,Month-to-month,No,DSL,Yes,96.09,2891.98,1
CUST-20759,31,Female,22,One-year,Yes,Fiber optic,No,88.86,1953.29,1
CUST-20760,36,Female,4,One-year,No,DSL,Yes,63.54,277.32,1
CUST-20761,39,Female,46,Month-to-month,No,DSL,No,47.93,2228.97,0
CUST-20762,34,Female,37,Two-year,No,DSL,No,37.18,1378.7,0
CUST-20763,20,Male,15,Month-to-month,Yes,Fiber optic,Yes,90.84,1366.82,0
CUST-20764,33,Female,1,Two-year,Yes,DSL,Yes,62.68,62.68,0
CUST-20765,65,Male,5,Month-to-month,Yes,Fiber optic,No,90.48,483.95,1
CUST-20766,49,Female,53,Two-year,Yes,No,No internet service,20.61,1064.84,0
CUST-20767,33,Male,59,Month-to-month,Yes,Fiber optic,No,92.95,5482.63,0
CUST-20768,32,Male,70,One-year,Yes,DSL,No,52.02,3641.49,0
CUST-20769,56,Male,17,Two-year,No,DSL,Yes,69.24,1153.72,0
CUST-20770,36,Female,21,Month-to-month,Yes,DSL,No,44.44,925.53,0
CUST-20771,69,Male,2,Month-to-month,No,DSL,No,46.75,118.08,1
CUST-20772,23,Female,48,Month-to-month,Yes,Fiber optic,No,102.12,4905.8,1
CUST-20773,68,Female,53,Month-to-month,Yes,No,No internet service,18.0,921.23,0
CUST-20774,34,Female,54,Month-to-month,No,Fiber optic,No,83.92,4534.89,1
CUST-20775,71,Male,8,Month-to-month,No,DSL,No,54.76,445.51,0
CUST-20776,71,Female,20,Month-to-month,No,No,No internet service,23.5,461.79,0
CUST-20777,21,Male,11,One-year,Yes,DSL,No,72.51,783.86,1
CUST-20778,71,Female,1,Month-to-month,No,Fiber optic,Yes,95.09,116.86,1
CUST-20779,65,Female,4,Month-to-month,Yes,DSL,No,44.72,182.81,0
CUST-20780,56,Female,26,Month-to-month,Yes,Fiber optic,No,74.71,1944.34,0
CUST-20781,18,Female,52,One-year,Yes,Fiber optic,No,107.05,5559.39,0
CUST-20782,68,Male,50,Month-to-month,Yes,Fiber optic,Yes,107.93,5402.04,1
CUST-20783,70,Female,71,One-year,No,DSL,No,55.85,3946.4,0
CUST-20784,73,Female,23,One-year,Yes,DSL,No,69.9,1617.43,1
CUST-20785,51,Female,27,Month-to-month,Yes,DSL,No,52.65,1431.13,1
CUST-20786,44,Female,38,Month-to-month,Yes,Fiber optic,Yes,80.73,3062.61,1
CUST-20787,32,Male,42,Two-year,Yes,DSL,No,50.35,2132.88,0
CUST-20788,29,Female,27,Two-year,No,DSL,No,40.96,1093.1,0
CUST-20789,44,Female,23,Month-to-month,No,Fiber optic,No,93.23,2158.71,1
CUST-20790,48,Male,37,Month-to-month,Yes,Fiber optic,No,90.07,3339.51,1
CUST-20791,62,Female,42,One-year,No,No,No internet service,18.0,774.92,0
CUST-20792,18,Male,29,Month-to-month,No,No,No internet service,21.58,618.72,0
CUST-20793,34,Male,51,Month-to-month,No,DSL,Yes,65.3,3335.39,0
CUST-20794,61,Male,15,One-year,Yes,DSL,No,44.79,690.59,0
CUST-20795,56,Male,30,Month-to-month,Yes,Fiber optic,No,79.36,2364.21,0
CUST-20796,22,Male,20,Month-to-month,No,Fiber optic,Yes,114.17,2292.46,1
CUST-20797,23,Female,25,Two-year,No,No,No internet service,25.2,642.75,0
CUST-20798,39,Male,46,Two-year,Yes,DSL,No,62.46,2873.46,0
CUST-20799,52,Female,34,Month-to-month,No,Fiber optic,Yes,101.54,3464.57,0
CUST-20800,68,Male,32,Month-to-month,Yes,Fiber optic,Yes,112.26,3587.22,1
CUST-20801,44,Female,34,One-year,Yes,Fiber optic,No,109.71,3719.68,1
CUST-20802,49,Male,36,Two-year,No,DSL,Yes,68.06,2436.7,0
CUST-20803,58,Female,19,Two-year,No,DSL,No,50.4,969.55,0
CUST-20804,54,Male,50,Month-to-month,Yes,Fiber optic,Yes,93.49,4695.96,1
CUST-20805,45,Male,16,Month-to-month,No,Fiber optic,No,62.96,1001.92,0
CUST-20806,57,Male,71,One-year,Yes,Fiber optic,No,64.21,4541.74,0
CUST-20807,43,Male,71,Month-to-month,Yes,DSL,No,57.93,4143.62,0
CUST-20808,27,Male,12,Month-to-month,No,DSL,No,61.18,725.43,1
CUST-20809,38,Female,56,One-year,Yes,Fiber optic,Yes,113.06,6324.4,0
CUST-20810,42,Male,57,Month-to-month,No,No,No internet service,18.97,1069.27,0
CUST-20811,57,Female,39,Month-to-month,No,Fiber optic,No,97.34,3814.03,0
CUST-20812,40,Female,58,One-year,No,DSL,No,79.36,4616.2,0
CUST-20813,55,Female,62,Month-to-month,No,Fiber optic,Yes,112.85,6983.33,0
CUST-20814,34,Female,59,One-year,Yes,Fiber optic,No,114.11,6750.63,1
CUST-20815,66,Male,66,Two-year,Yes,No,No internet service,18.0,1187.66,0
CUST-20816,56,Male,46,Two-year,Yes,DSL,No,50.51,2265.69,0
CUST-20817,66,Male,71,Month-to-month,No,DSL,No,35.54,2539.57,0
CUST-20818,63,Female,11,Two-year,Yes,DSL,No,63.47,710.71,0
CUST-20819,74,Female,41,One-year,Yes,Fiber optic,No,74.62,3066.02,0
CUST-20820,59,Female,35,Two-year,No,Fiber optic,Yes,100.05,3500.42,0
CUST-20821,48,Male,39,Month-to-month,No,DSL,No,62.59,2439.92,0
CUST-20822,49,Female,15,Month-to-month,No,DSL,No,50.77,811.3,0
CUST-20823,58,Female,39,Month-to-month,No,No,No internet service,25.55,980.82,0
CUST-20824,71,Male,32,Month-to-month,Yes,No,No internet service,18.0,549.66,1
CUST-20825,26,Male,25,One-year,Yes,DSL,No,57.21,1436.98,1
CUST-20826,44,Female,10,Month-to-month,Yes,DSL,No,59.22,598.67,1
CUST-20827,34,Male,56,Month-to-month,Yes,Fiber optic,Yes,96.64,5424.3,0
CUST-20828,24,Male,59,Month-to-month,Yes,DSL,No,66.25,3911.26,1
CUST-20829,59,Female,30,One-year,No,Fiber optic,No,103.81,3123.54,0
CUST-20830,21,Female,20,One-year,No,Fiber optic,No,58.56,1168.65,0
CUST-20831,50,Male,68,Two-year,Yes,DSL,Yes,63.2,4298.61,0
CUST-20832,65,Male,53,Month-to-month,No,No,No internet service,23.78,1279.21,0
CUST-20833,21,Female,2,One-year,No,Fiber optic,No,103.25,187.05,1
CUST-20834,54,Male,7,Two-year,Yes,DSL,No,33.79,235.65,1
CUST-20835,70,Male,35,Month-to-month,Yes,Fiber optic,No,86.62,3031.19,1
CUST-20836,20,Female,8,One-year,Yes,DSL,Yes,62.71,522.01,0
CUST-20837,74,Male,37,Month-to-month,No,DSL,Yes,52.94,1972.38,0
CUST-20838,65,Male,68,Month-to-month,No,Fiber optic,No,69.26,4709.22,0
CUST-20839,46,Female,31,Month-to-month,Yes,Fiber optic,No,93.82,2929.67,0
CUST-20840,32,Male,14,Month-to-month,No,DSL,No,59.73,817.44,1
CUST-20841,44,Female,72,One-year,No,No,No internet service,23.04,1675.69,0
CUST-20842,41,Female,57,Two-year,Yes,Fiber optic,No,92.64,5267.52,0
CUST-20843,40,Female,55,Month-to-month,No,DSL,Yes,66.58,3669.82,0
CUST-20844,19,Male,53,Month-to-month,No,Fiber optic,No,53.26,2791.76,0
CUST-20845,67,Male,51,Month-to-month,Yes,DSL,No,44.52,2264.9,0
CUST-20846,55,Female,58,One-year,No,No,No internet service,30.0,1747.21,0
CUST-20847,20,Female,23,Two-year,Yes,Fiber optic,Yes,88.76,2043.66,0
CUST-20848,27,Male,70,One-year,Yes,Fiber optic,Yes,86.58,6072.72,0
CUST-20849,71,Female,67,Month-to-month,Yes,Fiber optic,Yes,103.32,6907.84,1
CUST-20850,44,Female,41,Two-year,No,No,No internet service,18.0,734.64,0
CUST-20851,51,Male,59,Month-to-month,Yes,DSL,No,55.39,3240.23,0
CUST-20852,27,Female,26,Month-to-month,Yes,No,No internet service,23.05,611.18,0
CUST-20853,33,Female,5,Two-year,No,Fiber optic,No,86.96,428.38,1
CUST-20854,45,Male,8,Two-year,Yes,Fiber optic,No,76.91,602.82,1
CUST-20855,24,Male,34,One-year,No,Fiber optic,No,105.71,3604.65,0
CUST-20856,49,Female,32,Two-year,Yes,DSL,No,62.99,2043.06,0
CUST-20857,55,Male,51,Month-to-month,Yes,Fiber optic,No,63.38,3241.29,1
CUST-20858,18,Male,64,Month-to-month,No,Fiber optic,Yes,78.7,5029.05,0
CUST-20859,30,Female,10,Month-to-month,No,Fiber optic,Yes,102.46,1032.08,1
CUST-20860,47,Male,63,Month-to-month,No,No,No internet service,23.18,1497.31,0
CUST-20861,53,Female,7,One-year,Yes,Fiber optic,Yes,104.35,711.35,1
CUST-20862,52,Female,44,Two-year,Yes,No,No internet service,18.23,806.01,0
CUST-20863,48,Male,33,Month-to-month,Yes,Fiber optic,No,100.15,3298.24,1
CUST-20864,37,Female,58,Month-to-month,Yes,DSL,No,46.63,2696.5,0
CUST-20865,22,Male,22,Month-to-month,No,DSL,Yes,63.4,1383.29,1
CUST-20866,33,Male,33,Month-to-month,No,No,No internet service,22.92,787.29,0
CUST-20867,38,Female,60,Month-to-month,Yes,Fiber optic,Yes,120.0,7199.06,0
CUST-20868,56,Female,10,One-year,Yes,No,No internet service,18.0,191.29,1
CUST-20869,27,Male,71,Two-year,No,DSL,No,68.89,4863.47,0
CUST-20870,55,Female,26,One-year,No,Fiber optic,Yes,92.39,2400.24,0
CUST-20871,70,Female,52,Month-to-month,Yes,No,No internet service,18.0,961.13,1
CUST-20872,52,Male,53,Two-year,Yes,DSL,No,67.55,3569.88,0
CUST-20873,53,Female,50,One-year,Yes,DSL,No,62.96,3129.74,0
CUST-20874,46,Female,66,One-year,Yes,Fiber optic,Yes,40.61,2724.44,0
CUST-20875,74,Female,51,Two-year,No,No,No internet service,22.55,1119.92,0
CUST-20876,73,Male,27,One-year,Yes,No,No internet service,28.88,797.15,0
CUST-20877,20,Male,33,Two-year,Yes,DSL,No,60.08,1966.62,0
CUST-20878,48,Female,10,Month-to-month,Yes,Fiber optic,Yes,84.46,845.63,0
CUST-20879,53,Male,24,One-year,No,No,No internet service,25.64,629.12,0
CUST-20880,45,Female,23,Month-to-month,No,No,No internet service,20.62,479.11,0
CUST-20881,64,Male,12,Month-to-month,Yes,No,No internet service,18.0,214.71,0
CUST-20882,40,Male,39,Month-to-month,Yes,Fiber optic,Yes,113.07,4408.36,1
CUST-20883,26,Male,4,Two-year,Yes,Fiber optic,No,67.26,275.04,1
CUST-20884,34,Male,21,Two-year,Yes,DSL,Yes,57.81,1188.31,0
CUST-20885,45,Male,3,Month-to-month,Yes,No,No internet service,18.0,42.52,1
CUST-20886,20,Male,10,Month-to-month,No,Fiber optic,Yes,102.35,996.27,1
CUST-20887,72,Female,44,One-year,No,Fiber optic,Yes,75.09,3300.03,1
CUST-20888,48,Male,71,One-year,No,Fiber optic,No,77.08,5444.47,0
CUST-20889,62,Female,35,Month-to-month,No,Fiber optic,No,65.57,2317.92,1
CUST-20890,55,Male,28,Month-to-month,Yes,No,No internet service,18.0,488.16,1
CUST-20891,50,Male,62,Two-year,No,No,No internet service,18.0,1106.78,0
CUST-20892,39,Female,63,Two-year,Yes,DSL,Yes,58.83,3700.16,1
CUST-20893,42,Male,69,One-year,Yes,Fiber optic,Yes,100.88,6985.24,0
CUST-20894,59,Male,33,Month-to-month,No,DSL,No,44.1,1448.56,1
CUST-20895,60,Male,24,Month-to-month,Yes,Fiber optic,Yes,87.41,2113.26,1
CUST-20896,48,Female,70,Month-to-month,Yes,No,No internet service,18.0,1273.14,0
CUST-20897,41,Male,23,Two-year,No,No,No internet service,25.55,596.31,0
CUST-20898,54,Female,67,Month-to-month,No,No,No internet service,24.53,1587.81,0
CUST-20899,22,Female,42,Two-year,Yes,Fiber optic,No,99.66,4171.65,0
CUST-20900,69,Female,26,Month-to-month,Yes,Fiber optic,Yes,94.06,2438.79,1
CUST-20901,74,Male,42,Month-to-month,Yes,No,No internet service,18.0,763.99,1
CUST-20902,68,Female,36,One-year,No,DSL,No,41.43,1493.72,0
CUST-20903,69,Male,18,Month-to-month,No,DSL,Yes,45.48,793.19,0
CUST-20904,32,Female,55,One-year,No,Fiber optic,Yes,106.67,5849.63,1
CUST-20905,66,Female,1,Month-to-month,Yes,No,No internet service,20.32,23.0,1
CUST-20906,67,Female,11,One-year,Yes,Fiber optic,No,71.35,836.34,1
CUST-20907,51,Male,5,Month-to-month,No,DSL,No,40.52,189.65,1
CUST-20908,33,Female,21,One-year,No,DSL,Yes,66.06,1361.87,0
CUST-20909,43,Male,1,One-year,No,No,No internet service,18.0,18.0,0
CUST-20910,21,Female,20,Two-year,Yes,Fiber optic,No,96.13,1918.05,0
CUST-20911,37,Male,69,Month-to-month,Yes,DSL,No,54.14,3754.25,0
CUST-20912,24,Female,18,One-year,No,No,No internet service,31.87,573.46,0
CUST-20913,25,Female,65,One-year,Yes,Fiber optic,No,89.35,5834.25,1
CUST-20914,24,Female,33,One-year,Yes,Fiber optic,Yes,67.73,2235.53,0
CUST-20915,62,Female,3,Month-to-month,No,Fiber optic,No,79.9,218.73,1
CUST-20916,36,Female,28,Month-to-month,Yes,Fiber optic,Yes,83.73,2335.72,0
CUST-20917,45,Female,64,One-year,Yes,Fiber optic,Yes,88.35,5659.28,0
CUST-20918,62,Female,64,Month-to-month,Yes,DSL,No,37.36,2369.25,0
CUST-20919,22,Female,7,One-year,Yes,DSL,Yes,64.19,468.41,0
CUST-20920,61,Male,72,One-year,Yes,No,No internet service,18.0,1287.03,0
CUST-20921,37,Female,71,Month-to-month,Yes,No,No internet service,19.83,1419.08,0
CUST-20922,47,Male,51,Month-to-month,No,DSL,No,79.77,4070.78,0
CUST-20923,71,Male,28,One-year,Yes,DSL,No,65.67,1863.1,1
CUST-20924,32,Male,36,Two-year,Yes,No,No internet service,28.14,1033.63,0
CUST-20925,30,Male,68,One-year,No,No,No internet service,30.22,2044.55,0
CUST-20926,68,Female,23,Month-to-month,No,Fiber optic,No,70.04,1617.74,0
CUST-20927,34,Male,9,Month-to-month,Yes,Fiber optic,No,85.71,783.84,1
CUST-20928,32,Female,39,One-year,Yes,No,No internet service,20.23,815.8,1
CUST-20929,68,Male,43,Month-to-month,Yes,DSL,Yes,48.06,2064.39,0
CUST-20930,24,Female,49,Month-to-month,Yes,DSL,No,49.06,2417.26,0
CUST-20931,47,Female,4,Month-to-month,No,Fiber optic,No,76.35,303.02,1
CUST-20932,56,Male,69,Month-to-month,No,DSL,No,50.27,3427.31,0
CUST-20933,72,Male,18,Two-year,Yes,No,No internet service,18.0,302.54,0
CUST-20934,59,Male,5,Two-year,No,Fiber optic,No,87.29,419.58,1
CUST-20935,41,Male,55,One-year,Yes,Fiber optic,Yes,107.75,5907.97,1
CUST-20936,31,Male,40,Month-to-month,Yes,No,No internet service,22.07,854.87,0
CUST-20937,25,Female,4,One-year,Yes,No,No internet service,18.0,52.46,0
CUST-20938,49,Male,23,One-year,No,DSL,Yes,61.27,1412.06,0
CUST-20939,50,Female,1,Two-year,Yes,Fiber optic,No,89.71,125.6,0
CUST-20940,68,Female,25,Month-to-month,Yes,DSL,No,59.06,1458.18,0
CUST-20941,50,Male,69,Month-to-month,Yes,DSL,Yes,40.74,2806.2,0
CUST-20942,44,Male,6,One-year,Yes,Fiber optic,No,42.75,237.15,1
CUST-20943,29,Female,65,Month-to-month,No,Fiber optic,No,79.72,5198.5,0
CUST-20944,41,Male,37,Month-to-month,Yes,DSL,Yes,63.43,2346.91,0
CUST-20945,53,Female,59,Month-to-month,No,DSL,No,58.02,3400.29,0
CUST-20946,54,Male,54,Month-to-month,Yes,DSL,No,41.65,2270.02,0
CUST-20947,51,Female,70,Month-to-month,No,Fiber optic,No,81.86,5753.04,0
CUST-20948,69,Female,32,Month-to-month,Yes,DSL,No,62.06,1967.95,1
CUST-20949,23,Female,42,Month-to-month,No,DSL,No,62.33,2619.18,0
CUST-20950,59,Male,51,Month-to-month,Yes,Fiber optic,No,74.06,3799.12,1
CUST-20951,71,Female,19,Month-to-month,Yes,No,No internet service,18.0,336.69,0
CUST-20952,68,Female,62,Month-to-month,Yes,DSL,No,48.54,2970.78,1
CUST-20953,56,Male,8,Month-to-month,Yes,No,No internet service,18.0,132.25,0
CUST-20954,47,Male,36,One-year,No,Fiber optic,No,70.69,2527.4,1
CUST-20955,64,Female,66,One-year,Yes,DSL,No,51.19,3364.15,0
CUST-20956,41,Male,18,Month-to-month,Yes,Fiber optic,No,97.99,1783.97,0
CUST-20957,66,Female,15,Month-to-month,Yes,Fiber optic,No,79.02,1204.11,1
CUST-20958,61,Male,53,Month-to-month,No,No,No internet service,18.94,1007.89,0
CUST-20959,20,Female,41,Two-year,No,Fiber optic,No,82.45,3374.85,0
CUST-20960,55,Male,3,Month-to-month,No,No,No internet service,22.13,66.1,1
CUST-20961,22,Male,56,Month-to-month,No,No,No internet service,20.28,1124.28,0
CUST-20962,71,Female,53,One-year,Yes,No,No internet service,18.0,940.08,0
CUST-20963,42,Female,15,One-year,Yes,Fiber optic,No,75.34,1160.53,1
CUST-20964,40,Female,16,Month-to-month,Yes,Fiber optic,Yes,98.9,1609.17,1
CUST-20965,44,Female,67,One-year,No,DSL,No,58.33,3878.34,0
CUST-20966,74,Female,14,One-year,Yes,Fiber optic,No,79.62,1119.44,1
CUST-20967,48,Female,55,One-year,Yes,No,No internet service,18.63,1028.44,0
CUST-20968,31,Female,66,Two-year,Yes,No,No internet service,18.54,1214.09,0
CUST-20969,35,Female,65,Two-year,Yes,DSL,No,49.02,3147.91,0
CUST-20970,68,Female,45,Month-to-month,No,DSL,No,46.86,2097.66,1
CUST-20971,63,Male,49,One-year,Yes,DSL,Yes,66.03,3233.28,0
CUST-20972,48,Male,16,Month-to-month,Yes,Fiber optic,No,52.59,847.16,0
CUST-20973,20,Female,29,Month-to-month,Yes,Fiber optic,Yes,94.93,2764.35,0
CUST-20974,67,Male,41,One-year,Yes,Fiber optic,Yes,113.69,4637.32,1
CUST-20975,44,Male,53,Month-to-month,Yes,DSL,No,44.77,2383.64,1
CUST-20976,18,Female,21,Month-to-month,Yes,Fiber optic,No,58.4,1240.86,1
CUST-20977,50,Female,42,Two-year,Yes,DSL,No,67.21,2861.87,0
CUST-20978,47,Female,55,Month-to-month,No,Fiber optic,No,98.83,5434.77,0
CUST-20979,64,Male,6,One-year,Yes,DSL,No,46.66,255.61,0
CUST-20980,37,Female,44,One-year,Yes,DSL,No,53.47,2368.4,0
CUST-20981,69,Female,43,One-year,Yes,No,No internet service,25.54,1091.69,0
CUST-20982,45,Male,22,One-year,No,Fiber optic,Yes,92.26,2012.78,1
CUST-20983,40,Female,8,Month-to-month,Yes,Fiber optic,No,108.97,875.35,1
CUST-20984,57,Female,31,Month-to-month,Yes,Fiber optic,No,95.29,2951.24,1
CUST-20985,62,Male,6,One-year,Yes,Fiber optic,No,91.47,521.5,1
CUST-20986,56,Male,43,Month-to-month,No,Fiber optic,No,97.22,4175.48,1
CUST-20987,35,Male,23,Month-to-month,Yes,DSL,No,51.47,1197.49,1
CUST-20988,55,Male,3,Month-to-month,Yes,DSL,Yes,52.0,158.08,1
CUST-20989,59,Female,29,Month-to-month,Yes,Fiber optic,No,73.23,2135.27,1
CUST-20990,43,Female,28,Month-to-month,Yes,Fiber optic,No,85.53,2395.77,1
CUST-20991,29,Female,71,One-year,Yes,No,No internet service,18.0,1313.75,0
CUST-20992,64,Female,45,Two-year,No,DSL,Yes,58.0,2643.91,0
CUST-20993,46,Male,59,One-year,Yes,DSL,Yes,57.79,3385.72,0
CUST-20994,36,Male,61,Month-to-month,Yes,Fiber optic,No,103.79,6345.33,0
CUST-20995,71,Male,70,Month-to-month,Yes,Fiber optic,No,112.05,7829.89,0
CUST-20996,32,Female,5,Month-to-month,Yes,Fiber optic,No,90.23,407.68,1
CUST-20997,28,Female,1,Month-to-month,Yes,DSL,No,50.08,54.59,0
CUST-20998,56,Male,4,One-year,No,DSL,Yes,70.8,298.13,0
CUST-20999,21,Female,60,Month-to-month,Yes,No,No internet service,21.81,1296.15,0
CUST-21000,58,Male,62,Month-to-month,No,DSL,No,53.01,3307.36,0
CUST-21001,25,Male,52,Month-to-month,No,Fiber optic,No,111.56,5755.03,0
CUST-21002,63,Male,35,Month-to-month,Yes,Fiber optic,Yes,98.01,3473.81,0
CUST-21003,65,Female,40,Two-year,Yes,Fiber optic,No,107.29,4319.46,0
CUST-21004,70,Female,32,One-year,Yes,Fiber optic,Yes,97.2,3114.41,0
CUST-21005,22,Male,29,One-year,No,DSL,No,43.92,1274.52,0
CUST-21006,41,Female,35,Two-year,Yes,Fiber optic,Yes,96.44,3337.78,1
CUST-21007,56,Male,58,Two-year,Yes,Fiber optic,No,99.9,5806.3,0
CUST-21008,46,Female,63,One-year,Yes,No,No internet service,18.0,1102.38,0
CUST-21009,50,Male,71,Two-year,No,DSL,No,60.53,4287.48,0
CUST-21010,42,Male,52,One-year,No,Fiber optic,No,67.8,3524.61,0
CUST-21011,52,Female,39,Month-to-month,No,Fiber optic,No,107.7,4214.43,1
CUST-21012,51,Female,66,Two-year,Yes,DSL,No,52.13,3436.33,0
CUST-21013,55,Female,2,Month-to-month,No,No,No internet service,18.12,57.3,1
CUST-21014,49,Female,31,Two-year,No,Fiber optic,No,91.7,2832.68,1
CUST-21015,45,Male,41,One-year,No,Fiber optic,Yes,115.34,4753.6,1
CUST-21016,36,Female,43,Month-to-month,Yes,No,No internet service,18.0,760.15,1
CUST-21017,22,Female,32,Month-to-month,Yes,DSL,No,50.48,1620.75,0
CUST-21018,39,Male,59,One-year,Yes,No,No internet service,21.93,1279.28,0
CUST-21019,67,Female,41,Month-to-month,No,Fiber optic,No,72.95,2957.36,1
CUST-21020,41,Male,72,Month-to-month,Yes,Fiber optic,No,70.96,5127.99,1
CUST-21021,33,Male,61,One-year,Yes,DSL,Yes,62.3,3807.75,0
CUST-21022,44,Female,9,One-year,Yes,DSL,No,60.75,555.45,1
CUST-21023,38,Male,63,Month-to-month,Yes,No,No internet service,19.13,1232.48,0
CUST-21024,35,Male,44,Month-to-month,Yes,No,No internet service,18.0,799.51,0
CUST-21025,29,Male,69,Two-year,No,Fiber optic,No,87.3,6011.41,1
CUST-21026,47,Female,57,Month-to-month,No,No,No internet service,18.0,1025.46,0
CUST-21027,40,Female,53,Month-to-month,Yes,Fiber optic,No,60.47,3216.81,0
CUST-21028,69,Female,72,Month-to-month,No,DSL,No,62.65,4493.68,0
CUST-21029,37,Male,38,Two-year,No,Fiber optic,No,107.55,4116.79,1
CUST-21030,55,Male,14,Two-year,No,DSL,Yes,60.17,813.15,0
CUST-21031,71,Male,25,Month-to-month,Yes,No,No internet service,18.0,447.41,1
CUST-21032,43,Female,29,Month-to-month,No,Fiber optic,Yes,106.28,3082.34,1
CUST-21033,69,Female,70,One-year,No,Fiber optic,Yes,64.19,4470.73,0
CUST-21034,65,Female,48,Two-year,No,No,No internet service,18.0,885.11,0
CUST-21035,31,Female,60,Two-year,Yes,DSL,No,40.75,2426.06,0
CUST-21036,69,Female,41,Month-to-month,Yes,No,No internet service,24.51,1039.84,1
CUST-21037,18,Female,19,Two-year,Yes,No,No internet service,19.06,355.4,0
CUST-21038,62,Female,4,Month-to-month,Yes,No,No internet service,21.13,60.75,0
CUST-21039,35,Male,7,Two-year,No,Fiber optic,Yes,68.14,441.54,0
CUST-21040,35,Male,44,One-year,Yes,DSL,Yes,91.99,4046.96,0
CUST-21041,26,Female,42,One-year,Yes,No,No internet service,22.67,933.31,0
CUST-21042,64,Female,38,Month-to-month,Yes,No,No internet service,21.25,799.4,0
CUST-21043,47,Male,49,Month-to-month,Yes,DSL,No,45.49,2253.73,1
CUST-21044,46,Female,23,Month-to-month,Yes,Fiber optic,No,87.77,1996.63,1
CUST-21045,23,Female,12,Month-to-month,No,Fiber optic,Yes,95.23,1146.93,1
CUST-21046,68,Male,33,One-year,No,Fiber optic,No,83.78,2798.57,1
CUST-21047,66,Female,65,Month-to-month,No,Fiber optic,No,70.51,4552.31,0
CUST-21048,44,Male,29,Month-to-month,Yes,Fiber optic,Yes,99.35,2893.91,1
CUST-21049,36,Female,66,One-year,No,No,No internet service,18.96,1277.41,0
CUST-21050,68,Male,44,Month-to-month,Yes,DSL,No,55.08,2422.7,0
CUST-21051,65,Female,14,Month-to-month,No,DSL,Yes,54.74,762.77,1
CUST-21052,55,Male,61,Month-to-month,Yes,Fiber optic,Yes,82.21,5008.77,0
CUST-21053,46,Male,45,Month-to-month,Yes,No,No internet service,18.0,828.85,0
CUST-21054,30,Male,57,One-year,Yes,DSL,No,67.49,3851.98,0
CUST-21055,57,Male,4,Month-to-month,Yes,Fiber optic,Yes,104.89,440.4,1
CUST-21056,37,Female,26,Month-to-month,No,Fiber optic,No,72.76,1910.74,0
CUST-21057,49,Male,46,Month-to-month,No,DSL,No,67.01,3068.8,0
CUST-21058,25,Male,35,Month-to-month,Yes,Fiber optic,Yes,110.69,3856.72,1
CUST-21059,55,Male,52,Month-to-month,No,No,No internet service,18.0,940.92,0
CUST-21060,38,Female,11,One-year,Yes,Fiber optic,No,112.48,1251.31,0
CUST-21061,71,Male,4,Month-to-month,Yes,Fiber optic,No,98.26,389.33,1
CUST-21062,23,Male,11,Month-to-month,Yes,Fiber optic,Yes,91.01,992.84,1
CUST-21063,53,Male,25,Two-year,No,Fiber optic,Yes,95.64,2387.56,0
CUST-21064,18,Female,30,Month-to-month,Yes,Fiber optic,Yes,98.48,2919.51,0
CUST-21065,66,Male,69,One-year,Yes,Fiber optic,No,80.11,5534.85,0
CUST-21066,31,Female,2,Two-year,Yes,No,No internet service,26.66,74.39,0
CUST-21067,67,Male,52,Month-to-month,Yes,DSL,No,48.96,2519.27,0
CUST-21068,67,Female,42,Two-year,Yes,DSL,No,54.55,2337.4,1
CUST-21069,27,Male,19,One-year,Yes,No,No internet service,24.73,449.45,0
CUST-21070,69,Male,44,Month-to-month,Yes,Fiber optic,Yes,120.0,5225.66,1
CUST-21071,64,Male,30,Month-to-month,No,DSL,Yes,65.65,1946.63,0
CUST-21072,21,Female,45,Month-to-month,Yes,No,No internet service,20.52,912.51,0
CUST-21073,68,Female,63,One-year,Yes,DSL,Yes,71.54,4468.74,1
CUST-21074,24,Female,29,Month-to-month,No,DSL,Yes,56.65,1654.4,1
CUST-21075,55,Female,41,Month-to-month,Yes,DSL,No,51.07,2114.17,1
CUST-21076,57,Female,28,Month-to-month,No,Fiber optic,No,106.23,3013.89,1
CUST-21077,69,Female,43,Two-year,Yes,Fiber optic,No,89.29,3864.3,0
CUST-21078,60,Male,51,Month-to-month,Yes,Fiber optic,Yes,80.39,4112.99,1
CUST-21079,27,Female,40,Two-year,Yes,DSL,Yes,59.03,2345.76,0
CUST-21080,66,Female,51,One-year,Yes,Fiber optic,No,106.33,5425.17,1
CUST-21081,65,Female,29,Month-to-month,Yes,Fiber optic,Yes,54.95,1593.11,1
CUST-21082,48,Male,28,One-year,Yes,No,No internet service,18.0,499.82,0
CUST-21083,42,Male,64,Month-to-month,Yes,No,No internet service,18.3,1183.86,0
CUST-21084,48,Male,53,Two-year,No,DSL,No,64.76,3451.96,0
CUST-21085,36,Female,15,Month-to-month,Yes,DSL,No,42.25,638.45,1
CUST-21086,70,Female,8,Month-to-month,No,Fiber optic,Yes,120.0,943.28,1
CUST-21087,60,Female,64,One-year,Yes,No,No internet service,20.32,1274.35,0
CUST-21088,71,Female,55,Month-to-month,Yes,Fiber optic,Yes,97.41,5320.59,0
CUST-21089,65,Female,5,Two-year,Yes,Fiber optic,No,99.15,480.09,1
CUST-21090,74,Female,10,Month-to-month,Yes,Fiber optic,Yes,112.78,1147.36,1
CUST-21091,70,Female,68,Month-to-month,No,DSL,No,42.51,2892.44,0
CUST-21092,51,Female,37,Month-to-month,No,DSL,Yes,60.55,2226.19,0
CUST-21093,23,Female,28,Two-year,Yes,Fiber optic,No,108.51,3044.81,1
CUST-21094,19,Female,71,Month-to-month,No,No,No internet service,26.06,1870.26,0
CUST-21095,26,Male,15,Month-to-month,No,Fiber optic,No,98.18,1465.0,1
CUST-21096,52,Female,19,Month-to-month,No,DSL,No,69.23,1318.75,0
CUST-21097,70,Female,5,Month-to-month,Yes,DSL,No,61.52,304.92,0
CUST-21098,31,Female,32,Month-to-month,No,Fiber optic,No,82.45,2602.88,0
CUST-21099,37,Male,16,Month-to-month,Yes,DSL,No,61.08,982.32,1
CUST-21100,23,Male,26,Two-year,Yes,No,No internet service,23.29,592.3,0
CUST-21101,52,Female,12,One-year,Yes,DSL,No,55.13,659.63,1
CUST-21102,52,Female,62,Two-year,Yes,Fiber optic,No,96.29,5957.02,0
CUST-21103,38,Male,1,Month-to-month,Yes,Fiber optic,No,68.24,68.24,1
CUST-21104,24,Male,58,One-year,No,DSL,No,42.27,2422.91,0
CUST-21105,56,Male,51,Month-to-month,Yes,Fiber optic,Yes,120.0,6111.48,1
CUST-21106,70,Male,2,One-year,Yes,DSL,No,46.33,105.08,0
CUST-21107,60,Female,4,One-year,Yes,DSL,No,64.15,267.04,0
CUST-21108,71,Male,5,Month-to-month,No,DSL,Yes,68.18,344.0,1
CUST-21109,60,Female,49,Month-to-month,No,DSL,No,65.74,3246.48,0
CUST-21110,34,Male,25,Month-to-month,No,Fiber optic,No,102.98,2595.86,1
CUST-21111,61,Female,15,Month-to-month,Yes,No,No internet service,18.0,286.81,1
CUST-21112,29,Female,70,Month-to-month,No,DSL,No,67.1,4722.12,0
CUST-21113,58,Male,69,Month-to-month,Yes,DSL,No,51.25,3532.17,1
CUST-21114,56,Male,64,Month-to-month,No,Fiber optic,Yes,110.77,7073.04,1
CUST-21115,31,Male,7,Month-to-month,No,Fiber optic,Yes,84.84,601.75,1
CUST-21116,32,Male,69,One-year,Yes,Fiber optic,No,107.29,7405.76,0
CUST-21117,28,Male,56,Month-to-month,Yes,DSL,Yes,68.34,3812.87,0
CUST-21118,64,Male,59,Month-to-month,No,Fiber optic,No,94.6,5578.61,0
CUST-21119,49,Female,8,Month-to-month,No,DSL,Yes,64.63,520.1,0
CUST-21120,54,Female,13,Month-to-month,No,Fiber optic,Yes,108.3,1393.99,1
CUST-21121,53,Female,35,Month-to-month,Yes,Fiber optic,No,84.08,2960.15,1
CUST-21122,45,Male,29,Month-to-month,No,Fiber optic,Yes,80.71,2339.69,0
CUST-21123,35,Female,9,One-year,No,Fiber optic,No,95.65,929.23,1
CUST-21124,28,Male,62,Month-to-month,No,DSL,No,55.61,3460.37,0
CUST-21125,67,Female,10,Month-to-month,Yes,Fiber optic,Yes,104.03,1054.65,1
CUST-21126,30,Female,15,One-year,No,DSL,Yes,55.75,829.83,0
CUST-21127,19,Female,35,Month-to-month,No,DSL,No,54.77,1936.67,0
CUST-21128,39,Female,39,Month-to-month,Yes,DSL,No,52.09,2020.24,0
CUST-21129,64,Female,37,One-year,No,Fiber optic,No,94.88,3498.71,1
CUST-21130,45,Male,24,Month-to-month,Yes,Fiber optic,Yes,69.71,1654.28,0
CUST-21131,41,Female,5,Two-year,Yes,DSL,Yes,60.87,313.52,0
CUST-21132,20,Female,47,Month-to-month,No,No,No internet service,22.55,1017.96,0
CUST-21133,22,Female,61,One-year,Yes,Fiber optic,No,95.53,5797.93,1
CUST-21134,52,Female,59,Month-to-month,No,Fiber optic,No,102.11,5997.39,1
CUST-21135,63,Male,59,Month-to-month,No,No,No internet service,18.0,1059.31,0
CUST-21136,31,Female,7,One-year,Yes,DSL,Yes,62.07,405.42,0
CUST-21137,54,Female,41,Month-to-month,No,DSL,Yes,52.23,2118.1,1
CUST-21138,61,Male,13,Month-to-month,Yes,No,No internet service,18.0,235.51,0
CUST-21139,20,Female,70,Month-to-month,No,DSL,No,60.43,4233.73,0
CUST-21140,39,Female,68,One-year,Yes,Fiber optic,Yes,118.39,8033.49,0
CUST-21141,42,Male,53,One-year,Yes,DSL,Yes,55.69,2950.14,0
CUST-21142,18,Male,69,One-year,No,Fiber optic,No,102.95,7074.04,0
CUST-21143,42,Female,13,Two-year,No,Fiber optic,No,83.2,1073.66,0
CUST-21144,63,Male,69,One-year,No,Fiber optic,Yes,83.88,5780.86,1
CUST-21145,35,Male,72,Month-to-month,Yes,DSL,No,49.53,3566.82,0
CUST-21146,69,Male,29,Two-year,No,DSL,No,62.97,1846.17,1
CUST-21147,21,Male,15,Two-year,Yes,DSL,Yes,79.07,1154.55,0
CUST-21148,34,Male,1,Month-to-month,Yes,Fiber optic,Yes,120.0,140.44,1
CUST-21149,66,Male,24,Month-to-month,No,DSL,No,47.72,1125.45,1
CUST-21150,68,Female,14,Month-to-month,No,Fiber optic,No,59.7,837.74,1
CUST-21151,25,Male,27,One-year,No,DSL,Yes,63.66,1723.13,0
CUST-21152,21,Male,13,Month-to-month,Yes,Fiber optic,No,90.37,1178.56,1
CUST-21153,35,Female,48,One-year,Yes,DSL,Yes,73.85,3584.06,0
CUST-21154,34,Male,25,Month-to-month,No,Fiber optic,No,90.05,2256.26,1
CUST-21155,58,Female,41,Month-to-month,No,Fiber optic,No,74.72,3069.55,1
CUST-21156,41,Male,10,Month-to-month,Yes,Fiber optic,No,58.62,597.87,0
CUST-21157,68,Male,7,Two-year,No,Fiber optic,No,120.0,855.56,1
CUST-21158,64,Male,1,One-year,No,DSL,Yes,64.79,88.82,1
CUST-21159,40,Female,53,Month-to-month,No,DSL,No,35.38,1898.64,0
CUST-21160,27,Female,55,One-year,Yes,Fiber optic,No,77.59,4257.31,1
CUST-21161,51,Male,12,Month-to-month,No,DSL,No,52.3,624.15,0
CUST-21162,50,Female,37,Two-year,Yes,No,No internet service,22.84,846.62,0
CUST-21163,48,Female,47,Month-to-month,Yes,DSL,No,65.2,3050.31,1
CUST-21164,26,Female,11,One-year,Yes,Fiber optic,No,68.71,761.82,1
CUST-21165,63,Female,65,One-year,Yes,DSL,No,47.34,3091.21,0
CUST-21166,53,Male,15,Two-year,No,DSL,No,52.44,782.36,0
CUST-21167,26,Male,16,One-year,Yes,No,No internet service,28.35,445.14,1
CUST-21168,40,Male,55,Month-to-month,Yes,Fiber optic,No,79.84,4382.56,1
CUST-21169,36,Female,69,Month-to-month,Yes,Fiber optic,Yes,77.59,5361.91,0
CUST-21170,33,Male,44,Month-to-month,No,No,No internet service,18.0,777.66,0
CUST-21171,28,Female,39,Two-year,Yes,DSL,No,62.75,2461.03,1
CUST-21172,41,Female,46,Month-to-month,Yes,No,No internet service,18.28,786.78,1
CUST-21173,41,Female,43,Month-to-month,No,DSL,Yes,76.56,3312.09,1
CUST-21174,61,Male,24,Two-year,Yes,Fiber optic,No,78.86,1915.98,1
CUST-21175,45,Female,55,Month-to-month,No,DSL,No,34.42,1905.12,0
CUST-21176,40,Male,34,One-year,Yes,DSL,No,63.41,2145.26,0
CUST-21177,21,Female,11,Two-year,Yes,DSL,Yes,55.74,640.37,0
CUST-21178,72,Female,26,One-year,Yes,No,No internet service,22.67,566.16,1
CUST-21179,72,Female,65,Month-to-month,Yes,Fiber optic,Yes,92.97,6051.3,0
CUST-21180,27,Female,31,One-year,Yes,No,No internet service,19.27,582.33,0
CUST-21181,45,Male,7,Month-to-month,Yes,No,No internet service,18.21,139.62,1
CUST-21182,35,Female,21,Month-to-month,No,No,No internet service,19.0,377.82,0
CUST-21183,65,Male,35,One-year,Yes,DSL,No,47.93,1659.62,0
CUST-21184,55,Female,21,Two-year,Yes,DSL,No,49.6,1036.93,1
CUST-21185,53,Male,66,One-year,No,No,No internet service,18.0,1158.01,0
CUST-21186,24,Male,23,Month-to-month,Yes,Fiber optic,No,66.49,1546.72,0
CUST-21187,59,Male,3,Month-to-month,Yes,DSL,No,50.8,161.73,1
CUST-21188,68,Male,8,Month-to-month,No,DSL,No,67.96,524.28,1
CUST-21189,45,Female,43,Two-year,Yes,DSL,No,69.2,2980.22,0
CUST-21190,33,Male,13,Month-to-month,Yes,DSL,Yes,71.96,931.11,1
CUST-21191,71,Male,49,One-year,No,DSL,No,58.25,2868.16,0
CUST-21192,30,Female,71,Two-year,No,Fiber optic,No,95.44,6805.27,0
CUST-21193,27,Female,57,Month-to-month,No,DSL,No,71.73,4082.4,0
CUST-21194,71,Female,55,Two-year,Yes,DSL,No,50.77,2766.15,1
CUST-21195,73,Female,55,Two-year,Yes,Fiber optic,No,87.91,4825.3,0
CUST-21196,63,Female,4,Month-to-month,No,DSL,Yes,62.89,246.91,0
CUST-21197,41,Female,45,One-year,Yes,DSL,No,64.25,2893.57,0
CUST-21198,62,Female,8,One-year,Yes,DSL,No,48.5,386.84,0
CUST-21199,66,Male,49,Two-year,Yes,Fiber optic,No,92.19,4507.79,0
CUST-21200,64,Male,36,Month-to-month,No,Fiber optic,Yes,101.61,3641.5,0
CUST-21201,67,Female,54,Month-to-month,Yes,DSL,No,60.49,3278.66,0
CUST-21202,42,Female,9,One-year,Yes,DSL,Yes,62.23,587.82,0
CUST-21203,33,Male,35,Month-to-month,Yes,DSL,Yes,55.83,1928.69,0
CUST-21204,39,Male,43,Two-year,Yes,No,No internet service,19.74,827.9,0
CUST-21205,31,Male,15,One-year,Yes,DSL,No,62.06,946.09,0
CUST-21206,44,Male,56,Month-to-month,No,No,No internet service,18.0,1026.83,1
CUST-21207,38,Female,29,Two-year,Yes,DSL,No,68.34,1958.12,0
CUST-21208,35,Female,34,Month-to-month,Yes,No,No internet service,30.29,1024.62,0
CUST-21209,68,Male,19,One-year,No,Fiber optic,No,87.44,1645.13,0
CUST-21210,32,Female,48,One-year,Yes,Fiber optic,Yes,89.21,4284.13,0
CUST-21211,57,Male,2,One-year,No,DSL,No,74.28,123.98,0
CUST-21212,39,Male,14,Month-to-month,No,Fiber optic,No,75.93,1083.26,1
CUST-21213,71,Male,55,Month-to-month,No,DSL,No,51.57,2838.33,0
CUST-21214,44,Male,69,Month-to-month,Yes,Fiber optic,Yes,75.68,5242.54,0
CUST-21215,29,Male,26,Two-year,No,Fiber optic,Yes,107.39,2783.02,0
CUST-21216,54,Female,55,Month-to-month,Yes,Fiber optic,Yes,103.1,5659.21,1
CUST-21217,31,Female,68,Month-to-month,No,DSL,No,47.89,3249.94,0
CUST-21218,30,Male,41,Two-year,No,Fiber optic,Yes,97.06,3985.69,0
CUST-21219,46,Male,57,One-year,Yes,Fiber optic,Yes,74.59,4237.06,0
CUST-21220,21,Female,42,Month-to-month,Yes,Fiber optic,No,75.28,3147.23,0
CUST-21221,73,Female,22,Month-to-month,No,DSL,No,69.02,1495.3,1
CUST-21222,58,Female,43,Two-year,Yes,No,No internet service,21.52,911.28,0
CUST-21223,26,Female,29,Month-to-month,Yes,Fiber optic,Yes,115.11,3328.49,0
CUST-21224,30,Female,37,Month-to-month,Yes,Fiber optic,Yes,102.03,3753.22,1
CUST-21225,25,Male,52,Month-to-month,Yes,No,No internet service,29.87,1531.91,0
CUST-21226,33,Male,71,Month-to-month,Yes,Fiber optic,No,92.04,6541.11,1
CUST-21227,69,Male,61,Month-to-month,Yes,Fiber optic,No,76.87,4643.27,1
CUST-21228,29,Female,23,Month-to-month,No,No,No internet service,18.0,423.94,1
CUST-21229,32,Male,38,Two-year,No,Fiber optic,No,73.29,2797.68,0
CUST-21230,32,Female,55,One-year,No,Fiber optic,No,51.96,2846.08,0
CUST-21231,68,Male,33,Month-to-month,Yes,No,No internet service,18.0,580.33,0
CUST-21232,65,Female,1,One-year,Yes,No,No internet service,21.75,21.75,1
CUST-21233,37,Female,5,Month-to-month,Yes,Fiber optic,No,94.62,471.95,1
CUST-21234,25,Female,40,Month-to-month,Yes,No,No internet service,24.31,979.79,0
CUST-21235,60,Female,48,Month-to-month,No,No,No internet service,18.0,873.42,0
CUST-21236,25,Female,71,Two-year,Yes,DSL,No,51.86,3661.89,0
CUST-21237,32,Female,26,Month-to-month,No,Fiber optic,No,85.34,2202.19,1
CUST-21238,51,Male,19,Month-to-month,Yes,DSL,No,62.79,1174.49,0
CUST-21239,24,Male,4,Two-year,Yes,Fiber optic,Yes,78.87,320.7,0
CUST-21240,67,Female,1,Month-to-month,Yes,Fiber optic,Yes,63.46,76.31,0
CUST-21241,70,Male,48,Month-to-month,Yes,DSL,Yes,40.39,1913.84,0
CUST-21242,29,Female,67,Month-to-month,Yes,Fiber optic,Yes,95.22,6376.36,0
CUST-21243,25,Male,32,Month-to-month,No,Fiber optic,No,113.41,3606.08,1
CUST-21244,26,Male,9,Two-year,No,DSL,No,58.23,486.5,0
CUST-21245,61,Female,18,Month-to-month,Yes,DSL,No,51.46,913.05,1
CUST-21246,43,Female,63,Two-year,No,DSL,Yes,69.13,4326.12,0
CUST-21247,37,Female,21,Month-to-month,Yes,No,No internet service,18.0,373.39,0
CUST-21248,64,Female,61,Month-to-month,Yes,No,No internet service,18.0,1096.01,1
CUST-21249,60,Male,37,Month-to-month,No,Fiber optic,No,95.44,3524.12,1
CUST-21250,45,Female,6,One-year,Yes,DSL,No,77.51,455.68,1
CUST-21251,47,Male,41,One-year,Yes,Fiber optic,No,70.36,2871.91,0
CUST-21252,21,Male,35,Month-to-month,Yes,Fiber optic,No,81.29,2838.5,1
CUST-21253,22,Female,42,Month-to-month,Yes,No,No internet service,22.62,895.31,0
CUST-21254,32,Male,67,One-year,No,Fiber optic,No,94.36,6308.67,0
CUST-21255,63,Male,2,Two-year,No,DSL,No,48.86,120.97,1
CUST-21256,60,Female,62,Month-to-month,No,DSL,Yes,77.79,4824.69,0
CUST-21257,24,Female,70,Month-to-month,Yes,No,No internet service,22.4,1576.43,0
CUST-21258,31,Male,67,Month-to-month,Yes,No,No internet service,18.0,1192.51,0
CUST-21259,38,Male,46,Two-year,No,DSL,Yes,58.59,2677.88,0
CUST-21260,68,Male,29,Month-to-month,No,Fiber optic,Yes,95.37,2766.14,1
CUST-21261,59,Female,43,Month-to-month,No,No,No internet service,21.43,890.07,0
CUST-21262,36,Male,36,Month-to-month,No,DSL,No,62.8,2233.19,0
CUST-21263,52,Male,42,Two-year,Yes,Fiber optic,Yes,117.98,4971.72,0
CUST-21264,57,Male,61,Two-year,Yes,Fiber optic,No,89.53,5439.0,1
CUST-21265,74,Male,34,Two-year,No,No,No internet service,18.0,602.35,0
CUST-21266,18,Male,65,One-year,Yes,No,No internet service,26.21,1678.85,0
CUST-21267,71,Male,30,One-year,Yes,DSL,No,47.48,1411.12,0
CUST-21268,50,Female,37,Month-to-month,Yes,DSL,No,77.24,2850.73,0
CUST-21269,69,Female,30,Month-to-month,No,DSL,Yes,65.12,1949.25,0
CUST-21270,23,Female,35,Two-year,No,DSL,No,63.57,2214.51,1
CUST-21271,74,Female,30,Month-to-month,No,Fiber optic,No,87.77,2632.24,1
CUST-21272,71,Male,44,Month-to-month,No,DSL,No,73.73,3276.55,0
CUST-21273,20,Female,24,One-year,Yes,No,No internet service,25.68,641.98,0
CUST-21274,18,Male,8,Month-to-month,Yes,DSL,No,45.53,386.55,1
CUST-21275,19,Female,53,Month-to-month,Yes,No,No internet service,23.01,1207.57,0
CUST-21276,60,Male,13,Month-to-month,No,DSL,No,50.62,658.22,1
CUST-21277,54,Female,31,Month-to-month,Yes,Fiber optic,No,87.04,2686.62,1
CUST-21278,28,Female,15,Month-to-month,No,Fiber optic,Yes,85.82,1315.44,1
CUST-21279,22,Female,60,Month-to-month,Yes,No,No internet service,30.13,1784.76,1
CUST-21280,49,Male,48,Month-to-month,Yes,DSL,No,67.2,3202.59,1
CUST-21281,68,Male,70,Month-to-month,Yes,Fiber optic,Yes,100.37,7030.97,0
CUST-21282,29,Female,30,Month-to-month,Yes,DSL,No,80.73,2441.88,1
CUST-21283,22,Female,32,Month-to-month,No,Fiber optic,No,117.07,3731.61,1
CUST-21284,36,Female,37,Month-to-month,Yes,Fiber optic,No,99.82,3730.61,0
CUST-21285,29,Male,64,Month-to-month,No,DSL,No,55.87,3556.08,0
CUST-21286,53,Male,4,Month-to-month,No,DSL,No,71.34,285.29,0
CUST-21287,32,Female,52,Month-to-month,No,Fiber optic,No,44.7,2318.7,0
CUST-21288,36,Male,65,Month-to-month,No,No,No internet service,18.0,1184.2,1
CUST-21289,42,Male,10,Two-year,No,DSL,No,70.76,709.7,0
CUST-21290,37,Male,14,One-year,Yes,DSL,No,63.57,876.0,1
CUST-21291,44,Male,60,Month-to-month,No,DSL,Yes,60.77,3630.05,0
CUST-21292,65,Female,35,Month-to-month,Yes,Fiber optic,Yes,100.41,3510.67,1
CUST-21293,45,Female,5,Two-year,Yes,Fiber optic,No,90.87,435.74,1
CUST-21294,53,Male,6,One-year,Yes,DSL,Yes,79.23,464.27,1
CUST-21295,62,Male,10,Month-to-month,Yes,No,No internet service,18.0,176.09,1
CUST-21296,62,Female,38,Month-to-month,Yes,DSL,No,63.16,2449.76,1
CUST-21297,20,Female,30,One-year,No,DSL,No,56.53,1676.44,0
CUST-21298,46,Female,35,Two-year,Yes,Fiber optic,No,102.12,3543.99,1
CUST-21299,23,Female,22,One-year,Yes,DSL,No,57.65,1257.44,1
CUST-21300,74,Female,54,Month-to-month,Yes,DSL,Yes,72.3,3915.95,0
CUST-21301,40,Female,26,Month-to-month,Yes,DSL,No,51.06,1330.65,1
CUST-21302,53,Female,13,One-year,Yes,Fiber optic,No,91.37,1207.26,1
CUST-21303,54,Male,59,One-year,No,Fiber optic,No,78.04,4595.33,1
CUST-21304,63,Female,51,One-year,Yes,No,No internet service,18.0,947.32,0
CUST-21305,61,Female,45,Month-to-month,Yes,Fiber optic,No,78.48,3530.9,0
CUST-21306,55,Male,14,One-year,Yes,DSL,No,88.58,1244.18,1
CUST-21307,43,Male,50,Month-to-month,Yes,Fiber optic,No,80.78,4029.12,0
CUST-21308,56,Female,60,One-year,No,DSL,Yes,67.62,4051.25,0
CUST-21309,56,Male,18,Month-to-month,Yes,No,No internet service,18.0,336.89,1
CUST-21310,45,Female,37,Month-to-month,Yes,Fiber optic,Yes,92.99,3429.65,1
CUST-21311,41,Female,36,One-year,No,DSL,Yes,52.3,1925.47,0
CUST-21312,53,Female,31,Two-year,Yes,DSL,Yes,66.98,2061.21,0
CUST-21313,38,Male,7,Month-to-month,Yes,Fiber optic,No,73.87,530.87,1
CUST-21314,62,Male,8,Two-year,Yes,Fiber optic,No,98.81,774.33,1
CUST-21315,35,Female,58,Month-to-month,Yes,No,No internet service,24.69,1416.71,0
CUST-21316,50,Male,33,Month-to-month,Yes,No,No internet service,18.0,589.37,0
CUST-21317,53,Female,8,Month-to-month,Yes,DSL,No,46.24,381.21,0
CUST-21318,41,Female,9,Month-to-month,No,Fiber optic,Yes,79.43,748.19,1
CUST-21319,26,Male,21,Month-to-month,Yes,DSL,No,47.01,991.02,1
CUST-21320,19,Female,28,Two-year,Yes,Fiber optic,No,73.64,2072.08,0
CUST-21321,46,Female,50,Month-to-month,Yes,Fiber optic,Yes,90.75,4557.05,0
CUST-21322,18,Female,34,Month-to-month,Yes,No,No internet service,20.02,667.64,1
CUST-21323,41,Male,39,Month-to-month,No,Fiber optic,Yes,85.91,3341.0,0
CUST-21324,23,Male,33,Two-year,Yes,No,No internet service,18.0,574.25,0
CUST-21325,40,Male,33,Month-to-month,No,No,No internet service,19.62,664.44,1
CUST-21326,20,Male,64,Month-to-month,Yes,Fiber optic,No,85.42,5463.24,0
CUST-21327,45,Male,53,Two-year,No,No,No internet service,20.1,1072.26,0
CUST-21328,65,Male,32,Two-year,Yes,Fiber optic,No,85.25,2730.76,0
CUST-21329,29,Female,68,Month-to-month,No,Fiber optic,Yes,103.62,7027.89,1
CUST-21330,51,Female,58,Month-to-month,Yes,Fiber optic,Yes,91.36,5316.07,0
CUST-21331,28,Female,17,One-year,Yes,Fiber optic,Yes,94.14,1543.11,0
CUST-21332,25,Male,42,One-year,Yes,No,No internet service,18.49,746.19,0
CUST-21333,36,Male,32,One-year,Yes,DSL,Yes,68.58,2181.74,0
CUST-21334,57,Male,48,One-year,No,DSL,Yes,71.81,3467.19,0
CUST-21335,72,Male,45,Month-to-month,Yes,DSL,No,45.36,2028.54,0
CUST-21336,61,Female,9,Month-to-month,Yes,Fiber optic,No,72.56,679.31,1
CUST-21337,48,Female,69,Month-to-month,Yes,Fiber optic,Yes,84.62,5804.2,0
CUST-21338,26,Female,9,One-year,No,Fiber optic,No,89.19,821.57,1
CUST-21339,61,Female,37,Two-year,Yes,DSL,No,46.96,1750.83,0
CUST-21340,71,Female,14,Month-to-month,Yes,No,No internet service,18.0,260.79,0
CUST-21341,66,Male,23,Month-to-month,Yes,Fiber optic,No,93.6,2149.7,1
CUST-21342,73,Male,38,Month-to-month,No,Fiber optic,No,89.92,3459.86,1
CUST-21343,43,Male,52,Month-to-month,No,Fiber optic,No,75.4,3912.06,1
CUST-21344,39,Male,63,Month-to-month,No,DSL,No,52.89,3320.33,0
CUST-21345,36,Male,66,One-year,Yes,No,No internet service,23.26,1505.74,0
CUST-21346,56,Male,36,Month-to-month,Yes,No,No internet service,19.43,668.55,1
CUST-21347,69,Male,17,Two-year,No,Fiber optic,No,75.39,1259.1,1
CUST-21348,45,Female,64,Month-to-month,Yes,No,No internet service,18.0,1130.73,0
CUST-21349,44,Female,36,One-year,Yes,Fiber optic,No,92.08,3332.81,1
CUST-21350,57,Male,26,Month-to-month,No,DSL,No,47.07,1201.7,0
CUST-21351,60,Female,4,Month-to-month,No,No,No internet service,18.82,83.09,1
CUST-21352,30,Female,12,One-year,Yes,Fiber optic,No,97.97,1184.23,1
CUST-21353,68,Male,56,Month-to-month,Yes,DSL,Yes,69.71,3939.81,0
CUST-21354,42,Male,52,One-year,Yes,Fiber optic,No,86.29,4477.04,0
CUST-21355,39,Female,6,One-year,Yes,Fiber optic,No,104.15,610.44,1
CUST-21356,33,Male,25,One-year,Yes,Fiber optic,No,81.3,2068.12,1
CUST-21357,40,Female,12,One-year,No,No,No internet service,24.05,298.55,0
CUST-21358,70,Female,28,Two-year,Yes,DSL,No,61.52,1717.15,0
CUST-21359,72,Female,43,Month-to-month,No,Fiber optic,Yes,89.17,3835.04,1
CUST-21360,68,Male,72,Two-year,Yes,Fiber optic,No,79.09,5709.68,0
CUST-21361,53,Male,23,Two-year,Yes,Fiber optic,No,64.81,1482.28,0
CUST-21362,64,Female,57,Month-to-month,No,Fiber optic,No,75.94,4346.92,1
CUST-21363,62,Female,8,Two-year,No,Fiber optic,No,56.16,458.59,0
CUST-21364,18,Male,7,Month-to-month,No,DSL,Yes,63.55,439.84,0
CUST-21365,68,Male,15,One-year,Yes,Fiber optic,No,105.28,1590.53,1
CUST-21366,23,Male,24,Month-to-month,Yes,DSL,No,69.85,1629.77,0
CUST-21367,36,Female,22,Two-year,No,No,No internet service,21.17,475.52,0
CUST-21368,50,Male,12,One-year,Yes,DSL,No,66.34,798.39,0
CUST-21369,43,Female,11,One-year,No,Fiber optic,Yes,101.1,1065.49,1
CUST-21370,26,Male,28,Two-year,Yes,DSL,No,47.18,1327.79,0
CUST-21371,55,Female,42,One-year,Yes,DSL,Yes,36.97,1550.8,0
CUST-21372,52,Male,5,Month-to-month,No,DSL,Yes,57.12,278.51,1
CUST-21373,24,Female,1,Month-to-month,Yes,No,No internet service,18.0,28.17,0
CUST-21374,32,Male,27,One-year,Yes,No,No internet service,18.0,510.07,0
CUST-21375,63,Female,71,One-year,Yes,DSL,No,53.53,3781.0,0
CUST-21376,28,Female,23,Month-to-month,Yes,Fiber optic,Yes,99.84,2263.79,0
CUST-21377,45,Female,56,Month-to-month,Yes,DSL,No,51.02,2853.54,0
CUST-21378,27,Male,70,Month-to-month,Yes,DSL,No,72.02,5013.45,0
CUST-21379,40,Male,38,Two-year,No,Fiber optic,No,75.02,2871.23,0
CUST-21380,45,Female,42,Two-year,No,Fiber optic,No,101.2,4273.61,0
CUST-21381,28,Male,42,Month-to-month,No,DSL,Yes,53.89,2269.89,0
CUST-21382,47,Male,16,One-year,Yes,DSL,No,63.46,986.01,0
CUST-21383,54,Male,29,Two-year,No,No,No internet service,23.47,704.77,0
CUST-21384,73,Female,59,Month-to-month,Yes,Fiber optic,No,69.62,4104.79,1
CUST-21385,57,Male,43,Two-year,No,No,No internet service,18.0,774.44,0
CUST-21386,74,Male,17,Month-to-month,Yes,Fiber optic,Yes,90.5,1487.06,1
CUST-21387,59,Female,21,Month-to-month,Yes,Fiber optic,No,92.41,1944.72,1
CUST-21388,38,Male,55,Two-year,Yes,No,No internet service,18.76,1024.94,0
CUST-21389,40,Male,56,Month-to-month,Yes,DSL,Yes,60.64,3388.62,0
CUST-21390,45,Male,51,Month-to-month,No,Fiber optic,No,97.82,4988.79,0
CUST-21391,57,Male,53,Month-to-month,Yes,DSL,No,40.49,2149.94,0
CUST-21392,44,Female,25,Month-to-month,Yes,Fiber optic,Yes,91.52,2260.2,1
CUST-21393,65,Male,24,Month-to-month,No,No,No internet service,18.0,429.08,1
CUST-21394,40,Male,71,Month-to-month,No,Fiber optic,No,64.52,4623.3,0
CUST-21395,21,Female,9,Month-to-month,Yes,DSL,No,73.15,638.69,1
CUST-21396,23,Female,2,Month-to-month,Yes,Fiber optic,No,105.39,189.38,1
CUST-21397,49,Female,64,Two-year,Yes,No,No internet service,18.78,1247.06,0
CUST-21398,71,Male,50,One-year,Yes,No,No internet service,25.67,1310.7,0
CUST-21399,67,Male,60,Two-year,Yes,DSL,No,48.17,2891.09,0
CUST-21400,51,Female,45,One-year,Yes,DSL,Yes,73.38,3331.72,0
CUST-21401,61,Female,48,Two-year,Yes,Fiber optic,Yes,87.44,4188.07,0
CUST-21402,65,Male,64,Month-to-month,Yes,Fiber optic,Yes,100.19,6444.25,0
CUST-21403,66,Female,53,Month-to-month,Yes,Fiber optic,No,94.81,5061.23,0
CUST-21404,63,Male,67,Month-to-month,Yes,No,No internet service,23.52,1586.05,0
CUST-21405,49,Female,1,One-year,No,DSL,Yes,74.79,86.3,0
CUST-21406,52,Male,11,Month-to-month,No,Fiber optic,No,73.18,785.42,1
CUST-21407,27,Female,40,Month-to-month,No,Fiber optic,Yes,91.56,3673.71,0
CUST-21408,58,Male,22,One-year,Yes,DSL,No,55.03,1201.5,0
CUST-21409,54,Female,34,One-year,Yes,DSL,No,70.3,2369.95,0
CUST-21410,19,Female,67,One-year,Yes,DSL,No,58.1,3882.53,0
CUST-21411,52,Male,64,Month-to-month,No,DSL,Yes,71.52,4593.6,0
CUST-21412,60,Female,54,Month-to-month,Yes,DSL,Yes,55.71,3007.47,0
CUST-21413,19,Male,19,Month-to-month,Yes,Fiber optic,Yes,115.91,2235.06,1
CUST-21414,35,Male,6,Month-to-month,No,DSL,No,58.68,368.75,1
CUST-21415,24,Male,41,One-year,No,DSL,No,56.47,2344.8,0
CUST-21416,74,Male,42,One-year,Yes,Fiber optic,No,98.46,4101.19,0
CUST-21417,66,Male,69,Month-to-month,Yes,DSL,Yes,52.96,3645.98,0
CUST-21418,66,Male,16,Two-year,Yes,Fiber optic,Yes,82.53,1332.97,1
CUST-21419,31,Male,68,Month-to-month,No,Fiber optic,No,85.6,5812.08,1
CUST-21420,60,Female,2,Month-to-month,No,DSL,No,57.59,77.93,1
CUST-21421,52,Male,15,Month-to-month,Yes,No,No internet service,24.58,381.48,1
CUST-21422,41,Male,45,One-year,Yes,Fiber optic,No,101.11,4546.2,1
CUST-21423,30,Female,34,Month-to-month,Yes,Fiber optic,No,98.27,3329.35,1
CUST-21424,63,Female,33,One-year,Yes,Fiber optic,No,110.23,3642.4,0
CUST-21425,32,Female,30,Month-to-month,Yes,DSL,No,52.02,1544.48,1
CUST-21426,26,Female,35,One-year,No,DSL,No,64.75,2232.45,0
CUST-21427,28,Female,59,Month-to-month,No,Fiber optic,No,106.76,6315.06,0
CUST-21428,24,Female,27,Month-to-month,No,DSL,Yes,75.75,2049.52,1
CUST-21429,45,Male,21,One-year,Yes,Fiber optic,No,78.1,1670.02,1
CUST-21430,74,Male,43,Two-year,No,No,No internet service,22.0,931.17,0
CUST-21431,51,Male,48,Month-to-month,Yes,Fiber optic,No,76.1,3643.5,1
CUST-21432,52,Male,46,One-year,No,No,No internet service,26.12,1197.86,0
CUST-21433,47,Male,71,Month-to-month,Yes,No,No internet service,18.0,1263.17,0
CUST-21434,63,Male,53,Month-to-month,Yes,No,No internet service,19.91,1044.0,0
CUST-21435,65,Male,69,Month-to-month,Yes,Fiber optic,No,73.5,5091.69,0
CUST-21436,67,Female,62,Month-to-month,Yes,DSL,No,56.41,3458.78,1
CUST-21437,68,Male,65,Month-to-month,Yes,Fiber optic,No,77.31,5024.94,1
CUST-21438,36,Male,54,Month-to-month,Yes,Fiber optic,Yes,81.37,4359.77,1
CUST-21439,51,Female,5,Month-to-month,Yes,DSL,No,72.57,361.62,1
CUST-21440,60,Female,54,Two-year,No,Fiber optic,No,72.03,3904.19,0
CUST-21441,48,Female,16,Month-to-month,Yes,Fiber optic,No,74.1,1209.47,1
CUST-21442,21,Female,43,One-year,Yes,Fiber optic,No,79.46,3383.45,1
CUST-21443,64,Male,42,Month-to-month,Yes,DSL,No,59.24,2485.27,1
CUST-21444,33,Female,72,Month-to-month,Yes,DSL,No,54.83,3948.39,0
CUST-21445,18,Male,33,Two-year,Yes,Fiber optic,No,83.43,2740.86,0
CUST-21446,29,Female,37,Month-to-month,Yes,DSL,Yes,53.77,1981.78,0
CUST-21447,30,Male,12,One-year,No,No,No internet service,18.0,180.28,1
CUST-21448,72,Male,57,Month-to-month,No,No,No internet service,18.0,1023.66,0
CUST-21449,37,Female,25,Month-to-month,Yes,Fiber optic,No,88.11,2228.94,0
CUST-21450,44,Male,26,One-year,No,Fiber optic,No,66.36,1698.85,0
CUST-21451,74,Female,65,Two-year,No,DSL,No,45.12,2943.96,0
CUST-21452,38,Female,17,Two-year,No,Fiber optic,Yes,77.59,1273.3,1
CUST-21453,21,Male,63,Month-to-month,No,DSL,No,48.46,3063.15,0
CUST-21454,71,Female,52,Month-to-month,Yes,DSL,No,61.12,3168.84,0
CUST-21455,48,Male,69,Month-to-month,Yes,DSL,Yes,66.93,4601.22,0
CUST-21456,26,Female,34,Month-to-month,Yes,DSL,No,59.4,1990.14,1
CUST-21457,42,Male,23,Two-year,No,No,No internet service,18.0,397.79,0
CUST-21458,59,Male,7,Month-to-month,No,No,No internet service,18.0,137.07,1
CUST-21459,65,Female,45,One-year,Yes,DSL,No,58.03,2639.48,0
CUST-21460,55,Female,16,Month-to-month,No,DSL,No,54.98,892.83,1
CUST-21461,72,Male,19,Two-year,Yes,DSL,Yes,80.28,1515.43,0
CUST-21462,41,Female,59,Two-year,Yes,No,No internet service,19.26,1110.77,0
CUST-21463,38,Female,60,One-year,No,No,No internet service,22.23,1369.93,0
CUST-21464,47,Female,9,Two-year,No,Fiber optic,No,86.34,770.3,1
CUST-21465,74,Female,24,One-year,Yes,DSL,Yes,69.24,1697.75,1
CUST-21466,36,Female,33,Month-to-month,No,DSL,Yes,41.85,1399.0,0
CUST-21467,49,Female,52,Month-to-month,No,DSL,Yes,68.09,3532.88,0
CUST-21468,34,Female,12,Month-to-month,Yes,Fiber optic,No,105.57,1281.96,1
CUST-21469,22,Female,67,Month-to-month,No,DSL,No,59.32,3956.33,0
CUST-21470,28,Male,8,Month-to-month,Yes,DSL,No,42.95,344.29,1
CUST-21471,26,Female,41,Month-to-month,No,Fiber optic,No,81.0,3321.26,1
CUST-21472,70,Female,19,Two-year,Yes,Fiber optic,Yes,107.67,2034.48,0
CUST-21473,43,Male,59,Two-year,Yes,Fiber optic,No,102.84,6039.65,1
CUST-21474,63,Male,60,Month-to-month,Yes,Fiber optic,No,80.58,4820.98,0
CUST-21475,46,Female,68,One-year,Yes,No,No internet service,18.0,1207.24,0
CUST-21476,41,Female,11,Month-to-month,Yes,DSL,No,50.82,522.14,0
CUST-21477,45,Female,46,Month-to-month,Yes,Fiber optic,No,85.09,3913.83,1
CUST-21478,29,Female,29,Month-to-month,Yes,No,No internet service,23.43,646.16,1
CUST-21479,48,Female,16,One-year,Yes,Fiber optic,No,59.32,966.1,0
CUST-21480,49,Female,39,One-year,No,DSL,No,58.51,2287.68,0
CUST-21481,32,Male,42,Two-year,Yes,No,No internet service,21.4,919.94,0
CUST-21482,54,Male,48,Two-year,Yes,Fiber optic,Yes,96.71,4663.44,0
CUST-21483,74,Female,6,Two-year,Yes,Fiber optic,No,82.22,524.36,1
CUST-21484,74,Female,16,Month-to-month,Yes,Fiber optic,No,103.09,1664.35,1
CUST-21485,23,Female,67,Two-year,Yes,Fiber optic,No,76.4,5129.77,0
CUST-21486,42,Female,16,Month-to-month,No,No,No internet service,18.0,290.81,1
CUST-21487,26,Female,49,One-year,Yes,Fiber optic,No,83.03,4105.56,0
CUST-21488,28,Female,8,Month-to-month,No,Fiber optic,No,99.52,842.66,0
CUST-21489,25,Female,36,One-year,Yes,DSL,No,49.88,1764.25,0
CUST-21490,55,Female,39,One-year,No,DSL,Yes,59.31,2293.44,0
CUST-21491,56,Male,2,Two-year,No,Fiber optic,No,100.47,184.56,1
CUST-21492,72,Female,56,Month-to-month,No,DSL,No,46.46,2589.81,0
CUST-21493,37,Female,40,Two-year,No,DSL,No,50.41,2017.37,0
CUST-21494,34,Female,67,One-year,Yes,No,No internet service,18.0,1175.19,0
CUST-21495,50,Female,29,One-year,No,Fiber optic,No,87.71,2553.27,1
CUST-21496,72,Female,40,Two-year,No,Fiber optic,Yes,87.57,3486.57,0
CUST-21497,67,Female,15,Month-to-month,Yes,Fiber optic,Yes,104.78,1581.4,1
CUST-21498,67,Male,12,Month-to-month,Yes,No,No internet service,20.17,259.95,0
CUST-21499,71,Female,50,Two-year,Yes,No,No internet service,18.0,874.64,0
CUST-21500,63,Female,44,Month-to-month,No,Fiber optic,Yes,67.59,2979.14,1
CUST-21501,65,Female,11,Two-year,Yes,DSL,Yes,62.04,659.51,0
CUST-21502,40,Female,33,Two-year,No,DSL,Yes,71.79,2393.98,0
CUST-21503,34,Male,13,One-year,No,DSL,Yes,71.35,928.23,0
CUST-21504,31,Female,60,Month-to-month,No,DSL,No,62.8,3768.42,0
CUST-21505,70,Female,56,One-year,No,DSL,No,69.17,3899.33,0
CUST-21506,32,Male,35,One-year,Yes,No,No internet service,21.05,727.92,0
CUST-21507,73,Male,52,Month-to-month,Yes,DSL,Yes,73.48,3840.58,0
CUST-21508,44,Female,15,One-year,Yes,Fiber optic,No,65.49,955.46,1
CUST-21509,49,Male,41,Two-year,Yes,Fiber optic,No,94.57,3876.05,1
CUST-21510,44,Female,51,One-year,Yes,DSL,Yes,59.75,3075.04,0
CUST-21511,42,Male,56,Two-year,Yes,DSL,No,56.02,3142.43,0
CUST-21512,49,Male,65,Month-to-month,No,No,No internet service,23.9,1541.97,1
CUST-21513,43,Male,45,One-year,Yes,DSL,Yes,39.33,1770.68,0
CUST-21514,45,Female,35,Month-to-month,Yes,Fiber optic,No,93.58,3288.55,1
CUST-21515,25,Male,54,One-year,Yes,Fiber optic,No,106.07,5779.24,0
CUST-21516,71,Female,19,Month-to-month,No,Fiber optic,Yes,75.58,1461.2,1
CUST-21517,45,Female,36,Month-to-month,Yes,DSL,No,51.93,1852.86,0
CUST-21518,22,Female,10,Month-to-month,No,Fiber optic,No,99.91,951.75,1
CUST-21519,70,Female,14,One-year,Yes,DSL,No,60.98,835.26,1
CUST-21520,64,Male,64,Two-year,Yes,DSL,No,55.82,3590.24,0
CUST-21521,72,Male,22,Two-year,No,DSL,Yes,66.64,1474.2,1
CUST-21522,31,Female,53,Two-year,No,Fiber optic,Yes,84.64,4514.71,0
CUST-21523,45,Female,41,Two-year,Yes,Fiber optic,No,72.36,2976.5,0
CUST-21524,56,Female,48,One-year,Yes,Fiber optic,Yes,74.69,3581.33,0
CUST-21525,56,Female,32,Month-to-month,Yes,Fiber optic,No,71.74,2279.17,1
CUST-21526,54,Male,16,Two-year,Yes,DSL,No,65.37,1078.38,0
CUST-21527,24,Male,51,One-year,No,No,No internet service,18.0,924.63,0
CUST-21528,30,Male,59,Month-to-month,Yes,Fiber optic,No,64.06,3775.99,1
CUST-21529,28,Female,53,One-year,Yes,DSL,No,45.71,2396.75,0
CUST-21530,21,Female,40,Two-year,Yes,DSL,No,54.22,2180.37,0
CUST-21531,23,Female,20,Month-to-month,No,DSL,No,63.72,1257.45,1
CUST-21532,25,Female,24,One-year,Yes,Fiber optic,No,93.69,2247.48,1
CUST-21533,21,Female,64,Month-to-month,No,DSL,No,53.84,3439.83,0
CUST-21534,74,Male,15,One-year,Yes,Fiber optic,No,95.74,1444.57,1
CUST-21535,47,Female,6,Month-to-month,No,Fiber optic,No,87.14,575.04,1
CUST-21536,29,Male,61,One-year,No,Fiber optic,Yes,111.32,6797.58,0
CUST-21537,41,Male,67,Month-to-month,Yes,Fiber optic,Yes,111.31,7442.17,0
CUST-21538,64,Female,17,Month-to-month,No,No,No internet service,20.28,336.34,0
CUST-21539,53,Female,31,Two-year,No,Fiber optic,No,77.49,2447.1,0
CUST-21540,33,Female,65,One-year,No,No,No internet service,29.14,1875.55,0
CUST-21541,54,Female,31,Month-to-month,No,DSL,No,59.69,1842.58,1
CUST-21542,27,Male,71,Month-to-month,No,No,No internet service,23.45,1652.78,0
CUST-21543,65,Male,30,One-year,No,DSL,Yes,78.07,2344.6,0
CUST-21544,22,Female,11,One-year,Yes,Fiber optic,No,85.48,957.74,1
CUST-21545,70,Female,52,Two-year,Yes,No,No internet service,18.0,969.56,0
CUST-21546,34,Female,50,One-year,Yes,DSL,No,56.66,2844.66,0
CUST-21547,20,Male,16,Two-year,Yes,Fiber optic,Yes,110.18,1792.37,0
CUST-21548,51,Female,51,Month-to-month,Yes,DSL,No,62.29,3152.31,0
CUST-21549,39,Female,47,Two-year,Yes,Fiber optic,No,84.1,3945.86,0
CUST-21550,36,Female,63,Two-year,No,DSL,No,75.59,4800.47,0
CUST-21551,19,Male,24,Two-year,Yes,DSL,No,48.15,1156.2,0
CUST-21552,54,Male,69,Month-to-month,No,DSL,No,51.88,3566.64,0
CUST-21553,19,Male,25,One-year,No,No,No internet service,33.81,848.37,1
CUST-21554,21,Male,59,Month-to-month,No,Fiber optic,No,75.49,4493.93,0
CUST-21555,69,Female,56,Month-to-month,No,DSL,No,70.11,3937.3,0
CUST-21556,21,Male,67,Month-to-month,Yes,DSL,No,57.27,3850.16,0
CUST-21557,62,Female,54,One-year,Yes,DSL,Yes,50.49,2717.56,0
CUST-21558,27,Female,50,Two-year,Yes,Fiber optic,Yes,86.26,4329.71,0
CUST-21559,23,Female,17,One-year,No,Fiber optic,Yes,112.1,1907.69,1
CUST-21560,19,Female,54,Month-to-month,No,Fiber optic,Yes,88.42,4752.36,0
CUST-21561,33,Male,39,Month-to-month,Yes,Fiber optic,No,87.44,3442.93,1
CUST-21562,60,Female,50,Month-to-month,Yes,DSL,Yes,44.97,2238.01,0
CUST-21563,38,Male,27,Month-to-month,Yes,Fiber optic,No,87.05,2356.52,1
CUST-21564,58,Male,11,One-year,No,Fiber optic,No,81.14,888.08,1
CUST-21565,44,Female,59,One-year,No,No,No internet service,18.13,1080.53,0
CUST-21566,43,Female,43,Month-to-month,No,DSL,No,71.05,3085.51,0
CUST-21567,21,Male,67,Month-to-month,No,Fiber optic,No,74.72,5003.46,0
CUST-21568,25,Female,28,One-year,No,Fiber optic,Yes,108.72,3031.85,0
CUST-21569,41,Male,54,Two-year,Yes,Fiber optic,No,91.96,4936.89,0
CUST-21570,50,Female,54,Two-year,Yes,No,No internet service,18.0,931.64,0
CUST-21571,18,Male,14,One-year,Yes,Fiber optic,No,111.71,1526.57,1
CUST-21572,52,Female,5,Month-to-month,Yes,DSL,Yes,75.29,393.84,1
CUST-21573,63,Male,33,Two-year,No,DSL,Yes,59.19,1931.64,0
CUST-21574,18,Female,60,Month-to-month,Yes,Fiber optic,No,63.13,3804.71,0
CUST-21575,58,Female,14,One-year,No,Fiber optic,Yes,91.72,1312.73,1
CUST-21576,41,Male,70,Month-to-month,Yes,DSL,No,43.75,3047.91,1
CUST-21577,24,Female,45,Month-to-month,No,DSL,No,67.46,3037.89,0
CUST-21578,73,Female,38,Month-to-month,Yes,DSL,No,59.64,2257.61,0
CUST-21579,45,Male,56,Month-to-month,No,Fiber optic,No,85.82,4807.67,1
CUST-21580,26,Male,46,Two-year,No,No,No internet service,18.0,852.81,0
CUST-21581,42,Male,10,Two-year,Yes,Fiber optic,No,90.54,913.83,1
CUST-21582,37,Female,59,Month-to-month,Yes,No,No internet service,22.62,1336.56,0
CUST-21583,23,Male,28,Month-to-month,Yes,No,No internet service,22.99,653.06,0
CUST-21584,68,Female,66,Month-to-month,Yes,DSL,Yes,68.79,4552.61,0
CUST-21585,18,Female,19,Month-to-month,No,No,No internet service,22.75,487.09,1
CUST-21586,22,Female,27,Two-year,Yes,Fiber optic,No,81.83,2203.43,1
CUST-21587,39,Female,56,One-year,No,No,No internet service,19.56,1075.23,0
CUST-21588,61,Female,19,Two-year,Yes,Fiber optic,No,71.85,1402.69,0
CUST-21589,19,Male,59,One-year,No,DSL,Yes,53.51,3155.58,0
CUST-21590,22,Male,29,One-year,No,No,No internet service,22.88,665.4,0
CUST-21591,59,Male,20,One-year,Yes,DSL,No,78.79,1585.91,1
CUST-21592,20,Female,22,Month-to-month,No,Fiber optic,No,73.43,1589.62,1
CUST-21593,39,Male,7,Month-to-month,No,DSL,No,61.82,420.6,1
CUST-21594,44,Female,44,Month-to-month,Yes,Fiber optic,Yes,85.1,3733.03,1
CUST-21595,66,Female,33,Two-year,No,DSL,No,67.11,2185.6,0
CUST-21596,50,Female,26,Month-to-month,Yes,No,No internet service,18.0,491.42,0
CUST-21597,61,Male,17,One-year,Yes,No,No internet service,23.97,387.09,0
CUST-21598,55,Male,19,One-year,Yes,DSL,Yes,55.9,1014.45,1
CUST-21599,70,Female,2,Month-to-month,No,Fiber optic,Yes,96.61,217.94,1
CUST-21600,55,Male,60,Month-to-month,Yes,DSL,Yes,60.72,3666.85,0
CUST-21601,43,Male,30,Month-to-month,No,DSL,No,61.02,1848.73,0
CUST-21602,73,Female,63,Month-to-month,Yes,Fiber optic,Yes,99.58,6244.16,1
CUST-21603,54,Female,55,Month-to-month,No,Fiber optic,Yes,103.78,5699.67,0
CUST-21604,23,Male,23,Two-year,Yes,Fiber optic,No,81.72,1898.32,0
CUST-21605,50,Female,71,Month-to-month,No,Fiber optic,No,94.43,6715.75,1
CUST-21606,54,Male,32,Two-year,No,Fiber optic,Yes,105.03,3396.0,0
CUST-21607,28,Female,17,Month-to-month,No,Fiber optic,No,73.41,1262.86,1
CUST-21608,57,Female,44,Month-to-month,No,No,No internet service,19.11,828.62,0
CUST-21609,39,Male,18,Month-to-month,No,Fiber optic,No,80.07,1452.77,1
CUST-21610,67,Male,44,One-year,Yes,DSL,Yes,77.39,3419.67,0
CUST-21611,35,Male,72,Two-year,No,Fiber optic,No,83.45,6004.63,0
CUST-21612,65,Male,58,One-year,No,No,No internet service,24.7,1424.4,0
CUST-21613,51,Male,44,Month-to-month,Yes,DSL,No,68.57,3027.96,1
CUST-21614,60,Male,34,Month-to-month,No,Fiber optic,No,107.46,3644.24,1
CUST-21615,29,Female,26,Month-to-month,Yes,No,No internet service,21.81,598.08,1
CUST-21616,34,Female,23,Two-year,Yes,Fiber optic,No,79.69,1816.6,1
CUST-21617,69,Female,35,Two-year,No,No,No internet service,20.3,738.03,0
CUST-21618,61,Female,8,Month-to-month,No,DSL,No,63.66,509.81,1
CUST-21619,47,Female,23,Month-to-month,No,DSL,No,55.69,1250.13,0
CUST-21620,24,Male,19,Month-to-month,Yes,DSL,No,59.67,1142.98,1
CUST-21621,30,Female,50,One-year,No,DSL,Yes,66.03,3310.39,0
CUST-21622,58,Male,18,Two-year,Yes,Fiber optic,No,87.8,1581.87,0
CUST-21623,47,Female,70,One-year,No,Fiber optic,Yes,90.52,6339.07,1
CUST-21624,22,Male,29,One-year,Yes,Fiber optic,Yes,112.86,3260.19,1
CUST-21625,47,Male,68,One-year,No,DSL,No,49.7,3377.4,0
CUST-21626,32,Female,60,Month-to-month,Yes,Fiber optic,Yes,85.64,5121.89,0
CUST-21627,58,Male,24,Month-to-month,No,No,No internet service,22.81,537.02,1
CUST-21628,32,Male,55,Two-year,No,DSL,No,51.68,2810.87,0
CUST-21629,50,Female,37,One-year,No,Fiber optic,No,82.11,3020.33,0
CUST-21630,64,Female,3,Month-to-month,Yes,Fiber optic,No,71.77,219.28,1
CUST-21631,68,Female,8,Month-to-month,Yes,Fiber optic,Yes,101.69,825.73,1
CUST-21632,72,Male,46,Two-year,No,Fiber optic,No,77.02,3539.12,0
CUST-21633,46,Male,60,Month-to-month,Yes,Fiber optic,No,85.28,5128.48,0
CUST-21634,74,Male,37,Month-to-month,No,DSL,Yes,57.89,2132.15,1
CUST-21635,73,Female,44,Month-to-month,No,Fiber optic,Yes,96.92,4248.52,1
CUST-21636,30,Female,37,One-year,No,Fiber optic,Yes,103.6,3820.07,1
CUST-21637,54,Female,57,One-year,No,No,No internet service,22.76,1288.29,0
CUST-21638,21,Male,36,Month-to-month,No,Fiber optic,Yes,90.11,3250.14,1
CUST-21639,18,Female,2,Month-to-month,Yes,DSL,No,56.63,110.79,1
CUST-21640,33,Male,29,Month-to-month,Yes,DSL,Yes,75.62,2197.03,0
CUST-21641,71,Male,46,One-year,Yes,DSL,Yes,64.64,2955.54,0
CUST-21642,19,Female,43,Month-to-month,Yes,DSL,Yes,69.06,2965.5,0
CUST-21643,48,Female,26,Month-to-month,Yes,No,No internet service,18.88,468.51,0
CUST-21644,38,Female,52,Month-to-month,Yes,Fiber optic,No,77.17,4002.73,0
CUST-21645,45,Male,51,Two-year,Yes,No,No internet service,18.0,921.35,0
CUST-21646,57,Female,71,One-year,No,DSL,No,34.64,2429.29,0
CUST-21647,74,Male,14,Month-to-month,Yes,DSL,Yes,64.21,895.11,0
CUST-21648,67,Male,23,Month-to-month,Yes,No,No internet service,22.44,549.86,0
CUST-21649,50,Female,27,Two-year,Yes,DSL,Yes,72.1,1924.44,0
CUST-21650,58,Male,44,Month-to-month,No,DSL,No,57.62,2520.36,1
CUST-21651,21,Male,12,Month-to-month,Yes,Fiber optic,No,99.52,1176.45,1
CUST-21652,49,Female,71,Month-to-month,No,DSL,No,47.07,3327.43,0
CUST-21653,18,Male,61,One-year,No,Fiber optic,Yes,80.44,4939.03,0
CUST-21654,58,Male,9,Month-to-month,No,Fiber optic,No,97.45,899.53,1
CUST-21655,59,Female,67,Month-to-month,No,DSL,Yes,55.47,3701.91,0
CUST-21656,66,Male,9,One-year,Yes,Fiber optic,No,103.58,910.74,0
CUST-21657,53,Female,35,One-year,No,Fiber optic,Yes,83.88,2917.94,0
CUST-21658,32,Female,30,One-year,No,DSL,No,43.11,1292.51,0
CUST-21659,54,Male,33,Month-to-month,Yes,DSL,No,43.92,1447.57,1
CUST-21660,32,Female,44,Two-year,Yes,Fiber optic,Yes,80.12,3525.24,0
CUST-21661,30,Female,2,One-year,Yes,No,No internet service,18.0,78.61,1
CUST-21662,41,Female,62,Month-to-month,Yes,Fiber optic,Yes,114.69,7085.29,1
CUST-21663,59,Female,4,One-year,No,Fiber optic,No,95.74,379.31,1
CUST-21664,34,Female,31,One-year,No,Fiber optic,No,85.09,2658.16,1
CUST-21665,50,Female,17,Month-to-month,Yes,Fiber optic,Yes,65.7,1102.77,0
CUST-21666,55,Male,40,Two-year,Yes,DSL,No,50.27,1995.46,0
CUST-21667,41,Female,63,Month-to-month,Yes,Fiber optic,No,94.61,5956.74,0
CUST-21668,48,Female,23,One-year,No,Fiber optic,No,112.45,2587.26,1
CUST-21669,71,Female,5,Two-year,No,Fiber optic,No,87.73,465.98,1
CUST-21670,70,Female,48,One-year,Yes,DSL,No,45.29,2156.96,0
CUST-21671,54,Female,47,Two-year,No,Fiber optic,Yes,95.44,4459.75,0
CUST-21672,63,Male,46,Month-to-month,Yes,DSL,No,60.41,2760.23,0
CUST-21673,32,Male,2,Two-year,No,Fiber optic,No,83.26,143.34,1
CUST-21674,26,Female,38,Month-to-month,Yes,DSL,No,46.57,1782.92,0
CUST-21675,50,Female,12,One-year,Yes,No,No internet service,18.0,212.06,1
CUST-21676,23,Female,23,Two-year,No,Fiber optic,Yes,94.16,2160.82,0
CUST-21677,50,Male,57,Month-to-month,Yes,DSL,Yes,74.68,4217.74,0
CUST-21678,55,Male,72,Month-to-month,Yes,Fiber optic,Yes,96.77,6979.52,0
CUST-21679,65,Male,4,One-year,No,Fiber optic,Yes,117.49,469.34,1
CUST-21680,42,Male,60,Month-to-month,Yes,No,No internet service,33.19,1981.86,0
CUST-21681,37,Female,15,One-year,Yes,DSL,Yes,62.66,937.78,0
CUST-21682,50,Male,49,Month-to-month,No,Fiber optic,Yes,97.89,4760.77,1
CUST-21683,69,Female,66,Month-to-month,Yes,Fiber optic,No,59.69,3937.97,0
CUST-21684,23,Female,65,Two-year,Yes,Fiber optic,No,61.72,4024.3,0
CUST-21685,66,Female,22,Month-to-month,Yes,DSL,Yes,70.07,1534.75,0
CUST-21686,22,Male,61,Month-to-month,Yes,No,No internet service,27.46,1650.81,0
CUST-21687,59,Male,42,Month-to-month,No,DSL,No,43.55,1814.46,0
CUST-21688,40,Female,46,One-year,No,Fiber optic,No,80.17,3688.54,1
CUST-21689,71,Female,65,One-year,No,DSL,Yes,71.56,4643.58,0
CUST-21690,32,Male,52,Month-to-month,Yes,DSL,No,33.58,1723.19,0
CUST-21691,59,Female,25,Two-year,Yes,DSL,Yes,71.05,1792.26,0
CUST-21692,66,Female,51,One-year,Yes,DSL,Yes,59.0,2995.54,0
CUST-21693,24,Male,55,Month-to-month,Yes,DSL,Yes,62.86,3446.61,0
CUST-21694,61,Female,53,One-year,Yes,Fiber optic,No,103.27,5461.19,0
CUST-21695,28,Male,37,One-year,Yes,No,No internet service,18.0,673.87,0
CUST-21696,35,Female,37,Two-year,No,No,No internet service,18.0,681.07,0
CUST-21697,39,Female,29,Month-to-month,Yes,DSL,Yes,58.79,1691.6,1
CUST-21698,61,Female,51,Two-year,No,No,No internet service,23.15,1184.87,0
CUST-21699,55,Male,47,Month-to-month,No,DSL,Yes,79.55,3756.0,1
CUST-21700,71,Female,29,Two-year,Yes,Fiber optic,No,72.58,2111.15,0
CUST-21701,20,Female,17,Month-to-month,No,DSL,No,62.84,1072.26,1
CUST-21702,34,Male,1,Month-to-month,Yes,No,No internet service,18.48,30.96,1
CUST-21703,52,Female,13,Month-to-month,No,DSL,No,37.15,509.1,1
CUST-21704,38,Male,69,Two-year,Yes,Fiber optic,No,72.99,5041.61,0
CUST-21705,52,Female,27,Month-to-month,Yes,Fiber optic,No,120.0,3263.01,1
CUST-21706,20,Male,62,Two-year,Yes,Fiber optic,No,99.4,6135.38,0
CUST-21707,69,Female,11,Month-to-month,No,Fiber optic,No,87.87,961.4,1
CUST-21708,43,Female,39,Month-to-month,Yes,Fiber optic,No,105.13,4091.49,1
CUST-21709,60,Female,46,Month-to-month,Yes,Fiber optic,Yes,91.97,4242.24,1
CUST-21710,45,Female,11,Month-to-month,No,Fiber optic,Yes,100.12,1119.4,1
CUST-21711,65,Male,61,Month-to-month,Yes,Fiber optic,No,83.11,5076.55,0
CUST-21712,47,Female,71,One-year,Yes,DSL,Yes,61.04,4333.02,0
CUST-21713,25,Female,61,Month-to-month,Yes,Fiber optic,No,96.68,5893.76,1
CUST-21714,41,Female,38,Two-year,Yes,No,No internet service,18.0,678.9,0
CUST-21715,41,Male,32,One-year,No,DSL,Yes,49.7,1544.7,0
CUST-21716,58,Female,41,One-year,No,DSL,No,38.19,1549.17,0
CUST-21717,41,Female,23,One-year,Yes,DSL,No,62.89,1431.38,0
CUST-21718,34,Female,69,One-year,No,DSL,Yes,71.76,4977.98,1
CUST-21719,68,Male,23,Month-to-month,Yes,No,No internet service,18.0,375.56,0
CUST-21720,50,Male,71,One-year,No,No,No internet service,23.89,1698.58,0
CUST-21721,44,Male,71,Month-to-month,Yes,DSL,Yes,57.13,4068.68,0
CUST-21722,71,Female,26,Month-to-month,No,No,No internet service,19.31,510.28,1
CUST-21723,57,Male,42,Month-to-month,No,Fiber optic,No,85.07,3584.4,0
CUST-21724,24,Female,70,Month-to-month,Yes,No,No internet service,21.97,1533.41,0
CUST-21725,24,Female,57,Month-to-month,Yes,DSL,No,48.13,2739.54,0
CUST-21726,23,Male,27,Two-year,No,No,No internet service,18.02,503.12,0
CUST-21727,32,Female,11,Month-to-month,Yes,Fiber optic,Yes,99.87,1085.77,0
CUST-21728,70,Male,21,One-year,Yes,Fiber optic,No,76.3,1590.95,1
CUST-21729,29,Male,13,Two-year,No,No,No internet service,23.06,270.43,1
CUST-21730,69,Female,1,One-year,No,DSL,No,79.59,83.02,1
CUST-21731,37,Female,35,One-year,Yes,Fiber optic,No,56.98,1995.31,1
CUST-21732,24,Female,28,Month-to-month,Yes,DSL,Yes,56.84,1618.26,1
CUST-21733,54,Female,23,Two-year,Yes,Fiber optic,No,75.12,1729.58,0
CUST-21734,74,Male,12,Two-year,Yes,No,No internet service,18.55,232.8,0
CUST-21735,67,Female,6,Two-year,No,DSL,No,49.34,304.04,1
CUST-21736,34,Male,60,Two-year,No,DSL,No,29.41,1777.08,0
CUST-21737,53,Male,40,One-year,No,DSL,Yes,57.51,2305.95,0
CUST-21738,46,Female,52,Month-to-month,Yes,DSL,No,60.23,3129.19,0
CUST-21739,48,Male,27,One-year,Yes,DSL,No,56.22,1519.53,1
CUST-21740,30,Male,25,Month-to-month,Yes,No,No internet service,18.0,454.5,0
CUST-21741,32,Male,20,One-year,No,DSL,No,58.92,1191.99,1
CUST-21742,23,Male,66,Month-to-month,Yes,DSL,Yes,55.54,3663.57,0
CUST-21743,53,Male,1,Month-to-month,Yes,DSL,No,45.24,45.83,1
CUST-21744,39,Female,3,Month-to-month,Yes,DSL,No,50.17,162.11,0
CUST-21745,19,Female,10,Month-to-month,Yes,No,No internet service,18.0,171.06,1
CUST-21746,38,Female,58,Month-to-month,Yes,DSL,No,66.97,3900.51,0
CUST-21747,39,Male,41,Month-to-month,Yes,DSL,No,77.26,3157.64,0
CUST-21748,50,Female,27,Month-to-month,Yes,Fiber optic,No,86.78,2342.49,1
CUST-21749,23,Female,41,Month-to-month,Yes,Fiber optic,Yes,92.32,3791.83,0
CUST-21750,49,Female,70,One-year,Yes,No,No internet service,18.0,1246.33,0
CUST-21751,18,Male,29,Month-to-month,Yes,Fiber optic,No,70.79,2055.83,1
CUST-21752,56,Female,72,Month-to-month,No,Fiber optic,Yes,64.48,4625.47,0
CUST-21753,51,Male,72,One-year,No,Fiber optic,Yes,120.0,8647.52,0
CUST-21754,49,Female,49,Two-year,No,DSL,No,57.89,2844.46,0
CUST-21755,18,Male,56,Two-year,Yes,Fiber optic,No,54.47,3064.49,0
CUST-21756,33,Female,40,Month-to-month,No,DSL,Yes,54.97,2200.42,0
CUST-21757,38,Male,55,Month-to-month,Yes,Fiber optic,No,111.71,6148.7,1
CUST-21758,59,Female,63,Month-to-month,No,No,No internet service,23.1,1481.37,0
CUST-21759,49,Male,72,One-year,Yes,Fiber optic,No,74.39,5375.39,0
CUST-21760,52,Male,59,Two-year,Yes,Fiber optic,Yes,76.62,4528.9,0
CUST-21761,38,Female,39,Two-year,No,Fiber optic,No,75.13,2937.13,0
CUST-21762,49,Male,48,Month-to-month,No,DSL,No,42.51,2057.9,0
CUST-21763,32,Female,29,Month-to-month,Yes,DSL,No,58.0,1639.55,0
CUST-21764,37,Male,19,One-year,Yes,DSL,No,51.06,949.21,0
CUST-21765,73,Female,55,Month-to-month,No,No,No internet service,24.26,1310.08,0
CUST-21766,60,Female,58,Month-to-month,Yes,DSL,No,50.35,2893.5,0
CUST-21767,47,Female,12,Month-to-month,No,No,No internet service,18.0,243.29,1
CUST-21768,71,Female,33,One-year,Yes,Fiber optic,No,88.14,2934.66,1
CUST-21769,60,Male,58,Month-to-month,Yes,Fiber optic,No,81.0,4679.3,0
CUST-21770,19,Male,68,Month-to-month,Yes,DSL,Yes,63.57,4336.34,0
CUST-21771,51,Female,36,Month-to-month,Yes,No,No internet service,18.0,655.02,1
CUST-21772,24,Female,21,Two-year,No,DSL,No,40.68,846.77,0
CUST-21773,59,Male,66,Two-year,Yes,DSL,No,62.09,4083.48,0
CUST-21774,62,Female,64,Month-to-month,No,Fiber optic,No,94.46,6054.62,1
CUST-21775,56,Male,37,Two-year,No,DSL,No,54.5,2002.59,0
CUST-21776,27,Male,7,One-year,No,Fiber optic,No,80.61,562.55,1
CUST-21777,39,Male,61,Two-year,No,DSL,No,60.41,3669.76,0
CUST-21778,28,Male,59,Two-year,Yes,No,No internet service,19.33,1107.07,0
CUST-21779,60,Male,36,One-year,No,DSL,No,57.13,2041.89,0
CUST-21780,24,Female,72,Two-year,Yes,Fiber optic,No,85.94,6177.4,0
CUST-21781,28,Male,63,One-year,No,DSL,No,41.37,2612.34,0
CUST-21782,41,Male,34,One-year,No,Fiber optic,No,89.49,3039.98,0
CUST-21783,51,Male,22,Month-to-month,No,Fiber optic,Yes,102.38,2256.35,1
CUST-21784,60,Female,67,Month-to-month,No,No,No internet service,25.42,1716.0,0
CUST-21785,22,Male,51,Month-to-month,Yes,Fiber optic,Yes,98.7,5029.65,1
CUST-21786,24,Male,59,Month-to-month,Yes,No,No internet service,24.12,1396.12,0
CUST-21787,53,Female,40,Month-to-month,Yes,DSL,Yes,62.61,2472.53,1
CUST-21788,71,Male,9,One-year,Yes,No,No internet service,18.0,163.15,0
CUST-21789,22,Male,68,Month-to-month,Yes,No,No internet service,24.23,1648.17,0
CUST-21790,55,Male,27,Month-to-month,No,Fiber optic,No,84.37,2279.35,1
CUST-21791,31,Female,64,Month-to-month,Yes,Fiber optic,No,86.26,5505.27,0
CUST-21792,29,Female,10,Month-to-month,Yes,DSL,No,66.86,632.41,1
CUST-21793,62,Male,61,Two-year,Yes,Fiber optic,No,68.65,4187.93,0
CUST-21794,36,Female,13,Month-to-month,Yes,DSL,No,57.6,717.33,1
CUST-21795,44,Female,32,One-year,No,Fiber optic,No,89.11,2867.35,1
CUST-21796,51,Female,38,Month-to-month,Yes,Fiber optic,Yes,96.33,3657.85,1
CUST-21797,56,Female,59,Month-to-month,Yes,No,No internet service,18.3,1056.11,0
CUST-21798,39,Female,10,Month-to-month,Yes,Fiber optic,No,76.93,758.49,1
CUST-21799,70,Male,49,One-year,Yes,Fiber optic,Yes,74.14,3612.58,0
CUST-21800,36,Male,62,One-year,No,DSL,Yes,67.18,4156.58,0
CUST-21801,35,Male,5,Month-to-month,Yes,DSL,No,63.45,334.33,1
CUST-21802,37,Female,8,One-year,Yes,No,No internet service,18.0,129.85,0
CUST-21803,64,Male,25,Two-year,No,No,No internet service,19.19,480.98,0
CUST-21804,18,Male,27,One-year,Yes,DSL,Yes,69.91,1913.59,0
CUST-21805,19,Male,39,Month-to-month,Yes,Fiber optic,No,70.96,2769.91,0
CUST-21806,53,Female,38,One-year,Yes,Fiber optic,No,80.77,3098.01,0
CUST-21807,70,Female,43,Two-year,No,DSL,Yes,74.95,3220.92,0
CUST-21808,46,Female,58,Month-to-month,No,DSL,No,57.75,3346.77,0
CUST-21809,31,Female,38,Month-to-month,Yes,DSL,Yes,64.63,2437.87,0
CUST-21810,54,Male,9,Month-to-month,No,Fiber optic,No,96.62,869.77,1
CUST-21811,27,Female,55,Month-to-month,No,No,No internet service,23.24,1280.05,0
CUST-21812,51,Female,4,Month-to-month,No,No,No internet service,23.3,99.76,1
CUST-21813,43,Female,48,Two-year,Yes,DSL,No,55.34,2616.55,0
CUST-21814,43,Female,58,One-year,No,Fiber optic,Yes,112.08,6487.92,0
CUST-21815,48,Female,34,Two-year,Yes,DSL,No,50.08,1692.4,0
CUST-21816,50,Female,44,Month-to-month,No,DSL,No,48.82,2177.63,0
CUST-21817,37,Male,5,Two-year,No,Fiber optic,No,94.63,443.48,1
CUST-21818,69,Female,19,Two-year,Yes,DSL,No,55.83,1062.02,1
CUST-21819,42,Male,23,Month-to-month,No,Fiber optic,Yes,100.12,2331.61,0
CUST-21820,73,Male,50,One-year,No,DSL,Yes,76.29,3805.69,0
CUST-21821,71,Male,22,Month-to-month,Yes,DSL,No,66.07,1433.93,1
CUST-21822,45,Female,33,Month-to-month,Yes,Fiber optic,Yes,76.82,2536.52,1
CUST-21823,45,Female,12,Two-year,Yes,Fiber optic,No,88.49,1062.85,1
CUST-21824,64,Female,27,One-year,No,Fiber optic,Yes,77.03,2071.65,0
CUST-21825,62,Male,33,Month-to-month,No,Fiber optic,No,96.91,3176.67,1
CUST-21826,71,Female,15,Month-to-month,No,No,No internet service,18.86,287.1,1
CUST-21827,27,Female,18,Month-to-month,No,No,No internet service,22.78,418.86,1
CUST-21828,39,Male,69,One-year,Yes,DSL,No,46.06,3164.16,0
CUST-21829,60,Female,21,Two-year,Yes,Fiber optic,Yes,95.63,2014.84,0
CUST-21830,48,Male,42,Month-to-month,Yes,Fiber optic,No,103.5,4347.87,1
CUST-21831,56,Female,4,One-year,No,Fiber optic,No,91.4,341.37,1
CUST-21832,69,Male,14,One-year,Yes,No,No internet service,18.0,266.69,0
CUST-21833,53,Male,52,Month-to-month,Yes,Fiber optic,No,81.31,4235.57,1
CUST-21834,64,Female,10,One-year,Yes,DSL,No,48.24,496.71,1
CUST-21835,35,Female,66,One-year,Yes,Fiber optic,No,120.0,7949.99,1
CUST-21836,71,Female,59,Two-year,No,DSL,No,69.59,4083.81,0
CUST-21837,74,Male,30,One-year,No,DSL,Yes,82.95,2483.89,0
CUST-21838,23,Male,63,One-year,Yes,Fiber optic,No,68.14,4281.85,0
CUST-21839,73,Female,38,Two-year,No,DSL,No,61.04,2334.68,1
CUST-21840,57,Female,67,One-year,Yes,No,No internet service,18.71,1250.14,0
CUST-21841,45,Female,19,Two-year,No,No,No internet service,18.0,349.19,0
CUST-21842,51,Female,6,Two-year,Yes,DSL,No,32.7,172.36,1
CUST-21843,69,Female,34,One-year,No,Fiber optic,Yes,95.5,3197.26,1
CUST-21844,71,Female,35,Month-to-month,Yes,No,No internet service,18.0,629.34,0
CUST-21845,50,Female,59,One-year,Yes,Fiber optic,No,58.84,3482.21,0
CUST-21846,26,Female,20,Two-year,Yes,Fiber optic,No,64.87,1285.82,0
CUST-21847,37,Male,22,One-year,Yes,Fiber optic,No,86.31,1873.95,0
CUST-21848,46,Male,54,Month-to-month,No,DSL,No,58.45,3123.14,1
CUST-21849,56,Female,66,Month-to-month,Yes,No,No internet service,29.19,1916.22,0
CUST-21850,55,Male,65,Two-year,No,DSL,No,51.07,3327.38,0
CUST-21851,47,Male,15,Month-to-month,No,DSL,Yes,79.36,1201.64,1
CUST-21852,29,Female,1,One-year,Yes,Fiber optic,Yes,98.71,98.71,0
CUST-21853,29,Female,42,Month-to-month,No,Fiber optic,Yes,117.81,4926.84,1
CUST-21854,51,Female,64,One-year,No,No,No internet service,21.12,1336.86,0
CUST-21855,72,Female,19,Month-to-month,No,DSL,No,51.19,1016.87,1
CUST-21856,73,Female,2,Month-to-month,Yes,Fiber optic,Yes,60.64,95.02,1
CUST-21857,25,Male,61,Two-year,No,Fiber optic,No,77.99,4778.14,1
CUST-21858,25,Male,61,Month-to-month,No,Fiber optic,Yes,81.21,4969.31,1
CUST-21859,49,Male,2,One-year,No,Fiber optic,No,100.54,207.07,1
CUST-21860,46,Female,59,Two-year,Yes,No,No internet service,18.57,1112.26,0
CUST-21861,39,Male,7,One-year,No,Fiber optic,No,73.3,496.84,1
CUST-21862,43,Female,67,One-year,No,Fiber optic,No,68.7,4637.06,0
CUST-21863,52,Female,63,Month-to-month,Yes,DSL,No,32.39,2058.88,0
CUST-21864,49,Male,61,Month-to-month,No,No,No internet service,21.98,1296.19,0
CUST-21865,42,Female,49,Month-to-month,No,Fiber optic,Yes,115.75,5679.5,1
CUST-21866,36,Female,55,One-year,No,Fiber optic,No,92.49,5067.49,0
CUST-21867,40,Male,38,Two-year,No,Fiber optic,No,83.62,3153.45,0
CUST-21868,64,Male,14,Month-to-month,Yes,DSL,No,65.78,878.99,1
CUST-21869,34,Male,42,Month-to-month,No,DSL,No,62.85,2662.29,1
CUST-21870,25,Male,63,One-year,No,Fiber optic,No,97.87,6159.19,0
CUST-21871,37,Female,11,Month-to-month,Yes,No,No internet service,18.0,212.46,0
CUST-21872,38,Male,35,Month-to-month,Yes,Fiber optic,No,87.13,3079.62,1
CUST-21873,30,Male,59,Month-to-month,Yes,Fiber optic,Yes,88.07,5190.42,1
CUST-21874,57,Female,11,Two-year,Yes,DSL,Yes,77.46,849.24,1
CUST-21875,31,Female,43,One-year,Yes,Fiber optic,No,72.56,3111.77,0
CUST-21876,54,Female,69,One-year,Yes,Fiber optic,No,95.97,6625.65,0
CUST-21877,40,Female,57,Month-to-month,Yes,DSL,No,59.65,3441.58,0
CUST-21878,47,Female,15,Month-to-month,No,Fiber optic,Yes,112.15,1676.05,0
CUST-21879,38,Male,17,One-year,Yes,Fiber optic,No,101.52,1711.07,0
CUST-21880,36,Female,72,One-year,Yes,No,No internet service,20.17,1447.42,0
CUST-21881,64,Female,31,Month-to-month,Yes,DSL,No,56.28,1712.61,1
CUST-21882,74,Male,32,Month-to-month,Yes,DSL,No,59.22,1906.9,1
CUST-21883,45,Female,69,Two-year,Yes,DSL,Yes,54.08,3769.59,0
CUST-21884,70,Male,12,Month-to-month,No,Fiber optic,No,94.75,1129.54,1
CUST-21885,59,Male,19,Month-to-month,No,No,No internet service,19.73,391.97,1
CUST-21886,53,Male,20,One-year,Yes,Fiber optic,No,101.01,2023.86,0
CUST-21887,31,Male,17,Two-year,Yes,Fiber optic,No,95.92,1636.51,0
CUST-21888,47,Female,60,Month-to-month,Yes,Fiber optic,No,87.0,5192.63,1
CUST-21889,67,Male,1,Month-to-month,No,No,No internet service,23.28,26.61,0
CUST-21890,56,Male,7,Month-to-month,Yes,No,No internet service,23.81,205.46,1
CUST-21891,72,Male,5,Month-to-month,Yes,Fiber optic,No,85.28,403.96,1
CUST-21892,39,Female,31,Month-to-month,No,Fiber optic,No,71.41,2170.79,1
CUST-21893,73,Male,48,Month-to-month,No,DSL,No,49.29,2367.23,1
CUST-21894,73,Female,14,Month-to-month,No,Fiber optic,No,71.13,979.08,1
CUST-21895,27,Male,3,One-year,No,DSL,No,50.38,152.0,1
CUST-21896,28,Female,60,Month-to-month,Yes,DSL,No,29.36,1799.36,0
CUST-21897,27,Female,35,Two-year,No,DSL,No,43.62,1540.81,0
CUST-21898,61,Female,67,One-year,Yes,Fiber optic,No,74.88,5025.57,0
CUST-21899,33,Female,65,Two-year,Yes,No,No internet service,20.44,1328.78,0
CUST-21900,73,Female,23,One-year,No,Fiber optic,No,94.2,2146.72,0
CUST-21901,54,Male,58,One-year,Yes,Fiber optic,Yes,89.2,5182.14,0
CUST-21902,47,Female,13,Two-year,Yes,DSL,No,57.09,777.41,0
CUST-21903,73,Male,9,One-year,Yes,Fiber optic,Yes,92.39,851.52,1
CUST-21904,63,Female,7,Two-year,Yes,Fiber optic,No,73.49,511.61,1
CUST-21905,44,Male,55,One-year,No,Fiber optic,Yes,68.1,3778.16,0
CUST-21906,60,Male,39,Month-to-month,No,Fiber optic,No,86.7,3355.72,1
CUST-21907,37,Male,11,Two-year,No,DSL,No,51.49,549.36,0
CUST-21908,67,Male,27,One-year,No,DSL,Yes,53.74,1444.4,0
CUST-21909,24,Male,8,Two-year,Yes,Fiber optic,No,90.72,726.85,1
CUST-21910,29,Female,53,Month-to-month,Yes,Fiber optic,Yes,111.29,5884.72,1
CUST-21911,68,Female,33,One-year,No,DSL,Yes,74.12,2445.26,0
CUST-21912,64,Male,32,Month-to-month,No,DSL,Yes,65.83,2119.39,1
CUST-21913,32,Female,5,Month-to-month,Yes,No,No internet service,18.0,119.9,1
CUST-21914,32,Female,3,One-year,Yes,DSL,No,60.72,170.08,0
CUST-21915,42,Male,40,Month-to-month,No,Fiber optic,No,97.33,3886.71,1
CUST-21916,60,Male,31,Month-to-month,No,Fiber optic,Yes,90.28,2816.31,1
CUST-21917,54,Female,16,Two-year,No,Fiber optic,Yes,88.68,1434.29,1
CUST-21918,24,Female,58,Month-to-month,No,DSL,No,63.57,3707.27,1
CUST-21919,54,Male,19,One-year,Yes,No,No internet service,18.61,336.73,0
CUST-21920,69,Male,61,Month-to-month,Yes,Fiber optic,No,60.66,3678.11,0
CUST-21921,42,Female,41,Two-year,No,Fiber optic,Yes,106.86,4386.03,0
CUST-21922,61,Male,69,One-year,Yes,Fiber optic,Yes,86.5,5953.32,1
CUST-21923,34,Female,60,Month-to-month,Yes,Fiber optic,No,79.21,4750.55,0
CUST-21924,73,Female,38,Month-to-month,No,DSL,Yes,58.48,2222.27,1
CUST-21925,60,Male,41,Month-to-month,Yes,DSL,No,53.33,2159.07,0
CUST-21926,28,Female,63,Two-year,Yes,Fiber optic,Yes,93.81,5868.2,0
CUST-21927,65,Male,50,Month-to-month,No,DSL,Yes,73.68,3671.45,0
CUST-21928,50,Female,41,Month-to-month,Yes,DSL,Yes,68.95,2852.28,0
CUST-21929,33,Female,36,Two-year,Yes,Fiber optic,No,102.81,3722.46,0
CUST-21930,54,Male,1,Month-to-month,Yes,Fiber optic,No,75.29,83.93,1
CUST-21931,24,Male,40,Month-to-month,Yes,Fiber optic,No,102.42,4082.83,1
CUST-21932,25,Female,58,One-year,No,DSL,Yes,65.9,3837.32,0
CUST-21933,42,Female,57,Two-year,No,DSL,Yes,54.72,3109.03,0
CUST-21934,42,Male,43,Two-year,Yes,Fiber optic,No,61.7,2657.46,0
CUST-21935,60,Male,35,One-year,No,Fiber optic,No,81.31,2826.02,1
CUST-21936,58,Male,66,One-year,Yes,No,No internet service,18.85,1286.38,0
CUST-21937,18,Female,35,One-year,No,No,No internet service,18.0,595.54,0
CUST-21938,63,Male,33,Two-year,Yes,DSL,Yes,67.21,2221.09,0
CUST-21939,61,Female,13,One-year,Yes,Fiber optic,Yes,97.16,1237.83,1
CUST-21940,64,Male,29,Two-year,Yes,Fiber optic,No,90.57,2646.01,0
CUST-21941,27,Male,21,Month-to-month,No,Fiber optic,No,105.21,2224.73,1
CUST-21942,53,Male,71,Month-to-month,No,DSL,No,49.9,3526.68,0
CUST-21943,33,Female,62,Month-to-month,Yes,Fiber optic,No,72.03,4495.99,1
CUST-21944,70,Male,5,Month-to-month,Yes,DSL,No,58.87,289.77,1
CUST-21945,48,Female,46,One-year,No,DSL,No,60.65,2781.29,0
CUST-21946,59,Male,23,Month-to-month,Yes,Fiber optic,No,91.89,2122.83,0
CUST-21947,41,Male,52,Month-to-month,Yes,Fiber optic,Yes,120.0,6244.15,1
CUST-21948,74,Female,63,Month-to-month,Yes,Fiber optic,Yes,107.96,6821.45,1
CUST-21949,63,Female,70,One-year,No,Fiber optic,Yes,91.77,6408.44,0
CUST-21950,34,Female,60,Month-to-month,Yes,Fiber optic,Yes,117.77,7031.84,0
CUST-21951,42,Female,45,Two-year,Yes,Fiber optic,Yes,103.7,4692.67,0
CUST-21952,72,Female,3,Month-to-month,No,DSL,No,53.01,173.78,1
CUST-21953,46,Female,36,Month-to-month,No,No,No internet service,19.57,703.05,0
CUST-21954,23,Male,17,Month-to-month,No,Fiber optic,No,69.45,1193.56,1
CUST-21955,27,Male,36,One-year,No,Fiber optic,No,97.37,3467.33,0
CUST-21956,71,Male,9,Month-to-month,Yes,Fiber optic,No,102.4,932.25,1
CUST-21957,41,Male,71,Month-to-month,No,Fiber optic,Yes,103.57,7333.21,0
CUST-21958,51,Male,20,Month-to-month,Yes,Fiber optic,Yes,115.93,2314.36,1
CUST-21959,25,Male,47,Month-to-month,Yes,DSL,Yes,62.11,2883.54,1
CUST-21960,31,Female,65,Two-year,Yes,No,No internet service,21.66,1383.41,0
CUST-21961,55,Male,61,Month-to-month,Yes,No,No internet service,20.16,1223.56,0
CUST-21962,65,Male,12,Two-year,Yes,DSL,No,62.18,753.8,1
CUST-21963,33,Female,58,Month-to-month,Yes,Fiber optic,Yes,77.11,4478.07,1
CUST-21964,40,Male,3,Month-to-month,Yes,DSL,No,61.35,188.22,1
CUST-21965,72,Female,24,Month-to-month,No,Fiber optic,No,84.79,2061.63,1
CUST-21966,51,Male,19,Month-to-month,Yes,Fiber optic,Yes,97.59,1836.46,1
CUST-21967,31,Male,53,Month-to-month,No,DSL,Yes,58.81,3115.1,0
CUST-21968,72,Male,11,Month-to-month,Yes,Fiber optic,No,92.38,1007.01,1
CUST-21969,58,Female,5,Month-to-month,No,No,No internet service,24.82,127.61,0
CUST-21970,35,Male,40,One-year,Yes,Fiber optic,No,93.03,3722.66,1
CUST-21971,23,Male,1,Month-to-month,Yes,Fiber optic,No,66.1,100.09,1
CUST-21972,38,Female,33,Month-to-month,No,Fiber optic,No,82.98,2731.52,1
CUST-21973,66,Female,67,Two-year,Yes,Fiber optic,No,86.82,5804.31,0
CUST-21974,42,Female,15,Month-to-month,Yes,DSL,Yes,54.27,829.84,1
CUST-21975,65,Male,42,Month-to-month,Yes,DSL,No,57.16,2423.71,0
CUST-21976,21,Female,64,Month-to-month,Yes,Fiber optic,No,90.92,5839.78,1
CUST-21977,34,Female,47,One-year,Yes,No,No internet service,19.44,910.78,0
CUST-21978,68,Male,16,One-year,No,Fiber optic,No,84.19,1411.6,1
CUST-21979,50,Male,20,Month-to-month,No,Fiber optic,No,77.6,1533.26,1
CUST-21980,60,Male,53,Month-to-month,No,DSL,No,43.32,2285.72,1
CUST-21981,25,Female,72,Month-to-month,Yes,No,No internet service,23.22,1698.38,1
CUST-21982,41,Male,33,Month-to-month,Yes,Fiber optic,No,69.32,2306.16,0
CUST-21983,41,Male,39,Month-to-month,No,Fiber optic,Yes,120.0,4678.42,1
CUST-21984,59,Male,27,Two-year,Yes,Fiber optic,Yes,80.49,2167.54,0
CUST-21985,69,Female,19,Month-to-month,No,DSL,Yes,55.74,1044.1,1
CUST-21986,65,Female,24,One-year,No,DSL,No,67.34,1583.58,0
CUST-21987,30,Female,42,Two-year,Yes,DSL,Yes,49.08,2069.18,0
CUST-21988,56,Female,47,Two-year,Yes,Fiber optic,No,50.8,2405.89,0
CUST-21989,56,Female,42,One-year,Yes,No,No internet service,21.49,899.11,0
CUST-21990,37,Male,26,Month-to-month,Yes,DSL,Yes,82.72,2148.49,0
CUST-21991,65,Male,49,Month-to-month,Yes,No,No internet service,18.0,893.91,1
CUST-21992,21,Male,32,Two-year,No,Fiber optic,Yes,120.0,3811.41,1
CUST-21993,35,Male,49,Month-to-month,Yes,No,No internet service,18.3,874.6,0
CUST-21994,67,Female,69,Two-year,No,Fiber optic,Yes,76.4,5305.14,0
CUST-21995,25,Female,28,Month-to-month,No,No,No internet service,26.4,761.26,0
CUST-21996,63,Male,67,Month-to-month,Yes,Fiber optic,Yes,97.78,6556.76,0
CUST-21997,30,Male,49,One-year,Yes,DSL,No,67.45,3282.03,0
CUST-21998,56,Male,51,Month-to-month,Yes,No,No internet service,19.48,979.33,0
CUST-21999,42,Male,27,Two-year,Yes,Fiber optic,Yes,77.17,2101.45,0
CUST-22000,54,Male,22,Month-to-month,Yes,DSL,No,62.61,1371.79,0
CUST-22001,29,Male,9,Month-to-month,Yes,Fiber optic,No,84.49,761.54,1
CUST-22002,33,Female,26,Two-year,No,Fiber optic,No,77.89,2015.76,0
CUST-22003,23,Male,36,Month-to-month,Yes,Fiber optic,Yes,109.4,3936.4,1
CUST-22004,32,Female,10,Month-to-month,Yes,DSL,No,72.73,729.91,0
CUST-22005,66,Female,31,Month-to-month,Yes,DSL,Yes,68.85,2127.96,0
CUST-22006,64,Male,71,Month-to-month,Yes,Fiber optic,Yes,120.0,8536.85,1
CUST-22007,66,Female,72,Two-year,Yes,Fiber optic,No,74.7,5353.33,0
CUST-22008,50,Male,64,Month-to-month,Yes,Fiber optic,No,120.0,7679.46,0
CUST-22009,52,Female,42,Month-to-month,No,Fiber optic,No,77.04,3244.45,0
CUST-22010,67,Female,62,Two-year,Yes,Fiber optic,Yes,70.37,4349.99,0
CUST-22011,42,Male,58,Two-year,No,Fiber optic,No,82.82,4775.11,0
CUST-22012,31,Female,2,Two-year,No,DSL,No,52.91,98.93,0
CUST-22013,34,Male,16,One-year,No,DSL,No,41.53,672.1,1
CUST-22014,61,Male,34,Month-to-month,No,Fiber optic,No,86.07,2910.82,0
CUST-22015,53,Male,46,Month-to-month,Yes,DSL,Yes,63.82,2965.83,0
CUST-22016,37,Male,40,Month-to-month,No,Fiber optic,No,67.88,2710.45,1
CUST-22017,64,Male,10,One-year,Yes,DSL,No,54.67,531.91,1
CUST-22018,20,Female,72,Month-to-month,No,DSL,Yes,61.74,4462.8,0
CUST-22019,50,Male,14,Month-to-month,No,DSL,Yes,63.65,881.54,0
CUST-22020,30,Male,59,Two-year,Yes,Fiber optic,No,99.79,5907.79,0
CUST-22021,41,Male,49,Month-to-month,Yes,Fiber optic,No,108.93,5395.31,0
CUST-22022,29,Male,54,One-year,No,Fiber optic,No,106.69,5773.41,0
CUST-22023,42,Male,66,Month-to-month,No,Fiber optic,No,108.26,7122.2,1
CUST-22024,54,Male,2,Month-to-month,Yes,DSL,Yes,51.71,113.92,1
CUST-22025,29,Male,27,Month-to-month,Yes,DSL,Yes,70.23,1935.6,1
CUST-22026,22,Male,19,One-year,No,Fiber optic,Yes,85.67,1600.94,1
CUST-22027,42,Female,46,One-year,Yes,Fiber optic,No,88.38,4044.34,1
CUST-22028,38,Male,30,Month-to-month,No,Fiber optic,No,79.85,2394.57,1
CUST-22029,57,Female,32,Month-to-month,No,DSL,No,59.11,1909.61,1
CUST-22030,54,Female,65,Month-to-month,No,Fiber optic,Yes,89.73,5820.44,0
CUST-22031,18,Male,3,Two-year,No,Fiber optic,No,100.78,336.48,1
CUST-22032,37,Male,24,One-year,Yes,DSL,No,58.3,1380.3,1
CUST-22033,64,Male,52,Month-to-month,Yes,No,No internet service,21.76,1143.35,1
CUST-22034,32,Male,65,One-year,No,DSL,No,56.42,3711.06,1
CUST-22035,49,Male,15,Month-to-month,Yes,DSL,No,43.01,604.83,0
CUST-22036,61,Female,49,Month-to-month,Yes,Fiber optic,Yes,99.53,4904.32,0
CUST-22037,48,Female,61,One-year,Yes,Fiber optic,Yes,102.79,6245.63,0
CUST-22038,40,Female,27,Month-to-month,Yes,DSL,No,53.62,1424.9,1
CUST-22039,45,Male,55,One-year,Yes,DSL,No,51.7,2842.84,0
CUST-22040,69,Male,62,Month-to-month,Yes,No,No internet service,18.0,1096.1,0
CUST-22041,53,Female,6,Two-year,Yes,Fiber optic,No,114.44,699.35,1
CUST-22042,54,Male,19,Two-year,No,DSL,No,64.85,1255.57,0
CUST-22043,36,Female,4,Month-to-month,Yes,DSL,No,55.92,222.04,1
CUST-22044,40,Female,35,Two-year,No,Fiber optic,No,83.21,2948.5,0
CUST-22045,51,Female,12,Month-to-month,No,Fiber optic,No,71.22,851.96,0
CUST-22046,52,Female,6,Month-to-month,Yes,Fiber optic,Yes,84.45,508.92,1
CUST-22047,68,Male,48,One-year,Yes,No,No internet service,27.11,1314.34,0
CUST-22048,54,Male,63,Month-to-month,No,Fiber optic,No,91.05,5715.75,0
CUST-22049,44,Male,58,One-year,Yes,No,No internet service,18.0,1039.44,0
CUST-22050,58,Male,16,One-year,Yes,No,No internet service,18.0,268.82,0
CUST-22051,55,Male,60,Month-to-month,Yes,No,No internet service,23.91,1422.19,0
CUST-22052,69,Male,69,One-year,No,DSL,No,59.8,4156.5,0
CUST-22053,33,Male,72,One-year,Yes,Fiber optic,No,89.32,6408.45,1
CUST-22054,41,Male,64,One-year,Yes,DSL,No,43.01,2753.84,0
CUST-22055,21,Male,40,Month-to-month,Yes,Fiber optic,No,91.37,3694.4,0
CUST-22056,47,Male,70,Month-to-month,No,DSL,Yes,63.12,4424.89,0
CUST-22057,36,Male,50,Month-to-month,No,Fiber optic,No,100.22,5048.81,1
CUST-22058,44,Male,65,Month-to-month,Yes,Fiber optic,No,64.76,4194.2,0
CUST-22059,36,Female,47,One-year,Yes,DSL,No,71.23,3362.4,0
CUST-22060,54,Male,65,One-year,Yes,DSL,Yes,64.11,4202.3,0
CUST-22061,62,Male,57,Month-to-month,Yes,DSL,No,57.36,3272.22,0
CUST-22062,71,Male,53,Month-to-month,No,No,No internet service,23.0,1227.01,0
CUST-22063,65,Male,31,Month-to-month,No,DSL,No,50.12,1546.79,0
CUST-22064,21,Female,25,Month-to-month,No,DSL,No,57.26,1442.45,0
CUST-22065,63,Female,33,Month-to-month,Yes,Fiber optic,No,97.62,3215.44,1
CUST-22066,64,Female,28,Two-year,Yes,Fiber optic,No,89.35,2464.84,0
CUST-22067,40,Female,68,One-year,No,DSL,Yes,61.66,4209.87,0
CUST-22068,39,Male,68,Month-to-month,No,DSL,No,52.25,3543.19,0
CUST-22069,22,Female,21,Two-year,Yes,DSL,Yes,39.81,829.44,0
CUST-22070,39,Male,37,Two-year,Yes,Fiber optic,No,101.24,3735.2,1
CUST-22071,29,Male,20,Two-year,Yes,Fiber optic,Yes,78.97,1594.34,0
CUST-22072,53,Female,5,Month-to-month,No,No,No internet service,18.0,78.39,0
CUST-22073,48,Male,69,Month-to-month,No,DSL,No,55.19,3794.09,0
CUST-22074,23,Female,10,One-year,No,Fiber optic,No,72.59,724.99,1
CUST-22075,22,Male,53,Two-year,No,Fiber optic,No,64.44,3422.35,0
CUST-22076,18,Male,63,Month-to-month,No,DSL,Yes,74.75,4689.17,0
CUST-22077,27,Male,67,Month-to-month,No,DSL,No,46.1,3104.71,0
CUST-22078,53,Female,37,One-year,Yes,Fiber optic,No,96.3,3562.31,0
CUST-22079,57,Male,46,One-year,Yes,DSL,Yes,70.79,3279.55,0
CUST-22080,69,Female,44,One-year,Yes,Fiber optic,Yes,85.79,3776.3,0
CUST-22081,69,Female,12,Month-to-month,No,Fiber optic,No,91.95,1062.52,1
CUST-22082,62,Male,34,Month-to-month,Yes,DSL,No,40.93,1398.95,0
CUST-22083,73,Male,4,One-year,Yes,DSL,No,55.5,253.24,0
CUST-22084,61,Female,42,Month-to-month,Yes,DSL,No,53.02,2229.67,0
CUST-22085,49,Female,60,Month-to-month,Yes,Fiber optic,Yes,120.0,7229.04,1
CUST-22086,65,Male,3,Two-year,Yes,DSL,Yes,44.87,156.14,0
CUST-22087,60,Male,29,Month-to-month,Yes,DSL,Yes,54.23,1547.84,0
CUST-22088,65,Female,31,Month-to-month,No,DSL,Yes,69.1,2126.36,1
CUST-22089,55,Male,46,Month-to-month,No,Fiber optic,Yes,105.32,4869.65,0
CUST-22090,67,Female,17,One-year,No,No,No internet service,26.34,461.49,0
CUST-22091,70,Male,35,Month-to-month,Yes,No,No internet service,18.95,658.76,0
CUST-22092,34,Male,7,Month-to-month,No,Fiber optic,Yes,66.27,458.8,0
CUST-22093,29,Male,17,Month-to-month,Yes,Fiber optic,Yes,91.25,1545.11,1
CUST-22094,39,Female,36,Month-to-month,No,No,No internet service,21.88,824.66,0
CUST-22095,34,Male,2,Month-to-month,No,Fiber optic,Yes,84.14,182.71,1
CUST-22096,21,Male,37,Two-year,Yes,Fiber optic,No,82.09,3029.89,0
CUST-22097,42,Female,38,Two-year,Yes,Fiber optic,No,74.05,2806.26,1
CUST-22098,61,Female,20,One-year,No,No,No internet service,18.0,356.43,0
CUST-22099,58,Male,32,Month-to-month,No,DSL,No,64.2,2051.51,1
CUST-22100,50,Male,17,Month-to-month,Yes,Fiber optic,No,83.34,1389.74,1
CUST-22101,37,Female,13,Two-year,Yes,Fiber optic,No,120.0,1530.18,0
CUST-22102,48,Male,9,Month-to-month,No,Fiber optic,No,62.22,566.69,1
CUST-22103,20,Male,29,Month-to-month,No,Fiber optic,Yes,90.62,2618.24,1
CUST-22104,20,Male,23,Two-year,No,Fiber optic,No,73.89,1680.5,1
CUST-22105,30,Female,69,Month-to-month,Yes,DSL,No,42.56,2911.69,1
CUST-22106,51,Male,27,Month-to-month,Yes,DSL,No,50.73,1383.54,0
CUST-22107,25,Male,65,Month-to-month,Yes,Fiber optic,Yes,60.97,3964.59,0
CUST-22108,44,Female,71,Month-to-month,Yes,Fiber optic,Yes,73.03,5178.04,0
CUST-22109,42,Male,72,Month-to-month,Yes,Fiber optic,Yes,81.74,5910.06,0
CUST-22110,28,Female,7,Month-to-month,No,DSL,No,61.5,432.26,1
CUST-22111,56,Male,42,One-year,Yes,Fiber optic,No,75.87,3214.63,0
CUST-22112,21,Male,21,Month-to-month,No,DSL,No,56.29,1193.89,1
CUST-22113,27,Male,35,Two-year,No,DSL,No,57.19,2009.16,0
CUST-22114,54,Female,59,Month-to-month,Yes,DSL,No,67.25,3954.44,0
CUST-22115,54,Female,61,One-year,Yes,Fiber optic,No,97.07,5912.96,0
CUST-22116,42,Female,26,Two-year,Yes,No,No internet service,18.22,479.18,0
CUST-22117,26,Female,23,Two-year,No,Fiber optic,Yes,117.32,2702.61,1
CUST-22118,47,Female,2,One-year,No,DSL,Yes,50.26,97.44,1
CUST-22119,36,Female,53,Month-to-month,No,Fiber optic,No,106.8,5691.3,1
CUST-22120,24,Female,54,Month-to-month,Yes,No,No internet service,18.0,951.88,0
CUST-22121,53,Male,43,Two-year,Yes,No,No internet service,20.16,869.44,0
CUST-22122,59,Female,57,Month-to-month,No,Fiber optic,No,78.37,4457.7,0
CUST-22123,72,Female,71,Month-to-month,Yes,DSL,No,55.83,3951.36,0
CUST-22124,58,Female,50,Two-year,Yes,DSL,No,74.78,3755.6,0
CUST-22125,32,Female,6,One-year,Yes,DSL,No,53.56,307.31,0
CUST-22126,74,Male,28,One-year,Yes,DSL,No,54.33,1507.49,0
CUST-22127,45,Male,12,One-year,Yes,DSL,No,52.09,644.02,1
CUST-22128,41,Male,53,Month-to-month,Yes,Fiber optic,No,78.42,4133.32,1
CUST-22129,25,Male,28,Month-to-month,No,No,No internet service,22.67,649.65,1
CUST-22130,63,Male,21,Month-to-month,Yes,Fiber optic,No,67.79,1424.74,1
CUST-22131,50,Female,60,Month-to-month,No,Fiber optic,No,80.14,4811.6,1
CUST-22132,20,Female,28,One-year,No,Fiber optic,No,103.67,2905.96,0
CUST-22133,27,Male,3,Month-to-month,No,DSL,No,48.09,122.91,1
CUST-22134,71,Female,70,Month-to-month,Yes,No,No internet service,22.41,1569.26,0
CUST-22135,45,Male,49,Month-to-month,Yes,Fiber optic,No,83.95,4111.55,0
CUST-22136,68,Female,26,Month-to-month,No,Fiber optic,No,100.05,2632.86,1
CUST-22137,32,Male,15,Two-year,No,Fiber optic,No,103.97,1571.32,1
CUST-22138,52,Female,41,Month-to-month,No,Fiber optic,No,84.84,3462.79,1
CUST-22139,66,Male,27,Two-year,Yes,Fiber optic,Yes,120.0,3253.13,0
CUST-22140,70,Female,37,One-year,Yes,DSL,No,52.94,1957.79,0
CUST-22141,72,Female,3,Month-to-month,Yes,DSL,Yes,56.23,162.82,1
CUST-22142,67,Male,67,Month-to-month,Yes,No,No internet service,20.41,1350.6,0
CUST-22143,34,Female,26,Month-to-month,Yes,DSL,No,57.73,1532.17,0
CUST-22144,57,Female,59,One-year,No,DSL,Yes,59.74,3547.07,0
CUST-22145,47,Female,67,Month-to-month,Yes,Fiber optic,Yes,110.81,7408.05,1
CUST-22146,51,Female,18,Month-to-month,No,Fiber optic,No,77.2,1378.57,0
CUST-22147,40,Female,16,Two-year,No,DSL,No,69.56,1110.28,1
CUST-22148,29,Female,46,Month-to-month,Yes,DSL,No,44.31,2074.16,0
CUST-22149,70,Male,52,One-year,Yes,Fiber optic,No,80.67,4177.62,0
CUST-22150,41,Female,67,Month-to-month,No,No,No internet service,19.13,1269.49,0
CUST-22151,57,Female,39,Two-year,Yes,Fiber optic,No,107.22,4167.73,0
CUST-22152,69,Male,35,Month-to-month,No,Fiber optic,No,81.17,2796.28,1
CUST-22153,31,Female,31,Month-to-month,No,DSL,Yes,67.47,2061.66,1
CUST-22154,73,Female,48,Month-to-month,Yes,Fiber optic,No,52.4,2523.64,0
CUST-22155,23,Female,30,Month-to-month,Yes,No,No internet service,18.0,554.76,0
CUST-22156,30,Male,26,Month-to-month,No,Fiber optic,Yes,113.0,2933.93,1
CUST-22157,37,Female,68,Month-to-month,Yes,Fiber optic,No,69.61,4744.57,0
CUST-22158,19,Female,32,Month-to-month,Yes,No,No internet service,18.0,554.35,0
CUST-22159,31,Female,45,One-year,Yes,DSL,No,80.3,3609.93,1
CUST-22160,43,Female,18,Month-to-month,Yes,Fiber optic,No,85.49,1551.3,1
CUST-22161,55,Male,59,Month-to-month,No,DSL,Yes,69.2,4072.94,0
CUST-22162,38,Female,23,Two-year,Yes,Fiber optic,No,88.07,2024.57,0
CUST-22163,39,Female,24,Month-to-month,Yes,DSL,Yes,57.08,1355.16,0
CUST-22164,62,Female,60,One-year,Yes,Fiber optic,No,93.61,5615.25,0
CUST-22165,41,Female,59,Month-to-month,No,DSL,Yes,75.53,4475.56,0
CUST-22166,61,Male,29,Month-to-month,Yes,Fiber optic,No,68.51,1978.37,1
CUST-22167,69,Male,65,Month-to-month,No,Fiber optic,No,71.62,4619.31,1
CUST-22168,68,Female,10,Two-year,No,DSL,No,53.76,525.36,0
CUST-22169,55,Male,25,One-year,Yes,No,No internet service,23.91,581.82,0
CUST-22170,48,Female,23,Month-to-month,Yes,Fiber optic,No,99.39,2332.46,1
CUST-22171,66,Female,22,Month-to-month,Yes,Fiber optic,No,106.97,2324.46,0
CUST-22172,21,Female,16,Month-to-month,Yes,DSL,Yes,78.42,1252.44,1
CUST-22173,23,Female,1,Month-to-month,Yes,Fiber optic,Yes,92.77,92.77,1
CUST-22174,49,Male,67,One-year,Yes,DSL,Yes,75.24,5035.65,0
CUST-22175,19,Female,55,Month-to-month,Yes,DSL,Yes,40.42,2218.99,1
CUST-22176,63,Male,27,Month-to-month,Yes,DSL,No,55.89,1502.55,1
CUST-22177,40,Male,21,Month-to-month,No,Fiber optic,No,83.32,1746.67,0
CUST-22178,72,Male,48,Two-year,No,DSL,Yes,64.4,3117.43,0
CUST-22179,41,Female,4,Month-to-month,No,No,No internet service,27.87,70.11,0
CUST-22180,48,Female,11,Month-to-month,Yes,Fiber optic,Yes,116.68,1279.26,1
CUST-22181,38,Male,29,Month-to-month,Yes,No,No internet service,27.09,778.26,0
CUST-22182,72,Male,52,Month-to-month,Yes,Fiber optic,No,88.28,4578.15,0
CUST-22183,19,Female,68,Two-year,Yes,Fiber optic,No,62.66,4262.86,0
CUST-22184,28,Female,70,Month-to-month,Yes,Fiber optic,No,83.82,5857.48,0
CUST-22185,57,Female,26,One-year,No,Fiber optic,Yes,84.89,2230.82,1
CUST-22186,30,Female,20,Month-to-month,Yes,DSL,Yes,57.18,1149.81,1
CUST-22187,22,Female,37,Month-to-month,No,DSL,No,55.54,2070.41,0
CUST-22188,30,Female,70,Two-year,No,Fiber optic,No,82.19,5746.24,0
CUST-22189,20,Female,45,Two-year,No,No,No internet service,18.0,821.58,0
CUST-22190,42,Male,48,Month-to-month,Yes,DSL,Yes,64.68,3130.83,0
CUST-22191,56,Female,59,Month-to-month,Yes,No,No internet service,18.0,1019.41,0
CUST-22192,30,Female,64,One-year,No,Fiber optic,No,97.79,6265.56,0
CUST-22193,73,Female,11,Two-year,No,Fiber optic,No,106.11,1172.45,1
CUST-22194,61,Female,36,Two-year,Yes,Fiber optic,No,97.1,3479.54,0
CUST-22195,33,Male,36,One-year,Yes,Fiber optic,Yes,100.56,3638.16,1
CUST-22196,44,Male,25,One-year,Yes,DSL,No,54.19,1354.8,0
CUST-22197,41,Female,11,Month-to-month,Yes,Fiber optic,No,79.72,907.41,1
CUST-22198,64,Male,6,Month-to-month,Yes,DSL,No,60.43,352.41,1
CUST-22199,41,Male,46,Month-to-month,Yes,DSL,Yes,70.2,3239.54,0
CUST-22200,59,Male,19,Month-to-month,No,Fiber optic,Yes,79.95,1527.2,1
CUST-22201,73,Female,32,One-year,Yes,Fiber optic,No,82.87,2702.06,1
CUST-22202,25,Female,64,Month-to-month,No,Fiber optic,No,87.69,5592.85,0
CUST-22203,66,Male,64,Month-to-month,No,Fiber optic,No,88.36,5675.69,1
CUST-22204,46,Female,30,Two-year,Yes,DSL,Yes,69.88,2088.17,0
CUST-22205,24,Male,22,Month-to-month,Yes,Fiber optic,No,103.07,2248.03,1
CUST-22206,69,Male,52,Month-to-month,No,DSL,No,58.05,3017.15,0
CUST-22207,52,Male,12,Two-year,No,DSL,No,39.55,484.14,0
CUST-22208,52,Male,1,Two-year,No,Fiber optic,No,109.23,139.68,0
CUST-22209,47,Female,55,Month-to-month,No,Fiber optic,No,71.82,3931.91,0
CUST-22210,31,Male,66,Month-to-month,Yes,DSL,Yes,74.87,4965.3,0
CUST-22211,34,Female,58,Month-to-month,No,Fiber optic,No,110.91,6429.94,1
CUST-22212,31,Female,14,One-year,Yes,Fiber optic,No,81.5,1149.89,1
CUST-22213,25,Female,28,Two-year,Yes,Fiber optic,No,79.18,2202.89,0
CUST-22214,33,Male,3,Month-to-month,No,DSL,No,68.3,196.47,1
CUST-22215,58,Female,54,Month-to-month,Yes,DSL,No,63.11,3416.61,0
CUST-22216,21,Male,5,Two-year,Yes,Fiber optic,No,61.35,280.48,0
CUST-22217,53,Female,19,One-year,No,Fiber optic,Yes,101.89,1928.63,0
CUST-22218,19,Female,50,Month-to-month,Yes,Fiber optic,Yes,67.19,3371.38,1
CUST-22219,32,Male,53,Month-to-month,Yes,DSL,Yes,76.89,4079.89,1
CUST-22220,40,Male,68,Month-to-month,No,Fiber optic,No,103.79,7094.46,0
CUST-22221,66,Female,20,One-year,Yes,DSL,Yes,42.85,860.98,0
CUST-22222,68,Male,2,Two-year,No,No,No internet service,24.72,45.27,0
CUST-22223,74,Male,14,Month-to-month,Yes,Fiber optic,No,41.47,588.56,1
CUST-22224,40,Female,2,Two-year,Yes,Fiber optic,No,100.52,180.92,0
CUST-22225,28,Male,68,Month-to-month,No,DSL,Yes,51.67,3538.72,0
CUST-22226,31,Female,20,Month-to-month,Yes,Fiber optic,No,78.79,1519.95,1
CUST-22227,53,Female,24,Month-to-month,Yes,Fiber optic,Yes,92.55,2181.87,1
CUST-22228,41,Female,35,One-year,Yes,Fiber optic,No,98.25,3430.82,0
CUST-22229,44,Male,32,Two-year,Yes,Fiber optic,Yes,120.0,3841.44,1
CUST-22230,52,Male,40,Two-year,Yes,DSL,Yes,66.55,2687.99,0
CUST-22231,19,Male,34,Month-to-month,No,DSL,Yes,77.83,2662.68,0
CUST-22232,27,Female,34,Month-to-month,No,Fiber optic,No,109.62,3745.49,1
CUST-22233,37,Male,36,Month-to-month,Yes,Fiber optic,Yes,120.0,4303.33,0
CUST-22234,47,Female,14,Month-to-month,Yes,DSL,No,46.01,609.04,1
CUST-22235,58,Male,58,Month-to-month,No,No,No internet service,21.25,1242.16,0
CUST-22236,40,Male,36,Month-to-month,Yes,Fiber optic,Yes,120.0,4291.38,1
CUST-22237,70,Female,47,Month-to-month,No,Fiber optic,No,75.94,3554.64,1
CUST-22238,69,Male,40,One-year,No,No,No internet service,18.84,741.09,0
CUST-22239,42,Male,67,Two-year,Yes,DSL,No,69.76,4654.3,0
CUST-22240,40,Male,57,Two-year,Yes,DSL,Yes,60.06,3390.51,0
CUST-22241,42,Male,63,One-year,No,No,No internet service,24.6,1564.27,0
CUST-22242,62,Female,19,Month-to-month,Yes,Fiber optic,Yes,86.9,1644.63,0
CUST-22243,56,Female,60,Month-to-month,No,Fiber optic,No,65.16,3920.16,0
CUST-22244,28,Male,49,Month-to-month,No,DSL,No,49.59,2405.13,1
CUST-22245,38,Male,17,Month-to-month,Yes,Fiber optic,Yes,98.68,1711.78,1
CUST-22246,72,Female,53,One-year,Yes,DSL,Yes,62.32,3307.76,0
CUST-22247,31,Female,61,Month-to-month,Yes,Fiber optic,No,87.82,5374.1,1
CUST-22248,28,Male,13,One-year,No,DSL,Yes,65.16,880.87,0
CUST-22249,65,Female,14,One-year,No,Fiber optic,No,87.67,1254.98,1
CUST-22250,23,Female,38,Month-to-month,No,Fiber optic,No,86.09,3255.33,1
CUST-22251,70,Female,28,Two-year,Yes,Fiber optic,No,61.2,1716.44,1
CUST-22252,26,Female,31,Two-year,Yes,Fiber optic,No,74.61,2344.02,0
CUST-22253,42,Female,37,Month-to-month,Yes,Fiber optic,No,71.18,2649.15,1
CUST-22254,46,Male,8,Two-year,No,DSL,No,61.22,458.01,0
CUST-22255,39,Male,12,Two-year,Yes,Fiber optic,No,70.5,836.82,0
CUST-22256,42,Female,24,Two-year,Yes,Fiber optic,No,93.49,2254.39,1
CUST-22257,73,Male,5,Month-to-month,Yes,Fiber optic,No,76.34,367.5,1
CUST-22258,49,Female,23,Month-to-month,No,No,No internet service,20.0,443.92,0
CUST-22259,43,Female,39,Month-to-month,Yes,DSL,No,52.24,2055.12,0
CUST-22260,61,Female,68,Two-year,Yes,DSL,No,72.4,4905.63,0
CUST-22261,64,Female,33,Two-year,Yes,DSL,No,51.52,1651.65,0
CUST-22262,49,Male,54,Month-to-month,No,Fiber optic,Yes,110.66,5966.83,1
CUST-22263,52,Female,60,One-year,No,DSL,No,58.32,3524.12,0
CUST-22264,26,Male,57,Two-year,No,No,No internet service,27.03,1507.51,0
CUST-22265,71,Male,59,One-year,Yes,No,No internet service,18.5,1070.72,0
CUST-22266,64,Male,59,One-year,No,Fiber optic,No,82.11,4831.25,0
CUST-22267,20,Female,62,Two-year,Yes,Fiber optic,No,105.01,6527.94,0
CUST-22268,31,Male,31,Month-to-month,Yes,DSL,No,41.16,1280.29,0
CUST-22269,38,Female,22,One-year,No,Fiber optic,Yes,95.21,2115.35,1
CUST-22270,31,Male,33,Month-to-month,No,Fiber optic,Yes,110.99,3696.83,0
CUST-22271,59,Male,58,One-year,Yes,DSL,No,77.46,4477.94,0
CUST-22272,45,Female,5,Month-to-month,No,DSL,No,65.37,306.01,0
CUST-22273,36,Female,38,Month-to-month,Yes,Fiber optic,No,85.85,3262.16,0
CUST-22274,56,Female,51,Month-to-month,Yes,No,No internet service,26.5,1345.71,0
CUST-22275,47,Female,27,Month-to-month,Yes,No,No internet service,23.77,661.92,0
CUST-22276,18,Female,22,Month-to-month,Yes,DSL,No,54.0,1163.03,1
CUST-22277,30,Male,1,Two-year,No,DSL,No,56.15,58.76,0
CUST-22278,45,Female,61,Month-to-month,Yes,Fiber optic,No,99.52,6066.19,1
CUST-22279,58,Male,53,Two-year,No,Fiber optic,No,75.09,3972.88,0
CUST-22280,69,Female,10,One-year,No,No,No internet service,22.87,228.25,0
CUST-22281,57,Female,35,One-year,No,DSL,No,58.27,2071.21,0
CUST-22282,36,Male,9,One-year,No,No,No internet service,18.0,164.14,1
CUST-22283,38,Male,6,One-year,Yes,Fiber optic,No,76.4,481.78,1
CUST-22284,24,Female,11,Month-to-month,No,No,No internet service,18.0,198.27,0
CUST-22285,29,Male,65,One-year,Yes,Fiber optic,No,85.12,5503.36,0
CUST-22286,73,Male,41,Month-to-month,Yes,No,No internet service,20.87,835.78,0
CUST-22287,49,Female,9,Month-to-month,No,No,No internet service,18.0,144.71,0
CUST-22288,43,Male,32,One-year,Yes,Fiber optic,No,105.59,3364.5,0
CUST-22289,59,Male,6,One-year,Yes,No,No internet service,22.88,150.93,1
CUST-22290,74,Female,22,One-year,Yes,No,No internet service,33.22,714.22,0
CUST-22291,42,Female,41,Month-to-month,Yes,Fiber optic,Yes,118.79,4880.28,0
CUST-22292,70,Male,66,Month-to-month,No,DSL,No,43.24,2827.77,0
CUST-22293,26,Male,32,Two-year,No,DSL,Yes,78.39,2495.4,0
CUST-22294,66,Male,45,Month-to-month,Yes,DSL,No,39.56,1764.62,0
CUST-22295,36,Male,23,Month-to-month,No,DSL,Yes,61.15,1400.66,1
CUST-22296,64,Female,12,Month-to-month,Yes,Fiber optic,No,84.47,1012.69,1
CUST-22297,37,Female,3,One-year,Yes,Fiber optic,No,88.12,262.98,1
CUST-22298,31,Female,44,Month-to-month,Yes,DSL,Yes,63.02,2806.12,0
CUST-22299,69,Male,66,One-year,Yes,Fiber optic,No,80.97,5353.86,0
CUST-22300,40,Male,66,Two-year,No,Fiber optic,Yes,94.42,6240.95,0
CUST-22301,71,Male,7,Two-year,Yes,DSL,No,62.33,412.74,1
CUST-22302,61,Male,33,One-year,Yes,Fiber optic,No,77.86,2573.99,0
CUST-22303,46,Female,52,Month-to-month,Yes,Fiber optic,No,119.89,6257.48,0
CUST-22304,47,Male,5,Month-to-month,No,No,No internet service,18.0,69.9,1
CUST-22305,61,Male,5,Month-to-month,Yes,DSL,No,41.09,186.72,1
CUST-22306,42,Female,71,Two-year,Yes,Fiber optic,No,80.41,5737.61,0
CUST-22307,30,Female,33,Month-to-month,No,Fiber optic,No,84.34,2788.6,1
CUST-22308,33,Male,11,Month-to-month,Yes,No,No internet service,28.66,308.34,1
CUST-22309,46,Female,46,Month-to-month,Yes,Fiber optic,No,83.91,3896.42,0
CUST-22310,39,Female,44,Month-to-month,Yes,No,No internet service,18.0,767.43,0
CUST-22311,55,Male,15,One-year,Yes,Fiber optic,No,82.98,1207.45,1
CUST-22312,52,Male,68,Month-to-month,No,DSL,Yes,60.23,4076.59,0
CUST-22313,38,Female,1,Month-to-month,Yes,No,No internet service,18.0,18.0,1
CUST-22314,34,Female,18,One-year,No,Fiber optic,No,100.49,1828.24,1
CUST-22315,29,Female,33,One-year,Yes,Fiber optic,No,82.52,2683.98,0
CUST-22316,32,Female,56,One-year,Yes,Fiber optic,Yes,82.27,4639.86,0
CUST-22317,38,Male,49,One-year,Yes,Fiber optic,No,66.87,3256.09,0
CUST-22318,43,Male,60,One-year,Yes,Fiber optic,No,73.09,4385.86,0
CUST-22319,59,Female,63,Month-to-month,Yes,Fiber optic,No,74.02,4675.54,1
CUST-22320,19,Male,69,Month-to-month,Yes,DSL,No,61.45,4230.49,0
CUST-22321,50,Female,3,Two-year,Yes,Fiber optic,Yes,91.17,265.22,1
CUST-22322,70,Female,70,Two-year,Yes,Fiber optic,Yes,93.29,6514.78,0
CUST-22323,71,Female,33,Month-to-month,Yes,DSL,Yes,50.69,1679.52,0
CUST-22324,32,Female,72,Two-year,No,Fiber optic,Yes,96.48,6923.55,0
CUST-22325,60,Female,30,One-year,Yes,Fiber optic,No,105.06,3188.46,0
CUST-22326,30,Male,43,Month-to-month,Yes,DSL,Yes,56.29,2384.19,0
CUST-22327,42,Male,7,Month-to-month,Yes,DSL,Yes,50.78,346.83,0
CUST-22328,48,Female,72,Month-to-month,Yes,No,No internet service,21.25,1542.35,0
CUST-22329,48,Male,26,Month-to-month,Yes,DSL,Yes,55.49,1418.86,0
CUST-22330,71,Male,14,Month-to-month,No,Fiber optic,Yes,104.41,1443.96,1
CUST-22331,55,Male,36,Month-to-month,No,Fiber optic,Yes,99.87,3616.21,1
CUST-22332,22,Male,9,One-year,No,DSL,No,41.87,347.98,1
CUST-22333,71,Female,3,Two-year,Yes,DSL,No,53.45,134.17,1
CUST-22334,45,Female,71,Two-year,Yes,Fiber optic,No,85.55,6087.13,0
CUST-22335,64,Female,28,Month-to-month,Yes,Fiber optic,No,59.9,1662.4,0
CUST-22336,50,Male,69,Month-to-month,Yes,Fiber optic,Yes,94.93,6558.8,0
CUST-22337,36,Male,66,Month-to-month,No,DSL,No,57.01,3763.87,0
CUST-22338,22,Female,46,Two-year,Yes,No,No internet service,18.0,830.17,0
CUST-22339,21,Female,43,Month-to-month,No,Fiber optic,Yes,99.65,4233.75,0
CUST-22340,49,Female,16,One-year,Yes,DSL,No,71.08,1085.4,1
CUST-22341,53,Female,38,Two-year,No,DSL,Yes,63.64,2450.64,0
CUST-22342,64,Female,23,Month-to-month,Yes,Fiber optic,No,71.97,1656.34,1
CUST-22343,39,Male,47,Month-to-month,Yes,DSL,No,74.62,3531.01,1
CUST-22344,74,Female,53,Month-to-month,No,DSL,No,54.06,2888.77,0
CUST-22345,66,Male,26,One-year,Yes,Fiber optic,Yes,94.83,2436.91,0
CUST-22346,55,Male,54,Month-to-month,Yes,Fiber optic,Yes,83.58,4512.95,1
CUST-22347,56,Female,42,One-year,Yes,Fiber optic,No,82.75,3481.37,0
CUST-22348,46,Female,10,Month-to-month,Yes,DSL,Yes,56.49,586.94,1
CUST-22349,61,Male,37,Month-to-month,No,DSL,Yes,61.95,2279.92,0
CUST-22350,26,Male,14,One-year,Yes,DSL,No,59.81,819.22,1
CUST-22351,21,Male,51,One-year,No,Fiber optic,No,107.72,5484.18,0
CUST-22352,32,Male,67,Month-to-month,Yes,Fiber optic,No,100.95,6761.39,1
CUST-22353,53,Male,50,One-year,Yes,DSL,Yes,65.39,3292.09,0
CUST-22354,45,Male,27,Month-to-month,No,Fiber optic,Yes,60.62,1638.78,0
CUST-22355,38,Male,35,Month-to-month,Yes,Fiber optic,No,73.41,2563.7,1
CUST-22356,68,Female,67,Two-year,Yes,No,No internet service,19.25,1304.49,0
CUST-22357,59,Male,6,One-year,Yes,No,No internet service,25.79,130.81,0
CUST-22358,38,Male,59,One-year,Yes,DSL,No,72.41,4265.54,0
CUST-22359,26,Female,36,Month-to-month,No,Fiber optic,Yes,95.87,3451.01,1
CUST-22360,21,Male,3,Month-to-month,No,Fiber optic,No,97.0,307.19,1
CUST-22361,40,Male,35,Month-to-month,Yes,Fiber optic,Yes,75.62,2614.82,1
CUST-22362,48,Male,19,Month-to-month,Yes,Fiber optic,Yes,95.81,1807.01,1
CUST-22363,48,Female,56,One-year,Yes,DSL,No,54.17,3009.88,1
CUST-22364,23,Female,59,Month-to-month,Yes,Fiber optic,Yes,86.49,5063.47,0
CUST-22365,61,Male,32,One-year,Yes,DSL,No,62.61,2018.46,0
CUST-22366,61,Male,32,Month-to-month,Yes,Fiber optic,Yes,89.58,2846.77,1
CUST-22367,26,Female,24,One-year,No,DSL,Yes,49.24,1208.26,0
CUST-22368,50,Female,64,One-year,Yes,DSL,No,50.83,3281.68,1
CUST-22369,38,Female,68,One-year,Yes,DSL,No,79.17,5423.18,1
CUST-22370,57,Male,30,Month-to-month,Yes,Fiber optic,Yes,105.39,3167.09,1
CUST-22371,38,Male,10,One-year,Yes,DSL,Yes,76.05,784.79,0
CUST-22372,23,Female,69,Month-to-month,No,No,No internet service,25.57,1776.23,0
CUST-22373,70,Male,3,Month-to-month,No,Fiber optic,No,85.95,275.01,1
CUST-22374,26,Female,64,Month-to-month,No,Fiber optic,No,93.6,5976.96,1
CUST-22375,27,Female,2,Month-to-month,No,Fiber optic,No,73.7,129.46,1
CUST-22376,20,Female,52,Month-to-month,No,DSL,No,67.31,3479.05,0
CUST-22377,52,Male,14,Month-to-month,Yes,Fiber optic,No,52.58,723.0,0
CUST-22378,69,Male,5,Two-year,Yes,Fiber optic,No,87.34,428.97,1
CUST-22379,68,Male,55,Month-to-month,Yes,Fiber optic,No,40.01,2215.43,1
CUST-22380,31,Female,71,Two-year,No,DSL,No,47.01,3321.53,0
CUST-22381,43,Female,12,Month-to-month,Yes,DSL,No,61.46,778.02,1
CUST-22382,53,Male,48,Month-to-month,Yes,Fiber optic,Yes,62.3,2993.26,0
CUST-22383,26,Male,38,One-year,No,DSL,No,31.79,1222.49,0
CUST-22384,38,Male,40,Month-to-month,Yes,Fiber optic,Yes,80.39,3210.17,0
CUST-22385,73,Female,70,Month-to-month,Yes,Fiber optic,No,86.3,6044.55,1
CUST-22386,59,Male,31,Two-year,No,No,No internet service,20.74,661.25,0
CUST-22387,63,Male,30,Month-to-month,Yes,DSL,No,43.44,1314.75,1
CUST-22388,44,Female,6,Month-to-month,No,No,No internet service,18.0,119.73,1
CUST-22389,32,Male,20,One-year,Yes,Fiber optic,Yes,91.24,1837.14,0
CUST-22390,40,Female,21,One-year,Yes,Fiber optic,No,65.78,1375.0,0
CUST-22391,45,Male,63,One-year,No,Fiber optic,No,112.91,7119.12,0
CUST-22392,47,Female,23,One-year,No,Fiber optic,No,93.32,2144.66,1
CUST-22393,71,Female,56,One-year,Yes,DSL,No,60.28,3412.82,0
CUST-22394,40,Male,65,Month-to-month,Yes,Fiber optic,No,81.68,5306.14,0
CUST-22395,33,Female,53,Month-to-month,No,No,No internet service,18.78,1020.25,1
CUST-22396,60,Female,48,Month-to-month,Yes,DSL,No,46.34,2224.13,0
CUST-22397,25,Male,5,Month-to-month,Yes,Fiber optic,Yes,80.55,377.74,1
CUST-22398,67,Male,22,Two-year,No,DSL,No,40.19,881.92,0
CUST-22399,41,Female,12,One-year,No,Fiber optic,No,88.08,1063.21,1
CUST-22400,21,Female,38,One-year,Yes,DSL,No,58.43,2209.51,0
CUST-22401,32,Female,15,Month-to-month,No,No,No internet service,19.48,317.48,0
CUST-22402,48,Male,39,Month-to-month,Yes,No,No internet service,18.86,759.03,0
CUST-22403,36,Female,4,One-year,Yes,DSL,No,73.65,289.65,1
CUST-22404,28,Male,24,One-year,Yes,Fiber optic,No,82.45,1987.22,1
CUST-22405,37,Male,30,Two-year,Yes,Fiber optic,No,92.62,2800.25,1
CUST-22406,63,Female,20,One-year,Yes,DSL,No,57.0,1142.89,1
CUST-22407,52,Female,45,One-year,Yes,DSL,No,55.46,2519.9,0
CUST-22408,30,Male,65,Month-to-month,Yes,No,No internet service,18.0,1169.86,0
CUST-22409,47,Female,9,Month-to-month,Yes,DSL,Yes,81.36,703.74,1
CUST-22410,65,Female,49,One-year,No,Fiber optic,No,88.95,4347.54,0
CUST-22411,74,Female,20,One-year,Yes,DSL,Yes,64.2,1285.94,0
CUST-22412,43,Male,48,Two-year,Yes,Fiber optic,No,75.74,3604.03,1
CUST-22413,19,Female,68,Month-to-month,Yes,No,No internet service,19.62,1310.13,0
CUST-22414,26,Male,22,Two-year,Yes,DSL,Yes,66.91,1434.57,0
CUST-22415,53,Female,43,Month-to-month,Yes,DSL,Yes,58.37,2500.52,0
CUST-22416,66,Female,32,Two-year,Yes,Fiber optic,Yes,100.21,3235.58,0
CUST-22417,74,Male,68,One-year,No,DSL,No,61.01,4140.95,0
CUST-22418,37,Male,14,Month-to-month,No,Fiber optic,Yes,112.61,1568.22,1
CUST-22419,30,Female,4,Month-to-month,No,Fiber optic,No,79.18,326.89,1
CUST-22420,28,Female,65,Month-to-month,Yes,Fiber optic,No,94.59,6163.16,1
CUST-22421,30,Female,10,Two-year,Yes,Fiber optic,Yes,93.86,986.26,1
CUST-22422,31,Female,61,Month-to-month,Yes,Fiber optic,Yes,96.37,5905.28,0
CUST-22423,74,Female,51,Month-to-month,No,DSL,No,63.98,3304.87,0
CUST-22424,27,Male,69,Two-year,Yes,Fiber optic,No,75.72,5253.53,0
CUST-22425,24,Female,72,Month-to-month,No,Fiber optic,Yes,93.8,6726.06,0
CUST-22426,73,Female,2,Month-to-month,Yes,Fiber optic,Yes,84.58,171.74,1
CUST-22427,40,Male,46,Month-to-month,Yes,Fiber optic,No,68.6,3168.3,1
CUST-22428,44,Male,24,Two-year,Yes,Fiber optic,Yes,114.48,2794.76,1
CUST-22429,30,Male,22,One-year,No,Fiber optic,No,109.66,2400.63,1
CUST-22430,32,Female,12,Month-to-month,Yes,DSL,No,46.63,555.83,1
CUST-22431,44,Male,59,Month-to-month,Yes,No,No internet service,24.56,1413.8,0
CUST-22432,30,Male,67,Month-to-month,Yes,DSL,No,50.56,3390.31,1
CUST-22433,29,Male,41,Month-to-month,Yes,Fiber optic,No,71.82,2930.37,0
CUST-22434,56,Female,64,One-year,Yes,No,No internet service,18.0,1142.23,0
CUST-22435,45,Male,20,Month-to-month,No,DSL,No,75.19,1529.92,0
CUST-22436,21,Male,69,Month-to-month,Yes,Fiber optic,Yes,99.27,6861.17,0
CUST-22437,48,Female,3,Month-to-month,Yes,DSL,Yes,76.94,219.92,0
CUST-22438,18,Male,15,Two-year,No,Fiber optic,No,75.2,1137.07,0
CUST-22439,32,Male,15,Month-to-month,No,DSL,No,61.82,964.99,1
CUST-22440,48,Male,33,Two-year,Yes,Fiber optic,Yes,99.55,3295.48,0
CUST-22441,24,Male,66,Month-to-month,Yes,No,No internet service,18.0,1173.71,0
CUST-22442,29,Female,19,Month-to-month,No,No,No internet service,18.0,326.47,0
CUST-22443,67,Male,63,One-year,No,Fiber optic,No,93.09,5863.1,1
CUST-22444,21,Female,45,One-year,Yes,Fiber optic,No,99.4,4484.96,0
CUST-22445,71,Female,8,Month-to-month,Yes,DSL,No,29.26,231.01,1
CUST-22446,70,Female,12,Month-to-month,No,Fiber optic,Yes,85.36,994.53,1
CUST-22447,71,Male,64,Month-to-month,No,Fiber optic,No,88.85,5684.23,0
CUST-22448,22,Male,3,Month-to-month,No,DSL,Yes,57.32,190.66,1
CUST-22449,35,Male,30,Month-to-month,No,No,No internet service,18.0,549.67,0
CUST-22450,46,Male,53,Two-year,Yes,DSL,Yes,50.47,2680.39,0
CUST-22451,32,Male,44,One-year,Yes,No,No internet service,23.09,1009.37,0
CUST-22452,73,Male,34,Month-to-month,Yes,Fiber optic,No,96.78,3298.53,1
CUST-22453,54,Female,14,Month-to-month,Yes,Fiber optic,No,104.87,1488.88,1
CUST-22454,56,Female,36,Month-to-month,Yes,Fiber optic,No,79.78,2905.04,0
CUST-22455,21,Male,39,One-year,No,Fiber optic,No,90.99,3561.32,0
CUST-22456,30,Male,70,One-year,No,No,No internet service,18.0,1241.27,0
CUST-22457,50,Male,59,One-year,No,No,No internet service,19.61,1138.8,0
CUST-22458,27,Female,36,Month-to-month,Yes,Fiber optic,No,85.63,3087.3,0
CUST-22459,23,Female,49,Month-to-month,Yes,DSL,No,75.07,3711.58,1
CUST-22460,28,Female,47,Month-to-month,Yes,Fiber optic,No,59.04,2747.74,1
CUST-22461,71,Male,10,One-year,Yes,DSL,No,44.2,431.46,0
CUST-22462,57,Male,14,Two-year,No,DSL,No,53.23,751.33,0
CUST-22463,73,Female,22,One-year,Yes,Fiber optic,No,75.78,1662.7,1
CUST-22464,34,Male,40,Month-to-month,Yes,No,No internet service,21.56,880.72,0
CUST-22465,31,Female,28,Month-to-month,Yes,Fiber optic,No,65.9,1820.29,1
CUST-22466,41,Female,4,Month-to-month,Yes,DSL,No,65.86,267.66,0
CUST-22467,62,Female,51,Month-to-month,Yes,Fiber optic,Yes,83.75,4234.39,0
CUST-22468,37,Male,35,One-year,Yes,DSL,Yes,53.38,1859.42,1
CUST-22469,18,Female,43,Month-to-month,No,No,No internet service,25.47,1113.59,0
CUST-22470,70,Female,37,Month-to-month,Yes,DSL,No,47.22,1783.1,1
CUST-22471,32,Male,47,Month-to-month,No,Fiber optic,No,104.36,4938.73,1
CUST-22472,57,Female,26,Two-year,Yes,DSL,Yes,73.32,1902.85,0
CUST-22473,74,Female,65,Month-to-month,No,Fiber optic,No,61.94,4003.02,1
CUST-22474,41,Female,23,Month-to-month,Yes,DSL,No,50.4,1170.83,1
CUST-22475,68,Male,43,Month-to-month,No,DSL,No,45.3,1958.34,1
CUST-22476,18,Male,28,Two-year,Yes,Fiber optic,Yes,107.57,3026.05,1
CUST-22477,52,Male,5,Month-to-month,Yes,Fiber optic,No,81.19,426.39,1
CUST-22478,32,Male,20,Month-to-month,No,Fiber optic,Yes,99.71,2030.21,1
CUST-22479,34,Female,6,Month-to-month,Yes,Fiber optic,No,109.71,641.63,1
CUST-22480,64,Female,67,One-year,Yes,No,No internet service,18.6,1232.81,0
CUST-22481,66,Female,38,Month-to-month,Yes,Fiber optic,No,87.13,3297.13,0
CUST-22482,20,Female,55,One-year,No,No,No internet service,18.0,964.99,0
CUST-22483,57,Female,14,Month-to-month,No,Fiber optic,No,98.76,1390.3,1
CUST-22484,19,Male,32,Month-to-month,No,DSL,Yes,57.91,1854.62,0
CUST-22485,23,Male,9,One-year,Yes,DSL,No,46.45,471.48,0
CUST-22486,21,Male,40,Month-to-month,Yes,No,No internet service,21.15,869.67,0
CUST-22487,43,Male,58,Two-year,No,DSL,Yes,68.09,3934.92,0
CUST-22488,30,Female,56,Month-to-month,Yes,Fiber optic,Yes,79.83,4485.1,0
CUST-22489,68,Male,42,One-year,Yes,DSL,No,62.23,2654.36,0
CUST-22490,48,Male,17,Month-to-month,Yes,DSL,Yes,56.05,989.23,1
CUST-22491,47,Male,60,One-year,No,DSL,No,49.78,2975.77,0
CUST-22492,67,Female,64,Month-to-month,No,DSL,No,59.15,3779.6,0
CUST-22493,36,Female,56,Month-to-month,Yes,Fiber optic,Yes,86.35,4871.38,0
CUST-22494,65,Female,19,Month-to-month,Yes,DSL,No,54.53,1063.96,1
CUST-22495,53,Female,11,Two-year,Yes,Fiber optic,Yes,90.01,987.12,1
CUST-22496,60,Male,71,Month-to-month,No,Fiber optic,Yes,120.0,8530.49,0
CUST-22497,34,Female,61,One-year,Yes,DSL,No,64.91,3957.28,0
CUST-22498,24,Female,33,One-year,Yes,DSL,Yes,76.0,2520.05,0
CUST-22499,32,Male,72,Month-to-month,Yes,Fiber optic,No,83.99,6068.32,1
CUST-22500,25,Female,37,Month-to-month,Yes,DSL,No,58.28,2151.72,0
CUST-22501,62,Female,21,Two-year,No,DSL,No,53.13,1147.11,0
CUST-22502,25,Female,12,One-year,No,DSL,No,68.2,805.47,0
CUST-22503,23,Female,59,Month-to-month,No,No,No internet service,22.82,1367.35,0
CUST-22504,50,Female,69,Two-year,Yes,Fiber optic,No,87.61,6064.54,0
CUST-22505,37,Female,63,Two-year,Yes,DSL,No,43.65,2729.72,0
CUST-22506,23,Female,44,Month-to-month,No,Fiber optic,No,46.96,2015.23,1
CUST-22507,59,Male,11,Month-to-month,Yes,Fiber optic,No,95.22,1054.47,1
CUST-22508,46,Female,26,Two-year,No,Fiber optic,No,87.7,2268.16,0
CUST-22509,21,Female,57,One-year,No,DSL,No,36.31,2054.05,0
CUST-22510,32,Female,50,One-year,Yes,Fiber optic,Yes,87.22,4342.53,0
CUST-22511,22,Female,6,Month-to-month,Yes,Fiber optic,No,90.52,516.85,1
CUST-22512,22,Male,1,Month-to-month,Yes,Fiber optic,Yes,110.81,110.81,1
CUST-22513,22,Female,28,Two-year,Yes,DSL,Yes,64.5,1813.61,0
CUST-22514,61,Female,21,One-year,No,Fiber optic,No,92.17,1958.45,1
CUST-22515,53,Female,26,Month-to-month,Yes,Fiber optic,Yes,101.98,2625.84,0
CUST-22516,54,Male,3,Month-to-month,No,DSL,No,52.01,152.04,1
CUST-22517,42,Female,41,Month-to-month,Yes,Fiber optic,No,93.8,3834.6,1
CUST-22518,35,Female,40,Two-year,Yes,DSL,No,56.61,2291.46,0
CUST-22519,18,Male,70,One-year,Yes,No,No internet service,18.0,1266.39,0
CUST-22520,22,Male,36,Month-to-month,Yes,DSL,No,45.98,1631.71,1
CUST-22521,65,Male,42,One-year,Yes,Fiber optic,Yes,75.88,3179.08,0
CUST-22522,18,Female,69,One-year,Yes,Fiber optic,Yes,89.82,6171.84,1
CUST-22523,28,Male,42,Month-to-month,Yes,DSL,No,63.58,2701.71,0
CUST-22524,40,Female,61,Month-to-month,Yes,Fiber optic,No,99.73,6094.43,0
CUST-22525,50,Female,60,Month-to-month,Yes,No,No internet service,18.0,1066.81,1
CUST-22526,24,Female,55,One-year,No,DSL,Yes,82.13,4516.4,0
CUST-22527,43,Female,12,Two-year,Yes,No,No internet service,18.0,189.36,0
CUST-22528,58,Male,24,Month-to-month,No,No,No internet service,18.0,446.29,1
CUST-22529,30,Male,36,Month-to-month,Yes,DSL,No,42.05,1483.35,0
CUST-22530,47,Female,68,Month-to-month,No,No,No internet service,18.0,1228.27,0
CUST-22531,29,Female,48,One-year,Yes,Fiber optic,Yes,100.68,4828.54,0
CUST-22532,36,Male,39,Two-year,Yes,Fiber optic,No,73.45,2838.04,0
CUST-22533,49,Female,6,One-year,No,Fiber optic,Yes,110.96,675.99,1
CUST-22534,40,Male,22,Month-to-month,Yes,No,No internet service,18.0,370.35,1
CUST-22535,29,Male,6,One-year,No,DSL,Yes,48.8,271.84,1
CUST-22536,69,Male,68,Month-to-month,Yes,Fiber optic,Yes,93.59,6347.6,0
CUST-22537,49,Female,65,Month-to-month,Yes,DSL,No,43.25,2812.35,0
CUST-22538,19,Female,70,One-year,Yes,DSL,No,69.92,4898.66,0
CUST-22539,38,Male,5,Month-to-month,No,Fiber optic,No,95.59,479.67,1
CUST-22540,68,Male,68,Two-year,Yes,DSL,Yes,74.42,5071.26,0
CUST-22541,29,Female,64,Two-year,Yes,Fiber optic,No,76.5,4923.8,0
CUST-22542,24,Female,46,Two-year,No,DSL,No,42.48,1994.29,0
CUST-22543,46,Female,9,One-year,Yes,DSL,Yes,52.78,457.18,0
CUST-22544,19,Male,45,Two-year,Yes,Fiber optic,Yes,108.02,4831.5,0
CUST-22545,70,Female,20,Month-to-month,Yes,DSL,Yes,57.19,1144.56,1
CUST-22546,21,Female,51,Month-to-month,Yes,Fiber optic,Yes,102.34,5227.26,0
CUST-22547,53,Female,57,Month-to-month,No,DSL,No,59.42,3403.14,0
CUST-22548,72,Female,33,Month-to-month,Yes,Fiber optic,Yes,113.92,3791.27,0
CUST-22549,61,Female,5,Month-to-month,Yes,No,No internet service,18.71,99.97,0
CUST-22550,25,Female,65,Month-to-month,Yes,No,No internet service,18.0,1188.23,0
CUST-22551,62,Female,8,Month-to-month,No,No,No internet service,24.23,233.71,0
CUST-22552,34,Male,37,Two-year,No,Fiber optic,No,118.36,4389.96,0
CUST-22553,50,Female,6,Two-year,Yes,DSL,Yes,59.35,371.91,1
CUST-22554,70,Female,19,Month-to-month,No,DSL,No,55.42,1043.1,0
CUST-22555,59,Female,30,One-year,Yes,No,No internet service,21.7,657.06,0
CUST-22556,58,Male,51,One-year,Yes,Fiber optic,No,98.85,5008.16,0
CUST-22557,53,Female,12,Month-to-month,Yes,Fiber optic,No,92.65,1061.91,1
CUST-22558,67,Male,59,One-year,No,DSL,No,59.59,3505.8,0
CUST-22559,34,Male,22,Month-to-month,No,Fiber optic,No,120.0,2641.88,1
CUST-22560,59,Male,23,Month-to-month,Yes,Fiber optic,No,100.87,2305.89,1
CUST-22561,53,Female,54,Month-to-month,No,No,No internet service,26.95,1470.46,1
CUST-22562,66,Male,36,Month-to-month,Yes,No,No internet service,19.21,703.73,0
CUST-22563,69,Male,60,Two-year,Yes,DSL,Yes,66.76,4021.58,0
CUST-22564,35,Male,31,Month-to-month,No,No,No internet service,22.63,722.91,0
CUST-22565,59,Female,4,Month-to-month,Yes,DSL,Yes,79.31,348.74,1
CUST-22566,40,Male,52,One-year,Yes,Fiber optic,No,70.64,3706.13,0
CUST-22567,62,Male,5,Month-to-month,Yes,Fiber optic,No,86.23,452.29,1
CUST-22568,25,Male,1,Two-year,Yes,DSL,No,50.73,71.77,0
CUST-22569,62,Female,16,Month-to-month,No,Fiber optic,No,56.2,895.43,1
CUST-22570,23,Female,26,Month-to-month,Yes,DSL,No,38.18,1002.93,0
CUST-22571,73,Female,55,Two-year,No,Fiber optic,No,82.03,4498.31,0
CUST-22572,61,Female,40,One-year,No,Fiber optic,Yes,92.19,3695.78,1
CUST-22573,69,Female,34,Month-to-month,Yes,DSL,No,46.65,1557.96,0
CUST-22574,52,Female,54,One-year,No,DSL,No,64.08,3473.64,0
CUST-22575,28,Male,27,Month-to-month,No,Fiber optic,Yes,100.37,2725.45,1
CUST-22576,56,Male,27,Two-year,Yes,DSL,No,42.78,1132.37,0
CUST-22577,50,Male,39,One-year,Yes,Fiber optic,No,68.99,2682.68,0
CUST-22578,27,Female,27,One-year,Yes,Fiber optic,Yes,111.01,2984.84,0
CUST-22579,64,Male,48,Month-to-month,No,Fiber optic,No,56.79,2716.35,1
CUST-22580,30,Male,7,Month-to-month,Yes,Fiber optic,No,68.91,507.37,1
CUST-22581,28,Male,60,Month-to-month,Yes,No,No internet service,19.66,1192.35,0
CUST-22582,64,Male,7,Month-to-month,No,No,No internet service,18.0,98.4,0
CUST-22583,23,Female,7,Month-to-month,No,Fiber optic,No,68.33,472.93,1
CUST-22584,70,Male,64,Month-to-month,Yes,No,No internet service,21.09,1387.94,0
CUST-22585,61,Female,17,One-year,No,DSL,No,61.8,1059.98,0
CUST-22586,74,Male,37,One-year,No,DSL,No,46.72,1743.49,0
CUST-22587,44,Female,43,Month-to-month,Yes,DSL,Yes,70.69,3034.79,0
CUST-22588,25,Male,23,Month-to-month,No,DSL,Yes,62.37,1450.95,0
CUST-22589,57,Female,61,Month-to-month,Yes,Fiber optic,Yes,120.0,7318.69,1
CUST-22590,27,Female,52,Month-to-month,Yes,Fiber optic,No,75.51,3950.14,1
CUST-22591,27,Female,4,Month-to-month,Yes,Fiber optic,No,59.2,278.33,1
CUST-22592,58,Male,10,Month-to-month,Yes,Fiber optic,No,51.92,504.86,0
CUST-22593,62,Female,14,Month-to-month,Yes,No,No internet service,18.0,229.75,1
CUST-22594,72,Female,67,Two-year,Yes,Fiber optic,No,105.76,7071.56,0
CUST-22595,35,Female,68,Month-to-month,No,DSL,No,61.16,4135.3,1
CUST-22596,74,Female,67,Month-to-month,Yes,Fiber optic,No,78.22,5190.52,0
CUST-22597,43,Female,42,Two-year,No,Fiber optic,No,94.18,3958.01,0
CUST-22598,67,Female,40,One-year,No,Fiber optic,No,66.19,2645.07,0
CUST-22599,59,Male,20,Month-to-month,Yes,DSL,Yes,76.86,1513.22,0
CUST-22600,44,Female,48,Month-to-month,Yes,DSL,Yes,59.01,2832.29,0
CUST-22601,28,Male,28,Month-to-month,Yes,Fiber optic,No,120.0,3379.6,1
CUST-22602,23,Female,50,Month-to-month,No,No,No internet service,18.0,891.82,0
CUST-22603,50,Female,54,Month-to-month,No,DSL,No,63.14,3406.77,1
CUST-22604,43,Male,36,Month-to-month,Yes,Fiber optic,No,63.02,2254.35,0
CUST-22605,18,Male,26,Month-to-month,Yes,Fiber optic,Yes,97.13,2532.51,1
CUST-22606,19,Female,15,One-year,Yes,Fiber optic,Yes,94.52,1399.26,0
CUST-22607,43,Female,16,Month-to-month,Yes,DSL,No,54.44,861.76,0
CUST-22608,39,Male,8,Two-year,Yes,Fiber optic,Yes,113.55,901.87,1
CUST-22609,43,Female,6,Month-to-month,Yes,DSL,No,59.99,369.72,0
CUST-22610,45,Female,60,One-year,No,DSL,No,56.06,3354.75,0
CUST-22611,19,Female,29,Two-year,No,No,No internet service,22.19,688.85,0
CUST-22612,35,Female,62,Month-to-month,No,No,No internet service,22.08,1365.55,1
CUST-22613,62,Male,63,Month-to-month,Yes,Fiber optic,No,73.62,4612.64,0
CUST-22614,46,Male,37,Two-year,No,Fiber optic,Yes,85.4,3192.29,0
CUST-22615,20,Male,6,Two-year,Yes,Fiber optic,No,80.48,492.23,0
CUST-22616,19,Female,38,Month-to-month,Yes,Fiber optic,No,73.43,2763.55,0
CUST-22617,55,Female,50,Two-year,Yes,No,No internet service,30.73,1534.34,0
CUST-22618,22,Male,46,One-year,No,Fiber optic,No,89.58,4110.75,1
CUST-22619,60,Female,7,Month-to-month,Yes,Fiber optic,No,101.31,698.5,1
CUST-22620,26,Male,11,Month-to-month,No,Fiber optic,No,94.61,1047.58,1
CUST-22621,59,Male,21,One-year,No,Fiber optic,No,94.56,2007.6,1
CUST-22622,71,Male,7,One-year,Yes,Fiber optic,No,74.17,501.55,0
CUST-22623,40,Male,35,Month-to-month,Yes,No,No internet service,18.0,622.76,1
CUST-22624,39,Male,27,Month-to-month,No,Fiber optic,No,99.2,2658.01,1
CUST-22625,49,Female,43,Month-to-month,Yes,Fiber optic,No,99.91,4331.56,1
CUST-22626,27,Male,14,One-year,Yes,No,No internet service,24.73,360.4,1
CUST-22627,53,Male,11,Month-to-month,Yes,No,No internet service,19.07,237.83,1
CUST-22628,51,Female,35,Month-to-month,No,DSL,No,40.92,1436.27,1
CUST-22629,42,Female,48,Month-to-month,No,Fiber optic,No,94.49,4513.06,0
CUST-22630,71,Male,36,Two-year,Yes,Fiber optic,No,69.71,2509.98,0
CUST-22631,47,Male,41,Two-year,No,DSL,Yes,93.21,3824.29,0
CUST-22632,26,Female,61,One-year,Yes,No,No internet service,18.0,1100.67,0
CUST-22633,30,Female,31,Two-year,Yes,No,No internet service,18.0,530.12,1
CUST-22634,58,Female,20,One-year,Yes,DSL,No,57.75,1118.24,0
CUST-22635,56,Male,23,Two-year,No,Fiber optic,No,94.33,2136.82,1
CUST-22636,18,Female,14,One-year,Yes,DSL,Yes,62.32,875.46,0
CUST-22637,34,Male,44,Month-to-month,Yes,Fiber optic,Yes,89.56,3958.07,1
CUST-22638,19,Female,19,Month-to-month,Yes,DSL,No,59.16,1123.42,0
CUST-22639,51,Female,64,One-year,Yes,DSL,Yes,64.09,4088.18,0
CUST-22640,55,Male,31,Two-year,No,Fiber optic,No,90.09,2786.57,0
CUST-22641,18,Female,71,Month-to-month,Yes,Fiber optic,Yes,82.48,5846.22,1
CUST-22642,66,Male,66,Month-to-month,Yes,DSL,Yes,75.13,4929.24,0
CUST-22643,71,Female,29,One-year,No,DSL,No,53.86,1546.8,0
CUST-22644,40,Female,30,One-year,No,DSL,No,44.61,1321.49,0
CUST-22645,35,Female,56,Two-year,Yes,Fiber optic,No,86.82,4830.59,0
CUST-22646,29,Male,37,One-year,Yes,DSL,No,69.78,2584.44,0
CUST-22647,26,Female,31,Month-to-month,No,Fiber optic,No,90.34,2827.23,1
CUST-22648,28,Female,1,One-year,Yes,DSL,No,46.19,57.98,0
CUST-22649,21,Male,12,Two-year,No,Fiber optic,Yes,88.99,1048.8,1
CUST-22650,67,Female,38,One-year,Yes,Fiber optic,No,78.19,2934.12,0
CUST-22651,49,Female,26,Month-to-month,No,DSL,No,54.85,1459.19,1
CUST-22652,40,Male,13,One-year,Yes,DSL,No,70.35,935.01,0
CUST-22653,67,Male,44,Month-to-month,No,No,No internet service,18.0,801.13,0
CUST-22654,32,Female,65,Month-to-month,Yes,Fiber optic,No,82.04,5366.25,0
CUST-22655,21,Male,41,One-year,Yes,Fiber optic,Yes,78.15,3212.95,0
CUST-22656,46,Male,25,Month-to-month,Yes,No,No internet service,25.28,645.66,1
CUST-22657,71,Female,23,Month-to-month,Yes,No,No internet service,22.8,561.77,1
CUST-22658,20,Male,31,Month-to-month,No,DSL,Yes,63.74,1980.52,0
CUST-22659,58,Male,69,Two-year,No,No,No internet service,23.09,1602.49,0
CUST-22660,71,Male,7,One-year,No,Fiber optic,No,71.7,498.23,0
CUST-22661,70,Male,37,Month-to-month,Yes,Fiber optic,No,84.02,3112.74,1
CUST-22662,51,Female,64,One-year,Yes,Fiber optic,No,72.43,4625.47,0
CUST-22663,54,Female,4,One-year,No,DSL,Yes,68.03,293.25,0
CUST-22664,53,Male,61,One-year,No,Fiber optic,No,114.49,6972.14,0
CUST-22665,66,Male,60,Month-to-month,No,Fiber optic,No,70.88,4227.87,0
CUST-22666,55,Female,4,Month-to-month,Yes,No,No internet service,20.0,68.76,1
CUST-22667,37,Male,26,Month-to-month,Yes,Fiber optic,No,94.33,2428.97,1
CUST-22668,52,Female,70,Month-to-month,Yes,DSL,No,50.6,3567.74,0
CUST-22669,62,Male,46,Month-to-month,Yes,Fiber optic,No,85.45,3893.86,0
CUST-22670,63,Male,64,Month-to-month,No,Fiber optic,Yes,67.25,4320.6,1
CUST-22671,44,Female,67,One-year,Yes,Fiber optic,No,58.07,3902.8,0
CUST-22672,49,Female,39,Month-to-month,Yes,No,No internet service,18.0,714.62,0
CUST-22673,47,Female,21,One-year,No,DSL,Yes,51.61,1072.74,0
CUST-22674,24,Female,23,Two-year,Yes,No,No internet service,18.0,374.59,0
CUST-22675,68,Male,16,Two-year,Yes,No,No internet service,19.93,321.95,0
CUST-22676,28,Male,51,Month-to-month,No,Fiber optic,No,89.89,4550.3,0
CUST-22677,38,Female,33,Two-year,No,Fiber optic,Yes,108.14,3562.67,1
CUST-22678,55,Male,1,Month-to-month,No,Fiber optic,Yes,91.32,100.97,1
CUST-22679,36,Male,34,One-year,No,DSL,No,68.16,2324.41,0
CUST-22680,35,Male,10,Month-to-month,No,Fiber optic,Yes,85.73,870.9,1
CUST-22681,56,Male,18,Month-to-month,No,Fiber optic,No,75.48,1373.02,1
CUST-22682,71,Male,42,Month-to-month,Yes,Fiber optic,Yes,103.63,4336.57,1
CUST-22683,44,Male,36,Month-to-month,Yes,Fiber optic,Yes,95.96,3434.5,1
CUST-22684,52,Male,2,Two-year,Yes,DSL,No,68.96,146.73,0
CUST-22685,19,Male,30,Two-year,Yes,DSL,Yes,71.47,2138.08,0
CUST-22686,22,Male,27,Two-year,Yes,Fiber optic,Yes,91.3,2491.04,1
CUST-22687,72,Male,67,Two-year,No,No,No internet service,22.48,1482.27,0
CUST-22688,34,Female,59,Two-year,No,Fiber optic,No,77.24,4529.96,0
CUST-22689,61,Male,42,Month-to-month,No,No,No internet service,18.0,755.24,1
CUST-22690,21,Female,42,Two-year,Yes,DSL,No,61.79,2574.52,0
CUST-22691,72,Male,65,One-year,Yes,Fiber optic,No,81.04,5264.02,0
CUST-22692,33,Male,65,Month-to-month,No,No,No internet service,18.0,1145.99,1
CUST-22693,62,Female,50,One-year,No,Fiber optic,Yes,102.32,5133.34,0
CUST-22694,71,Female,36,Two-year,Yes,DSL,No,48.5,1753.92,0
CUST-22695,63,Female,55,Two-year,Yes,Fiber optic,No,47.2,2626.34,0
CUST-22696,60,Female,45,Month-to-month,Yes,No,No internet service,27.6,1212.04,0
CUST-22697,51,Male,41,Month-to-month,Yes,Fiber optic,Yes,99.22,4080.94,1
CUST-22698,71,Female,64,Month-to-month,Yes,No,No internet service,18.0,1093.84,0
CUST-22699,41,Male,60,Two-year,Yes,No,No internet service,23.87,1445.1,0
CUST-22700,72,Male,50,Two-year,Yes,DSL,No,48.43,2444.17,1
CUST-22701,44,Male,65,One-year,Yes,DSL,No,57.03,3716.95,0
CUST-22702,40,Male,22,Two-year,Yes,DSL,Yes,81.05,1785.48,0
CUST-22703,44,Female,26,One-year,Yes,DSL,Yes,57.52,1479.75,0
CUST-22704,21,Male,60,Month-to-month,Yes,No,No internet service,30.67,1815.49,1
CUST-22705,42,Male,64,One-year,Yes,Fiber optic,Yes,102.78,6557.33,0
CUST-22706,39,Male,66,Month-to-month,No,Fiber optic,No,103.67,6808.67,0
CUST-22707,51,Female,17,One-year,Yes,DSL,No,45.1,772.56,0
CUST-22708,36,Female,59,Month-to-month,No,Fiber optic,No,65.53,3892.97,0
CUST-22709,37,Male,34,Two-year,No,DSL,No,70.41,2377.76,0
CUST-22710,30,Female,54,Month-to-month,Yes,DSL,No,78.24,4240.91,1
CUST-22711,27,Female,61,One-year,Yes,DSL,No,61.48,3755.43,0
CUST-22712,62,Female,64,Month-to-month,Yes,No,No internet service,18.0,1154.57,1
CUST-22713,58,Female,2,Two-year,No,DSL,Yes,77.61,164.55,0
CUST-22714,61,Female,62,Two-year,Yes,Fiber optic,Yes,82.67,5149.68,0
CUST-22715,49,Female,36,Month-to-month,No,Fiber optic,Yes,91.44,3299.95,1
CUST-22716,59,Male,12,One-year,Yes,Fiber optic,No,104.01,1272.69,1
CUST-22717,42,Male,10,Two-year,No,DSL,No,46.27,473.97,0
CUST-22718,35,Female,38,Month-to-month,Yes,Fiber optic,Yes,115.41,4353.7,1
CUST-22719,70,Male,58,Month-to-month,No,Fiber optic,Yes,95.82,5537.61,1
CUST-22720,56,Female,36,Month-to-month,No,No,No internet service,18.0,633.09,1
CUST-22721,54,Male,8,One-year,Yes,No,No internet service,22.1,179.78,1
CUST-22722,50,Male,28,Month-to-month,Yes,Fiber optic,No,82.31,2315.07,1
CUST-22723,57,Male,44,Month-to-month,No,Fiber optic,No,114.28,5021.43,1
CUST-22724,40,Female,61,Month-to-month,Yes,Fiber optic,Yes,93.38,5690.24,0
CUST-22725,42,Male,69,One-year,No,Fiber optic,No,80.09,5542.37,0
CUST-22726,52,Female,21,Month-to-month,Yes,Fiber optic,No,88.51,1867.16,0
CUST-22727,58,Male,51,Month-to-month,Yes,No,No internet service,18.0,935.05,0
CUST-22728,53,Female,16,Two-year,Yes,Fiber optic,Yes,98.58,1594.09,0
CUST-22729,70,Female,1,Month-to-month,No,Fiber optic,No,75.09,91.77,1
CUST-22730,70,Male,3,Month-to-month,No,Fiber optic,No,120.0,364.8,1
CUST-22731,55,Male,6,One-year,Yes,Fiber optic,No,77.28,435.05,1
CUST-22732,73,Female,11,One-year,Yes,DSL,No,48.27,528.89,0
CUST-22733,22,Male,47,Month-to-month,Yes,Fiber optic,No,117.96,5535.54,0
CUST-22734,33,Female,64,Month-to-month,Yes,DSL,No,41.88,2692.92,0
CUST-22735,71,Male,5,Month-to-month,Yes,No,No internet service,18.74,84.32,0
CUST-22736,60,Female,68,Month-to-month,Yes,Fiber optic,Yes,82.12,5574.94,0
CUST-22737,60,Female,26,One-year,No,Fiber optic,No,77.52,1999.91,1
CUST-22738,64,Male,12,Month-to-month,No,DSL,No,49.12,587.01,1
CUST-22739,73,Female,10,Month-to-month,No,DSL,Yes,45.2,449.82,0
CUST-22740,74,Male,18,One-year,Yes,No,No internet service,18.0,293.33,0
CUST-22741,35,Female,16,One-year,Yes,Fiber optic,No,79.07,1232.03,0
CUST-22742,26,Female,36,One-year,Yes,Fiber optic,Yes,110.25,3983.09,0
CUST-22743,70,Female,26,Month-to-month,No,Fiber optic,Yes,80.02,2076.18,1
CUST-22744,66,Female,65,One-year,Yes,No,No internet service,27.09,1780.8,0
CUST-22745,70,Male,40,Month-to-month,Yes,Fiber optic,Yes,104.08,4142.34,0
CUST-22746,52,Male,16,Month-to-month,No,Fiber optic,Yes,85.22,1348.51,1
CUST-22747,50,Male,6,One-year,No,Fiber optic,No,94.04,543.39,0
CUST-22748,70,Female,49,Two-year,Yes,Fiber optic,No,61.09,3004.1,0
CUST-22749,54,Female,43,Month-to-month,Yes,Fiber optic,No,65.37,2814.06,0
CUST-22750,33,Male,33,Month-to-month,Yes,No,No internet service,24.07,797.33,0
CUST-22751,46,Female,15,Month-to-month,No,Fiber optic,No,79.29,1195.0,1
CUST-22752,56,Female,6,Month-to-month,No,DSL,No,52.19,336.42,1
CUST-22753,44,Female,11,Month-to-month,Yes,DSL,No,51.81,559.82,1
CUST-22754,72,Male,36,Two-year,No,Fiber optic,No,89.19,3222.95,0
CUST-22755,34,Male,7,Two-year,Yes,DSL,Yes,58.67,401.84,1
CUST-22756,73,Female,15,Two-year,Yes,Fiber optic,Yes,118.6,1786.64,0
CUST-22757,70,Male,38,Two-year,Yes,Fiber optic,No,69.98,2665.78,0
CUST-22758,66,Male,18,Month-to-month,No,Fiber optic,No,80.62,1475.21,1
CUST-22759,54,Female,65,One-year,Yes,Fiber optic,Yes,82.15,5349.22,0
CUST-22760,31,Male,26,Two-year,Yes,Fiber optic,No,73.66,1903.57,0
CUST-22761,29,Male,13,Two-year,Yes,Fiber optic,No,82.89,1112.48,1
CUST-22762,59,Female,33,Month-to-month,No,No,No internet service,18.0,588.41,0
CUST-22763,46,Male,29,One-year,No,No,No internet service,20.08,585.81,0
CUST-22764,39,Female,44,Month-to-month,No,No,No internet service,18.0,791.09,0
CUST-22765,64,Male,12,One-year,Yes,No,No internet service,22.2,274.81,0
CUST-22766,42,Female,52,Month-to-month,Yes,No,No internet service,18.0,929.46,0
CUST-22767,65,Female,72,Month-to-month,No,No,No internet service,24.68,1783.75,0
CUST-22768,49,Female,61,Month-to-month,No,Fiber optic,No,106.11,6437.98,0
CUST-22769,63,Male,60,Two-year,No,No,No internet service,23.86,1369.24,0
CUST-22770,47,Male,28,Month-to-month,Yes,DSL,No,53.97,1527.36,0
CUST-22771,52,Female,12,Month-to-month,Yes,Fiber optic,No,101.19,1191.91,1
CUST-22772,45,Male,47,Month-to-month,Yes,DSL,No,76.98,3647.96,1
CUST-22773,63,Female,64,Two-year,Yes,DSL,No,61.59,3964.15,0
CUST-22774,53,Male,67,Month-to-month,Yes,DSL,Yes,52.31,3536.36,0
CUST-22775,43,Male,64,One-year,Yes,Fiber optic,No,80.57,5137.02,0
CUST-22776,63,Female,14,Two-year,Yes,DSL,Yes,58.44,822.87,1
CUST-22777,42,Female,72,Month-to-month,Yes,DSL,Yes,57.88,4188.49,0
CUST-22778,29,Male,63,One-year,Yes,No,No internet service,23.61,1487.0,0
CUST-22779,41,Male,40,One-year,No,DSL,No,60.25,2415.33,0
CUST-22780,39,Male,45,Month-to-month,Yes,No,No internet service,24.58,1130.34,0
CUST-22781,35,Female,45,Month-to-month,No,DSL,No,69.51,3117.83,0
CUST-22782,67,Male,30,One-year,Yes,No,No internet service,24.39,739.49,0
CUST-22783,19,Male,31,Month-to-month,Yes,Fiber optic,Yes,100.43,3140.0,1
CUST-22784,22,Female,20,Two-year,Yes,DSL,No,43.4,865.24,1
CUST-22785,50,Male,35,Month-to-month,Yes,Fiber optic,No,78.79,2782.78,1
CUST-22786,54,Female,14,One-year,Yes,Fiber optic,No,101.39,1400.47,1
CUST-22787,23,Female,57,Two-year,Yes,Fiber optic,Yes,102.03,5812.53,0
CUST-22788,67,Female,48,Two-year,No,Fiber optic,No,83.15,4027.6,1
CUST-22789,38,Male,64,One-year,No,Fiber optic,Yes,112.07,7179.12,0
CUST-22790,22,Female,61,Month-to-month,No,Fiber optic,No,72.4,4404.46,0
CUST-22791,52,Male,37,One-year,Yes,DSL,No,49.73,1863.64,0
CUST-22792,36,Female,14,Month-to-month,No,DSL,No,36.17,520.63,0
CUST-22793,47,Male,10,Month-to-month,Yes,Fiber optic,No,72.84,691.38,0
CUST-22794,25,Male,1,Two-year,Yes,No,No internet service,18.0,18.0,0
CUST-22795,25,Male,10,Month-to-month,Yes,No,No internet service,23.51,251.96,0
CUST-22796,62,Male,33,One-year,No,Fiber optic,No,67.75,2262.09,1
CUST-22797,62,Male,34,Month-to-month,No,Fiber optic,No,66.77,2274.28,1
CUST-22798,68,Female,24,Two-year,Yes,DSL,No,46.96,1143.53,0
CUST-22799,22,Male,17,One-year,Yes,DSL,No,59.65,1057.96,0
CUST-22800,55,Female,15,Month-to-month,Yes,Fiber optic,No,55.73,834.91,1
CUST-22801,20,Male,1,Two-year,Yes,DSL,Yes,62.06,92.14,1
CUST-22802,43,Male,7,Month-to-month,No,DSL,Yes,65.82,489.46,1
CUST-22803,67,Female,8,One-year,Yes,DSL,Yes,60.66,476.61,1
CUST-22804,39,Female,66,Month-to-month,Yes,Fiber optic,No,74.89,4935.3,0
CUST-22805,40,Female,67,One-year,No,Fiber optic,No,92.49,6158.42,0
CUST-22806,70,Male,2,Month-to-month,Yes,No,No internet service,19.27,19.27,1
CUST-22807,26,Female,40,One-year,No,Fiber optic,No,102.86,4068.45,0
CUST-22808,61,Male,50,Month-to-month,No,Fiber optic,No,93.82,4699.84,0
CUST-22809,64,Female,70,Month-to-month,No,No,No internet service,19.75,1388.8,0
CUST-22810,63,Male,2,Month-to-month,Yes,DSL,Yes,58.31,172.43,1
CUST-22811,67,Male,51,Month-to-month,Yes,Fiber optic,No,115.84,5923.96,0
CUST-22812,74,Male,30,One-year,No,No,No internet service,18.0,556.83,0
CUST-22813,59,Female,62,One-year,No,No,No internet service,20.41,1264.38,0
CUST-22814,41,Male,45,One-year,Yes,Fiber optic,No,93.48,4198.76,0
CUST-22815,51,Male,29,One-year,Yes,No,No internet service,20.37,626.47,0
CUST-22816,66,Male,27,One-year,No,Fiber optic,Yes,90.66,2469.51,0
CUST-22817,27,Male,3,One-year,No,No,No internet service,18.0,66.26,0
CUST-22818,28,Male,67,One-year,Yes,Fiber optic,Yes,107.51,7201.53,0
CUST-22819,29,Female,22,Two-year,Yes,No,No internet service,18.0,388.5,0
CUST-22820,24,Female,10,One-year,No,DSL,Yes,68.56,677.52,1
CUST-22821,29,Male,6,Month-to-month,Yes,DSL,No,56.25,331.68,0
CUST-22822,30,Female,55,One-year,No,Fiber optic,No,78.3,4322.89,0
CUST-22823,38,Male,57,Month-to-month,Yes,No,No internet service,18.0,1016.93,0
CUST-22824,51,Male,20,Month-to-month,Yes,No,No internet service,18.63,351.08,0
CUST-22825,54,Female,30,Month-to-month,No,Fiber optic,Yes,72.54,2167.7,1
CUST-22826,43,Female,16,Two-year,No,Fiber optic,No,74.98,1208.98,0
CUST-22827,24,Male,70,Month-to-month,No,DSL,No,50.32,3538.4,0
CUST-22828,28,Male,39,Month-to-month,Yes,No,No internet service,18.0,709.69,0
CUST-22829,32,Female,30,Month-to-month,Yes,No,No internet service,24.21,742.23,0
CUST-22830,42,Male,31,Month-to-month,Yes,DSL,No,43.19,1329.71,1
CUST-22831,40,Male,7,One-year,Yes,No,No internet service,18.0,128.46,1
CUST-22832,52,Female,27,Month-to-month,No,DSL,No,55.26,1483.33,0
CUST-22833,64,Female,12,Two-year,Yes,Fiber optic,No,90.64,1065.71,0
CUST-22834,36,Female,59,Month-to-month,No,DSL,Yes,74.82,4444.0,0
CUST-22835,25,Female,51,Two-year,Yes,DSL,No,46.54,2390.09,0
CUST-22836,43,Female,67,Month-to-month,Yes,DSL,Yes,86.94,5779.87,0
CUST-22837,55,Female,58,Month-to-month,No,DSL,No,35.4,2030.46,0
CUST-22838,47,Male,11,Two-year,No,Fiber optic,Yes,92.86,1037.92,0
CUST-22839,63,Male,64,Month-to-month,Yes,DSL,Yes,78.73,5049.03,1
CUST-22840,51,Male,50,Month-to-month,No,No,No internet service,24.42,1228.7,0
CUST-22841,51,Male,10,One-year,Yes,No,No internet service,26.15,255.91,0
CUST-22842,56,Female,64,Month-to-month,Yes,DSL,No,43.36,2772.24,0
CUST-22843,73,Male,67,Month-to-month,Yes,DSL,No,49.46,3332.6,0
CUST-22844,54,Female,53,Month-to-month,No,No,No internet service,21.52,1145.71,0
CUST-22845,57,Male,7,Month-to-month,Yes,Fiber optic,No,65.32,484.19,1
CUST-22846,71,Male,43,Month-to-month,Yes,No,No internet service,21.98,985.11,0
CUST-22847,28,Male,45,Month-to-month,No,DSL,No,48.54,2158.51,0
CUST-22848,74,Female,61,One-year,Yes,Fiber optic,Yes,102.23,6250.7,0
CUST-22849,22,Male,59,Month-to-month,No,Fiber optic,Yes,72.25,4246.65,0
CUST-22850,63,Female,21,One-year,No,Fiber optic,No,71.28,1485.69,0
CUST-22851,59,Male,21,Month-to-month,Yes,Fiber optic,No,86.79,1824.54,1
CUST-22852,45,Female,46,One-year,Yes,No,No internet service,19.8,906.19,0
CUST-22853,35,Male,62,One-year,Yes,No,No internet service,18.0,1132.93,0
CUST-22854,38,Female,61,Month-to-month,Yes,DSL,No,60.96,3694.07,0
CUST-22855,43,Male,19,Month-to-month,Yes,DSL,No,57.32,1045.34,0
CUST-22856,44,Male,44,Two-year,No,No,No internet service,20.04,887.0,0
CUST-22857,19,Male,24,Month-to-month,No,Fiber optic,No,84.9,2028.69,0
CUST-22858,67,Male,67,Month-to-month,Yes,Fiber optic,No,92.02,6152.95,1
CUST-22859,54,Female,3,Two-year,No,Fiber optic,No,92.05,295.89,1
CUST-22860,72,Male,12,One-year,Yes,DSL,Yes,82.82,1065.61,0
CUST-22861,42,Female,72,Two-year,Yes,No,No internet service,23.44,1691.97,0
CUST-22862,32,Male,60,Two-year,Yes,DSL,No,59.36,3592.14,0
CUST-22863,68,Female,62,Month-to-month,No,Fiber optic,Yes,80.1,4997.92,1
CUST-22864,72,Female,36,Two-year,No,Fiber optic,Yes,118.7,4272.44,0
CUST-22865,19,Male,7,One-year,No,Fiber optic,No,86.03,607.05,1
CUST-22866,21,Male,50,One-year,Yes,No,No internet service,20.99,1039.26,0
CUST-22867,58,Female,34,Month-to-month,Yes,Fiber optic,No,81.32,2736.18,0
CUST-22868,31,Female,8,Month-to-month,No,Fiber optic,No,82.24,633.54,1
CUST-22869,41,Male,53,Two-year,No,No,No internet service,18.0,978.72,0
CUST-22870,22,Male,29,Month-to-month,Yes,Fiber optic,No,61.46,1781.29,1
CUST-22871,29,Male,7,One-year,Yes,No,No internet service,18.0,108.72,1
CUST-22872,19,Male,58,Month-to-month,Yes,No,No internet service,26.6,1542.0,0
CUST-22873,56,Male,52,One-year,Yes,Fiber optic,No,70.61,3670.54,1
CUST-22874,59,Male,35,One-year,Yes,DSL,Yes,70.18,2435.17,0
CUST-22875,36,Female,44,One-year,Yes,DSL,Yes,62.83,2796.65,0
CUST-22876,68,Female,6,One-year,No,Fiber optic,No,115.03,674.71,1
CUST-22877,28,Female,27,One-year,Yes,No,No internet service,21.52,573.61,1
CUST-22878,19,Male,46,Month-to-month,No,Fiber optic,Yes,78.33,3564.25,0
CUST-22879,35,Female,27,Month-to-month,Yes,Fiber optic,Yes,98.79,2699.31,1
CUST-22880,18,Male,63,Two-year,Yes,Fiber optic,No,81.86,5156.16,0
CUST-22881,26,Female,13,Two-year,Yes,No,No internet service,18.0,221.09,0
CUST-22882,58,Male,17,Two-year,Yes,No,No internet service,22.37,348.78,1
CUST-22883,63,Female,36,Month-to-month,Yes,Fiber optic,No,82.69,2973.19,1
CUST-22884,62,Female,55,Month-to-month,Yes,No,No internet service,24.04,1316.62,1
CUST-22885,46,Female,46,Month-to-month,Yes,DSL,No,75.55,3456.37,0
CUST-22886,54,Female,25,Month-to-month,Yes,DSL,No,43.74,1084.77,0
CUST-22887,44,Female,42,One-year,Yes,DSL,No,68.16,2850.95,0
CUST-22888,61,Male,2,Month-to-month,No,DSL,No,62.03,143.69,0
CUST-22889,34,Male,48,Month-to-month,Yes,No,No internet service,27.12,1318.45,0
CUST-22890,67,Male,57,One-year,Yes,No,No internet service,19.26,1116.61,0
CUST-22891,71,Female,66,Month-to-month,No,DSL,No,42.59,2837.2,0
CUST-22892,35,Female,11,Month-to-month,Yes,Fiber optic,Yes,93.25,1025.91,1
CUST-22893,33,Male,15,Two-year,Yes,Fiber optic,Yes,82.48,1213.95,1
CUST-22894,49,Male,70,Month-to-month,No,Fiber optic,Yes,100.89,7051.7,0
CUST-22895,64,Female,59,One-year,No,Fiber optic,Yes,115.95,6853.7,0
CUST-22896,52,Female,30,Month-to-month,No,DSL,No,45.83,1376.36,1
CUST-22897,43,Female,53,Month-to-month,No,Fiber optic,Yes,86.38,4579.99,1
CUST-22898,49,Female,31,One-year,No,DSL,No,54.52,1688.42,0
CUST-22899,45,Male,37,Two-year,Yes,Fiber optic,Yes,107.12,3972.83,0
CUST-22900,58,Female,45,Two-year,Yes,No,No internet service,21.33,944.78,0
CUST-22901,67,Female,12,Month-to-month,No,Fiber optic,No,75.79,936.43,1
CUST-22902,55,Female,15,Month-to-month,Yes,Fiber optic,Yes,113.26,1684.06,1
CUST-22903,40,Female,71,One-year,Yes,Fiber optic,No,87.02,6141.9,0
CUST-22904,31,Male,16,Two-year,Yes,No,No internet service,18.0,272.03,0
CUST-22905,41,Male,9,One-year,Yes,DSL,No,54.16,497.23,0
CUST-22906,30,Male,21,One-year,Yes,Fiber optic,No,88.81,1856.67,1
CUST-22907,23,Male,47,Month-to-month,Yes,Fiber optic,No,81.64,3834.02,0
CUST-22908,59,Male,3,One-year,Yes,DSL,No,35.14,79.88,1
CUST-22909,66,Male,39,Month-to-month,Yes,Fiber optic,No,92.77,3637.12,1
CUST-22910,22,Female,36,Month-to-month,Yes,DSL,Yes,73.59,2640.27,0
CUST-22911,71,Female,43,Month-to-month,No,DSL,No,55.2,2363.93,0
CUST-22912,45,Female,41,Month-to-month,No,Fiber optic,No,95.42,3891.98,1
CUST-22913,71,Male,6,One-year,No,DSL,No,54.64,295.57,0
CUST-22914,20,Male,39,Two-year,Yes,Fiber optic,No,89.33,3487.74,0
CUST-22915,20,Male,16,Month-to-month,Yes,Fiber optic,Yes,82.86,1339.17,1
CUST-22916,33,Male,32,Two-year,Yes,Fiber optic,Yes,73.85,2360.57,0
CUST-22917,37,Male,64,Month-to-month,No,Fiber optic,No,87.2,5555.59,1
CUST-22918,36,Female,71,Two-year,Yes,DSL,No,54.32,3834.63,0
CUST-22919,18,Female,48,Two-year,No,No,No internet service,23.42,1120.98,0
CUST-22920,24,Male,34,Month-to-month,Yes,DSL,No,39.82,1355.06,0
CUST-22921,18,Female,9,Month-to-month,No,No,No internet service,30.14,297.78,1
CUST-22922,62,Female,26,One-year,No,Fiber optic,Yes,111.84,2915.87,1
CUST-22923,50,Male,6,Month-to-month,Yes,DSL,Yes,50.23,331.8,1
CUST-22924,29,Female,43,Two-year,Yes,Fiber optic,No,88.56,3804.19,0
CUST-22925,26,Male,59,Month-to-month,No,Fiber optic,No,95.6,5641.96,1
CUST-22926,50,Male,28,One-year,Yes,Fiber optic,No,107.14,3010.15,1
CUST-22927,30,Female,60,One-year,Yes,DSL,No,56.58,3418.23,0
CUST-22928,54,Male,39,One-year,Yes,DSL,No,57.67,2264.14,0
CUST-22929,37,Female,8,Two-year,Yes,Fiber optic,No,62.09,521.45,1
CUST-22930,62,Female,34,Two-year,No,Fiber optic,No,79.07,2684.4,0
CUST-22931,19,Male,71,One-year,Yes,Fiber optic,No,102.12,7278.78,0
CUST-22932,62,Male,3,Two-year,Yes,DSL,No,53.25,170.23,0
CUST-22933,70,Male,52,Month-to-month,Yes,Fiber optic,Yes,71.0,3679.32,0
CUST-22934,73,Male,29,Month-to-month,Yes,No,No internet service,23.28,628.36,0
CUST-22935,26,Male,54,One-year,Yes,DSL,No,65.69,3585.58,0
CUST-22936,37,Male,67,Two-year,No,Fiber optic,Yes,105.66,7022.08,0
CUST-22937,21,Female,67,Month-to-month,Yes,No,No internet service,18.0,1200.73,0
CUST-22938,53,Male,59,Two-year,Yes,DSL,No,56.63,3345.3,0
CUST-22939,26,Male,18,Two-year,Yes,Fiber optic,No,71.89,1323.02,1
CUST-22940,25,Female,17,Two-year,No,DSL,No,65.09,1068.23,1
CUST-22941,38,Male,58,One-year,Yes,DSL,Yes,58.59,3369.51,0
CUST-22942,64,Female,70,Month-to-month,Yes,DSL,No,61.25,4278.46,0
CUST-22943,67,Male,25,One-year,Yes,DSL,Yes,60.86,1533.01,0
CUST-22944,69,Female,16,Two-year,No,Fiber optic,No,85.2,1345.75,0
CUST-22945,29,Female,41,One-year,Yes,DSL,Yes,82.73,3377.42,0
CUST-22946,34,Male,38,One-year,Yes,No,No internet service,18.0,695.0,0
CUST-22947,61,Female,33,Two-year,Yes,DSL,Yes,61.21,1985.23,0
CUST-22948,24,Male,20,One-year,Yes,DSL,No,61.94,1224.57,0
CUST-22949,19,Female,70,Month-to-month,Yes,Fiber optic,Yes,103.45,7271.21,1
CUST-22950,63,Female,3,Month-to-month,No,DSL,Yes,53.38,189.82,1
CUST-22951,21,Female,54,Month-to-month,Yes,No,No internet service,21.46,1128.83,0
CUST-22952,59,Male,26,Two-year,No,DSL,No,66.1,1733.16,1
CUST-22953,26,Female,1,Month-to-month,Yes,DSL,Yes,65.0,65.0,1
CUST-22954,66,Female,59,Month-to-month,Yes,DSL,No,64.06,3766.31,0
CUST-22955,18,Female,50,One-year,No,Fiber optic,Yes,112.62,5623.24,0
CUST-22956,52,Female,10,Month-to-month,No,Fiber optic,Yes,102.79,1036.55,1
CUST-22957,61,Female,42,Month-to-month,Yes,Fiber optic,No,82.97,3477.48,1
CUST-22958,53,Female,14,Month-to-month,Yes,No,No internet service,19.94,281.9,0
CUST-22959,68,Female,31,Month-to-month,No,DSL,No,52.62,1581.95,1
CUST-22960,35,Male,48,Month-to-month,Yes,No,No internet service,28.67,1367.22,0
CUST-22961,57,Male,41,Month-to-month,No,Fiber optic,Yes,112.76,4639.28,1
CUST-22962,45,Female,61,Month-to-month,No,DSL,No,51.45,3145.89,0
CUST-22963,47,Male,52,Two-year,No,No,No internet service,24.05,1220.7,0
CUST-22964,53,Female,23,Month-to-month,No,DSL,No,58.01,1283.0,1
CUST-22965,23,Female,7,Month-to-month,Yes,DSL,Yes,76.72,577.81,1
CUST-22966,49,Male,55,Two-year,No,DSL,Yes,59.81,3300.83,0
CUST-22967,46,Female,57,Month-to-month,Yes,No,No internet service,18.0,989.52,0
CUST-22968,41,Male,68,One-year,Yes,Fiber optic,Yes,100.33,6839.83,0
CUST-22969,20,Female,62,One-year,No,Fiber optic,No,56.46,3487.84,0
CUST-22970,65,Female,22,Month-to-month,Yes,No,No internet service,21.91,494.46,1
CUST-22971,39,Male,51,Two-year,Yes,Fiber optic,Yes,92.38,4693.87,0
CUST-22972,30,Female,63,Month-to-month,No,Fiber optic,No,88.55,5569.81,0
CUST-22973,45,Male,9,Month-to-month,No,Fiber optic,No,78.03,690.54,1
CUST-22974,24,Male,34,Month-to-month,Yes,Fiber optic,No,96.14,3260.57,1
CUST-22975,43,Male,36,One-year,Yes,Fiber optic,No,92.88,3332.38,0
CUST-22976,29,Female,31,Two-year,Yes,DSL,No,68.09,2087.34,0
CUST-22977,40,Female,52,Month-to-month,Yes,DSL,Yes,73.07,3778.09,1
CUST-22978,74,Male,1,One-year,Yes,DSL,No,46.91,53.81,0
CUST-22979,57,Female,47,Month-to-month,No,Fiber optic,Yes,106.23,5025.99,1
CUST-22980,26,Male,37,Month-to-month,No,Fiber optic,No,84.11,3104.9,1
CUST-22981,74,Female,60,Month-to-month,No,No,No internet service,23.47,1413.3,0
CUST-22982,38,Female,15,Month-to-month,Yes,Fiber optic,No,77.82,1191.09,1
CUST-22983,53,Male,4,Two-year,Yes,DSL,No,56.45,229.56,1
CUST-22984,65,Male,24,One-year,No,Fiber optic,Yes,116.39,2773.77,1
CUST-22985,24,Male,42,Month-to-month,No,DSL,No,42.57,1762.3,0
CUST-22986,72,Male,26,One-year,Yes,Fiber optic,Yes,87.1,2248.01,1
CUST-22987,61,Male,8,Month-to-month,No,No,No internet service,18.0,162.59,1
CUST-22988,47,Female,49,Month-to-month,No,No,No internet service,18.0,914.24,0
CUST-22989,51,Female,17,Two-year,Yes,DSL,No,81.02,1358.78,0
CUST-22990,35,Male,61,One-year,Yes,Fiber optic,Yes,101.58,6197.4,0
CUST-22991,29,Male,61,One-year,Yes,Fiber optic,No,91.06,5550.57,0
CUST-22992,20,Male,1,Two-year,Yes,Fiber optic,No,118.37,130.27,1
CUST-22993,28,Male,15,Month-to-month,Yes,No,No internet service,22.14,328.0,1
CUST-22994,37,Male,46,One-year,Yes,No,No internet service,26.55,1235.73,0
CUST-22995,35,Female,72,Month-to-month,Yes,DSL,No,34.98,2578.59,0
CUST-22996,66,Male,58,Month-to-month,Yes,DSL,Yes,55.05,3178.64,0
CUST-22997,20,Male,38,Month-to-month,Yes,Fiber optic,Yes,107.7,4082.58,0
CUST-22998,71,Male,66,Month-to-month,Yes,Fiber optic,No,70.27,4630.38,0
CUST-22999,47,Female,10,One-year,No,No,No internet service,18.0,197.79,1
CUST-23000,34,Male,21,Month-to-month,No,DSL,Yes,60.84,1276.1,1
CUST-23001,62,Female,34,Month-to-month,Yes,DSL,No,50.73,1740.83,1
CUST-23002,49,Female,31,Month-to-month,Yes,Fiber optic,No,82.83,2547.97,1
CUST-23003,72,Male,54,Month-to-month,No,No,No internet service,18.0,964.59,0
CUST-23004,26,Male,53,One-year,No,DSL,No,61.6,3282.0,0
CUST-23005,48,Female,10,Month-to-month,Yes,Fiber optic,Yes,88.26,881.48,1
CUST-23006,60,Male,59,Month-to-month,No,Fiber optic,No,101.72,6006.47,1
CUST-23007,21,Male,55,One-year,No,DSL,Yes,62.5,3417.42,0
CUST-23008,43,Female,14,Month-to-month,No,DSL,No,53.67,745.16,1
CUST-23009,18,Female,42,Month-to-month,Yes,Fiber optic,No,83.17,3494.31,1
CUST-23010,21,Male,65,One-year,Yes,Fiber optic,No,74.85,4876.34,0
CUST-23011,63,Female,22,Month-to-month,No,No,No internet service,20.04,448.82,1
CUST-23012,27,Male,3,Two-year,Yes,Fiber optic,No,86.38,252.53,0
CUST-23013,65,Male,43,Month-to-month,Yes,Fiber optic,No,98.45,4243.04,1
CUST-23014,63,Female,22,Month-to-month,Yes,No,No internet service,32.16,707.53,1
CUST-23015,67,Female,45,Two-year,Yes,Fiber optic,No,96.66,4328.78,0
CUST-23016,69,Female,32,Two-year,No,Fiber optic,Yes,65.2,2084.75,0
CUST-23017,71,Female,23,One-year,Yes,Fiber optic,No,111.96,2604.26,0
CUST-23018,65,Male,44,Month-to-month,Yes,Fiber optic,Yes,94.33,4139.1,0
CUST-23019,60,Female,71,Month-to-month,Yes,Fiber optic,No,94.75,6730.27,1
CUST-23020,74,Female,3,One-year,Yes,Fiber optic,No,71.32,195.69,1
CUST-23021,36,Male,28,One-year,No,Fiber optic,No,77.2,2134.23,1
CUST-23022,63,Male,58,Month-to-month,Yes,DSL,Yes,67.57,3906.56,0
CUST-23023,35,Female,28,Two-year,Yes,DSL,No,66.31,1855.1,1
CUST-23024,24,Male,69,One-year,Yes,Fiber optic,Yes,85.92,5930.18,0
CUST-23025,34,Male,32,Two-year,Yes,Fiber optic,No,96.9,3128.55,0
CUST-23026,70,Female,14,Month-to-month,Yes,DSL,No,56.84,773.15,0
CUST-23027,20,Female,70,Month-to-month,Yes,No,No internet service,22.65,1595.63,0
CUST-23028,40,Male,31,Month-to-month,No,DSL,No,47.38,1433.13,1
CUST-23029,68,Male,60,One-year,No,Fiber optic,Yes,84.84,5115.66,0
CUST-23030,73,Male,69,Month-to-month,Yes,Fiber optic,Yes,60.22,4131.81,0
CUST-23031,46,Male,8,One-year,No,Fiber optic,Yes,94.5,761.68,1
CUST-23032,67,Female,48,Two-year,No,DSL,Yes,72.22,3473.38,1
CUST-23033,62,Male,35,Month-to-month,No,Fiber optic,No,87.26,3036.53,0
CUST-23034,53,Female,46,Two-year,No,DSL,Yes,65.23,2971.54,0
CUST-23035,36,Male,31,One-year,Yes,DSL,Yes,75.01,2314.57,0
CUST-23036,67,Male,48,Month-to-month,No,No,No internet service,21.68,1024.32,1
CUST-23037,72,Female,42,One-year,No,Fiber optic,Yes,106.47,4499.29,0
CUST-23038,51,Female,28,Month-to-month,Yes,DSL,No,51.88,1438.72,0
CUST-23039,39,Male,5,Month-to-month,Yes,Fiber optic,No,88.16,438.06,1
CUST-23040,46,Female,72,Month-to-month,No,Fiber optic,Yes,61.06,4376.79,0
CUST-23041,25,Male,50,One-year,No,Fiber optic,Yes,87.12,4359.18,0
CUST-23042,70,Male,54,Two-year,No,DSL,Yes,69.14,3736.56,0
CUST-23043,23,Male,45,Month-to-month,Yes,Fiber optic,No,66.29,2989.07,0
CUST-23044,46,Male,67,Month-to-month,No,Fiber optic,No,81.68,5440.93,0
CUST-23045,26,Female,22,Month-to-month,Yes,Fiber optic,No,96.59,2133.6,1
CUST-23046,57,Female,8,Month-to-month,Yes,No,No internet service,25.22,223.47,0
CUST-23047,36,Male,17,Month-to-month,Yes,No,No internet service,26.86,420.96,0
CUST-23048,67,Male,30,Two-year,Yes,Fiber optic,Yes,90.05,2678.13,0
CUST-23049,55,Female,49,Month-to-month,Yes,Fiber optic,No,84.46,4126.32,0
CUST-23050,24,Male,22,One-year,Yes,DSL,No,63.95,1412.39,0
CUST-23051,27,Female,17,One-year,Yes,Fiber optic,No,85.57,1478.17,1
CUST-23052,67,Male,20,Month-to-month,Yes,DSL,Yes,59.79,1196.05,0
CUST-23053,29,Female,6,One-year,No,Fiber optic,Yes,106.54,648.79,1
CUST-23054,65,Female,16,Month-to-month,Yes,No,No internet service,18.0,299.3,0
CUST-23055,73,Female,34,Month-to-month,Yes,DSL,No,47.77,1612.37,0
CUST-23056,64,Female,47,Month-to-month,Yes,No,No internet service,18.0,848.52,0
CUST-23057,65,Female,56,Two-year,Yes,No,No internet service,29.16,1622.84,0
CUST-23058,70,Male,53,Two-year,No,DSL,No,61.67,3312.26,0
CUST-23059,73,Male,26,Month-to-month,No,Fiber optic,No,83.66,2175.05,0
CUST-23060,23,Female,62,Two-year,No,Fiber optic,No,68.91,4243.94,0
CUST-23061,21,Female,17,Month-to-month,Yes,Fiber optic,Yes,79.1,1351.06,1
CUST-23062,42,Male,21,Two-year,Yes,Fiber optic,No,86.43,1793.98,0
CUST-23063,30,Female,50,Month-to-month,No,Fiber optic,No,85.85,4260.47,1
CUST-23064,37,Male,59,Month-to-month,No,No,No internet service,18.0,1024.83,1
CUST-23065,18,Female,54,Two-year,No,Fiber optic,Yes,88.42,4786.96,1
CUST-23066,68,Female,58,Month-to-month,Yes,Fiber optic,No,100.47,5835.08,1
CUST-23067,29,Female,3,Two-year,Yes,Fiber optic,No,81.98,229.28,0
CUST-23068,44,Female,41,Two-year,Yes,Fiber optic,No,81.77,3326.93,1
CUST-23069,64,Male,10,Month-to-month,No,Fiber optic,No,95.28,961.14,1
CUST-23070,55,Female,48,One-year,Yes,DSL,No,65.81,3156.11,1
CUST-23071,54,Male,48,Two-year,No,DSL,Yes,64.64,3107.44,0
CUST-23072,42,Female,24,One-year,Yes,DSL,No,59.57,1411.72,1
CUST-23073,21,Female,54,One-year,Yes,DSL,No,60.82,3257.23,0
CUST-23074,26,Male,63,Month-to-month,No,No,No internet service,18.0,1133.3,0
CUST-23075,53,Male,56,Two-year,Yes,No,No internet service,18.0,1002.31,0
CUST-23076,26,Female,60,Month-to-month,Yes,No,No internet service,18.98,1147.8,1
CUST-23077,47,Male,1,Two-year,Yes,Fiber optic,Yes,91.23,91.23,1
CUST-23078,34,Female,55,Two-year,No,Fiber optic,Yes,120.0,6617.81,0
CUST-23079,35,Male,39,Two-year,No,Fiber optic,No,98.01,3822.15,0
CUST-23080,54,Female,68,One-year,Yes,Fiber optic,No,92.3,6296.23,0
CUST-23081,24,Male,58,Two-year,Yes,No,No internet service,21.44,1244.21,0
CUST-23082,68,Female,27,Two-year,No,No,No internet service,18.0,459.31,0
CUST-23083,42,Female,69,Two-year,No,DSL,No,56.71,3958.6,0
CUST-23084,43,Female,67,Month-to-month,No,Fiber optic,Yes,120.0,8037.8,0
CUST-23085,24,Male,4,One-year,No,Fiber optic,No,96.61,354.18,0
CUST-23086,48,Female,39,Month-to-month,Yes,DSL,Yes,67.65,2642.63,1
CUST-23087,42,Female,24,Month-to-month,No,Fiber optic,Yes,90.63,2168.88,0
CUST-23088,19,Male,42,One-year,Yes,No,No internet service,18.0,744.15,0
CUST-23089,51,Male,33,Month-to-month,Yes,DSL,No,46.0,1550.24,1
CUST-23090,39,Male,22,Month-to-month,Yes,Fiber optic,No,99.97,2217.04,1
CUST-23091,58,Female,2,Month-to-month,Yes,Fiber optic,No,87.64,180.22,1
CUST-23092,47,Male,7,Month-to-month,No,No,No internet service,27.9,189.96,1
CUST-23093,68,Male,46,Month-to-month,Yes,Fiber optic,Yes,108.42,4974.16,1
CUST-23094,51,Female,19,Month-to-month,Yes,Fiber optic,Yes,91.35,1710.83,1
CUST-23095,66,Female,25,Two-year,No,DSL,Yes,63.79,1605.4,0
CUST-23096,54,Female,60,Month-to-month,Yes,No,No internet service,18.0,1029.14,0
CUST-23097,40,Female,45,Month-to-month,No,No,No internet service,18.35,855.26,1
CUST-23098,51,Male,53,Month-to-month,Yes,DSL,No,43.16,2324.51,0
CUST-23099,39,Male,7,Month-to-month,No,Fiber optic,No,78.73,532.98,1
CUST-23100,50,Female,68,Month-to-month,Yes,Fiber optic,Yes,78.83,5330.76,1
CUST-23101,21,Male,14,Month-to-month,No,DSL,No,47.84,671.12,1
CUST-23102,73,Female,37,Month-to-month,Yes,No,No internet service,18.0,690.39,0
CUST-23103,51,Female,47,One-year,Yes,No,No internet service,18.0,858.02,0
CUST-23104,60,Female,70,Month-to-month,No,DSL,No,47.24,3300.87,0
CUST-23105,24,Male,63,Month-to-month,No,Fiber optic,Yes,103.07,6478.81,0
CUST-23106,62,Male,66,Month-to-month,Yes,Fiber optic,No,103.93,6887.55,0
CUST-23107,61,Female,57,Month-to-month,Yes,DSL,No,63.05,3576.45,0
CUST-23108,53,Female,26,One-year,No,DSL,No,60.65,1561.04,0
CUST-23109,29,Male,70,One-year,No,DSL,No,49.19,3476.06,0
CUST-23110,55,Female,38,One-year,No,Fiber optic,Yes,98.14,3700.07,1
CUST-23111,73,Female,64,Month-to-month,Yes,Fiber optic,No,112.58,7162.53,0
CUST-23112,74,Male,13,One-year,No,Fiber optic,No,84.03,1117.74,1
CUST-23113,38,Female,44,One-year,Yes,Fiber optic,No,109.19,4825.31,0
CUST-23114,28,Male,29,Month-to-month,Yes,DSL,Yes,58.05,1692.27,1
CUST-23115,52,Female,31,One-year,No,DSL,No,50.07,1563.71,0
CUST-23116,36,Female,49,Month-to-month,Yes,DSL,Yes,49.54,2430.72,1
CUST-23117,71,Male,11,Month-to-month,No,DSL,No,55.04,647.91,1
CUST-23118,58,Male,66,Month-to-month,Yes,Fiber optic,No,81.12,5343.35,0
CUST-23119,46,Male,69,Two-year,Yes,DSL,Yes,75.62,5269.18,0
CUST-23120,65,Male,49,Month-to-month,Yes,Fiber optic,No,98.63,4854.37,1
CUST-23121,22,Female,17,Month-to-month,No,Fiber optic,No,90.14,1527.08,1
CUST-23122,72,Male,20,Month-to-month,No,Fiber optic,Yes,95.08,1922.88,1
CUST-23123,52,Female,25,Month-to-month,Yes,Fiber optic,No,60.68,1522.02,1
CUST-23124,39,Male,27,Two-year,Yes,DSL,Yes,79.09,2147.86,0
CUST-23125,58,Male,14,One-year,Yes,Fiber optic,Yes,114.3,1566.1,1
CUST-23126,65,Female,45,Two-year,No,Fiber optic,No,109.6,4936.06,0
CUST-23127,74,Female,71,Month-to-month,Yes,Fiber optic,No,91.34,6478.18,0
CUST-23128,36,Male,64,One-year,No,DSL,No,50.7,3243.38,0
CUST-23129,51,Female,66,Month-to-month,No,Fiber optic,Yes,120.0,7979.2,0
CUST-23130,52,Female,52,Month-to-month,No,Fiber optic,Yes,80.1,4154.46,1
CUST-23131,50,Male,52,One-year,Yes,DSL,Yes,78.32,4112.57,0
CUST-23132,20,Female,42,Two-year,Yes,DSL,No,66.23,2760.63,0
CUST-23133,47,Female,23,Month-to-month,No,Fiber optic,No,83.74,1904.65,1
CUST-23134,20,Male,66,Month-to-month,Yes,DSL,Yes,57.17,3769.58,0
CUST-23135,37,Female,32,One-year,No,Fiber optic,No,63.38,2036.18,1
CUST-23136,60,Female,52,Month-to-month,No,No,No internet service,21.03,1078.36,0
CUST-23137,30,Male,71,One-year,Yes,No,No internet service,20.77,1477.04,0
CUST-23138,46,Female,68,Month-to-month,No,Fiber optic,No,96.42,6560.69,1
CUST-23139,29,Female,54,Two-year,Yes,DSL,Yes,58.96,3197.25,0
CUST-23140,24,Male,18,Month-to-month,No,No,No internet service,18.0,314.57,0
CUST-23141,63,Male,7,Two-year,No,Fiber optic,No,89.72,633.35,1
CUST-23142,32,Male,45,One-year,No,DSL,No,52.02,2328.54,0
CUST-23143,45,Male,10,Two-year,No,DSL,No,65.67,689.62,1
CUST-23144,45,Female,56,Month-to-month,Yes,Fiber optic,No,59.25,3320.44,0
CUST-23145,32,Female,61,Month-to-month,No,DSL,Yes,85.0,5176.66,0
CUST-23146,64,Male,8,Month-to-month,No,DSL,No,62.55,514.06,1
CUST-23147,36,Female,66,One-year,No,Fiber optic,No,76.46,5048.37,0
CUST-23148,23,Male,48,One-year,Yes,Fiber optic,Yes,84.46,4094.3,0
CUST-23149,36,Male,9,Month-to-month,Yes,Fiber optic,No,107.14,958.57,1
CUST-23150,68,Female,60,Two-year,No,Fiber optic,No,94.71,5665.06,0
CUST-23151,26,Female,67,Month-to-month,Yes,No,No internet service,22.2,1491.8,0
CUST-23152,19,Female,29,Month-to-month,Yes,Fiber optic,No,94.35,2744.71,1
CUST-23153,26,Female,57,Two-year,No,No,No internet service,31.29,1752.56,0
CUST-23154,31,Male,21,Two-year,No,DSL,No,56.07,1172.45,1
CUST-23155,28,Male,53,Month-to-month,Yes,DSL,No,69.2,3682.13,0
CUST-23156,33,Male,37,Two-year,No,DSL,Yes,69.07,2570.56,0
CUST-23157,54,Male,53,Month-to-month,Yes,DSL,Yes,78.49,4191.96,0
CUST-23158,71,Female,42,Month-to-month,No,DSL,Yes,78.19,3298.22,1
CUST-23159,55,Male,11,Month-to-month,No,DSL,No,53.02,605.25,0
CUST-23160,60,Male,3,Two-year,Yes,Fiber optic,Yes,80.32,214.42,1
CUST-23161,73,Male,70,Two-year,Yes,No,No internet service,24.41,1717.0,0
CUST-23162,34,Female,60,One-year,No,No,No internet service,22.22,1330.65,0
CUST-23163,35,Female,34,Month-to-month,Yes,No,No internet service,18.0,639.97,0
CUST-23164,54,Male,69,Month-to-month,Yes,No,No internet service,18.0,1242.11,0
CUST-23165,21,Male,68,Month-to-month,Yes,DSL,Yes,57.5,3908.83,0
CUST-23166,47,Male,44,Month-to-month,Yes,No,No internet service,20.71,896.41,0
CUST-23167,43,Male,21,Month-to-month,Yes,Fiber optic,Yes,96.9,2014.86,1
CUST-23168,22,Female,52,Two-year,Yes,No,No internet service,21.48,1135.34,0
CUST-23169,46,Female,5,One-year,Yes,Fiber optic,Yes,102.49,518.48,1
CUST-23170,26,Male,65,Two-year,Yes,Fiber optic,No,80.19,5158.68,0
CUST-23171,54,Female,39,Month-to-month,No,Fiber optic,Yes,89.37,3516.74,0
CUST-23172,63,Female,10,Two-year,Yes,Fiber optic,No,111.41,1109.12,1
CUST-23173,34,Female,10,Two-year,Yes,DSL,No,63.54,629.37,0
CUST-23174,24,Male,2,One-year,No,DSL,Yes,52.96,67.26,1
CUST-23175,61,Female,1,One-year,No,No,No internet service,18.0,18.0,0
CUST-23176,66,Female,45,Month-to-month,Yes,DSL,Yes,68.0,3043.42,0
CUST-23177,73,Male,65,Two-year,No,Fiber optic,Yes,71.43,4644.86,1
CUST-23178,50,Female,20,Month-to-month,Yes,Fiber optic,Yes,76.53,1520.59,1
CUST-23179,39,Male,69,Month-to-month,Yes,Fiber optic,No,96.66,6643.78,0
CUST-23180,42,Male,56,Month-to-month,Yes,DSL,No,48.55,2715.05,1
CUST-23181,57,Male,64,Month-to-month,Yes,Fiber optic,Yes,92.68,5912.49,0
CUST-23182,56,Male,43,Month-to-month,Yes,DSL,No,67.29,2897.08,0
CUST-23183,67,Female,22,Month-to-month,Yes,Fiber optic,No,60.23,1320.72,1
CUST-23184,27,Female,34,One-year,Yes,Fiber optic,No,86.58,2930.26,0
CUST-23185,22,Female,32,One-year,Yes,Fiber optic,No,62.35,2016.5,1
CUST-23186,70,Male,45,Month-to-month,Yes,DSL,Yes,64.79,2959.67,0
CUST-23187,18,Male,56,Month-to-month,Yes,No,No internet service,27.64,1496.02,0
CUST-23188,70,Female,27,Month-to-month,Yes,DSL,No,48.14,1269.48,1
CUST-23189,66,Female,54,Month-to-month,Yes,Fiber optic,Yes,99.06,5333.08,1
CUST-23190,35,Female,57,Month-to-month,Yes,DSL,Yes,69.69,3994.29,0
CUST-23191,45,Female,5,Month-to-month,No,No,No internet service,18.0,115.56,1
CUST-23192,57,Male,32,One-year,No,DSL,Yes,68.1,2204.13,0
CUST-23193,56,Male,72,Two-year,No,No,No internet service,18.0,1303.3,0
CUST-23194,44,Male,33,Two-year,No,DSL,No,58.58,1927.95,0
CUST-23195,24,Female,26,One-year,No,No,No internet service,18.18,496.56,1
CUST-23196,41,Female,38,Month-to-month,Yes,DSL,Yes,55.87,2147.31,0
CUST-23197,64,Male,55,Month-to-month,Yes,No,No internet service,21.96,1186.36,0
CUST-23198,72,Male,13,Month-to-month,Yes,Fiber optic,No,90.57,1190.95,1
CUST-23199,68,Female,58,One-year,Yes,DSL,No,58.36,3370.13,0
CUST-23200,71,Male,2,Month-to-month,No,DSL,Yes,52.31,123.36,0
CUST-23201,19,Female,53,Month-to-month,No,No,No internet service,18.7,978.74,0
CUST-23202,44,Male,6,One-year,Yes,DSL,Yes,76.23,462.45,0
CUST-23203,24,Female,58,Two-year,No,DSL,No,59.85,3472.9,0
CUST-23204,61,Male,35,One-year,No,Fiber optic,Yes,94.86,3334.87,0
CUST-23205,55,Male,60,Month-to-month,No,DSL,No,45.1,2698.73,0
CUST-23206,60,Female,28,Month-to-month,Yes,No,No internet service,18.0,531.32,0
CUST-23207,26,Female,28,One-year,Yes,DSL,No,43.85,1253.62,0
CUST-23208,58,Female,9,Month-to-month,Yes,Fiber optic,No,80.68,717.75,1
CUST-23209,65,Male,21,Month-to-month,No,DSL,No,58.57,1197.18,1
CUST-23210,32,Male,6,One-year,Yes,Fiber optic,No,78.63,440.87,1
CUST-23211,33,Female,5,Month-to-month,Yes,Fiber optic,No,85.33,426.77,1
CUST-23212,28,Female,57,Month-to-month,Yes,No,No internet service,25.06,1429.0,0
CUST-23213,35,Male,16,Month-to-month,Yes,Fiber optic,No,72.99,1165.46,0
CUST-23214,29,Male,69,One-year,No,Fiber optic,No,63.09,4374.42,0
CUST-23215,57,Male,29,Two-year,Yes,DSL,Yes,74.12,2145.0,0
CUST-23216,68,Male,54,One-year,Yes,Fiber optic,No,93.15,5013.8,0
CUST-23217,73,Male,45,Month-to-month,Yes,Fiber optic,Yes,84.1,3768.53,1
CUST-23218,41,Female,56,One-year,No,DSL,No,46.55,2615.39,0
CUST-23219,28,Male,5,Two-year,No,DSL,No,68.07,346.03,1
CUST-23220,26,Female,12,Month-to-month,No,DSL,No,66.58,819.63,1
CUST-23221,52,Male,3,Month-to-month,No,No,No internet service,18.85,45.18,1
CUST-23222,50,Female,64,Month-to-month,Yes,DSL,No,46.62,2986.89,1
CUST-23223,69,Male,52,Month-to-month,Yes,Fiber optic,Yes,86.08,4436.75,1
CUST-23224,47,Male,49,One-year,No,DSL,No,55.15,2691.93,0
CUST-23225,48,Male,48,Two-year,No,DSL,No,62.27,2971.43,1
CUST-23226,31,Female,22,Month-to-month,Yes,Fiber optic,Yes,90.19,2012.81,1
CUST-23227,55,Male,21,Month-to-month,No,Fiber optic,Yes,103.1,2169.4,1
CUST-23228,46,Female,9,Month-to-month,Yes,DSL,Yes,73.83,704.48,1
CUST-23229,27,Female,22,Month-to-month,No,DSL,Yes,61.34,1344.47,0
CUST-23230,29,Female,57,Two-year,No,DSL,No,32.43,1868.16,0
CUST-23231,52,Male,8,Month-to-month,Yes,Fiber optic,Yes,108.16,891.86,1
CUST-23232,65,Male,59,One-year,No,DSL,No,47.62,2850.01,0
CUST-23233,20,Male,62,One-year,Yes,Fiber optic,Yes,87.78,5416.86,0
CUST-23234,49,Female,16,Month-to-month,Yes,No,No internet service,18.0,313.75,1
CUST-23235,71,Male,60,Month-to-month,No,DSL,No,64.99,3899.07,0
CUST-23236,24,Male,62,Two-year,Yes,DSL,No,48.73,3003.65,0
CUST-23237,42,Male,59,One-year,Yes,Fiber optic,No,97.35,5736.69,0
CUST-23238,36,Male,64,Month-to-month,No,DSL,No,57.36,3668.19,0
CUST-23239,31,Male,53,Month-to-month,No,DSL,Yes,84.82,4483.13,1
CUST-23240,38,Male,41,Month-to-month,Yes,No,No internet service,18.0,746.14,0
CUST-23241,56,Female,63,One-year,No,DSL,No,65.77,4163.54,0
CUST-23242,25,Female,35,One-year,No,Fiber optic,No,61.59,2152.39,0
CUST-23243,48,Female,27,Two-year,Yes,DSL,No,60.41,1638.27,0
CUST-23244,64,Female,44,Month-to-month,Yes,DSL,No,55.97,2473.42,0
CUST-23245,40,Female,58,Two-year,No,Fiber optic,No,88.41,5153.76,0
CUST-23246,43,Female,57,One-year,No,No,No internet service,21.63,1211.16,0
CUST-23247,43,Male,21,Month-to-month,No,No,No internet service,23.44,477.28,1
CUST-23248,40,Male,33,One-year,No,Fiber optic,No,72.23,2392.17,0
CUST-23249,42,Female,72,Two-year,Yes,Fiber optic,No,84.05,6074.72,0
CUST-23250,70,Female,23,Month-to-month,No,Fiber optic,No,96.82,2233.03,1
CUST-23251,33,Male,32,One-year,No,Fiber optic,Yes,75.33,2388.32,0
CUST-23252,40,Male,41,Month-to-month,No,Fiber optic,No,77.5,3172.23,1
CUST-23253,71,Male,45,One-year,Yes,Fiber optic,No,91.14,4088.07,1
CUST-23254,74,Female,19,Month-to-month,Yes,DSL,No,37.43,689.08,1
CUST-23255,48,Male,50,Month-to-month,Yes,No,No internet service,18.0,908.73,0
CUST-23256,51,Male,71,Month-to-month,Yes,Fiber optic,Yes,99.38,7043.68,0
CUST-23257,45,Male,24,Month-to-month,Yes,Fiber optic,Yes,110.64,2678.01,0
CUST-23258,52,Male,12,Month-to-month,Yes,Fiber optic,No,73.49,921.84,1
CUST-23259,66,Male,59,Month-to-month,Yes,No,No internet service,23.99,1419.68,1
CUST-23260,71,Female,38,One-year,No,DSL,No,59.01,2235.72,0
CUST-23261,37,Female,63,Month-to-month,Yes,DSL,No,63.81,4050.57,0
CUST-23262,74,Male,48,Two-year,Yes,Fiber optic,No,97.44,4657.85,0
CUST-23263,50,Female,12,One-year,No,Fiber optic,No,91.8,1091.84,1
CUST-23264,71,Female,37,Month-to-month,Yes,No,No internet service,20.5,728.77,1
CUST-23265,32,Female,15,Month-to-month,No,Fiber optic,No,98.86,1457.31,1
CUST-23266,46,Female,70,Two-year,No,Fiber optic,Yes,98.91,6937.26,0
CUST-23267,56,Male,58,Month-to-month,No,DSL,No,38.44,2256.15,0
CUST-23268,74,Male,20,Month-to-month,Yes,DSL,No,53.94,1085.08,1
CUST-23269,51,Female,53,Month-to-month,Yes,Fiber optic,No,82.14,4351.63,0
CUST-23270,20,Female,22,One-year,Yes,Fiber optic,No,102.48,2297.95,1
CUST-23271,48,Female,4,One-year,Yes,Fiber optic,Yes,88.38,349.92,1
CUST-23272,38,Male,69,Two-year,Yes,Fiber optic,No,100.77,6936.84,0
CUST-23273,26,Female,44,Two-year,No,No,No internet service,18.0,779.67,0
CUST-23274,23,Male,46,One-year,No,No,No internet service,23.08,1080.03,0
CUST-23275,41,Male,41,Two-year,No,No,No internet service,20.89,872.39,0
CUST-23276,25,Female,9,One-year,No,Fiber optic,Yes,78.11,715.82,0
CUST-23277,28,Male,29,Month-to-month,Yes,Fiber optic,No,72.06,2080.42,1
CUST-23278,23,Male,11,Month-to-month,Yes,DSL,No,49.85,519.44,1
CUST-23279,61,Female,64,Month-to-month,Yes,DSL,Yes,68.43,4374.68,0
CUST-23280,34,Male,51,One-year,No,No,No internet service,21.72,1121.98,1
CUST-23281,23,Female,60,One-year,Yes,Fiber optic,Yes,79.7,4801.87,0
CUST-23282,42,Female,8,Month-to-month,No,DSL,No,58.17,468.39,0
CUST-23283,71,Female,31,One-year,Yes,Fiber optic,No,80.81,2492.14,0
CUST-23284,34,Female,29,Month-to-month,No,No,No internet service,19.29,545.61,0
CUST-23285,20,Female,7,Month-to-month,No,Fiber optic,Yes,104.43,757.86,1
CUST-23286,54,Female,53,Month-to-month,No,No,No internet service,18.0,949.64,0
CUST-23287,49,Male,34,One-year,No,Fiber optic,No,98.71,3357.32,1
CUST-23288,31,Male,65,Month-to-month,No,No,No internet service,18.0,1159.92,0
CUST-23289,71,Female,13,Month-to-month,Yes,No,No internet service,19.81,272.37,0
CUST-23290,34,Female,56,Month-to-month,No,Fiber optic,No,84.07,4692.89,0
CUST-23291,50,Male,57,One-year,No,Fiber optic,Yes,96.21,5502.33,0
CUST-23292,43,Male,32,One-year,No,Fiber optic,Yes,97.82,3148.9,0
CUST-23293,56,Female,6,One-year,No,Fiber optic,No,80.78,524.42,1
CUST-23294,44,Female,37,One-year,Yes,DSL,Yes,62.48,2304.52,1
CUST-23295,45,Female,32,Two-year,Yes,DSL,No,42.19,1376.08,0
CUST-23296,26,Female,37,Month-to-month,No,DSL,Yes,63.78,2382.16,0
CUST-23297,33,Male,20,Month-to-month,No,No,No internet service,18.0,369.47,1
CUST-23298,61,Male,50,One-year,Yes,DSL,Yes,81.46,4091.81,0
CUST-23299,37,Male,48,One-year,Yes,No,No internet service,22.93,1096.61,0
CUST-23300,66,Male,12,Month-to-month,Yes,DSL,No,60.96,756.89,1
CUST-23301,45,Female,66,Two-year,Yes,DSL,Yes,58.39,3857.97,0
CUST-23302,33,Male,65,One-year,No,DSL,No,42.03,2756.4,0
CUST-23303,57,Female,30,One-year,No,DSL,No,54.69,1619.97,1
CUST-23304,50,Female,54,Month-to-month,Yes,No,No internet service,18.0,995.98,1
CUST-23305,54,Female,17,Month-to-month,Yes,Fiber optic,No,94.99,1588.93,1
CUST-23306,64,Female,56,Two-year,No,Fiber optic,Yes,77.7,4337.07,0
CUST-23307,61,Female,20,Month-to-month,Yes,Fiber optic,No,83.44,1656.97,1
CUST-23308,30,Male,31,Month-to-month,No,DSL,No,60.14,1890.92,1
CUST-23309,55,Female,44,Month-to-month,Yes,Fiber optic,No,77.24,3406.87,0
CUST-23310,24,Male,57,Month-to-month,Yes,Fiber optic,Yes,86.57,4923.05,1
CUST-23311,48,Male,13,Month-to-month,Yes,Fiber optic,Yes,69.68,915.35,1
CUST-23312,67,Male,50,One-year,Yes,Fiber optic,No,69.53,3499.45,0
CUST-23313,20,Female,21,Month-to-month,No,Fiber optic,Yes,92.14,1945.22,1
CUST-23314,47,Male,52,Two-year,Yes,Fiber optic,Yes,94.57,4908.63,0
CUST-23315,37,Female,45,Month-to-month,No,Fiber optic,No,86.31,3874.85,1
CUST-23316,44,Female,21,Two-year,Yes,No,No internet service,18.0,393.08,0
CUST-23317,43,Male,17,One-year,No,Fiber optic,No,88.08,1467.31,0
CUST-23318,24,Male,29,One-year,No,Fiber optic,Yes,99.76,2877.56,1
CUST-23319,52,Male,72,Two-year,No,DSL,Yes,70.82,5123.05,0
CUST-23320,58,Female,19,Month-to-month,Yes,DSL,No,65.58,1239.5,0
CUST-23321,68,Male,16,Month-to-month,Yes,No,No internet service,18.0,304.37,1
CUST-23322,60,Female,15,One-year,No,DSL,No,43.15,676.4,0
CUST-23323,20,Male,66,Month-to-month,No,DSL,Yes,56.23,3726.09,1
CUST-23324,36,Female,67,Month-to-month,No,No,No internet service,18.0,1229.24,0
CUST-23325,20,Male,9,Two-year,No,DSL,Yes,61.32,538.16,0
CUST-23326,59,Male,62,Two-year,Yes,DSL,No,54.9,3378.56,0
CUST-23327,61,Female,10,Month-to-month,No,DSL,Yes,62.24,623.52,1
CUST-23328,44,Male,4,One-year,No,DSL,No,53.37,179.29,1
CUST-23329,60,Female,3,Month-to-month,Yes,No,No internet service,21.9,73.24,1
CUST-23330,45,Male,36,One-year,Yes,DSL,Yes,77.1,2782.93,0
CUST-23331,54,Male,69,Month-to-month,Yes,Fiber optic,Yes,94.21,6507.61,0
CUST-23332,40,Male,63,Month-to-month,Yes,Fiber optic,No,74.84,4697.94,0
CUST-23333,40,Female,36,Month-to-month,Yes,DSL,No,46.25,1645.5,0
CUST-23334,65,Female,11,Month-to-month,No,Fiber optic,Yes,84.91,937.47,1
CUST-23335,54,Male,24,One-year,Yes,DSL,Yes,68.02,1613.22,0
CUST-23336,66,Male,1,Month-to-month,Yes,No,No internet service,18.0,36.62,1
CUST-23337,27,Female,9,Month-to-month,Yes,Fiber optic,Yes,108.07,1006.29,1
CUST-23338,46,Female,34,Month-to-month,Yes,DSL,Yes,65.04,2187.77,1
CUST-23339,71,Male,37,Two-year,Yes,Fiber optic,No,90.44,3344.65,0
CUST-23340,34,Male,4,Month-to-month,Yes,DSL,Yes,64.58,264.56,1
CUST-23341,68,Female,35,One-year,Yes,DSL,Yes,68.29,2384.19,0
CUST-23342,26,Female,61,Two-year,No,Fiber optic,No,101.48,6181.79,0
CUST-23343,37,Female,50,Month-to-month,Yes,No,No internet service,26.41,1322.15,0
CUST-23344,25,Female,56,Two-year,Yes,DSL,Yes,70.02,3908.75,0
CUST-23345,26,Female,44,Two-year,Yes,Fiber optic,Yes,88.3,3831.5,0
CUST-23346,60,Female,35,One-year,No,DSL,No,43.13,1487.4,0
CUST-23347,65,Female,52,Two-year,No,No,No internet service,25.06,1326.2,0
CUST-23348,48,Male,59,Month-to-month,Yes,DSL,Yes,54.1,3174.66,0
CUST-23349,74,Female,35,Month-to-month,No,Fiber optic,No,90.3,3137.83,0
CUST-23350,48,Female,39,One-year,Yes,Fiber optic,No,80.86,3153.04,0
CUST-23351,23,Female,29,Two-year,Yes,DSL,No,66.93,1925.22,0
CUST-23352,44,Male,35,Two-year,Yes,Fiber optic,No,97.64,3396.95,0
CUST-23353,69,Male,22,Month-to-month,Yes,Fiber optic,Yes,105.04,2310.67,1
CUST-23354,47,Male,64,Month-to-month,Yes,No,No internet service,19.68,1293.35,0
CUST-23355,63,Male,47,Month-to-month,Yes,Fiber optic,Yes,101.76,4791.82,1
CUST-23356,34,Male,59,Two-year,Yes,Fiber optic,No,99.88,5866.82,0
CUST-23357,31,Male,34,Month-to-month,Yes,DSL,No,51.48,1751.33,0
CUST-23358,36,Female,49,Month-to-month,No,DSL,No,59.91,2924.08,1
CUST-23359,40,Female,39,Month-to-month,Yes,No,No internet service,30.03,1157.38,0
CUST-23360,59,Female,17,Month-to-month,Yes,Fiber optic,Yes,112.17,1945.48,1
CUST-23361,70,Male,37,Month-to-month,Yes,Fiber optic,Yes,114.73,4267.52,0
CUST-23362,29,Male,69,Month-to-month,Yes,No,No internet service,23.78,1654.21,0
CUST-23363,51,Female,65,Month-to-month,No,DSL,No,44.95,2922.77,1
CUST-23364,74,Female,47,One-year,No,DSL,Yes,72.09,3384.28,0
CUST-23365,22,Male,30,Month-to-month,Yes,Fiber optic,Yes,72.46,2136.93,1
CUST-23366,56,Male,62,Two-year,No,DSL,No,49.7,3098.01,0
CUST-23367,39,Male,1,Month-to-month,Yes,Fiber optic,Yes,71.85,109.37,0
CUST-23368,34,Female,3,One-year,No,Fiber optic,No,72.11,202.51,1
CUST-23369,68,Male,71,Month-to-month,No,Fiber optic,No,94.69,6725.6,1
CUST-23370,39,Male,72,Month-to-month,Yes,No,No internet service,28.19,2027.3,0
CUST-23371,72,Female,20,One-year,Yes,DSL,No,45.02,936.89,0
CUST-23372,65,Male,22,Two-year,Yes,No,No internet service,23.8,532.1,0
CUST-23373,56,Male,61,Month-to-month,Yes,Fiber optic,No,111.26,6775.29,1
CUST-23374,45,Female,43,Month-to-month,Yes,No,No internet service,22.4,954.01,0
CUST-23375,68,Female,59,Month-to-month,Yes,DSL,No,58.44,3420.67,0
CUST-23376,32,Male,60,One-year,Yes,No,No internet service,22.55,1379.23,0
CUST-23377,30,Male,58,Month-to-month,Yes,DSL,No,68.68,3993.16,1
CUST-23378,50,Male,23,Two-year,Yes,No,No internet service,26.15,589.26,0
CUST-23379,40,Female,23,One-year,Yes,DSL,No,50.29,1164.1,0
CUST-23380,51,Female,66,Month-to-month,Yes,Fiber optic,No,81.27,5347.42,0
CUST-23381,59,Female,72,One-year,No,Fiber optic,No,105.28,7586.0,0
CUST-23382,41,Male,40,Month-to-month,No,DSL,No,56.04,2249.87,0
CUST-23383,20,Female,54,One-year,Yes,DSL,No,48.28,2609.9,0
CUST-23384,28,Male,61,Two-year,No,Fiber optic,No,69.53,4262.75,1
CUST-23385,36,Male,53,Month-to-month,No,Fiber optic,No,82.7,4391.67,1
CUST-23386,24,Male,53,Month-to-month,No,Fiber optic,Yes,110.25,5842.51,0
CUST-23387,28,Male,31,One-year,No,Fiber optic,Yes,99.55,3081.84,0
CUST-23388,61,Male,24,Month-to-month,Yes,DSL,No,49.93,1186.5,1
CUST-23389,66,Male,61,Month-to-month,Yes,Fiber optic,Yes,118.69,7217.05,1
CUST-23390,67,Female,34,Two-year,Yes,No,No internet service,18.0,598.11,0
CUST-23391,23,Female,66,Month-to-month,Yes,Fiber optic,No,101.59,6690.86,0
CUST-23392,26,Female,14,One-year,Yes,DSL,No,44.78,650.27,0
CUST-23393,57,Male,13,Month-to-month,No,Fiber optic,No,77.05,1028.85,1
CUST-23394,29,Female,57,Month-to-month,Yes,No,No internet service,18.0,999.5,0
CUST-23395,53,Male,17,Month-to-month,Yes,DSL,No,45.15,765.16,1
CUST-23396,38,Male,7,Month-to-month,Yes,DSL,No,55.74,398.48,1
CUST-23397,36,Female,67,One-year,Yes,No,No internet service,21.72,1433.86,0
CUST-23398,66,Male,41,One-year,Yes,DSL,No,57.52,2405.9,0
CUST-23399,40,Male,22,Month-to-month,Yes,DSL,No,55.41,1273.04,1
CUST-23400,34,Female,1,Month-to-month,Yes,Fiber optic,No,81.64,81.64,1
CUST-23401,55,Female,40,Month-to-month,No,DSL,Yes,65.19,2613.88,0
CUST-23402,31,Female,67,Two-year,Yes,Fiber optic,Yes,99.52,6671.05,0
CUST-23403,20,Male,59,Month-to-month,No,DSL,Yes,75.85,4486.73,0
CUST-23404,56,Female,46,One-year,No,DSL,No,63.3,2923.49,0
CUST-23405,66,Female,57,Month-to-month,Yes,Fiber optic,No,110.16,6277.47,1
CUST-23406,60,Male,70,Two-year,No,Fiber optic,Yes,108.55,7585.03,0
CUST-23407,46,Male,57,One-year,Yes,DSL,Yes,58.47,3369.92,0
CUST-23408,37,Male,18,Two-year,Yes,Fiber optic,No,83.96,1530.85,1
CUST-23409,60,Female,47,Two-year,No,Fiber optic,No,105.19,4948.39,0
CUST-23410,54,Male,52,One-year,No,DSL,Yes,72.43,3772.36,0
CUST-23411,35,Female,54,One-year,No,DSL,Yes,73.23,3923.13,0
CUST-23412,72,Female,27,One-year,Yes,No,No internet service,22.93,620.76,0
CUST-23413,37,Female,55,Two-year,Yes,No,No internet service,18.0,954.74,0
CUST-23414,36,Male,42,Two-year,Yes,Fiber optic,No,86.47,3646.48,0
CUST-23415,31,Female,37,Month-to-month,Yes,Fiber optic,Yes,77.01,2848.11,0
CUST-23416,66,Female,20,One-year,Yes,Fiber optic,No,92.51,1869.5,1
CUST-23417,49,Female,66,Month-to-month,No,DSL,No,68.72,4561.3,0
CUST-23418,42,Male,11,One-year,Yes,No,No internet service,30.57,312.49,0
CUST-23419,63,Female,45,Month-to-month,No,DSL,No,55.53,2479.49,0
CUST-23420,61,Female,57,One-year,No,No,No internet service,25.4,1415.84,0
CUST-23421,62,Male,22,Month-to-month,No,Fiber optic,Yes,81.66,1731.16,1
CUST-23422,56,Male,36,Month-to-month,No,No,No internet service,18.12,625.71,0
CUST-23423,54,Female,68,Month-to-month,Yes,Fiber optic,No,102.61,7000.08,0
CUST-23424,24,Male,2,Month-to-month,No,DSL,Yes,79.21,155.02,0
CUST-23425,32,Female,58,Month-to-month,Yes,No,No internet service,18.35,1095.42,0
CUST-23426,41,Male,57,Month-to-month,Yes,No,No internet service,18.0,1002.85,0
CUST-23427,54,Male,53,One-year,Yes,DSL,No,48.03,2540.04,0
CUST-23428,70,Female,31,Month-to-month,No,Fiber optic,No,82.04,2567.38,1
CUST-23429,57,Female,6,Month-to-month,Yes,Fiber optic,No,90.75,529.55,1
CUST-23430,20,Female,51,Month-to-month,Yes,Fiber optic,No,78.84,4035.82,0
CUST-23431,24,Male,2,One-year,No,No,No internet service,18.39,39.62,0
CUST-23432,30,Male,58,One-year,Yes,Fiber optic,No,108.81,6333.3,0
CUST-23433,58,Male,15,One-year,No,Fiber optic,Yes,85.85,1287.85,1
CUST-23434,24,Male,15,Month-to-month,Yes,DSL,No,53.73,789.85,1
CUST-23435,69,Male,50,Month-to-month,Yes,DSL,Yes,63.67,3197.85,0
CUST-23436,26,Female,62,Month-to-month,No,DSL,No,36.58,2250.73,0
CUST-23437,27,Female,45,One-year,No,DSL,No,55.52,2530.74,0
CUST-23438,50,Male,71,Month-to-month,No,Fiber optic,No,85.14,6038.02,1
CUST-23439,74,Female,72,Month-to-month,Yes,Fiber optic,No,89.42,6447.78,1
CUST-23440,39,Male,26,One-year,Yes,Fiber optic,No,62.64,1636.1,1
CUST-23441,20,Female,7,Month-to-month,No,Fiber optic,Yes,110.04,739.95,1
CUST-23442,57,Female,20,Month-to-month,No,DSL,Yes,63.98,1257.63,1
CUST-23443,52,Female,38,Month-to-month,Yes,DSL,Yes,55.95,2140.19,1
CUST-23444,68,Male,53,Two-year,Yes,Fiber optic,Yes,94.44,4981.75,0
CUST-23445,22,Male,21,Month-to-month,Yes,No,No internet service,23.0,459.76,1
CUST-23446,18,Male,3,Month-to-month,Yes,DSL,No,53.89,159.49,1
CUST-23447,53,Male,29,Month-to-month,No,DSL,Yes,65.2,1913.97,1
CUST-23448,28,Female,70,Month-to-month,Yes,No,No internet service,25.16,1775.35,0
CUST-23449,66,Female,42,Month-to-month,No,No,No internet service,18.0,760.75,1
CUST-23450,67,Male,22,Two-year,Yes,No,No internet service,18.0,390.94,1
CUST-23451,67,Male,6,Month-to-month,Yes,DSL,No,60.7,396.84,1
CUST-23452,51,Male,51,One-year,Yes,DSL,No,61.56,3140.6,0
CUST-23453,72,Male,51,One-year,Yes,DSL,Yes,58.88,2979.2,0
CUST-23454,49,Female,23,Month-to-month,No,DSL,Yes,56.7,1268.25,0
CUST-23455,56,Female,6,Month-to-month,No,Fiber optic,No,88.15,530.25,1
CUST-23456,46,Female,62,Two-year,Yes,No,No internet service,18.0,1096.06,0
CUST-23457,52,Male,63,Month-to-month,Yes,DSL,Yes,67.72,4242.28,1
CUST-23458,20,Male,43,Two-year,No,DSL,No,76.71,3339.93,0
CUST-23459,46,Female,18,Two-year,Yes,DSL,No,55.71,1010.16,0
CUST-23460,32,Female,49,One-year,Yes,DSL,Yes,66.21,3248.31,0
CUST-23461,50,Male,4,Month-to-month,Yes,Fiber optic,No,79.68,314.46,1
CUST-23462,57,Female,33,Month-to-month,Yes,No,No internet service,18.0,617.6,1
CUST-23463,42,Female,58,One-year,Yes,Fiber optic,No,84.82,4899.09,0
CUST-23464,43,Male,40,One-year,Yes,DSL,No,40.23,1595.48,0
CUST-23465,59,Female,72,Month-to-month,Yes,Fiber optic,No,111.29,8017.23,0
CUST-23466,72,Male,54,Two-year,No,Fiber optic,Yes,113.3,6108.64,0
CUST-23467,18,Female,22,Month-to-month,Yes,Fiber optic,No,77.77,1714.37,1
CUST-23468,36,Female,17,Month-to-month,No,No,No internet service,18.0,291.23,1
CUST-23469,74,Female,27,Month-to-month,Yes,DSL,Yes,69.26,1877.13,0
CUST-23470,68,Female,49,One-year,No,No,No internet service,19.92,965.03,0
CUST-23471,44,Male,55,One-year,No,DSL,No,58.07,3209.03,0
CUST-23472,19,Female,14,One-year,No,Fiber optic,Yes,89.26,1272.34,0
CUST-23473,49,Female,48,Two-year,Yes,Fiber optic,No,89.44,4298.4,0
CUST-23474,38,Male,29,One-year,Yes,Fiber optic,Yes,72.76,2111.41,0
CUST-23475,45,Female,41,One-year,No,No,No internet service,18.0,745.12,0
CUST-23476,34,Male,45,Month-to-month,Yes,DSL,Yes,87.79,3978.69,1
CUST-23477,44,Female,14,Month-to-month,Yes,DSL,Yes,57.07,778.48,1
CUST-23478,26,Male,25,Month-to-month,Yes,No,No internet service,18.35,480.68,0
CUST-23479,54,Female,58,Month-to-month,No,Fiber optic,No,73.02,4253.15,1
CUST-23480,25,Female,19,Month-to-month,No,Fiber optic,No,103.69,1927.37,1
CUST-23481,20,Female,52,One-year,No,Fiber optic,No,65.65,3430.43,0
CUST-23482,45,Female,22,Month-to-month,Yes,DSL,No,71.57,1574.89,1
CUST-23483,68,Female,39,One-year,Yes,Fiber optic,No,91.1,3558.13,1
CUST-23484,43,Female,15,One-year,Yes,Fiber optic,No,96.59,1474.98,1
CUST-23485,26,Female,47,Month-to-month,No,No,No internet service,20.46,954.26,0
CUST-23486,49,Male,1,One-year,Yes,No,No internet service,18.0,36.54,1
CUST-23487,62,Female,43,Month-to-month,No,Fiber optic,No,81.53,3466.94,1
CUST-23488,63,Female,14,Two-year,Yes,No,No internet service,18.0,212.24,0
CUST-23489,59,Male,48,Two-year,Yes,DSL,No,69.44,3316.95,0
CUST-23490,30,Male,37,Month-to-month,Yes,Fiber optic,No,82.5,3029.29,1
CUST-23491,21,Female,70,One-year,Yes,No,No internet service,18.0,1264.68,0
CUST-23492,32,Female,68,One-year,Yes,No,No internet service,27.31,1862.12,0
CUST-23493,66,Male,52,Month-to-month,No,No,No internet service,25.65,1331.3,0
CUST-23494,19,Male,7,Month-to-month,Yes,DSL,No,56.84,392.16,1
CUST-23495,57,Male,22,Two-year,Yes,DSL,No,64.46,1426.03,0
CUST-23496,58,Female,51,Month-to-month,No,DSL,No,38.68,1943.01,0
CUST-23497,55,Male,5,Month-to-month,No,DSL,No,46.6,199.72,1
CUST-23498,41,Male,45,Month-to-month,Yes,Fiber optic,No,74.69,3387.09,0
CUST-23499,22,Female,64,Month-to-month,No,DSL,Yes,60.22,3851.68,0
CUST-23500,39,Female,40,One-year,No,Fiber optic,No,71.76,2888.45,1
CUST-23501,49,Male,37,Month-to-month,No,DSL,No,74.13,2745.56,0
CUST-23502,63,Male,38,Two-year,Yes,Fiber optic,No,73.55,2800.38,0
CUST-23503,68,Female,10,Month-to-month,No,No,No internet service,20.06,231.36,0
CUST-23504,65,Male,8,One-year,Yes,Fiber optic,No,75.53,592.5,1
CUST-23505,52,Female,38,One-year,No,DSL,No,67.41,2600.31,0
CUST-23506,37,Female,3,One-year,No,DSL,No,58.86,154.48,1
CUST-23507,48,Female,50,One-year,Yes,DSL,Yes,71.03,3532.49,0
CUST-23508,56,Male,38,Month-to-month,Yes,DSL,No,37.27,1401.69,0
CUST-23509,23,Female,44,Month-to-month,Yes,Fiber optic,Yes,120.0,5245.77,1
CUST-23510,47,Male,4,Two-year,Yes,DSL,No,54.7,197.35,0
CUST-23511,68,Female,36,Month-to-month,No,Fiber optic,Yes,78.74,2818.11,1
CUST-23512,60,Female,20,One-year,Yes,Fiber optic,No,70.37,1441.13,0
CUST-23513,26,Female,33,Month-to-month,Yes,Fiber optic,Yes,105.35,3460.2,1
CUST-23514,33,Female,38,Month-to-month,No,Fiber optic,Yes,98.96,3748.37,1
CUST-23515,62,Male,49,Month-to-month,No,Fiber optic,No,88.92,4353.55,1
CUST-23516,60,Male,53,Two-year,Yes,Fiber optic,Yes,92.91,4942.42,0
CUST-23517,25,Male,56,Month-to-month,No,DSL,No,72.92,4101.55,1
CUST-23518,52,Male,46,Two-year,Yes,Fiber optic,No,97.47,4468.23,0
CUST-23519,44,Female,71,Month-to-month,Yes,DSL,No,48.76,3481.54,0
CUST-23520,33,Female,31,Two-year,No,Fiber optic,No,93.6,2930.63,0
CUST-23521,32,Male,22,Two-year,No,Fiber optic,No,67.05,1434.4,0
CUST-23522,32,Male,25,Month-to-month,No,DSL,No,50.83,1246.67,1
CUST-23523,54,Female,54,Month-to-month,Yes,DSL,Yes,69.19,3730.26,1
CUST-23524,35,Male,51,Month-to-month,Yes,Fiber optic,No,83.15,4270.24,1
CUST-23525,27,Male,32,Month-to-month,Yes,Fiber optic,No,62.97,2015.82,1
CUST-23526,34,Male,1,Month-to-month,Yes,No,No internet service,24.23,24.23,1
CUST-23527,22,Male,36,Month-to-month,Yes,DSL,Yes,49.48,1787.62,0
CUST-23528,56,Male,3,Two-year,Yes,No,No internet service,24.76,79.56,0
CUST-23529,23,Female,24,One-year,Yes,Fiber optic,No,102.94,2466.32,1
CUST-23530,50,Female,33,Month-to-month,Yes,Fiber optic,No,76.53,2492.57,0
CUST-23531,35,Female,58,Month-to-month,Yes,Fiber optic,No,57.06,3318.95,0
CUST-23532,64,Female,23,Month-to-month,No,Fiber optic,No,93.84,2153.81,1
CUST-23533,64,Male,1,Two-year,No,No,No internet service,25.73,35.49,1
CUST-23534,52,Female,16,One-year,Yes,Fiber optic,Yes,120.0,1938.47,1
CUST-23535,21,Male,57,Month-to-month,No,No,No internet service,26.67,1490.0,0
CUST-23536,51,Female,63,One-year,No,DSL,No,59.33,3712.91,0
CUST-23537,41,Male,36,Month-to-month,Yes,No,No internet service,22.39,792.07,0
CUST-23538,41,Male,59,One-year,No,Fiber optic,Yes,100.38,5912.53,0
CUST-23539,45,Male,43,Month-to-month,No,No,No internet service,22.34,922.42,0
CUST-23540,33,Male,66,Month-to-month,Yes,Fiber optic,No,75.89,4994.13,0
CUST-23541,33,Female,7,Two-year,Yes,No,No internet service,19.32,142.97,0
CUST-23542,32,Male,69,Two-year,Yes,Fiber optic,No,94.42,6526.64,0
CUST-23543,31,Male,20,Two-year,Yes,Fiber optic,No,115.44,2357.15,1
CUST-23544,24,Female,43,Two-year,Yes,Fiber optic,No,82.24,3542.88,0
CUST-23545,58,Female,69,One-year,Yes,No,No internet service,21.7,1481.02,0
CUST-23546,53,Female,43,Month-to-month,Yes,Fiber optic,No,67.69,2882.41,1
CUST-23547,61,Female,34,Month-to-month,Yes,Fiber optic,Yes,89.97,3064.69,1
CUST-23548,27,Male,18,One-year,Yes,Fiber optic,Yes,72.3,1286.66,1
CUST-23549,21,Female,20,One-year,Yes,Fiber optic,No,79.92,1569.21,1
CUST-23550,26,Male,31,Two-year,No,Fiber optic,No,81.91,2541.67,0
CUST-23551,47,Male,50,Two-year,No,Fiber optic,No,80.55,4055.63,0
CUST-23552,29,Male,21,Month-to-month,Yes,No,No internet service,24.53,504.61,1
CUST-23553,48,Female,23,One-year,No,DSL,Yes,78.79,1787.89,0
CUST-23554,26,Male,71,One-year,Yes,DSL,Yes,64.89,4584.69,0
CUST-23555,32,Female,21,Month-to-month,Yes,DSL,Yes,66.13,1409.01,0
CUST-23556,30,Female,46,Month-to-month,No,DSL,No,60.79,2788.33,0
CUST-23557,74,Male,6,Month-to-month,Yes,Fiber optic,No,77.91,460.82,1
CUST-23558,71,Female,35,Month-to-month,No,No,No internet service,21.78,750.24,0
CUST-23559,26,Female,26,One-year,No,DSL,No,51.02,1357.75,0
CUST-23560,57,Male,25,Month-to-month,Yes,DSL,No,54.84,1327.56,1
CUST-23561,68,Male,64,One-year,No,DSL,Yes,65.3,4178.46,0
CUST-23562,47,Female,55,Month-to-month,No,DSL,No,37.71,2073.53,0
CUST-23563,59,Male,29,Month-to-month,No,DSL,No,49.25,1424.78,0
CUST-23564,23,Male,9,Two-year,Yes,DSL,No,45.75,416.93,0
CUST-23565,66,Female,19,Month-to-month,Yes,DSL,No,53.75,1047.02,1
CUST-23566,68,Female,51,Two-year,Yes,DSL,No,67.77,3474.24,0
CUST-23567,18,Female,62,Month-to-month,No,Fiber optic,Yes,99.2,6143.16,1
CUST-23568,60,Female,43,Two-year,Yes,DSL,No,40.2,1745.91,0
CUST-23569,37,Male,40,One-year,No,Fiber optic,No,76.7,3051.77,0
CUST-23570,41,Male,65,Two-year,Yes,Fiber optic,No,68.32,4472.82,0
CUST-23571,72,Female,12,One-year,Yes,Fiber optic,Yes,71.81,879.52,1
CUST-23572,24,Female,63,Month-to-month,No,DSL,Yes,66.69,4217.98,1
CUST-23573,50,Female,45,One-year,Yes,Fiber optic,No,82.52,3690.15,0
CUST-23574,58,Female,5,Two-year,Yes,DSL,Yes,60.76,325.04,0
CUST-23575,33,Female,66,One-year,Yes,DSL,No,61.79,4048.6,0
CUST-23576,41,Male,62,Month-to-month,No,DSL,Yes,62.04,3845.12,0
CUST-23577,72,Female,5,Two-year,No,DSL,No,57.56,266.6,0
CUST-23578,47,Male,54,Month-to-month,No,Fiber optic,Yes,84.3,4569.73,1
CUST-23579,66,Male,5,Month-to-month,Yes,Fiber optic,No,78.81,422.0,1
CUST-23580,62,Male,56,Month-to-month,No,No,No internet service,22.19,1271.77,0
CUST-23581,74,Female,34,Two-year,Yes,No,No internet service,27.37,924.92,0
CUST-23582,60,Male,27,Month-to-month,Yes,No,No internet service,18.0,478.95,0
CUST-23583,64,Female,67,Two-year,Yes,DSL,No,56.93,3813.62,0
CUST-23584,25,Male,26,Month-to-month,Yes,Fiber optic,No,84.71,2220.2,1
CUST-23585,29,Male,70,Month-to-month,No,No,No internet service,18.0,1234.45,0
CUST-23586,25,Female,5,Two-year,Yes,Fiber optic,Yes,80.56,384.21,0
CUST-23587,74,Male,52,Month-to-month,Yes,DSL,Yes,66.01,3418.78,0
CUST-23588,41,Female,60,Two-year,No,DSL,No,64.31,3823.85,0
CUST-23589,20,Female,32,Month-to-month,Yes,DSL,No,64.99,2111.0,0
CUST-23590,43,Female,68,Month-to-month,No,Fiber optic,No,110.57,7523.31,0
CUST-23591,46,Male,2,Month-to-month,Yes,Fiber optic,No,83.33,178.43,1
CUST-23592,30,Female,21,Month-to-month,No,DSL,Yes,68.76,1418.59,1
CUST-23593,47,Male,1,Two-year,Yes,Fiber optic,No,90.45,104.02,0
CUST-23594,26,Male,13,Two-year,Yes,DSL,No,56.51,761.64,0
CUST-23595,53,Female,59,Two-year,Yes,DSL,Yes,45.03,2650.29,0
CUST-23596,19,Female,36,Month-to-month,Yes,Fiber optic,No,94.59,3394.9,1
CUST-23597,41,Female,47,Two-year,Yes,DSL,Yes,56.85,2663.14,0
CUST-23598,24,Male,72,One-year,Yes,Fiber optic,Yes,105.56,7570.33,0
CUST-23599,70,Female,2,One-year,Yes,DSL,No,51.78,113.09,1
CUST-23600,67,Female,16,Month-to-month,Yes,No,No internet service,18.0,282.72,0
CUST-23601,62,Female,21,One-year,Yes,DSL,Yes,44.04,868.85,1
CUST-23602,30,Male,19,One-year,Yes,DSL,No,54.49,1030.58,1
CUST-23603,66,Male,71,Two-year,Yes,DSL,No,61.19,4351.22,0
CUST-23604,47,Male,36,Two-year,No,Fiber optic,No,77.82,2803.93,0
CUST-23605,41,Male,49,One-year,No,DSL,No,43.78,2149.69,0
CUST-23606,69,Female,60,Two-year,Yes,DSL,Yes,80.17,4838.1,0
CUST-23607,36,Male,14,Month-to-month,Yes,No,No internet service,24.22,373.91,0
CUST-23608,30,Male,11,Month-to-month,Yes,Fiber optic,No,64.01,703.77,1
CUST-23609,57,Female,49,Month-to-month,Yes,DSL,Yes,61.95,3056.63,0
CUST-23610,39,Male,12,One-year,Yes,Fiber optic,No,80.34,952.38,1
CUST-23611,67,Female,31,Month-to-month,Yes,DSL,No,67.62,2108.01,0
CUST-23612,42,Female,20,One-year,No,Fiber optic,No,107.61,2177.15,0
CUST-23613,55,Female,58,Two-year,Yes,DSL,Yes,52.9,3050.24,0
CUST-23614,51,Female,65,One-year,No,Fiber optic,No,101.31,6575.67,1
CUST-23615,64,Female,51,Month-to-month,Yes,DSL,No,61.39,3181.72,1
CUST-23616,43,Female,24,Two-year,Yes,Fiber optic,No,68.3,1655.15,1
CUST-23617,59,Female,22,Month-to-month,No,DSL,No,55.7,1193.29,0
CUST-23618,38,Female,16,Month-to-month,Yes,DSL,No,42.87,649.42,1
CUST-23619,41,Male,50,One-year,Yes,Fiber optic,Yes,91.97,4591.77,0
CUST-23620,30,Female,8,Two-year,No,DSL,No,57.21,437.8,1
CUST-23621,30,Male,37,One-year,Yes,No,No internet service,21.96,803.49,0
CUST-23622,34,Female,36,Two-year,Yes,DSL,No,58.43,2065.5,1
CUST-23623,51,Female,32,One-year,Yes,Fiber optic,No,120.0,3826.84,1
CUST-23624,58,Male,23,Two-year,No,No,No internet service,18.0,369.02,0
CUST-23625,35,Female,20,Month-to-month,Yes,DSL,Yes,52.64,1069.12,1
CUST-23626,27,Male,5,Month-to-month,No,Fiber optic,Yes,120.0,606.14,1
CUST-23627,65,Male,65,Month-to-month,Yes,DSL,No,36.99,2399.28,0
CUST-23628,37,Female,5,Month-to-month,No,DSL,No,71.09,342.06,1
CUST-23629,25,Female,3,Month-to-month,Yes,Fiber optic,No,80.94,255.17,1
CUST-23630,37,Female,14,Two-year,Yes,DSL,No,73.36,1053.83,0
CUST-23631,73,Male,32,Two-year,Yes,DSL,No,46.3,1510.58,0
CUST-23632,64,Female,13,Month-to-month,Yes,DSL,Yes,52.95,689.65,0
CUST-23633,53,Female,32,One-year,Yes,DSL,No,60.2,1964.06,1
CUST-23634,18,Female,53,One-year,Yes,DSL,Yes,76.9,4071.4,0
CUST-23635,50,Male,33,Month-to-month,No,Fiber optic,No,95.74,3127.7,1
CUST-23636,43,Female,64,Month-to-month,Yes,DSL,Yes,78.23,4993.11,0
CUST-23637,64,Male,36,Month-to-month,No,No,No internet service,22.52,758.26,0
CUST-23638,74,Female,58,Month-to-month,Yes,No,No internet service,28.91,1686.02,0
CUST-23639,31,Male,27,Month-to-month,Yes,Fiber optic,No,67.93,1844.12,1
CUST-23640,69,Female,1,Month-to-month,No,DSL,No,78.22,81.97,1
CUST-23641,37,Male,10,One-year,Yes,Fiber optic,No,85.02,829.73,1
CUST-23642,42,Male,9,Month-to-month,Yes,DSL,No,50.65,454.79,1
CUST-23643,27,Male,50,Month-to-month,No,Fiber optic,No,68.93,3436.03,1
CUST-23644,27,Male,42,One-year,No,DSL,No,53.15,2245.27,0
CUST-23645,73,Female,10,Month-to-month,Yes,Fiber optic,No,76.3,719.3,1
CUST-23646,43,Male,59,Month-to-month,No,DSL,No,54.44,3246.97,0
CUST-23647,31,Female,72,Month-to-month,No,Fiber optic,No,80.01,5740.77,0
CUST-23648,28,Male,47,One-year,Yes,No,No internet service,23.07,1089.98,0
CUST-23649,68,Male,72,Two-year,Yes,Fiber optic,No,68.82,4973.84,0
CUST-23650,47,Male,32,Two-year,Yes,DSL,No,53.01,1704.99,0
CUST-23651,21,Female,9,Month-to-month,No,Fiber optic,Yes,92.99,834.93,1
CUST-23652,35,Male,52,Month-to-month,No,Fiber optic,Yes,106.17,5516.9,0
CUST-23653,55,Female,44,Month-to-month,Yes,DSL,Yes,59.36,2594.64,0
CUST-23654,20,Male,24,Month-to-month,No,No,No internet service,35.49,813.32,1
CUST-23655,32,Female,18,Month-to-month,Yes,No,No internet service,21.18,357.82,1
CUST-23656,35,Female,62,Month-to-month,Yes,DSL,Yes,66.18,4091.38,0
CUST-23657,59,Male,3,Month-to-month,No,DSL,No,52.16,158.49,1
CUST-23658,46,Female,15,Two-year,No,Fiber optic,No,107.53,1611.28,0
CUST-23659,25,Female,29,Month-to-month,No,No,No internet service,19.94,569.26,0
CUST-23660,30,Female,37,One-year,Yes,Fiber optic,Yes,72.8,2672.98,1
CUST-23661,71,Female,10,Month-to-month,No,DSL,No,60.45,591.16,0
CUST-23662,20,Male,65,Month-to-month,No,DSL,No,55.69,3617.06,0
CUST-23663,55,Male,61,One-year,No,Fiber optic,No,97.38,5953.36,1
CUST-23664,69,Female,16,Month-to-month,No,DSL,Yes,59.95,972.89,1
CUST-23665,29,Male,19,One-year,No,Fiber optic,Yes,63.98,1230.55,0
CUST-23666,18,Female,15,Month-to-month,Yes,Fiber optic,No,68.11,999.8,0
CUST-23667,39,Male,9,Two-year,No,Fiber optic,No,93.49,830.4,1
CUST-23668,25,Male,34,Month-to-month,Yes,DSL,Yes,77.73,2644.2,1
CUST-23669,26,Male,60,Two-year,No,No,No internet service,18.0,1096.59,0
CUST-23670,54,Female,16,Two-year,Yes,Fiber optic,No,81.3,1286.52,1
CUST-23671,35,Female,8,One-year,Yes,DSL,No,48.33,369.44,1
CUST-23672,31,Male,8,Month-to-month,Yes,No,No internet service,26.65,215.0,1
CUST-23673,65,Female,48,Two-year,No,Fiber optic,Yes,95.36,4586.85,0
CUST-23674,22,Female,71,Month-to-month,Yes,No,No internet service,22.4,1554.68,0
CUST-23675,43,Female,72,One-year,No,DSL,Yes,45.88,3274.25,0
CUST-23676,67,Female,63,Month-to-month,Yes,DSL,Yes,61.15,3860.36,0
CUST-23677,64,Male,25,Month-to-month,Yes,DSL,Yes,63.46,1591.8,0
CUST-23678,59,Female,36,Month-to-month,No,DSL,No,61.8,2270.38,0
CUST-23679,63,Male,55,Month-to-month,No,Fiber optic,No,89.47,4911.25,1
CUST-23680,23,Female,59,Two-year,Yes,DSL,No,53.51,3153.71,0
CUST-23681,33,Female,5,Month-to-month,No,Fiber optic,No,104.83,514.46,1
CUST-23682,52,Female,1,Two-year,Yes,No,No internet service,22.32,22.32,0
CUST-23683,36,Male,57,Two-year,Yes,DSL,Yes,77.85,4446.97,0
CUST-23684,55,Male,34,One-year,Yes,DSL,No,57.12,1939.66,0
CUST-23685,41,Female,69,Month-to-month,No,DSL,Yes,66.42,4575.99,0
CUST-23686,38,Male,21,One-year,Yes,DSL,No,44.63,926.02,0
CUST-23687,18,Female,45,Two-year,No,Fiber optic,No,106.25,4782.04,1
CUST-23688,57,Male,20,Month-to-month,No,Fiber optic,No,104.42,2084.38,1
CUST-23689,45,Female,29,Month-to-month,Yes,No,No internet service,18.67,542.94,0
CUST-23690,21,Male,38,Month-to-month,No,No,No internet service,18.0,697.11,0
CUST-23691,60,Female,57,Month-to-month,No,DSL,Yes,77.08,4377.88,1
CUST-23692,43,Male,53,Month-to-month,Yes,DSL,Yes,55.28,2937.02,0
CUST-23693,55,Male,28,Month-to-month,Yes,No,No internet service,27.06,734.8,0
CUST-23694,39,Male,3,Month-to-month,Yes,Fiber optic,No,99.25,295.64,1
CUST-23695,25,Male,27,Month-to-month,Yes,Fiber optic,No,117.71,3180.52,1
CUST-23696,45,Female,69,Month-to-month,No,Fiber optic,No,73.63,5057.0,1
CUST-23697,44,Male,50,One-year,Yes,DSL,No,59.16,2994.11,0
CUST-23698,44,Male,56,Two-year,Yes,DSL,No,53.83,3027.4,0
CUST-23699,40,Male,70,Month-to-month,Yes,DSL,No,75.69,5286.72,0
CUST-23700,69,Female,26,Month-to-month,Yes,DSL,Yes,70.66,1874.35,0
CUST-23701,23,Male,39,One-year,No,DSL,Yes,69.65,2703.25,1
CUST-23702,49,Male,32,Two-year,Yes,Fiber optic,Yes,107.38,3437.53,0
CUST-23703,36,Female,11,One-year,Yes,DSL,No,45.95,504.6,0
CUST-23704,41,Male,32,Two-year,No,DSL,No,51.71,1649.79,0
CUST-23705,25,Male,48,Month-to-month,Yes,DSL,No,54.69,2624.44,1
CUST-23706,71,Female,27,Month-to-month,Yes,No,No internet service,18.0,482.3,1
CUST-23707,18,Female,9,Two-year,No,No,No internet service,18.0,172.79,0
CUST-23708,43,Female,65,Month-to-month,No,No,No internet service,18.0,1173.96,1
CUST-23709,56,Male,36,Month-to-month,Yes,Fiber optic,Yes,90.28,3246.29,0
CUST-23710,63,Male,60,Month-to-month,Yes,No,No internet service,18.0,1077.03,0
CUST-23711,53,Male,46,Month-to-month,Yes,DSL,No,41.59,1950.72,0
CUST-23712,27,Female,4,Month-to-month,Yes,Fiber optic,Yes,113.68,456.32,1
CUST-23713,52,Male,29,One-year,Yes,DSL,No,68.99,2009.28,1
CUST-23714,30,Male,61,Month-to-month,Yes,DSL,No,64.92,3976.28,0
CUST-23715,38,Male,67,Two-year,No,DSL,Yes,59.62,4009.68,0
CUST-23716,53,Male,21,Month-to-month,No,DSL,Yes,60.7,1256.7,1
CUST-23717,54,Male,61,One-year,Yes,Fiber optic,No,90.76,5540.88,0
CUST-23718,48,Female,46,One-year,No,Fiber optic,No,89.04,4095.27,0
CUST-23719,27,Male,9,One-year,Yes,Fiber optic,No,78.5,719.39,0
CUST-23720,55,Male,4,Month-to-month,No,No,No internet service,18.0,61.81,0
CUST-23721,54,Female,51,Month-to-month,Yes,Fiber optic,Yes,110.28,5620.78,1
CUST-23722,25,Female,6,Month-to-month,No,No,No internet service,18.0,126.95,1
CUST-23723,24,Male,40,One-year,Yes,DSL,Yes,64.18,2568.12,0
CUST-23724,53,Male,30,Month-to-month,No,DSL,Yes,67.52,2022.75,0
CUST-23725,19,Female,44,One-year,Yes,Fiber optic,No,72.79,3201.07,0
CUST-23726,37,Male,22,Two-year,No,DSL,No,36.69,786.01,0
CUST-23727,60,Female,34,Month-to-month,Yes,DSL,Yes,69.29,2405.43,1
CUST-23728,57,Male,4,Two-year,Yes,No,No internet service,21.85,93.27,0
CUST-23729,66,Female,57,Month-to-month,Yes,Fiber optic,Yes,86.58,4955.66,0
CUST-23730,45,Male,56,Two-year,Yes,Fiber optic,No,96.07,5351.5,0
CUST-23731,33,Male,64,Two-year,No,No,No internet service,23.43,1510.78,0
CUST-23732,71,Female,2,Month-to-month,Yes,DSL,Yes,65.89,92.22,1
CUST-23733,38,Male,47,Two-year,No,DSL,No,51.91,2410.94,0
CUST-23734,22,Male,67,Two-year,Yes,DSL,No,52.17,3495.9,0
CUST-23735,49,Male,52,Month-to-month,No,DSL,Yes,76.51,3956.3,1
CUST-23736,24,Female,34,Month-to-month,No,Fiber optic,Yes,88.53,2981.82,1
CUST-23737,36,Male,15,Month-to-month,No,No,No internet service,18.0,271.86,1
CUST-23738,20,Female,8,One-year,No,Fiber optic,No,54.88,427.81,1
CUST-23739,29,Female,53,One-year,No,Fiber optic,Yes,83.98,4473.38,0
CUST-23740,73,Female,21,One-year,Yes,DSL,Yes,77.78,1681.13,1
CUST-23741,47,Male,56,Month-to-month,Yes,Fiber optic,No,82.1,4603.74,0
CUST-23742,30,Female,54,Two-year,Yes,Fiber optic,Yes,85.19,4602.7,0
CUST-23743,55,Male,66,Month-to-month,Yes,DSL,Yes,63.99,4251.85,1
CUST-23744,54,Female,31,Two-year,Yes,Fiber optic,No,85.83,2616.55,0
CUST-23745,23,Female,12,Month-to-month,No,Fiber optic,Yes,81.73,999.82,1
CUST-23746,50,Female,72,Month-to-month,No,Fiber optic,No,79.83,5753.45,1
CUST-23747,72,Male,17,One-year,Yes,Fiber optic,No,107.05,1810.74,1
CUST-23748,37,Male,58,Month-to-month,No,DSL,No,49.44,2904.97,0
CUST-23749,43,Male,20,Month-to-month,No,No,No internet service,29.92,610.28,0
CUST-23750,23,Female,25,Month-to-month,No,Fiber optic,Yes,87.88,2193.31,0
CUST-23751,23,Male,44,Month-to-month,No,Fiber optic,Yes,114.93,5044.15,1
CUST-23752,43,Female,5,Month-to-month,Yes,Fiber optic,No,95.06,503.84,1
CUST-23753,62,Male,41,Month-to-month,Yes,Fiber optic,Yes,72.44,2989.87,0
CUST-23754,32,Male,57,One-year,Yes,DSL,Yes,65.48,3722.58,0
CUST-23755,22,Male,5,Month-to-month,No,Fiber optic,No,79.14,438.91,1
CUST-23756,27,Female,17,Month-to-month,Yes,DSL,No,65.3,1098.73,1
CUST-23757,36,Female,41,Month-to-month,Yes,Fiber optic,Yes,99.59,4104.0,0
CUST-23758,41,Male,11,Month-to-month,Yes,DSL,No,44.57,489.23,0
CUST-23759,45,Male,55,One-year,No,Fiber optic,No,89.24,4919.6,0
CUST-23760,55,Male,19,Month-to-month,Yes,DSL,No,58.97,1105.1,0
CUST-23761,46,Male,16,Month-to-month,Yes,Fiber optic,No,81.49,1297.45,0
CUST-23762,26,Female,51,Month-to-month,No,DSL,Yes,54.5,2780.44,0
CUST-23763,50,Female,14,Month-to-month,Yes,No,No internet service,25.01,355.42,0
CUST-23764,56,Female,38,One-year,Yes,No,No internet service,18.33,694.83,0
CUST-23765,33,Female,10,One-year,Yes,Fiber optic,No,88.33,855.24,1
CUST-23766,19,Female,56,Month-to-month,Yes,Fiber optic,No,71.86,4000.31,0
CUST-23767,48,Female,22,Month-to-month,Yes,Fiber optic,No,79.67,1745.6,1
CUST-23768,29,Female,57,Month-to-month,No,DSL,No,56.01,3181.4,0
CUST-23769,38,Male,12,Month-to-month,No,DSL,No,53.11,641.26,1
CUST-23770,72,Female,64,Month-to-month,Yes,DSL,No,55.27,3565.05,0
CUST-23771,28,Male,52,Two-year,Yes,DSL,No,70.14,3636.16,0
CUST-23772,60,Female,41,Month-to-month,No,Fiber optic,No,90.22,3692.29,1
CUST-23773,71,Female,36,Two-year,No,Fiber optic,Yes,118.08,4255.48,0
CUST-23774,57,Male,2,One-year,No,DSL,No,65.14,104.25,0
CUST-23775,29,Female,67,Month-to-month,Yes,DSL,No,49.55,3304.99,0
CUST-23776,62,Male,22,Month-to-month,Yes,DSL,Yes,71.94,1573.29,0
CUST-23777,38,Female,10,Month-to-month,Yes,Fiber optic,No,84.03,857.25,1
CUST-23778,31,Male,69,Two-year,Yes,Fiber optic,No,92.46,6357.62,0
CUST-23779,37,Male,22,One-year,No,DSL,No,54.89,1199.22,0
CUST-23780,18,Female,31,Two-year,No,Fiber optic,No,70.84,2176.61,1
CUST-23781,69,Male,52,Month-to-month,Yes,Fiber optic,No,91.95,4784.41,1
CUST-23782,34,Male,17,Two-year,Yes,DSL,No,43.01,741.99,1
CUST-23783,70,Female,48,Two-year,Yes,DSL,No,73.04,3475.39,0
CUST-23784,46,Female,1,One-year,Yes,Fiber optic,No,89.45,111.35,1
CUST-23785,35,Female,49,Month-to-month,Yes,Fiber optic,No,77.87,3833.22,0
CUST-23786,73,Male,9,Month-to-month,No,DSL,No,70.23,662.63,1
CUST-23787,26,Female,25,One-year,Yes,DSL,Yes,59.45,1502.86,1
CUST-23788,20,Male,41,One-year,Yes,DSL,Yes,68.19,2826.73,0
CUST-23789,54,Male,21,Month-to-month,Yes,No,No internet service,21.23,449.58,0
CUST-23790,23,Male,55,Month-to-month,Yes,DSL,No,57.83,3166.5,0
CUST-23791,61,Female,26,Month-to-month,Yes,DSL,No,80.77,2099.79,1
CUST-23792,71,Female,32,Month-to-month,Yes,DSL,No,59.59,1910.6,0
CUST-23793,73,Female,64,Month-to-month,Yes,No,No internet service,18.0,1145.52,0
CUST-23794,51,Male,6,Month-to-month,No,Fiber optic,No,59.48,369.17,1
CUST-23795,18,Female,35,Month-to-month,No,Fiber optic,Yes,95.73,3348.74,1
CUST-23796,32,Female,41,Month-to-month,Yes,Fiber optic,Yes,92.27,3755.63,0
CUST-23797,59,Male,5,Month-to-month,Yes,DSL,No,39.78,206.7,1
CUST-23798,24,Male,65,Two-year,Yes,Fiber optic,Yes,106.71,6914.98,0
CUST-23799,49,Female,25,Two-year,No,DSL,Yes,53.78,1342.87,0
CUST-23800,31,Male,45,Month-to-month,Yes,DSL,No,64.47,2875.55,0
CUST-23801,68,Female,28,Two-year,Yes,Fiber optic,No,72.09,2008.84,1
CUST-23802,22,Male,14,Month-to-month,Yes,DSL,No,47.35,681.06,0
CUST-23803,65,Female,48,Two-year,Yes,DSL,No,62.2,2958.1,0
CUST-23804,27,Female,58,Month-to-month,Yes,No,No internet service,18.0,1029.6,0
CUST-23805,30,Male,45,Two-year,Yes,Fiber optic,Yes,76.97,3459.87,0
CUST-23806,21,Male,51,Month-to-month,No,No,No internet service,23.83,1230.0,0
CUST-23807,19,Female,70,Month-to-month,No,DSL,Yes,54.97,3846.79,0
CUST-23808,43,Female,45,Month-to-month,No,Fiber optic,Yes,94.39,4243.81,1
CUST-23809,59,Female,6,Month-to-month,Yes,Fiber optic,No,78.39,467.12,1
CUST-23810,46,Male,48,Month-to-month,No,No,No internet service,21.05,1021.14,0
CUST-23811,32,Female,36,Two-year,Yes,No,No internet service,24.69,873.1,0
CUST-23812,70,Male,20,Two-year,Yes,DSL,No,44.49,912.68,0
CUST-23813,53,Female,9,Month-to-month,No,No,No internet service,18.0,157.06,0
CUST-23814,54,Female,57,Month-to-month,Yes,Fiber optic,No,112.87,6424.12,0
CUST-23815,59,Male,33,One-year,Yes,Fiber optic,No,107.92,3554.19,1
CUST-23816,59,Female,19,Two-year,Yes,Fiber optic,No,63.9,1213.9,0
CUST-23817,29,Male,3,Month-to-month,No,Fiber optic,No,81.57,242.25,1
CUST-23818,66,Female,55,Month-to-month,Yes,DSL,No,53.06,2871.96,0
CUST-23819,46,Male,15,Two-year,No,Fiber optic,No,56.4,849.03,0
CUST-23820,62,Female,53,One-year,Yes,DSL,No,41.56,2163.22,0
CUST-23821,70,Male,41,Month-to-month,Yes,DSL,No,61.55,2501.21,1
CUST-23822,29,Male,6,Month-to-month,Yes,Fiber optic,Yes,93.5,574.85,1
CUST-23823,64,Male,10,Month-to-month,Yes,DSL,No,66.76,677.75,1
CUST-23824,42,Female,56,Month-to-month,Yes,DSL,No,60.43,3355.63,0
CUST-23825,58,Female,62,Two-year,Yes,Fiber optic,Yes,81.31,5070.31,0
CUST-23826,21,Female,11,One-year,Yes,Fiber optic,No,85.46,980.79,1
CUST-23827,59,Male,33,Month-to-month,Yes,No,No internet service,22.89,747.78,0
CUST-23828,67,Female,5,Month-to-month,Yes,Fiber optic,No,115.74,577.06,1
CUST-23829,72,Male,41,Month-to-month,No,Fiber optic,No,92.5,3787.67,1
CUST-23830,42,Male,9,Month-to-month,No,DSL,No,40.44,332.99,1
CUST-23831,41,Female,31,One-year,Yes,DSL,No,70.52,2203.92,0
CUST-23832,35,Male,26,Month-to-month,No,DSL,No,39.51,1022.86,1
CUST-23833,22,Male,52,Month-to-month,Yes,DSL,Yes,68.41,3550.27,0
CUST-23834,25,Female,41,One-year,No,Fiber optic,No,73.46,3024.68,0
CUST-23835,71,Male,53,Month-to-month,Yes,Fiber optic,No,90.9,4827.25,0
CUST-23836,58,Male,41,Month-to-month,No,Fiber optic,No,63.59,2581.75,0
CUST-23837,35,Female,70,Two-year,Yes,Fiber optic,Yes,85.65,5987.79,0
CUST-23838,34,Male,69,One-year,No,DSL,Yes,61.01,4208.11,1
CUST-23839,19,Female,63,Month-to-month,Yes,No,No internet service,21.91,1348.89,0
CUST-23840,48,Female,1,Two-year,Yes,DSL,No,51.92,67.22,1
CUST-23841,73,Female,3,Two-year,Yes,DSL,Yes,61.69,220.98,1
CUST-23842,72,Male,25,Month-to-month,Yes,DSL,No,51.83,1278.88,1
CUST-23843,22,Female,62,Month-to-month,No,DSL,No,60.59,3756.39,0
CUST-23844,22,Male,62,Two-year,No,Fiber optic,No,71.91,4476.08,0
CUST-23845,55,Male,67,Two-year,Yes,Fiber optic,No,55.2,3680.73,0
CUST-23846,27,Male,51,One-year,Yes,DSL,No,65.41,3360.27,0
CUST-23847,71,Female,43,Month-to-month,Yes,Fiber optic,Yes,70.72,3084.33,1
CUST-23848,22,Male,69,Month-to-month,Yes,Fiber optic,No,90.53,6248.58,0
CUST-23849,51,Female,12,One-year,No,DSL,No,60.66,740.6,1
CUST-23850,28,Male,28,Month-to-month,No,No,No internet service,18.0,497.84,1
CUST-23851,74,Male,54,Month-to-month,Yes,DSL,No,54.48,2944.21,1
CUST-23852,61,Female,42,Month-to-month,No,DSL,No,47.58,1969.77,0
CUST-23853,70,Female,56,One-year,No,Fiber optic,No,89.59,4993.73,0
CUST-23854,43,Female,16,One-year,No,No,No internet service,18.0,340.72,0
CUST-23855,44,Female,10,Month-to-month,No,DSL,No,57.2,575.21,1
CUST-23856,72,Male,59,Month-to-month,No,DSL,Yes,69.96,4084.15,0
CUST-23857,49,Male,25,One-year,Yes,DSL,No,43.97,1093.1,0
CUST-23858,32,Male,31,Month-to-month,Yes,Fiber optic,Yes,88.12,2739.27,1
CUST-23859,45,Male,3,Month-to-month,Yes,No,No internet service,23.53,82.5,0
CUST-23860,20,Male,17,One-year,Yes,No,No internet service,23.87,383.0,0
CUST-23861,45,Male,61,Month-to-month,Yes,Fiber optic,Yes,84.03,5134.33,1
CUST-23862,42,Female,32,Month-to-month,Yes,Fiber optic,Yes,110.93,3580.87,1
CUST-23863,18,Female,29,Month-to-month,No,Fiber optic,Yes,109.85,3236.3,1
CUST-23864,52,Male,3,Month-to-month,No,DSL,No,34.4,65.33,0
CUST-23865,50,Male,8,Month-to-month,No,No,No internet service,21.14,133.64,1
CUST-23866,23,Male,36,Month-to-month,Yes,DSL,No,55.06,2016.19,1
CUST-23867,30,Female,7,Month-to-month,No,Fiber optic,No,44.9,314.0,1
CUST-23868,42,Male,22,Month-to-month,No,Fiber optic,No,56.67,1234.65,1
CUST-23869,59,Female,9,One-year,Yes,Fiber optic,No,92.93,840.8,1
CUST-23870,42,Female,17,One-year,Yes,DSL,No,40.56,673.74,1
CUST-23871,52,Male,42,Month-to-month,Yes,Fiber optic,No,70.79,2958.4,0
CUST-23872,64,Male,53,Two-year,Yes,Fiber optic,No,83.74,4438.89,0
CUST-23873,28,Male,7,One-year,No,DSL,No,46.88,342.33,0
CUST-23874,40,Male,64,Month-to-month,No,Fiber optic,Yes,105.7,6712.02,0
CUST-23875,74,Male,4,One-year,No,Fiber optic,Yes,82.97,333.43,1
CUST-23876,73,Male,16,Month-to-month,Yes,DSL,No,80.96,1296.91,1
CUST-23877,27,Female,67,Month-to-month,Yes,DSL,Yes,53.63,3571.38,0
CUST-23878,54,Male,13,One-year,No,Fiber optic,No,91.62,1171.07,1
CUST-23879,54,Female,51,Month-to-month,Yes,No,No internet service,30.62,1578.7,0
CUST-23880,33,Female,12,Month-to-month,Yes,DSL,No,62.27,712.84,1
CUST-23881,31,Male,7,Two-year,No,Fiber optic,No,89.42,645.39,1
CUST-23882,26,Female,13,Two-year,No,Fiber optic,Yes,105.1,1360.44,0
CUST-23883,25,Male,72,Month-to-month,Yes,No,No internet service,18.0,1322.88,0
CUST-23884,18,Female,6,Month-to-month,Yes,No,No internet service,25.52,120.03,1
CUST-23885,42,Male,67,Month-to-month,No,No,No internet service,21.28,1447.16,0
CUST-23886,74,Male,12,Month-to-month,Yes,Fiber optic,No,84.89,1010.97,1
CUST-23887,63,Female,60,Month-to-month,Yes,No,No internet service,21.18,1270.09,0
CUST-23888,21,Male,52,Month-to-month,No,Fiber optic,No,74.85,3878.04,1
CUST-23889,38,Male,67,Month-to-month,Yes,Fiber optic,No,96.0,6420.09,0
CUST-23890,49,Male,4,Month-to-month,Yes,DSL,No,49.61,224.2,1
CUST-23891,47,Male,11,One-year,Yes,DSL,No,35.73,393.05,0
CUST-23892,64,Male,65,One-year,No,DSL,No,47.93,3112.61,0
CUST-23893,48,Female,49,Month-to-month,No,No,No internet service,18.0,871.5,0
CUST-23894,67,Female,37,Month-to-month,Yes,DSL,No,55.35,2000.2,0
CUST-23895,48,Female,35,One-year,Yes,DSL,No,57.43,2009.45,0
CUST-23896,20,Male,57,Two-year,No,Fiber optic,No,93.18,5324.32,0
CUST-23897,58,Female,11,Two-year,No,DSL,No,52.73,592.53,0
CUST-23898,65,Female,42,Month-to-month,Yes,Fiber optic,Yes,105.65,4402.39,0
CUST-23899,19,Female,64,Two-year,No,No,No internet service,18.0,1156.22,0
CUST-23900,38,Female,18,Month-to-month,No,DSL,Yes,76.86,1382.72,0
CUST-23901,25,Female,71,Month-to-month,Yes,Fiber optic,No,88.0,6268.45,0
CUST-23902,43,Male,38,Two-year,Yes,DSL,Yes,60.47,2293.8,0
CUST-23903,37,Female,6,One-year,No,DSL,No,52.91,304.65,0
CUST-23904,54,Male,42,One-year,Yes,No,No internet service,18.0,735.02,0
CUST-23905,36,Male,64,Two-year,Yes,DSL,No,44.04,2817.22,0
CUST-23906,44,Female,26,Two-year,No,No,No internet service,18.0,472.57,0
CUST-23907,45,Male,70,Month-to-month,No,DSL,Yes,73.68,5153.82,0
CUST-23908,35,Male,66,Two-year,Yes,Fiber optic,No,74.72,4949.3,0
CUST-23909,37,Male,67,Month-to-month,Yes,No,No internet service,21.4,1388.53,0
CUST-23910,51,Female,5,Month-to-month,No,Fiber optic,No,73.89,352.51,1
CUST-23911,26,Female,25,Month-to-month,No,No,No internet service,25.42,632.8,0
CUST-23912,57,Female,19,Month-to-month,Yes,No,No internet service,18.0,364.02,0
CUST-23913,56,Male,5,One-year,Yes,No,No internet service,24.93,101.69,0
CUST-23914,50,Male,55,One-year,No,DSL,Yes,50.28,2787.29,0
CUST-23915,30,Male,30,Month-to-month,Yes,DSL,No,54.97,1641.5,1
CUST-23916,43,Female,1,Month-to-month,No,DSL,Yes,62.28,80.7,1
CUST-23917,39,Male,60,Month-to-month,Yes,Fiber optic,No,107.53,6471.84,0
CUST-23918,62,Female,44,Two-year,Yes,No,No internet service,18.0,791.09,0
CUST-23919,40,Female,66,Month-to-month,Yes,Fiber optic,Yes,88.49,5838.3,1
CUST-23920,26,Female,67,Two-year,Yes,Fiber optic,No,62.29,4182.21,0
CUST-23921,31,Female,42,Two-year,Yes,DSL,No,62.2,2628.97,0
CUST-23922,52,Female,69,One-year,Yes,No,No internet service,18.66,1262.11,0
CUST-23923,72,Male,10,Month-to-month,Yes,DSL,Yes,64.03,626.09,1
CUST-23924,29,Male,50,Month-to-month,Yes,No,No internet service,22.37,1135.27,0
CUST-23925,61,Male,40,Month-to-month,No,DSL,Yes,58.91,2350.36,0
CUST-23926,62,Male,37,Month-to-month,Yes,Fiber optic,No,101.85,3788.14,1
CUST-23927,48,Male,60,Two-year,Yes,No,No internet service,20.66,1240.25,0
CUST-23928,25,Female,24,One-year,Yes,DSL,No,62.19,1478.14,0
CUST-23929,73,Male,35,Month-to-month,Yes,No,No internet service,24.99,890.42,1
CUST-23930,37,Female,42,Month-to-month,Yes,Fiber optic,Yes,85.84,3589.07,1
CUST-23931,70,Male,44,One-year,Yes,No,No internet service,18.0,812.97,0
CUST-23932,42,Male,56,One-year,Yes,No,No internet service,22.19,1236.63,0
CUST-23933,37,Male,8,Month-to-month,No,Fiber optic,Yes,94.03,774.64,1
CUST-23934,30,Male,11,Month-to-month,Yes,Fiber optic,Yes,83.46,930.12,1
CUST-23935,24,Female,34,Month-to-month,No,Fiber optic,No,79.64,2681.88,1
CUST-23936,64,Female,15,One-year,No,Fiber optic,Yes,106.42,1624.2,0
CUST-23937,29,Male,25,Month-to-month,Yes,Fiber optic,No,110.17,2724.14,1
CUST-23938,35,Female,69,Two-year,No,DSL,Yes,62.2,4277.97,0
CUST-23939,49,Female,70,Month-to-month,No,No,No internet service,28.36,1985.21,1
CUST-23940,23,Male,19,Month-to-month,No,DSL,Yes,67.53,1299.32,1
CUST-23941,46,Female,57,Two-year,No,Fiber optic,No,85.42,4865.67,0
CUST-23942,34,Male,7,Month-to-month,Yes,Fiber optic,Yes,111.17,764.44,1
CUST-23943,66,Male,53,Two-year,No,DSL,Yes,61.23,3212.61,0
CUST-23944,19,Female,1,Month-to-month,No,Fiber optic,Yes,73.87,77.11,1
CUST-23945,57,Female,44,Month-to-month,Yes,No,No internet service,18.0,789.59,0
CUST-23946,33,Male,14,Month-to-month,Yes,Fiber optic,No,64.16,902.68,1
CUST-23947,26,Male,47,One-year,Yes,DSL,No,65.69,3088.26,0
CUST-23948,23,Male,71,Month-to-month,No,Fiber optic,Yes,96.12,6804.47,0
CUST-23949,19,Female,43,One-year,Yes,DSL,No,48.48,2069.9,0
CUST-23950,44,Male,47,Month-to-month,Yes,Fiber optic,Yes,120.0,5631.78,1
CUST-23951,48,Female,60,Month-to-month,No,DSL,No,48.38,2911.99,1
CUST-23952,70,Female,63,Month-to-month,Yes,DSL,Yes,64.86,4091.55,0
CUST-23953,57,Female,10,Month-to-month,No,Fiber optic,No,61.75,606.49,1
CUST-23954,18,Male,22,Month-to-month,No,DSL,No,53.43,1180.62,0
CUST-23955,72,Female,9,Month-to-month,Yes,No,No internet service,18.0,158.41,1
CUST-23956,22,Female,4,Two-year,No,DSL,No,46.76,167.39,0
CUST-23957,28,Male,4,Month-to-month,No,DSL,No,66.03,278.48,1
CUST-23958,32,Male,45,Month-to-month,No,Fiber optic,Yes,107.9,4813.21,0
CUST-23959,43,Female,41,Two-year,Yes,DSL,Yes,54.39,2234.88,0
CUST-23960,62,Female,48,Month-to-month,No,Fiber optic,Yes,75.95,3662.34,0
CUST-23961,52,Female,71,Month-to-month,Yes,DSL,Yes,57.73,4117.01,0
CUST-23962,51,Female,48,Month-to-month,No,Fiber optic,Yes,102.78,4913.86,1
CUST-23963,47,Female,18,Month-to-month,No,Fiber optic,Yes,96.15,1739.74,0
CUST-23964,42,Male,21,Two-year,No,No,No internet service,18.0,365.03,0
CUST-23965,32,Female,4,Two-year,Yes,DSL,No,51.29,184.47,1
CUST-23966,38,Female,19,Month-to-month,No,Fiber optic,No,61.95,1148.5,1
CUST-23967,51,Female,36,Month-to-month,Yes,Fiber optic,No,64.74,2346.02,0
CUST-23968,66,Female,63,One-year,Yes,Fiber optic,No,99.77,6309.96,0
CUST-23969,47,Female,71,Two-year,No,Fiber optic,No,86.87,6173.16,0
CUST-23970,50,Male,61,Month-to-month,Yes,Fiber optic,Yes,85.16,5215.46,1
CUST-23971,22,Female,52,Two-year,Yes,DSL,No,60.49,3159.91,0
CUST-23972,40,Male,57,One-year,Yes,DSL,No,47.78,2718.4,0
CUST-23973,57,Female,67,Month-to-month,Yes,DSL,Yes,66.02,4401.96,0
CUST-23974,24,Male,4,One-year,No,DSL,No,51.5,231.31,1
CUST-23975,46,Female,47,Two-year,No,Fiber optic,No,96.55,4502.1,0
CUST-23976,24,Female,46,Month-to-month,Yes,Fiber optic,No,101.78,4718.93,1
CUST-23977,35,Female,12,Month-to-month,Yes,Fiber optic,No,77.11,950.16,1
CUST-23978,28,Female,11,One-year,No,Fiber optic,Yes,84.52,910.9,1
CUST-23979,67,Female,20,Month-to-month,Yes,DSL,No,54.5,1100.16,1
CUST-23980,66,Female,44,Two-year,Yes,Fiber optic,No,97.6,4292.82,0
CUST-23981,59,Female,71,Month-to-month,Yes,Fiber optic,No,67.59,4806.88,0
CUST-23982,43,Male,5,Two-year,Yes,Fiber optic,No,99.49,500.67,0
CUST-23983,24,Male,33,Month-to-month,Yes,DSL,No,70.71,2299.11,0
CUST-23984,58,Male,30,One-year,Yes,No,No internet service,18.0,518.52,1
CUST-23985,67,Female,33,Month-to-month,Yes,Fiber optic,No,102.82,3402.9,1
CUST-23986,57,Female,48,Month-to-month,Yes,No,No internet service,18.0,897.36,1
CUST-23987,30,Male,43,Month-to-month,No,No,No internet service,28.28,1210.12,0
CUST-23988,61,Male,47,Month-to-month,Yes,DSL,No,58.78,2731.43,1
CUST-23989,63,Female,17,One-year,No,No,No internet service,32.52,544.04,0
CUST-23990,32,Male,30,Month-to-month,Yes,Fiber optic,Yes,97.94,2918.15,1
CUST-23991,59,Male,40,Month-to-month,No,Fiber optic,No,81.59,3276.93,0
CUST-23992,74,Female,42,One-year,No,Fiber optic,No,71.68,3001.65,0
CUST-23993,38,Male,1,One-year,Yes,Fiber optic,No,104.57,115.22,1
CUST-23994,21,Female,9,One-year,Yes,Fiber optic,Yes,106.56,953.87,1
CUST-23995,35,Female,61,Month-to-month,No,No,No internet service,18.0,1132.6,0
CUST-23996,39,Female,38,Month-to-month,No,DSL,No,38.9,1459.44,0
CUST-23997,63,Female,37,Month-to-month,No,DSL,No,72.47,2642.88,0
CUST-23998,53,Female,61,One-year,Yes,No,No internet service,25.51,1533.47,1
CUST-23999,22,Male,13,Month-to-month,No,DSL,Yes,71.48,914.04,0
CUST-24000,63,Male,2,Month-to-month,Yes,No,No internet service,18.59,60.69,0
CUST-24001,67,Male,62,One-year,Yes,Fiber optic,Yes,106.45,6578.32,0
CUST-24002,23,Male,55,One-year,No,DSL,No,53.8,2953.54,1
CUST-24003,39,Female,58,Two-year,Yes,No,No internet service,18.0,1077.02,0
CUST-24004,57,Male,56,Month-to-month,Yes,DSL,Yes,65.13,3621.29,0
CUST-24005,22,Female,22,Two-year,Yes,DSL,No,57.61,1249.08,0
CUST-24006,52,Male,60,Two-year,Yes,Fiber optic,No,80.26,4801.24,0
CUST-24007,55,Male,52,Month-to-month,Yes,No,No internet service,18.59,955.02,0
CUST-24008,45,Male,65,Two-year,No,DSL,Yes,65.36,4234.03,0
CUST-24009,63,Male,14,Two-year,No,No,No internet service,18.0,235.92,0
CUST-24010,41,Male,44,Two-year,Yes,DSL,No,64.36,2886.08,0
CUST-24011,66,Female,68,Two-year,Yes,Fiber optic,Yes,72.81,4957.9,0
CUST-24012,59,Male,13,Two-year,No,Fiber optic,Yes,90.68,1150.87,0
CUST-24013,27,Female,13,Two-year,Yes,DSL,Yes,49.53,637.93,0
CUST-24014,71,Male,13,Month-to-month,Yes,Fiber optic,No,80.75,1059.52,1
CUST-24015,63,Female,62,Month-to-month,Yes,Fiber optic,No,86.83,5402.82,1
CUST-24016,60,Male,67,Month-to-month,No,Fiber optic,Yes,92.14,6160.41,0
CUST-24017,60,Male,20,Month-to-month,Yes,Fiber optic,No,99.65,2017.4,1
CUST-24018,58,Female,19,Month-to-month,Yes,Fiber optic,No,86.86,1646.19,1
CUST-24019,53,Male,33,One-year,Yes,DSL,No,56.41,1884.0,0
CUST-24020,25,Male,25,Month-to-month,No,DSL,No,52.39,1291.44,1
CUST-24021,26,Male,3,One-year,Yes,DSL,Yes,52.18,157.03,1
CUST-24022,69,Female,12,One-year,Yes,Fiber optic,No,83.73,987.88,1
CUST-24023,45,Male,34,Month-to-month,No,No,No internet service,28.89,990.02,0
CUST-24024,51,Female,2,Month-to-month,Yes,No,No internet service,23.42,56.89,1
CUST-24025,67,Male,42,Month-to-month,Yes,Fiber optic,Yes,92.06,3862.57,1
CUST-24026,31,Male,29,Month-to-month,Yes,DSL,Yes,81.1,2338.6,0
CUST-24027,63,Male,5,Month-to-month,No,Fiber optic,Yes,73.41,378.37,1
CUST-24028,20,Male,14,Two-year,Yes,Fiber optic,Yes,79.64,1118.55,0
CUST-24029,52,Female,41,One-year,Yes,Fiber optic,No,68.1,2798.46,0
CUST-24030,21,Male,29,Two-year,No,DSL,Yes,59.58,1746.29,0
CUST-24031,22,Female,48,One-year,Yes,Fiber optic,No,96.26,4645.12,0
CUST-24032,37,Female,55,Month-to-month,Yes,Fiber optic,No,65.62,3596.1,1
CUST-24033,27,Female,63,Month-to-month,Yes,No,No internet service,18.0,1120.78,0
CUST-24034,21,Male,41,Month-to-month,Yes,Fiber optic,No,68.92,2839.61,1
CUST-24035,63,Female,63,One-year,Yes,No,No internet service,26.88,1697.0,0
CUST-24036,25,Female,60,Two-year,Yes,Fiber optic,No,93.44,5633.6,1
CUST-24037,23,Male,62,Month-to-month,Yes,DSL,Yes,84.76,5276.79,0
CUST-24038,30,Male,30,Month-to-month,Yes,DSL,Yes,70.95,2104.26,1
CUST-24039,41,Female,19,Month-to-month,Yes,DSL,No,44.32,872.35,1
CUST-24040,62,Female,50,Month-to-month,Yes,DSL,No,56.14,2827.09,1
CUST-24041,66,Female,53,Month-to-month,Yes,Fiber optic,No,84.27,4422.93,0
CUST-24042,27,Female,53,Month-to-month,Yes,Fiber optic,No,55.32,2929.6,0
CUST-24043,73,Female,9,Two-year,Yes,No,No internet service,31.53,317.27,0
CUST-24044,36,Female,10,One-year,Yes,DSL,No,49.04,507.36,0
CUST-24045,74,Female,72,One-year,Yes,Fiber optic,No,78.68,5632.38,0
CUST-24046,70,Female,19,Month-to-month,Yes,Fiber optic,No,87.48,1674.82,1
CUST-24047,38,Female,68,Two-year,No,DSL,No,53.51,3640.26,0
CUST-24048,48,Female,57,One-year,Yes,Fiber optic,Yes,95.24,5403.47,0
CUST-24049,49,Male,61,Month-to-month,No,DSL,Yes,66.25,4018.95,0
CUST-24050,36,Male,44,Two-year,No,Fiber optic,No,81.8,3615.47,0
CUST-24051,28,Female,44,Two-year,No,Fiber optic,No,120.0,5296.85,1
CUST-24052,50,Female,25,One-year,Yes,DSL,Yes,73.38,1859.08,0
CUST-24053,74,Male,47,One-year,Yes,DSL,No,45.7,2154.76,0
CUST-24054,26,Male,27,One-year,Yes,No,No internet service,18.0,485.36,0
CUST-24055,46,Female,27,Month-to-month,Yes,No,No internet service,18.0,480.76,0
CUST-24056,59,Female,19,Month-to-month,Yes,DSL,No,56.79,1082.16,1
CUST-24057,58,Female,18,One-year,Yes,DSL,No,54.37,965.94,1
CUST-24058,43,Male,16,Month-to-month,Yes,DSL,No,60.39,956.65,0
CUST-24059,69,Male,22,Month-to-month,No,No,No internet service,19.44,440.74,0
CUST-24060,65,Male,24,One-year,No,Fiber optic,No,92.3,2201.06,1
CUST-24061,57,Male,47,Two-year,No,DSL,No,44.59,2106.14,0
CUST-24062,43,Male,24,One-year,No,DSL,No,46.58,1117.27,0
CUST-24063,53,Female,41,Month-to-month,Yes,Fiber optic,Yes,88.87,3614.43,0
CUST-24064,47,Male,19,One-year,Yes,Fiber optic,No,74.86,1422.4,1
CUST-24065,50,Male,46,One-year,Yes,Fiber optic,No,104.02,4802.31,0
CUST-24066,47,Male,2,One-year,Yes,DSL,Yes,63.67,122.84,1
CUST-24067,45,Male,62,One-year,No,No,No internet service,20.5,1234.12,1
CUST-24068,29,Female,45,Two-year,No,Fiber optic,No,73.46,3328.99,0
CUST-24069,71,Female,58,One-year,No,Fiber optic,No,89.66,5182.05,0
CUST-24070,28,Male,9,Month-to-month,No,DSL,Yes,60.64,541.9,1
CUST-24071,51,Female,67,Two-year,Yes,Fiber optic,No,77.32,5199.34,0
CUST-24072,25,Female,58,One-year,Yes,Fiber optic,Yes,98.88,5773.78,0
CUST-24073,66,Male,21,Two-year,Yes,Fiber optic,No,86.23,1819.47,0
CUST-24074,27,Female,25,Month-to-month,Yes,Fiber optic,No,72.98,1812.99,1
CUST-24075,63,Male,33,Month-to-month,No,DSL,Yes,67.6,2224.65,0
CUST-24076,32,Male,20,One-year,No,Fiber optic,Yes,96.78,1918.26,0
CUST-24077,60,Female,33,Two-year,No,DSL,No,51.04,1698.35,0
CUST-24078,70,Female,46,Month-to-month,No,DSL,No,53.71,2451.24,1
CUST-24079,67,Female,67,Month-to-month,No,No,No internet service,18.0,1203.43,0
CUST-24080,72,Male,50,Month-to-month,Yes,DSL,No,69.1,3454.18,0
CUST-24081,24,Male,18,Month-to-month,Yes,Fiber optic,No,79.68,1435.48,0
CUST-24082,45,Male,17,Month-to-month,No,Fiber optic,Yes,82.54,1398.61,1
CUST-24083,49,Female,68,Two-year,Yes,Fiber optic,No,71.83,4869.75,0
CUST-24084,19,Male,19,One-year,Yes,Fiber optic,No,81.69,1506.39,1
CUST-24085,48,Male,35,Month-to-month,Yes,DSL,Yes,79.57,2806.65,1
CUST-24086,67,Female,10,One-year,Yes,Fiber optic,No,66.29,684.56,1
CUST-24087,18,Male,31,Month-to-month,No,Fiber optic,No,82.43,2533.98,1
CUST-24088,73,Male,3,Month-to-month,Yes,Fiber optic,No,82.89,248.91,1
CUST-24089,58,Male,63,One-year,Yes,DSL,No,62.49,3913.42,0
CUST-24090,63,Male,44,Month-to-month,No,Fiber optic,No,61.74,2715.31,1
CUST-24091,18,Male,56,Month-to-month,No,No,No internet service,18.31,1023.67,0
CUST-24092,22,Male,14,Two-year,Yes,DSL,Yes,71.55,1025.28,0
CUST-24093,20,Female,69,Month-to-month,No,Fiber optic,No,72.01,4968.34,0
CUST-24094,55,Female,68,Two-year,Yes,DSL,No,64.47,4388.04,0
CUST-24095,59,Male,13,Month-to-month,Yes,No,No internet service,18.0,252.87,1
CUST-24096,19,Female,68,One-year,Yes,Fiber optic,No,100.72,6891.34,0
CUST-24097,41,Male,22,Two-year,No,Fiber optic,No,90.66,1993.71,1
CUST-24098,68,Male,55,Month-to-month,Yes,Fiber optic,Yes,78.13,4300.02,1
CUST-24099,31,Male,24,One-year,No,Fiber optic,No,91.93,2189.93,1
CUST-24100,24,Female,63,Month-to-month,Yes,DSL,No,44.86,2818.01,0
CUST-24101,25,Male,18,One-year,Yes,Fiber optic,Yes,59.28,1084.0,0
CUST-24102,74,Female,65,Month-to-month,Yes,Fiber optic,No,87.56,5708.07,1
CUST-24103,40,Male,9,Month-to-month,Yes,Fiber optic,No,77.76,722.65,1
CUST-24104,55,Male,12,One-year,No,DSL,No,44.52,559.3,0
CUST-24105,66,Male,27,Month-to-month,No,DSL,No,54.49,1490.56,1
CUST-24106,45,Male,40,Month-to-month,Yes,Fiber optic,Yes,94.36,3790.59,0
CUST-24107,27,Female,38,One-year,Yes,No,No internet service,18.22,732.47,0
CUST-24108,37,Female,31,Month-to-month,No,DSL,No,49.56,1540.01,0
CUST-24109,22,Male,48,Month-to-month,No,Fiber optic,No,61.47,2925.07,0
CUST-24110,62,Male,30,Two-year,Yes,Fiber optic,No,63.83,1893.89,0
CUST-24111,51,Female,5,Two-year,Yes,DSL,No,72.54,372.13,1
CUST-24112,63,Male,28,Month-to-month,Yes,DSL,Yes,75.65,2124.85,1
CUST-24113,41,Male,47,One-year,No,DSL,Yes,72.73,3455.95,0
CUST-24114,33,Male,51,One-year,Yes,DSL,No,44.85,2205.28,0
CUST-24115,51,Male,63,Month-to-month,No,Fiber optic,No,46.54,2909.94,0
CUST-24116,70,Male,42,One-year,Yes,DSL,No,44.0,1832.71,1
CUST-24117,63,Male,9,Month-to-month,Yes,Fiber optic,Yes,93.56,847.96,1
CUST-24118,41,Female,18,One-year,Yes,Fiber optic,Yes,62.37,1134.13,0
CUST-24119,54,Female,2,Month-to-month,Yes,DSL,No,64.96,128.62,1
CUST-24120,53,Female,62,Two-year,Yes,No,No internet service,22.68,1380.41,0
CUST-24121,18,Female,28,One-year,No,DSL,No,54.92,1558.35,1
CUST-24122,24,Male,6,Month-to-month,Yes,DSL,No,54.24,315.51,1
CUST-24123,45,Female,35,Month-to-month,No,Fiber optic,Yes,107.37,3750.59,1
CUST-24124,23,Female,21,One-year,Yes,DSL,No,64.17,1347.85,0
CUST-24125,34,Female,44,Month-to-month,Yes,Fiber optic,Yes,120.0,5284.4,0
CUST-24126,35,Female,13,Month-to-month,Yes,Fiber optic,Yes,82.04,1100.84,1
CUST-24127,39,Male,67,Month-to-month,No,No,No internet service,18.0,1216.48,0
CUST-24128,42,Female,27,Month-to-month,No,DSL,Yes,66.84,1795.08,1
CUST-24129,69,Male,1,Month-to-month,Yes,Fiber optic,Yes,104.66,113.28,0
CUST-24130,29,Male,44,Month-to-month,Yes,DSL,No,57.74,2526.09,0
CUST-24131,25,Female,10,One-year,Yes,Fiber optic,No,101.13,1007.79,1
CUST-24132,34,Male,70,One-year,No,DSL,No,59.42,4146.64,0
CUST-24133,47,Male,60,One-year,Yes,No,No internet service,18.0,1072.92,0
CUST-24134,72,Female,65,Two-year,Yes,Fiber optic,No,99.65,6482.88,0
CUST-24135,48,Female,72,Month-to-month,Yes,No,No internet service,18.0,1304.96,0
CUST-24136,19,Female,68,Two-year,Yes,Fiber optic,No,88.96,6041.52,0
CUST-24137,68,Female,71,One-year,Yes,No,No internet service,21.65,1521.81,0
CUST-24138,36,Male,3,Month-to-month,No,DSL,No,48.11,146.96,1
CUST-24139,49,Male,61,Month-to-month,No,No,No internet service,18.0,1084.9,0
CUST-24140,42,Female,51,Month-to-month,Yes,No,No internet service,18.0,936.57,0
CUST-24141,53,Male,72,Two-year,Yes,No,No internet service,22.04,1612.04,0
CUST-24142,27,Male,59,One-year,No,Fiber optic,Yes,80.09,4708.09,0
CUST-24143,70,Female,45,Month-to-month,Yes,Fiber optic,No,94.72,4248.62,1
CUST-24144,42,Female,32,Month-to-month,No,No,No internet service,19.05,606.87,0
CUST-24145,72,Female,20,Two-year,Yes,DSL,No,50.54,1022.82,0
CUST-24146,53,Male,58,Month-to-month,No,Fiber optic,No,101.83,5915.73,0
CUST-24147,27,Female,18,Month-to-month,Yes,No,No internet service,18.0,321.87,1
CUST-24148,54,Female,24,Month-to-month,Yes,Fiber optic,No,93.08,2204.85,1
CUST-24149,74,Male,19,Month-to-month,Yes,Fiber optic,No,68.41,1273.11,1
CUST-24150,41,Male,23,Two-year,Yes,No,No internet service,21.73,520.74,0
CUST-24151,52,Female,22,One-year,No,DSL,No,59.75,1297.66,0
CUST-24152,20,Male,68,One-year,Yes,DSL,Yes,71.52,4858.18,0
CUST-24153,42,Male,42,Two-year,No,Fiber optic,No,80.57,3387.26,1
CUST-24154,32,Female,33,One-year,Yes,DSL,No,48.3,1616.25,0
CUST-24155,50,Female,38,One-year,No,No,No internet service,25.51,964.67,1
CUST-24156,23,Male,66,Month-to-month,Yes,Fiber optic,No,80.75,5286.8,1
CUST-24157,25,Female,19,Two-year,Yes,Fiber optic,Yes,89.92,1705.44,0
CUST-24158,62,Female,7,Month-to-month,Yes,Fiber optic,Yes,120.0,809.46,1
CUST-24159,42,Male,62,Month-to-month,No,No,No internet service,18.0,1103.58,0
CUST-24160,24,Female,19,Month-to-month,Yes,DSL,No,55.37,1035.45,1
CUST-24161,36,Male,3,Month-to-month,No,Fiber optic,No,66.7,209.36,1
CUST-24162,44,Female,45,Two-year,Yes,Fiber optic,No,98.67,4455.86,1
CUST-24163,25,Female,24,Two-year,Yes,Fiber optic,No,60.4,1425.2,1
CUST-24164,50,Male,19,Month-to-month,No,Fiber optic,No,86.76,1637.66,1
CUST-24165,59,Female,48,Month-to-month,No,DSL,Yes,56.6,2717.16,0
CUST-24166,52,Female,38,One-year,No,DSL,No,65.45,2496.15,0
CUST-24167,18,Male,56,One-year,Yes,Fiber optic,No,87.26,4894.51,0
CUST-24168,19,Female,22,Month-to-month,No,Fiber optic,No,78.73,1750.41,1
CUST-24169,21,Female,70,One-year,No,Fiber optic,Yes,77.17,5389.46,0
CUST-24170,55,Male,18,Month-to-month,Yes,Fiber optic,No,74.25,1281.57,0
CUST-24171,57,Female,72,Two-year,Yes,Fiber optic,No,59.97,4303.92,0
CUST-24172,63,Male,44,Two-year,No,DSL,No,50.05,2202.9,0
CUST-24173,20,Female,41,Month-to-month,No,DSL,No,57.42,2382.52,0
CUST-24174,45,Female,55,Two-year,Yes,Fiber optic,Yes,89.63,4936.91,0
CUST-24175,66,Male,71,Month-to-month,No,Fiber optic,No,72.14,5123.69,0
CUST-24176,58,Male,45,Month-to-month,No,Fiber optic,No,103.83,4670.97,1
CUST-24177,36,Male,50,One-year,No,Fiber optic,Yes,93.62,4671.54,0
CUST-24178,47,Female,3,Month-to-month,No,Fiber optic,Yes,119.34,341.87,1
CUST-24179,45,Male,65,One-year,No,DSL,Yes,64.69,4182.12,0
CUST-24180,52,Male,67,One-year,Yes,Fiber optic,Yes,83.42,5553.14,0
CUST-24181,23,Male,19,Two-year,Yes,No,No internet service,18.0,331.98,0
CUST-24182,28,Female,41,Two-year,No,DSL,No,53.71,2194.6,0
CUST-24183,55,Female,3,One-year,No,Fiber optic,No,74.28,222.84,1
CUST-24184,30,Female,53,Two-year,Yes,Fiber optic,Yes,75.1,3998.43,0
CUST-24185,28,Male,66,Month-to-month,Yes,Fiber optic,No,69.43,4591.24,0
CUST-24186,29,Female,18,Two-year,Yes,Fiber optic,Yes,96.82,1729.65,1
CUST-24187,41,Male,52,Month-to-month,Yes,DSL,No,48.32,2510.58,0
CUST-24188,59,Female,54,Month-to-month,Yes,DSL,Yes,68.59,3703.15,1
CUST-24189,40,Female,16,Month-to-month,Yes,Fiber optic,Yes,99.03,1599.27,1
CUST-24190,63,Female,4,Month-to-month,No,DSL,Yes,74.28,304.04,1
CUST-24191,21,Female,8,Month-to-month,Yes,No,No internet service,18.0,156.23,0
CUST-24192,47,Male,26,Month-to-month,Yes,No,No internet service,18.0,459.99,0
CUST-24193,58,Male,19,Month-to-month,Yes,No,No internet service,18.0,338.31,1
CUST-24194,36,Female,48,Month-to-month,No,No,No internet service,21.34,1037.61,0
CUST-24195,27,Male,17,One-year,Yes,Fiber optic,No,58.02,983.71,0
CUST-24196,73,Male,64,Month-to-month,Yes,Fiber optic,No,92.56,5968.87,1
CUST-24197,74,Male,50,Month-to-month,Yes,Fiber optic,No,85.08,4252.55,1
CUST-24198,72,Male,25,Month-to-month,Yes,Fiber optic,No,75.98,1862.43,1
CUST-24199,72,Male,48,Month-to-month,Yes,DSL,No,58.38,2809.51,1
CUST-24200,28,Female,13,Month-to-month,Yes,DSL,No,47.47,623.49,1
CUST-24201,41,Male,28,Month-to-month,Yes,Fiber optic,No,74.87,2115.19,1
CUST-24202,61,Female,1,Two-year,Yes,DSL,Yes,60.14,60.14,0
CUST-24203,41,Female,48,Two-year,Yes,Fiber optic,No,102.49,4959.27,0
CUST-24204,19,Male,61,Two-year,No,No,No internet service,19.09,1209.69,0
CUST-24205,53,Male,2,Month-to-month,No,DSL,Yes,61.9,151.27,1
CUST-24206,64,Female,30,Month-to-month,Yes,Fiber optic,No,88.64,2616.88,1
CUST-24207,68,Male,57,Month-to-month,No,No,No internet service,18.0,1024.49,0
CUST-24208,18,Male,32,Two-year,No,No,No internet service,20.91,654.77,0
CUST-24209,58,Male,30,One-year,Yes,Fiber optic,No,96.98,2891.44,1
CUST-24210,56,Female,62,One-year,Yes,No,No internet service,18.51,1142.31,0
CUST-24211,19,Female,72,One-year,Yes,No,No internet service,18.63,1361.05,0
CUST-24212,64,Female,14,Two-year,Yes,Fiber optic,No,90.23,1239.12,0
CUST-24213,69,Male,39,Two-year,No,DSL,No,53.52,2077.89,0
CUST-24214,56,Female,25,Two-year,Yes,Fiber optic,Yes,96.4,2394.51,1
CUST-24215,48,Female,3,Month-to-month,No,DSL,No,73.39,206.67,1
CUST-24216,47,Female,12,Two-year,No,Fiber optic,Yes,107.47,1282.91,1
CUST-24217,25,Male,2,Month-to-month,No,No,No internet service,18.0,18.0,1
CUST-24218,53,Female,6,One-year,Yes,DSL,No,48.17,264.8,0
CUST-24219,42,Female,6,Month-to-month,Yes,No,No internet service,18.0,107.14,1
CUST-24220,61,Female,28,Month-to-month,No,Fiber optic,Yes,87.75,2459.8,1
CUST-24221,68,Female,33,Two-year,Yes,No,No internet service,18.0,627.07,0
CUST-24222,26,Male,7,Month-to-month,No,DSL,No,43.01,287.49,1
CUST-24223,19,Female,35,One-year,Yes,DSL,No,47.85,1681.48,0
CUST-24224,67,Male,8,Month-to-month,No,Fiber optic,No,80.49,655.18,1
CUST-24225,26,Female,13,Month-to-month,Yes,Fiber optic,Yes,120.0,1583.21,1
CUST-24226,29,Female,55,Month-to-month,No,Fiber optic,Yes,91.42,5062.65,0
CUST-24227,70,Male,30,Two-year,Yes,Fiber optic,Yes,81.21,2448.99,1
CUST-24228,27,Female,6,Two-year,No,No,No internet service,20.02,129.07,0
CUST-24229,22,Male,62,One-year,No,Fiber optic,No,89.3,5552.14,0
CUST-24230,69,Male,53,Month-to-month,Yes,Fiber optic,No,56.2,2984.59,0
CUST-24231,20,Female,40,One-year,Yes,DSL,No,35.42,1420.36,0
CUST-24232,47,Female,18,One-year,No,Fiber optic,No,76.67,1377.77,0
CUST-24233,18,Male,36,Month-to-month,No,DSL,No,61.81,2238.97,0
CUST-24234,48,Male,21,Month-to-month,Yes,Fiber optic,No,72.33,1521.62,1
CUST-24235,60,Male,56,Month-to-month,Yes,Fiber optic,No,44.76,2528.65,0
CUST-24236,68,Female,53,Month-to-month,No,Fiber optic,Yes,95.9,5079.71,0
CUST-24237,70,Male,72,Two-year,No,DSL,Yes,54.58,3967.21,0
CUST-24238,23,Female,6,Month-to-month,Yes,Fiber optic,No,68.76,448.32,1
CUST-24239,73,Male,1,Month-to-month,Yes,DSL,Yes,58.5,65.3,1
CUST-24240,48,Female,18,Month-to-month,No,Fiber optic,No,78.39,1432.04,0
CUST-24241,63,Male,65,Two-year,Yes,Fiber optic,Yes,120.0,7798.74,0
CUST-24242,40,Male,44,Two-year,Yes,Fiber optic,Yes,94.0,4103.53,1
CUST-24243,73,Male,59,Month-to-month,Yes,No,No internet service,18.92,1129.41,0
CUST-24244,52,Female,32,Two-year,Yes,No,No internet service,24.11,803.23,0
CUST-24245,36,Female,24,One-year,No,Fiber optic,No,74.35,1762.62,1
CUST-24246,73,Male,3,Month-to-month,Yes,Fiber optic,No,99.2,302.53,1
CUST-24247,68,Male,43,One-year,No,DSL,Yes,76.54,3308.9,0
CUST-24248,46,Male,3,Month-to-month,Yes,No,No internet service,18.25,56.39,1
CUST-24249,73,Male,57,One-year,Yes,DSL,Yes,60.17,3430.38,0
CUST-24250,45,Female,26,Month-to-month,Yes,DSL,No,73.25,1917.27,0
CUST-24251,72,Female,53,Month-to-month,Yes,Fiber optic,No,98.3,5186.98,1
CUST-24252,21,Female,37,One-year,No,Fiber optic,Yes,92.56,3411.72,0
CUST-24253,73,Male,37,One-year,No,DSL,No,63.78,2366.52,0
CUST-24254,36,Female,25,Month-to-month,No,Fiber optic,Yes,90.49,2247.23,1
CUST-24255,22,Male,70,Two-year,No,Fiber optic,No,99.66,6973.82,0
CUST-24256,54,Male,6,Month-to-month,No,Fiber optic,No,106.23,645.73,0
CUST-24257,60,Male,41,One-year,No,DSL,Yes,48.45,2007.63,1
CUST-24258,24,Male,45,Month-to-month,Yes,Fiber optic,No,90.46,4065.81,0
CUST-24259,34,Female,41,Month-to-month,Yes,DSL,Yes,60.63,2542.32,0
CUST-24260,64,Male,34,One-year,Yes,Fiber optic,No,80.65,2728.25,0
CUST-24261,70,Female,69,Month-to-month,Yes,DSL,No,65.15,4494.64,0
CUST-24262,25,Male,69,Two-year,Yes,Fiber optic,Yes,84.42,5823.72,0
CUST-24263,22,Female,66,Month-to-month,No,Fiber optic,No,81.54,5347.09,0
CUST-24264,71,Female,66,Month-to-month,No,Fiber optic,No,111.38,7332.25,1
CUST-24265,47,Female,21,Month-to-month,No,No,No internet service,18.0,400.88,0
CUST-24266,33,Female,57,Month-to-month,No,Fiber optic,No,64.72,3659.16,0
CUST-24267,32,Male,16,Month-to-month,Yes,No,No internet service,20.79,350.52,1
CUST-24268,71,Male,25,One-year,No,No,No internet service,22.65,562.09,0
CUST-24269,68,Female,22,One-year,No,Fiber optic,No,97.56,2181.9,1
CUST-24270,72,Female,10,Two-year,No,Fiber optic,No,91.01,873.99,0
CUST-24271,70,Female,9,One-year,Yes,DSL,No,70.9,643.8,0
CUST-24272,42,Female,62,One-year,No,Fiber optic,No,83.92,5228.05,0
CUST-24273,32,Male,30,Month-to-month,No,Fiber optic,No,88.08,2645.17,1
CUST-24274,18,Female,41,Two-year,No,No,No internet service,25.66,1030.48,0
CUST-24275,40,Female,57,Two-year,No,DSL,No,67.9,3868.36,0
CUST-24276,56,Male,7,One-year,No,DSL,No,72.02,539.87,1
CUST-24277,26,Female,68,Month-to-month,Yes,Fiber optic,Yes,98.28,6694.74,0
CUST-24278,57,Female,61,Two-year,No,Fiber optic,No,88.81,5428.82,0
CUST-24279,40,Female,63,Month-to-month,No,Fiber optic,No,86.27,5430.52,1
CUST-24280,73,Female,62,One-year,No,No,No internet service,21.95,1394.87,0
CUST-24281,30,Female,19,One-year,No,DSL,Yes,77.97,1463.74,1
CUST-24282,30,Female,53,Month-to-month,No,No,No internet service,20.95,1076.25,1
CUST-24283,37,Female,10,Month-to-month,No,DSL,No,71.05,695.99,1
CUST-24284,24,Female,18,One-year,No,DSL,Yes,54.36,975.91,1
CUST-24285,68,Male,56,Month-to-month,No,DSL,No,39.62,2202.53,0
CUST-24286,64,Male,34,Two-year,No,Fiber optic,Yes,81.23,2744.79,0
CUST-24287,48,Male,46,One-year,Yes,Fiber optic,Yes,103.23,4754.26,0
CUST-24288,36,Male,2,One-year,Yes,DSL,Yes,73.87,164.61,1
CUST-24289,23,Male,53,Month-to-month,No,DSL,No,37.86,1988.78,0
CUST-24290,40,Female,49,Month-to-month,No,No,No internet service,18.0,895.12,1
CUST-24291,60,Male,30,Two-year,No,Fiber optic,Yes,105.21,3180.27,0
CUST-24292,34,Female,7,Month-to-month,Yes,No,No internet service,18.0,95.4,1
CUST-24293,33,Male,26,Two-year,Yes,No,No internet service,18.0,458.93,0
CUST-24294,71,Male,1,Two-year,No,DSL,Yes,49.03,50.19,0
CUST-24295,20,Female,63,Two-year,No,DSL,No,50.37,3166.74,1
CUST-24296,53,Female,52,One-year,Yes,DSL,Yes,64.17,3317.04,0
CUST-24297,29,Male,60,One-year,No,DSL,Yes,43.06,2576.14,0
CUST-24298,37,Female,49,One-year,Yes,DSL,No,50.3,2440.83,0
CUST-24299,20,Male,39,Month-to-month,No,Fiber optic,No,65.63,2538.65,1
CUST-24300,38,Female,62,Month-to-month,No,DSL,Yes,58.17,3613.16,1
CUST-24301,64,Female,63,One-year,No,Fiber optic,Yes,95.55,5997.35,0
CUST-24302,50,Male,21,Month-to-month,Yes,DSL,Yes,69.96,1461.98,1
CUST-24303,73,Male,4,Month-to-month,No,Fiber optic,No,93.22,418.01,1
CUST-24304,37,Female,63,Month-to-month,No,Fiber optic,No,76.51,4832.29,1
CUST-24305,64,Male,32,Month-to-month,Yes,Fiber optic,Yes,85.24,2752.68,1
CUST-24306,60,Male,15,Month-to-month,Yes,Fiber optic,No,87.92,1317.53,0
CUST-24307,32,Female,67,Month-to-month,No,Fiber optic,No,110.58,7432.2,1
CUST-24308,47,Female,38,Two-year,Yes,DSL,Yes,72.93,2770.42,0
CUST-24309,74,Female,16,Two-year,No,No,No internet service,18.0,313.11,1
CUST-24310,49,Male,10,Month-to-month,No,Fiber optic,No,81.86,840.24,1
CUST-24311,34,Female,10,Month-to-month,Yes,No,No internet service,24.53,210.79,0
CUST-24312,28,Female,14,Month-to-month,Yes,Fiber optic,No,77.92,1089.96,1
CUST-24313,25,Female,8,Two-year,Yes,Fiber optic,No,81.94,654.11,1
CUST-24314,70,Male,70,Month-to-month,Yes,Fiber optic,No,76.78,5368.65,0
CUST-24315,54,Male,34,Month-to-month,No,Fiber optic,No,113.42,3857.26,0
CUST-24316,61,Male,7,Two-year,Yes,Fiber optic,No,99.08,685.82,0
CUST-24317,20,Female,16,One-year,Yes,No,No internet service,18.0,283.63,0
CUST-24318,49,Male,46,Month-to-month,Yes,No,No internet service,18.62,866.64,0
CUST-24319,19,Male,48,Month-to-month,Yes,Fiber optic,No,84.58,4073.59,0
CUST-24320,52,Male,36,Month-to-month,Yes,DSL,Yes,71.18,2580.93,1
CUST-24321,43,Female,32,Two-year,No,Fiber optic,No,95.98,3088.54,0
CUST-24322,55,Male,32,Two-year,Yes,DSL,No,67.18,2154.42,0
CUST-24323,22,Male,18,One-year,Yes,No,No internet service,18.0,335.84,0
CUST-24324,46,Male,59,One-year,No,DSL,No,61.14,3636.31,0
CUST-24325,71,Male,20,Two-year,Yes,Fiber optic,No,67.67,1353.33,0
CUST-24326,56,Female,60,One-year,Yes,Fiber optic,No,99.23,5959.17,0
CUST-24327,31,Male,9,Month-to-month,No,DSL,No,51.19,465.69,1
CUST-24328,60,Male,6,Two-year,Yes,DSL,Yes,55.42,335.24,1
CUST-24329,40,Male,66,Month-to-month,Yes,No,No internet service,28.19,1834.53,0
CUST-24330,49,Female,13,Two-year,Yes,Fiber optic,Yes,103.84,1364.93,1
CUST-24331,32,Female,72,Month-to-month,Yes,DSL,No,48.1,3473.99,0
CUST-24332,71,Male,3,One-year,No,DSL,No,40.41,97.09,1
CUST-24333,61,Male,35,Month-to-month,Yes,Fiber optic,Yes,83.71,2925.77,1
CUST-24334,46,Female,37,Month-to-month,Yes,DSL,No,55.08,2019.93,0
CUST-24335,73,Female,49,One-year,Yes,Fiber optic,No,96.88,4745.03,1
CUST-24336,40,Female,67,Month-to-month,Yes,Fiber optic,No,112.18,7497.11,1
CUST-24337,73,Male,61,Month-to-month,Yes,Fiber optic,Yes,89.25,5434.68,0
CUST-24338,31,Male,61,Month-to-month,No,Fiber optic,No,84.63,5186.14,1
CUST-24339,71,Male,34,Month-to-month,No,Fiber optic,Yes,97.65,3305.18,1
CUST-24340,36,Male,66,One-year,Yes,DSL,Yes,60.93,4002.92,0
CUST-24341,19,Male,49,One-year,Yes,No,No internet service,27.49,1349.91,0
CUST-24342,46,Male,2,Month-to-month,Yes,Fiber optic,No,86.44,188.15,1
CUST-24343,71,Male,28,Month-to-month,Yes,DSL,No,51.21,1454.1,1
CUST-24344,62,Male,29,Month-to-month,Yes,No,No internet service,28.15,819.4,1
CUST-24345,52,Male,24,Month-to-month,Yes,DSL,No,56.43,1374.65,1
CUST-24346,61,Female,18,Month-to-month,Yes,DSL,No,44.7,804.16,1
CUST-24347,63,Male,27,One-year,Yes,DSL,No,69.18,1870.27,0
CUST-24348,51,Female,25,Two-year,Yes,Fiber optic,No,102.93,2589.75,0
CUST-24349,63,Male,66,Two-year,No,Fiber optic,No,90.75,5964.73,0
CUST-24350,55,Female,37,Month-to-month,No,Fiber optic,No,73.45,2728.62,1
CUST-24351,44,Female,66,Two-year,Yes,DSL,Yes,73.4,4874.13,0
CUST-24352,44,Female,64,Month-to-month,Yes,Fiber optic,No,95.37,6080.13,1
CUST-24353,65,Male,53,One-year,Yes,No,No internet service,18.0,970.49,0
CUST-24354,49,Female,14,Month-to-month,No,DSL,No,68.24,956.35,1
CUST-24355,38,Male,35,Month-to-month,Yes,No,No internet service,29.2,1009.82,0
CUST-24356,41,Male,30,Month-to-month,Yes,DSL,No,58.69,1767.17,1
CUST-24357,71,Male,24,One-year,Yes,Fiber optic,No,83.45,1976.07,0
CUST-24358,62,Male,44,Month-to-month,Yes,No,No internet service,20.55,929.87,0
CUST-24359,30,Male,9,Month-to-month,Yes,Fiber optic,No,67.4,578.6,1
CUST-24360,51,Male,9,Month-to-month,No,No,No internet service,23.03,219.44,0
CUST-24361,32,Female,10,Month-to-month,No,DSL,Yes,61.66,624.62,1
CUST-24362,20,Male,38,Month-to-month,Yes,DSL,No,59.17,2245.96,0
CUST-24363,49,Male,40,Month-to-month,Yes,DSL,No,64.78,2624.24,0
CUST-24364,64,Male,69,Two-year,Yes,No,No internet service,20.12,1358.27,0
CUST-24365,56,Male,66,Two-year,No,Fiber optic,Yes,84.02,5519.78,0
CUST-24366,58,Male,8,One-year,Yes,DSL,Yes,78.96,635.81,0
CUST-24367,61,Female,58,One-year,Yes,Fiber optic,No,91.86,5312.76,1
CUST-24368,48,Male,64,Two-year,No,DSL,No,51.42,3306.31,0
CUST-24369,54,Female,68,Two-year,No,Fiber optic,No,56.97,3908.63,0
CUST-24370,32,Male,66,One-year,No,No,No internet service,18.0,1143.92,0
CUST-24371,25,Female,62,Two-year,Yes,Fiber optic,Yes,104.51,6493.24,1
CUST-24372,39,Male,29,Two-year,Yes,Fiber optic,No,72.3,2093.63,0
CUST-24373,65,Male,7,Month-to-month,Yes,DSL,No,42.33,309.32,1
CUST-24374,37,Female,27,One-year,Yes,DSL,No,38.01,1016.9,0
CUST-24375,26,Male,39,Month-to-month,No,DSL,No,67.24,2616.53,0
CUST-24376,38,Female,31,One-year,No,Fiber optic,No,106.83,3282.95,0
CUST-24377,20,Male,17,Month-to-month,No,No,No internet service,26.38,434.42,1
CUST-24378,47,Female,37,Month-to-month,No,Fiber optic,No,81.03,3028.25,1
CUST-24379,29,Male,50,Two-year,Yes,DSL,Yes,81.42,4064.6,0
CUST-24380,32,Female,6,Month-to-month,Yes,No,No internet service,20.92,136.06,1
CUST-24381,53,Female,47,One-year,No,DSL,No,70.11,3274.63,0
CUST-24382,22,Male,46,Two-year,Yes,Fiber optic,No,61.26,2786.97,0
CUST-24383,23,Male,41,Month-to-month,No,DSL,No,72.2,2931.85,0
CUST-24384,72,Male,59,Two-year,Yes,DSL,Yes,57.57,3366.93,0
CUST-24385,22,Male,54,Month-to-month,No,DSL,No,37.76,2067.08,0
CUST-24386,68,Female,46,Month-to-month,Yes,No,No internet service,18.0,830.38,0
CUST-24387,48,Female,40,One-year,Yes,No,No internet service,18.0,714.24,1
CUST-24388,53,Male,61,Month-to-month,Yes,DSL,No,62.38,3802.18,0
CUST-24389,26,Male,36,Month-to-month,Yes,Fiber optic,No,97.73,3499.83,1
CUST-24390,72,Female,61,Month-to-month,No,Fiber optic,Yes,97.78,5935.24,0
CUST-24391,39,Male,47,Month-to-month,Yes,Fiber optic,No,82.71,3922.66,0
CUST-24392,26,Female,35,Two-year,Yes,DSL,No,49.94,1737.99,0
CUST-24393,66,Female,10,One-year,Yes,DSL,No,43.07,404.73,0
CUST-24394,47,Male,28,Month-to-month,Yes,Fiber optic,Yes,80.4,2256.02,1
CUST-24395,55,Female,32,Month-to-month,No,Fiber optic,No,96.0,3085.62,1
CUST-24396,28,Male,11,Two-year,Yes,Fiber optic,No,65.24,703.28,0
CUST-24397,72,Female,40,Month-to-month,Yes,Fiber optic,Yes,71.67,2855.19,1
CUST-24398,21,Male,7,One-year,No,Fiber optic,Yes,98.87,682.69,1
CUST-24399,54,Female,44,Two-year,No,DSL,No,44.08,1936.37,0
CUST-24400,47,Female,69,Month-to-month,Yes,DSL,No,59.09,4068.41,0
CUST-24401,52,Male,24,Two-year,No,DSL,No,48.36,1156.97,0
CUST-24402,38,Female,10,Month-to-month,Yes,DSL,No,50.82,502.22,1
CUST-24403,48,Male,58,One-year,Yes,Fiber optic,Yes,120.0,6929.19,1
CUST-24404,64,Female,56,One-year,No,Fiber optic,Yes,120.0,6729.94,0
CUST-24405,53,Male,40,Month-to-month,Yes,No,No internet service,25.84,1033.91,0
CUST-24406,55,Female,45,One-year,Yes,DSL,No,33.91,1543.45,0
CUST-24407,22,Male,47,Month-to-month,No,No,No internet service,18.0,870.4,0
CUST-24408,32,Female,50,Month-to-month,Yes,Fiber optic,No,80.13,4005.11,1
CUST-24409,42,Male,58,Two-year,Yes,Fiber optic,No,113.18,6523.98,0
CUST-24410,69,Female,6,One-year,Yes,Fiber optic,No,97.75,596.72,0
CUST-24411,34,Male,57,Month-to-month,No,DSL,No,53.11,3005.7,0
CUST-24412,54,Female,52,Month-to-month,No,Fiber optic,Yes,58.96,3067.72,0
CUST-24413,58,Male,28,Month-to-month,Yes,Fiber optic,Yes,76.27,2117.51,1
CUST-24414,59,Male,45,One-year,Yes,DSL,No,43.07,1963.56,0
CUST-24415,63,Female,19,One-year,Yes,Fiber optic,No,98.85,1913.22,1
CUST-24416,71,Female,37,One-year,No,No,No internet service,18.0,675.78,0
CUST-24417,34,Male,12,Month-to-month,Yes,Fiber optic,No,95.0,1110.28,1
CUST-24418,18,Male,26,Month-to-month,Yes,Fiber optic,Yes,88.39,2277.9,1
CUST-24419,46,Female,51,Two-year,No,Fiber optic,No,103.16,5237.09,0
CUST-24420,53,Male,6,Two-year,No,DSL,No,53.72,299.86,0
CUST-24421,36,Male,47,Two-year,No,DSL,Yes,75.11,3558.32,0
CUST-24422,46,Female,8,Month-to-month,Yes,Fiber optic,No,95.1,773.48,1
CUST-24423,64,Male,68,Month-to-month,No,Fiber optic,No,65.8,4448.82,0
CUST-24424,34,Male,27,Month-to-month,Yes,Fiber optic,Yes,103.91,2817.05,1
CUST-24425,40,Female,55,One-year,No,Fiber optic,Yes,103.28,5683.49,1
CUST-24426,49,Male,18,Month-to-month,Yes,No,No internet service,27.92,460.53,0
CUST-24427,58,Male,29,Two-year,No,Fiber optic,No,120.0,3462.75,1
CUST-24428,48,Female,1,One-year,Yes,Fiber optic,Yes,90.5,90.5,1
CUST-24429,60,Male,65,One-year,Yes,Fiber optic,Yes,94.7,6147.99,0
CUST-24430,71,Male,52,One-year,Yes,Fiber optic,No,73.94,3823.8,0
CUST-24431,65,Female,57,Month-to-month,Yes,Fiber optic,No,104.54,5956.48,0
CUST-24432,36,Male,29,One-year,No,No,No internet service,26.28,785.57,0
CUST-24433,32,Male,47,Month-to-month,No,DSL,No,54.29,2551.64,0
CUST-24434,73,Male,15,Two-year,No,DSL,No,68.19,1037.37,0
CUST-24435,66,Male,47,One-year,No,DSL,No,54.56,2578.47,0
CUST-24436,36,Male,5,Two-year,No,Fiber optic,No,91.93,451.53,1
CUST-24437,36,Female,31,One-year,Yes,No,No internet service,22.07,701.12,0
CUST-24438,40,Female,5,Month-to-month,Yes,No,No internet service,18.0,73.11,1
CUST-24439,30,Female,44,Month-to-month,Yes,Fiber optic,No,90.37,3967.35,1
CUST-24440,57,Male,31,Month-to-month,No,DSL,No,54.11,1698.85,0
CUST-24441,70,Female,24,One-year,Yes,DSL,No,72.09,1737.69,0
CUST-24442,34,Male,12,One-year,No,Fiber optic,No,84.16,1039.82,1
CUST-24443,49,Female,26,Two-year,No,DSL,No,73.85,1929.67,0
CUST-24444,73,Female,1,One-year,No,No,No internet service,26.98,40.28,0
CUST-24445,57,Female,50,Month-to-month,Yes,Fiber optic,Yes,99.26,4950.4,0
CUST-24446,18,Male,34,One-year,Yes,DSL,Yes,65.43,2209.15,0
CUST-24447,52,Male,60,Month-to-month,Yes,Fiber optic,No,72.96,4393.73,0
CUST-24448,66,Female,48,Month-to-month,Yes,DSL,No,63.73,3055.58,0
CUST-24449,55,Female,48,One-year,Yes,Fiber optic,No,97.51,4683.4,1
CUST-24450,58,Male,22,Two-year,No,DSL,No,33.13,707.02,0
CUST-24451,64,Female,35,Month-to-month,No,Fiber optic,No,79.23,2789.58,0
CUST-24452,67,Male,24,One-year,No,Fiber optic,Yes,120.0,2897.65,1
CUST-24453,22,Female,55,Month-to-month,No,Fiber optic,No,108.37,5969.41,1
CUST-24454,51,Female,61,One-year,No,Fiber optic,No,95.73,5837.69,0
CUST-24455,39,Male,42,Two-year,Yes,DSL,No,64.16,2661.51,0
CUST-24456,70,Male,56,Month-to-month,No,DSL,No,47.98,2677.68,1
CUST-24457,25,Male,37,One-year,Yes,Fiber optic,No,86.09,3172.78,0
CUST-24458,18,Female,44,Month-to-month,No,No,No internet service,22.18,973.38,0
CUST-24459,72,Male,29,One-year,Yes,Fiber optic,Yes,104.54,3031.45,1
CUST-24460,43,Male,27,Month-to-month,Yes,Fiber optic,Yes,108.97,2930.54,1
CUST-24461,51,Female,5,One-year,Yes,DSL,No,50.63,225.66,0
CUST-24462,65,Female,30,Month-to-month,No,DSL,Yes,80.27,2398.74,0
CUST-24463,61,Male,44,Month-to-month,Yes,Fiber optic,No,92.47,4090.15,1
CUST-24464,22,Male,27,Month-to-month,Yes,No,No internet service,26.7,734.1,0
CUST-24465,64,Male,9,Month-to-month,Yes,DSL,No,43.97,391.91,1
CUST-24466,71,Male,56,One-year,Yes,Fiber optic,No,90.85,5077.44,0
CUST-24467,42,Female,61,One-year,Yes,DSL,No,47.54,2922.67,0
CUST-24468,50,Female,39,One-year,No,Fiber optic,Yes,103.97,4048.75,0
CUST-24469,51,Male,42,One-year,Yes,Fiber optic,Yes,96.05,4003.84,0
CUST-24470,64,Female,31,One-year,Yes,Fiber optic,No,117.75,3640.23,0
CUST-24471,69,Male,61,Two-year,No,DSL,Yes,59.34,3590.82,0
CUST-24472,44,Female,2,Month-to-month,Yes,DSL,No,49.08,70.54,1
CUST-24473,61,Male,46,Month-to-month,Yes,No,No internet service,26.84,1207.33,1
CUST-24474,40,Male,66,Month-to-month,No,No,No internet service,19.87,1301.5,0
CUST-24475,42,Male,15,Month-to-month,Yes,Fiber optic,No,91.03,1360.11,1
CUST-24476,64,Female,38,One-year,No,Fiber optic,Yes,87.85,3335.81,0
CUST-24477,21,Male,58,Month-to-month,No,Fiber optic,No,93.2,5411.23,0
CUST-24478,25,Female,40,Two-year,No,Fiber optic,No,56.48,2300.37,0
CUST-24479,35,Female,32,One-year,No,Fiber optic,No,84.88,2706.67,0
CUST-24480,53,Female,66,Two-year,Yes,No,No internet service,27.2,1807.57,0
CUST-24481,55,Female,6,Month-to-month,No,DSL,No,67.04,415.61,1
CUST-24482,23,Male,34,Month-to-month,Yes,Fiber optic,No,96.27,3290.9,1
CUST-24483,63,Male,25,Month-to-month,Yes,No,No internet service,21.48,529.52,1
CUST-24484,29,Female,38,Month-to-month,No,Fiber optic,Yes,84.25,3197.43,0
CUST-24485,21,Male,41,Two-year,Yes,Fiber optic,No,98.87,4015.36,0
CUST-24486,67,Male,28,Month-to-month,No,DSL,No,52.32,1434.64,1
CUST-24487,36,Female,32,Month-to-month,No,Fiber optic,No,84.85,2698.16,1
CUST-24488,40,Female,32,One-year,Yes,DSL,Yes,57.75,1839.11,0
CUST-24489,43,Female,19,Month-to-month,No,Fiber optic,Yes,81.73,1538.35,0
CUST-24490,30,Female,13,Two-year,Yes,DSL,No,69.18,860.17,0
CUST-24491,66,Male,70,Two-year,Yes,DSL,Yes,65.51,4611.69,0
CUST-24492,70,Male,27,Month-to-month,Yes,Fiber optic,Yes,92.48,2483.23,0
CUST-24493,63,Female,37,Month-to-month,No,No,No internet service,21.79,790.94,1
CUST-24494,63,Male,39,Month-to-month,Yes,Fiber optic,No,91.26,3601.09,1
CUST-24495,43,Male,60,Month-to-month,No,DSL,No,57.82,3486.01,0
CUST-24496,20,Male,16,One-year,No,Fiber optic,No,89.7,1428.08,0
CUST-24497,57,Female,16,Month-to-month,No,Fiber optic,Yes,98.4,1566.42,1
CUST-24498,51,Male,32,Two-year,No,Fiber optic,Yes,120.0,3846.5,0
CUST-24499,63,Male,36,One-year,Yes,DSL,No,49.77,1805.79,0
CUST-24500,54,Male,17,Two-year,No,DSL,No,77.62,1314.73,1
CUST-24501,47,Female,29,One-year,No,Fiber optic,No,85.17,2470.78,0
CUST-24502,48,Female,23,Month-to-month,Yes,DSL,No,41.23,925.84,1
CUST-24503,68,Female,1,Two-year,No,Fiber optic,Yes,101.61,140.43,0
CUST-24504,67,Male,41,Month-to-month,Yes,Fiber optic,No,63.43,2576.57,0
CUST-24505,31,Female,52,Two-year,Yes,DSL,No,51.76,2701.81,1
CUST-24506,53,Female,34,Two-year,Yes,DSL,No,57.52,1954.17,0
CUST-24507,58,Female,62,Month-to-month,No,No,No internet service,34.42,2153.26,0
CUST-24508,52,Male,70,Two-year,Yes,DSL,No,49.74,3487.15,0
CUST-24509,48,Male,17,One-year,No,Fiber optic,No,73.62,1252.77,1
CUST-24510,64,Female,64,Month-to-month,No,DSL,No,53.37,3411.83,0
CUST-24511,53,Female,44,Month-to-month,Yes,DSL,No,63.29,2794.83,1
CUST-24512,30,Female,41,Two-year,Yes,DSL,Yes,69.3,2854.45,0
CUST-24513,73,Female,55,Month-to-month,No,No,No internet service,20.89,1120.84,0
CUST-24514,60,Female,69,One-year,No,Fiber optic,No,60.34,4136.68,0
CUST-24515,20,Female,29,Month-to-month,Yes,Fiber optic,No,73.23,2099.31,1
CUST-24516,35,Male,70,One-year,No,No,No internet service,18.0,1221.22,0
CUST-24517,41,Female,68,Month-to-month,Yes,DSL,Yes,49.97,3417.15,0
CUST-24518,36,Male,24,Two-year,No,Fiber optic,No,92.28,2242.83,0
CUST-24519,36,Female,21,Two-year,No,DSL,No,57.45,1241.25,1
CUST-24520,31,Male,20,Month-to-month,No,Fiber optic,Yes,119.01,2383.54,1
CUST-24521,65,Male,37,Month-to-month,Yes,Fiber optic,No,80.78,2992.97,1
CUST-24522,35,Male,13,One-year,No,No,No internet service,24.92,353.24,0
CUST-24523,56,Female,44,One-year,No,DSL,No,53.22,2358.63,0
CUST-24524,60,Female,35,One-year,Yes,No,No internet service,32.38,1107.47,0
CUST-24525,46,Male,52,Two-year,Yes,Fiber optic,Yes,90.84,4711.72,0
CUST-24526,33,Male,39,Month-to-month,Yes,No,No internet service,18.0,733.39,0
CUST-24527,38,Female,44,Month-to-month,Yes,DSL,No,33.82,1487.34,0
CUST-24528,52,Female,27,Month-to-month,No,Fiber optic,No,75.86,2005.81,0
CUST-24529,44,Female,54,Two-year,Yes,Fiber optic,Yes,103.18,5607.99,0
CUST-24530,32,Male,43,One-year,No,No,No internet service,18.0,741.55,0
CUST-24531,74,Female,34,Two-year,Yes,Fiber optic,No,73.41,2501.67,0
CUST-24532,36,Female,42,One-year,Yes,No,No internet service,21.35,865.77,0
CUST-24533,55,Female,64,One-year,No,Fiber optic,No,71.38,4572.68,0
CUST-24534,39,Female,29,Month-to-month,Yes,DSL,No,63.58,1827.1,1
CUST-24535,54,Male,59,Month-to-month,Yes,No,No internet service,29.12,1705.55,0
CUST-24536,66,Female,66,One-year,No,Fiber optic,No,101.57,6727.6,1
CUST-24537,65,Male,44,Month-to-month,Yes,DSL,No,38.13,1655.61,0
CUST-24538,30,Female,32,Month-to-month,Yes,DSL,Yes,79.97,2538.47,1
CUST-24539,66,Male,72,Month-to-month,Yes,Fiber optic,No,91.6,6567.81,0
CUST-24540,33,Female,42,One-year,Yes,Fiber optic,Yes,81.29,3404.21,1
CUST-24541,53,Female,15,Month-to-month,Yes,No,No internet service,19.32,295.94,1
CUST-24542,22,Female,71,Month-to-month,Yes,Fiber optic,Yes,95.74,6796.44,0
CUST-24543,54,Male,26,Two-year,No,Fiber optic,No,109.77,2857.2,0
CUST-24544,18,Male,28,One-year,No,Fiber optic,No,89.27,2527.59,1
CUST-24545,45,Male,69,Two-year,Yes,DSL,No,38.48,2652.25,0
CUST-24546,45,Female,25,Two-year,No,DSL,No,71.85,1822.71,1
CUST-24547,56,Male,51,Two-year,Yes,DSL,Yes,67.97,3488.36,0
CUST-24548,67,Male,21,Month-to-month,Yes,Fiber optic,No,54.12,1182.27,1
CUST-24549,72,Male,45,Month-to-month,Yes,DSL,No,60.17,2734.23,0
CUST-24550,32,Male,57,Month-to-month,Yes,Fiber optic,No,63.31,3612.14,0
CUST-24551,19,Male,23,Month-to-month,Yes,Fiber optic,No,74.62,1760.17,1
CUST-24552,67,Female,49,One-year,Yes,Fiber optic,No,77.52,3794.1,1
CUST-24553,20,Male,4,Month-to-month,No,DSL,Yes,81.92,340.77,1
CUST-24554,25,Male,26,Two-year,Yes,Fiber optic,No,84.24,2185.37,1
CUST-24555,73,Female,16,Month-to-month,Yes,Fiber optic,No,98.41,1587.8,1
CUST-24556,51,Male,49,One-year,Yes,Fiber optic,Yes,118.89,5802.55,0
CUST-24557,32,Male,63,Month-to-month,Yes,DSL,No,46.5,2941.26,1
CUST-24558,47,Female,52,Month-to-month,No,Fiber optic,Yes,90.17,4674.01,1
CUST-24559,56,Male,55,Month-to-month,Yes,Fiber optic,No,63.1,3487.52,0
CUST-24560,49,Male,2,One-year,No,DSL,Yes,51.42,97.27,0
CUST-24561,43,Female,32,Month-to-month,Yes,Fiber optic,Yes,67.78,2160.06,1
CUST-24562,66,Female,29,Month-to-month,Yes,Fiber optic,No,70.75,2038.16,1
CUST-24563,26,Male,62,Month-to-month,Yes,DSL,Yes,49.46,3097.94,0
CUST-24564,71,Male,3,Month-to-month,No,DSL,No,55.95,189.73,1
CUST-24565,35,Female,40,Month-to-month,No,DSL,Yes,46.77,1858.54,1
CUST-24566,51,Male,18,Two-year,Yes,Fiber optic,Yes,70.66,1262.25,0
CUST-24567,39,Male,25,Month-to-month,Yes,DSL,Yes,69.58,1757.84,1
CUST-24568,61,Male,51,Month-to-month,Yes,DSL,No,42.84,2219.03,0
CUST-24569,49,Female,45,Two-year,Yes,DSL,Yes,82.61,3724.87,1
CUST-24570,34,Female,30,Month-to-month,Yes,Fiber optic,No,75.28,2231.82,0
CUST-24571,26,Female,68,Month-to-month,Yes,Fiber optic,Yes,94.63,6430.82,0
CUST-24572,21,Male,30,Month-to-month,No,DSL,No,40.65,1219.01,0
CUST-24573,29,Female,10,One-year,No,Fiber optic,Yes,120.0,1192.1,1
CUST-24574,57,Male,12,One-year,Yes,DSL,No,58.51,703.52,0
CUST-24575,49,Male,67,Month-to-month,Yes,Fiber optic,Yes,112.29,7545.07,1
CUST-24576,59,Male,13,One-year,Yes,Fiber optic,No,74.63,960.71,0
CUST-24577,21,Female,50,Month-to-month,Yes,Fiber optic,No,69.87,3502.27,1
CUST-24578,48,Female,46,Month-to-month,Yes,DSL,No,62.1,2867.01,0
CUST-24579,72,Female,67,Month-to-month,Yes,Fiber optic,No,95.06,6383.73,0
CUST-24580,24,Female,24,Month-to-month,No,No,No internet service,18.0,413.52,0
CUST-24581,33,Male,47,Two-year,Yes,Fiber optic,No,92.55,4308.45,0
CUST-24582,33,Female,41,One-year,No,Fiber optic,No,93.33,3836.43,1
CUST-24583,36,Male,8,Month-to-month,Yes,No,No internet service,18.0,146.88,1
CUST-24584,40,Female,29,Month-to-month,No,DSL,Yes,60.61,1765.32,0
CUST-24585,65,Female,41,Month-to-month,Yes,Fiber optic,No,89.96,3705.36,1
CUST-24586,63,Female,25,One-year,No,DSL,No,52.19,1293.99,1
CUST-24587,58,Female,64,Month-to-month,No,No,No internet service,18.0,1160.5,0
CUST-24588,50,Male,69,Month-to-month,No,No,No internet service,18.0,1217.03,0
CUST-24589,60,Male,33,One-year,No,Fiber optic,No,100.77,3327.36,1
CUST-24590,54,Male,23,One-year,No,Fiber optic,Yes,85.02,1928.02,0
CUST-24591,61,Male,17,One-year,No,DSL,No,51.21,894.0,0
CUST-24592,58,Female,26,Month-to-month,Yes,Fiber optic,No,78.64,2040.58,0
CUST-24593,22,Female,26,One-year,No,DSL,No,76.4,1987.03,1
CUST-24594,74,Female,25,Month-to-month,Yes,Fiber optic,Yes,95.46,2391.25,1
CUST-24595,69,Male,46,Month-to-month,Yes,DSL,Yes,62.35,2900.01,1
CUST-24596,44,Male,35,Month-to-month,No,Fiber optic,Yes,106.56,3729.22,1
CUST-24597,62,Male,68,Month-to-month,No,DSL,Yes,72.43,4942.13,0
CUST-24598,60,Female,55,Month-to-month,No,Fiber optic,No,70.71,3911.08,1
CUST-24599,65,Male,65,Month-to-month,No,DSL,Yes,53.22,3441.3,0
CUST-24600,22,Male,60,Month-to-month,Yes,Fiber optic,No,80.38,4851.61,1
CUST-24601,36,Female,38,One-year,Yes,DSL,Yes,61.12,2317.89,0
CUST-24602,22,Female,33,Month-to-month,Yes,No,No internet service,18.0,578.25,0
CUST-24603,18,Male,37,Month-to-month,No,Fiber optic,Yes,91.59,3384.67,1
CUST-24604,53,Female,67,One-year,No,No,No internet service,27.19,1828.28,1
CUST-24605,26,Female,46,Month-to-month,No,No,No internet service,18.0,818.73,1
CUST-24606,41,Male,53,Month-to-month,Yes,DSL,Yes,58.55,3110.35,0
CUST-24607,53,Female,15,Month-to-month,No,No,No internet service,18.0,254.48,1
CUST-24608,69,Female,24,Month-to-month,No,Fiber optic,Yes,116.6,2814.34,1
CUST-24609,47,Female,1,Month-to-month,Yes,No,No internet service,18.0,37.43,1
CUST-24610,28,Male,51,One-year,Yes,DSL,No,60.36,3120.42,0
CUST-24611,43,Female,32,Month-to-month,No,Fiber optic,No,86.91,2738.02,1
CUST-24612,35,Female,56,Month-to-month,Yes,Fiber optic,No,84.06,4681.24,0
CUST-24613,21,Female,17,Month-to-month,No,No,No internet service,18.0,288.97,0
CUST-24614,74,Male,26,Month-to-month,Yes,Fiber optic,Yes,99.73,2590.41,1
CUST-24615,49,Female,9,Two-year,Yes,Fiber optic,No,66.32,602.34,1
CUST-24616,29,Male,17,Month-to-month,No,No,No internet service,20.91,355.9,0
CUST-24617,28,Female,20,Month-to-month,Yes,Fiber optic,Yes,94.48,1925.03,1
CUST-24618,30,Female,41,One-year,No,Fiber optic,No,105.44,4330.95,1
CUST-24619,56,Female,40,Month-to-month,Yes,No,No internet service,23.98,975.67,0
CUST-24620,37,Male,9,Month-to-month,No,Fiber optic,Yes,92.93,810.43,1
CUST-24621,73,Female,7,Month-to-month,No,DSL,No,60.26,411.95,1
CUST-24622,42,Female,26,Two-year,No,Fiber optic,No,88.01,2275.14,0
CUST-24623,70,Male,12,Two-year,No,Fiber optic,No,106.74,1302.53,0
CUST-24624,57,Female,4,Two-year,No,Fiber optic,Yes,117.48,452.33,0
CUST-24625,40,Male,18,Two-year,Yes,Fiber optic,No,113.2,2014.04,1
CUST-24626,55,Female,13,Two-year,No,DSL,No,73.85,972.18,0
CUST-24627,19,Male,22,Month-to-month,Yes,DSL,Yes,71.27,1592.26,0
CUST-24628,58,Female,24,Two-year,No,DSL,Yes,48.32,1150.91,0
CUST-24629,40,Female,22,Month-to-month,No,No,No internet service,23.65,537.37,0
CUST-24630,47,Male,42,Month-to-month,Yes,Fiber optic,No,84.43,3540.3,1
CUST-24631,45,Female,18,One-year,Yes,No,No internet service,18.0,334.01,0
CUST-24632,53,Male,37,One-year,Yes,DSL,Yes,73.3,2757.82,0
CUST-24633,40,Male,47,One-year,Yes,DSL,No,50.52,2348.3,0
CUST-24634,33,Male,46,Month-to-month,Yes,DSL,Yes,72.35,3332.47,0
CUST-24635,38,Male,13,One-year,Yes,DSL,Yes,56.28,711.83,0
CUST-24636,22,Female,3,One-year,No,DSL,No,33.28,109.08,0
CUST-24637,47,Female,49,One-year,Yes,Fiber optic,Yes,99.74,4870.45,0
CUST-24638,22,Male,56,Month-to-month,No,Fiber optic,Yes,105.62,5947.54,0
CUST-24639,57,Female,47,One-year,No,Fiber optic,No,66.22,3098.55,1
CUST-24640,48,Male,63,One-year,Yes,Fiber optic,No,88.26,5563.51,0
CUST-24641,34,Female,48,Month-to-month,No,No,No internet service,18.0,850.97,0
CUST-24642,46,Male,45,Month-to-month,Yes,Fiber optic,No,54.04,2427.51,1
CUST-24643,66,Male,13,Month-to-month,Yes,No,No internet service,18.0,262.81,0
CUST-24644,25,Male,19,Two-year,Yes,No,No internet service,18.0,347.37,0
CUST-24645,53,Female,63,Month-to-month,No,DSL,No,53.22,3359.11,0
CUST-24646,50,Male,12,Month-to-month,Yes,Fiber optic,No,119.23,1416.87,1
CUST-24647,28,Female,54,Month-to-month,Yes,Fiber optic,Yes,97.16,5257.24,0
CUST-24648,43,Male,45,Month-to-month,No,Fiber optic,No,76.62,3462.02,0
CUST-24649,72,Female,24,Two-year,No,Fiber optic,Yes,94.15,2256.45,0
CUST-24650,56,Male,46,One-year,No,No,No internet service,25.09,1113.72,0
CUST-24651,41,Male,63,Month-to-month,Yes,No,No internet service,22.12,1382.28,0
CUST-24652,48,Male,50,One-year,Yes,Fiber optic,Yes,77.22,3892.81,0
CUST-24653,43,Male,60,Month-to-month,Yes,DSL,No,65.18,3921.52,0
CUST-24654,56,Female,32,Month-to-month,Yes,DSL,Yes,68.72,2195.84,0
CUST-24655,32,Male,8,Two-year,Yes,Fiber optic,Yes,86.76,739.51,1
CUST-24656,65,Male,13,One-year,Yes,DSL,No,71.21,954.64,1
CUST-24657,50,Female,30,Month-to-month,No,Fiber optic,No,41.01,1240.69,1
CUST-24658,47,Male,46,One-year,No,Fiber optic,No,79.03,3640.76,0
CUST-24659,59,Male,13,Two-year,No,DSL,Yes,50.34,667.6,0
CUST-24660,56,Male,23,Two-year,Yes,DSL,No,49.38,1105.77,0
CUST-24661,26,Male,35,Month-to-month,No,Fiber optic,No,79.0,2755.05,1
CUST-24662,67,Male,5,Month-to-month,Yes,Fiber optic,No,86.65,427.67,1
CUST-24663,73,Male,65,Month-to-month,Yes,DSL,No,69.43,4517.8,0
CUST-24664,64,Female,60,One-year,Yes,No,No internet service,19.57,1163.89,0
CUST-24665,26,Male,41,Two-year,Yes,Fiber optic,No,117.16,4771.33,0
CUST-24666,47,Male,65,Month-to-month,Yes,Fiber optic,Yes,95.03,6191.81,0
CUST-24667,35,Female,29,One-year,No,No,No internet service,18.0,486.17,1
CUST-24668,45,Female,6,Month-to-month,Yes,No,No internet service,18.0,85.24,0
CUST-24669,25,Male,42,One-year,No,Fiber optic,Yes,116.57,4916.41,0
CUST-24670,24,Female,39,One-year,Yes,No,No internet service,18.0,725.67,0
CUST-24671,68,Female,30,Month-to-month,Yes,DSL,No,51.86,1548.48,1
CUST-24672,23,Male,43,Two-year,Yes,Fiber optic,No,87.04,3745.72,1
CUST-24673,24,Female,72,One-year,No,No,No internet service,19.1,1369.73,0
CUST-24674,56,Female,35,Month-to-month,No,Fiber optic,Yes,112.8,3959.02,1
CUST-24675,53,Male,14,Month-to-month,No,Fiber optic,No,107.08,1497.27,0
CUST-24676,59,Female,13,Month-to-month,Yes,DSL,No,64.64,827.74,0
CUST-24677,49,Female,24,Two-year,Yes,Fiber optic,No,102.11,2412.32,0
CUST-24678,45,Female,60,Month-to-month,Yes,Fiber optic,No,93.78,5614.61,1
CUST-24679,22,Male,1,Two-year,No,No,No internet service,19.0,19.0,0
CUST-24680,59,Male,41,One-year,Yes,DSL,No,60.69,2471.77,1
CUST-24681,28,Male,18,Two-year,No,Fiber optic,No,104.6,1831.8,0
CUST-24682,57,Male,6,Month-to-month,Yes,DSL,Yes,72.31,466.59,1
CUST-24683,60,Female,52,One-year,No,No,No internet service,18.0,934.6,0
CUST-24684,29,Female,63,Month-to-month,Yes,DSL,Yes,50.49,3181.29,0
CUST-24685,73,Female,23,Month-to-month,No,DSL,No,44.89,1019.38,0
CUST-24686,72,Female,7,Month-to-month,Yes,Fiber optic,Yes,84.71,632.1,1
CUST-24687,43,Female,24,Month-to-month,Yes,DSL,No,62.94,1525.68,0
CUST-24688,19,Female,49,Month-to-month,Yes,DSL,Yes,64.27,3141.63,1
CUST-24689,44,Male,30,Two-year,Yes,Fiber optic,No,90.9,2708.33,0
CUST-24690,22,Male,49,One-year,Yes,Fiber optic,No,81.35,3963.91,0
CUST-24691,34,Female,55,Month-to-month,Yes,DSL,No,45.45,2543.96,0
CUST-24692,19,Male,27,Month-to-month,No,Fiber optic,No,75.13,2048.65,0
CUST-24693,62,Male,19,One-year,Yes,DSL,Yes,38.02,695.69,1
CUST-24694,48,Male,21,One-year,No,DSL,No,67.91,1391.08,0
CUST-24695,23,Male,50,Month-to-month,Yes,DSL,No,79.03,3933.59,0
CUST-24696,32,Male,17,One-year,Yes,Fiber optic,Yes,88.47,1476.4,1
CUST-24697,27,Male,36,One-year,No,DSL,No,33.55,1191.51,0
CUST-24698,71,Male,62,Month-to-month,No,No,No internet service,18.92,1179.45,0
CUST-24699,42,Male,62,Two-year,Yes,DSL,No,49.6,3052.03,0
CUST-24700,20,Male,35,Two-year,Yes,DSL,No,58.86,2092.01,0
CUST-24701,41,Female,22,Two-year,Yes,Fiber optic,Yes,107.36,2374.7,0
CUST-24702,40,Female,33,Month-to-month,No,No,No internet service,19.64,675.86,0
CUST-24703,63,Male,43,Month-to-month,Yes,No,No internet service,24.5,1106.15,0
CUST-24704,43,Female,15,Month-to-month,Yes,Fiber optic,No,87.18,1345.92,1
CUST-24705,25,Male,11,One-year,Yes,Fiber optic,No,72.08,810.12,0
CUST-24706,34,Female,3,Month-to-month,No,No,No internet service,28.37,83.38,0
CUST-24707,24,Male,8,Month-to-month,Yes,Fiber optic,Yes,90.74,714.67,1
CUST-24708,58,Male,17,Two-year,No,DSL,Yes,46.69,831.49,0
CUST-24709,28,Female,22,Month-to-month,Yes,Fiber optic,No,61.35,1352.27,1
CUST-24710,51,Female,61,Month-to-month,Yes,No,No internet service,20.42,1233.21,0
CUST-24711,45,Female,43,Month-to-month,Yes,Fiber optic,No,72.8,3115.02,0
CUST-24712,69,Male,13,Month-to-month,No,DSL,No,57.5,711.47,1
CUST-24713,57,Male,32,Month-to-month,Yes,DSL,Yes,71.42,2276.51,0
CUST-24714,22,Female,70,One-year,Yes,Fiber optic,No,67.91,4750.95,0
CUST-24715,20,Male,33,One-year,No,Fiber optic,Yes,99.63,3279.74,1
CUST-24716,42,Female,21,Two-year,No,DSL,No,47.62,1000.82,0
CUST-24717,26,Female,56,Month-to-month,Yes,No,No internet service,18.0,1014.03,0
CUST-24718,64,Female,42,One-year,Yes,DSL,No,56.64,2388.5,0
CUST-24719,64,Male,66,Month-to-month,No,Fiber optic,Yes,85.11,5632.84,0
CUST-24720,72,Female,55,One-year,No,Fiber optic,No,59.75,3324.25,0
CUST-24721,43,Male,58,Month-to-month,Yes,Fiber optic,No,81.39,4695.61,0
CUST-24722,57,Male,36,Month-to-month,No,Fiber optic,Yes,92.09,3333.11,1
CUST-24723,27,Male,35,One-year,Yes,DSL,Yes,75.49,2654.59,0
CUST-24724,71,Female,20,Month-to-month,Yes,DSL,Yes,56.81,1118.9,0
CUST-24725,43,Male,21,Month-to-month,No,DSL,No,67.21,1420.42,1
CUST-24726,63,Female,51,One-year,No,Fiber optic,Yes,65.51,3318.61,0
CUST-24727,19,Male,55,Month-to-month,Yes,No,No internet service,22.32,1258.18,0
CUST-24728,63,Female,56,One-year,No,Fiber optic,No,105.57,5929.82,0
CUST-24729,18,Male,38,Month-to-month,Yes,No,No internet service,22.47,907.47,1
CUST-24730,60,Female,25,Month-to-month,Yes,DSL,No,40.07,986.66,0
CUST-24731,28,Female,53,One-year,Yes,DSL,Yes,51.66,2730.94,0
CUST-24732,44,Male,60,One-year,No,Fiber optic,No,93.08,5602.64,0
CUST-24733,37,Female,71,One-year,Yes,DSL,No,51.59,3666.32,1
CUST-24734,37,Male,4,Month-to-month,Yes,Fiber optic,Yes,91.13,395.15,1
CUST-24735,41,Male,40,Two-year,No,Fiber optic,Yes,114.56,4594.65,0
CUST-24736,40,Female,67,One-year,Yes,DSL,Yes,38.09,2582.0,0
CUST-24737,41,Male,30,Month-to-month,Yes,DSL,No,61.59,1853.67,0
CUST-24738,29,Female,16,Month-to-month,Yes,Fiber optic,No,62.81,986.8,1
CUST-24739,24,Female,39,Month-to-month,Yes,DSL,No,63.03,2467.34,0
CUST-24740,59,Female,11,Month-to-month,Yes,No,No internet service,21.63,227.69,0
CUST-24741,33,Male,57,Month-to-month,No,Fiber optic,No,84.39,4803.63,1
CUST-24742,67,Male,24,Two-year,No,Fiber optic,No,84.86,2034.68,1
CUST-24743,41,Male,69,Month-to-month,No,DSL,No,65.27,4506.17,0
CUST-24744,68,Female,2,Month-to-month,No,Fiber optic,Yes,99.2,221.37,1
CUST-24745,51,Male,35,One-year,Yes,Fiber optic,No,91.14,3168.41,1
CUST-24746,27,Female,28,Month-to-month,No,No,No internet service,27.55,751.93,1
CUST-24747,27,Female,44,Month-to-month,No,Fiber optic,Yes,93.08,4098.36,0
CUST-24748,38,Male,33,One-year,No,Fiber optic,No,62.25,2047.59,0
CUST-24749,50,Male,53,Month-to-month,Yes,Fiber optic,No,80.35,4248.46,0
CUST-24750,72,Male,34,Two-year,Yes,Fiber optic,Yes,104.6,3545.36,1
CUST-24751,22,Female,27,Month-to-month,No,DSL,No,35.33,968.2,1
CUST-24752,38,Female,2,Two-year,Yes,Fiber optic,No,63.55,115.47,1
CUST-24753,31,Female,16,Month-to-month,Yes,Fiber optic,No,72.58,1172.52,1
CUST-24754,54,Male,13,Month-to-month,Yes,DSL,Yes,56.97,766.1,1
CUST-24755,50,Female,70,Two-year,Yes,Fiber optic,No,84.08,5871.55,0
CUST-24756,31,Female,51,Month-to-month,Yes,Fiber optic,No,83.11,4227.29,1
CUST-24757,66,Female,61,Month-to-month,No,DSL,Yes,68.01,4130.15,0
CUST-24758,35,Male,47,One-year,Yes,Fiber optic,No,56.96,2664.4,0
CUST-24759,61,Female,45,Month-to-month,Yes,Fiber optic,Yes,79.75,3600.51,1
CUST-24760,37,Male,34,Two-year,No,No,No internet service,18.0,630.43,0
CUST-24761,56,Female,58,One-year,No,Fiber optic,No,77.12,4487.6,0
CUST-24762,61,Male,39,Month-to-month,No,Fiber optic,No,74.76,2943.86,1
CUST-24763,57,Male,57,Month-to-month,Yes,Fiber optic,No,91.11,5182.98,0
CUST-24764,27,Male,6,Two-year,Yes,No,No internet service,25.04,101.74,1
CUST-24765,65,Female,5,Month-to-month,Yes,Fiber optic,Yes,79.47,401.33,1
CUST-24766,50,Female,31,Month-to-month,No,Fiber optic,Yes,113.36,3516.67,1
CUST-24767,33,Male,40,Month-to-month,Yes,Fiber optic,No,89.1,3593.18,1
CUST-24768,42,Female,1,One-year,Yes,Fiber optic,No,96.52,96.52,1
CUST-24769,18,Male,14,Two-year,Yes,DSL,No,57.64,787.12,1
CUST-24770,38,Male,2,Two-year,Yes,DSL,No,53.1,124.9,1
CUST-24771,35,Male,45,Month-to-month,No,No,No internet service,18.28,845.2,0
CUST-24772,66,Male,26,One-year,Yes,DSL,No,49.98,1276.9,0
CUST-24773,47,Female,53,One-year,No,DSL,Yes,53.36,2831.1,0
CUST-24774,61,Female,42,Month-to-month,Yes,Fiber optic,No,84.87,3559.4,1
CUST-24775,60,Male,48,Month-to-month,Yes,No,No internet service,24.83,1192.67,0
CUST-24776,50,Male,59,One-year,No,DSL,No,52.97,3147.75,0
CUST-24777,66,Female,42,Two-year,Yes,Fiber optic,Yes,86.8,3668.27,0
CUST-24778,19,Female,55,Month-to-month,Yes,No,No internet service,26.69,1432.04,0
CUST-24779,26,Male,1,One-year,No,No,No internet service,24.63,24.63,0
CUST-24780,48,Female,2,One-year,Yes,DSL,Yes,61.65,100.93,1
CUST-24781,64,Female,5,Month-to-month,Yes,Fiber optic,Yes,88.23,481.36,1
CUST-24782,68,Male,48,Month-to-month,No,DSL,No,51.84,2436.97,1
CUST-24783,43,Male,45,Month-to-month,No,Fiber optic,Yes,120.0,5404.31,0
CUST-24784,69,Male,58,Month-to-month,Yes,DSL,No,52.95,3051.05,0
CUST-24785,29,Female,55,Two-year,Yes,DSL,No,39.37,2157.31,1
CUST-24786,19,Female,24,Month-to-month,Yes,DSL,Yes,60.53,1458.67,1
CUST-24787,43,Female,65,Month-to-month,Yes,DSL,No,59.48,3854.56,1
CUST-24788,58,Male,44,One-year,No,No,No internet service,19.9,848.9,0
CUST-24789,24,Female,14,One-year,Yes,Fiber optic,Yes,94.0,1354.89,0
CUST-24790,41,Female,43,One-year,No,Fiber optic,Yes,80.96,3496.38,1
CUST-24791,57,Male,16,Two-year,No,No,No internet service,18.0,275.64,0
CUST-24792,35,Male,59,Month-to-month,Yes,DSL,Yes,49.15,2852.84,0
CUST-24793,72,Male,19,Two-year,Yes,Fiber optic,No,94.87,1768.35,0
CUST-24794,66,Female,69,Month-to-month,No,Fiber optic,No,64.7,4437.96,1
CUST-24795,18,Female,10,Month-to-month,No,DSL,No,49.33,544.41,0
CUST-24796,47,Male,13,Month-to-month,No,DSL,Yes,74.62,981.66,1
CUST-24797,18,Male,50,Month-to-month,No,Fiber optic,No,89.48,4473.5,1
CUST-24798,22,Female,34,One-year,Yes,Fiber optic,Yes,76.06,2590.96,1
CUST-24799,23,Male,19,Month-to-month,No,Fiber optic,Yes,67.48,1282.39,1
CUST-24800,57,Female,23,Month-to-month,Yes,Fiber optic,Yes,105.13,2409.64,1
CUST-24801,41,Female,13,Month-to-month,Yes,No,No internet service,18.0,208.12,1
CUST-24802,35,Male,61,Two-year,Yes,DSL,No,55.9,3427.82,0
CUST-24803,46,Male,46,One-year,Yes,DSL,No,52.7,2420.0,1
CUST-24804,26,Male,13,Month-to-month,Yes,Fiber optic,No,110.71,1435.38,1
CUST-24805,57,Male,4,Two-year,Yes,DSL,No,43.83,182.5,0
CUST-24806,60,Male,7,Two-year,No,Fiber optic,No,57.46,410.41,0
CUST-24807,52,Female,3,Month-to-month,No,Fiber optic,Yes,88.01,279.63,1
CUST-24808,45,Female,65,Month-to-month,No,Fiber optic,No,63.88,4157.76,0
CUST-24809,74,Female,4,Two-year,No,Fiber optic,No,50.31,184.28,1
CUST-24810,32,Female,3,One-year,Yes,No,No internet service,21.07,90.58,0
CUST-24811,50,Male,36,Month-to-month,Yes,DSL,No,62.88,2285.13,0
CUST-24812,55,Male,13,Month-to-month,Yes,No,No internet service,22.97,266.07,1
CUST-24813,29,Male,23,One-year,Yes,Fiber optic,Yes,93.91,2147.56,1
CUST-24814,55,Male,38,Month-to-month,Yes,No,No internet service,18.0,697.72,0
CUST-24815,19,Female,35,One-year,No,No,No internet service,18.0,623.83,0
CUST-24816,49,Female,26,One-year,No,DSL,No,44.55,1178.74,0
CUST-24817,35,Female,51,Month-to-month,No,Fiber optic,No,80.49,4105.56,1
CUST-24818,32,Male,7,One-year,Yes,No,No internet service,26.11,171.42,0
CUST-24819,31,Male,17,Two-year,Yes,Fiber optic,No,117.98,2035.16,0
CUST-24820,50,Female,54,Month-to-month,Yes,No,No internet service,18.0,952.6,0
CUST-24821,45,Female,14,One-year,No,No,No internet service,18.0,246.27,0
CUST-24822,34,Male,66,One-year,Yes,Fiber optic,Yes,106.19,6982.41,0
CUST-24823,36,Female,64,Month-to-month,Yes,DSL,Yes,66.44,4258.66,0
CUST-24824,56,Female,39,Month-to-month,No,DSL,Yes,73.64,2881.32,0
CUST-24825,52,Female,18,Month-to-month,No,Fiber optic,No,62.74,1146.71,1
CUST-24826,34,Female,14,Two-year,No,No,No internet service,26.03,358.54,0
CUST-24827,25,Female,1,Month-to-month,Yes,Fiber optic,No,85.06,85.06,1
CUST-24828,47,Male,18,Month-to-month,Yes,No,No internet service,22.75,410.63,0
CUST-24829,59,Female,37,One-year,Yes,DSL,No,50.97,1887.21,0
CUST-24830,36,Male,60,Two-year,Yes,Fiber optic,Yes,90.15,5404.66,0
CUST-24831,18,Female,15,Month-to-month,Yes,No,No internet service,18.0,275.12,0
CUST-24832,30,Male,5,Month-to-month,No,No,No internet service,26.96,102.02,1
CUST-24833,58,Male,66,Month-to-month,No,Fiber optic,No,105.57,6987.9,1
CUST-24834,21,Male,25,Month-to-month,Yes,DSL,No,48.35,1278.24,0
CUST-24835,63,Female,35,Month-to-month,No,DSL,Yes,57.79,2022.4,1
CUST-24836,37,Male,63,Month-to-month,No,DSL,No,56.0,3536.48,0
CUST-24837,25,Male,17,One-year,No,DSL,No,48.81,827.36,1
CUST-24838,38,Male,46,Month-to-month,No,DSL,Yes,56.12,2603.57,0
CUST-24839,39,Female,66,Month-to-month,No,DSL,Yes,63.03,4166.15,0
CUST-24840,39,Male,16,Two-year,No,DSL,No,54.84,867.82,1
CUST-24841,63,Male,28,Month-to-month,Yes,Fiber optic,No,96.31,2688.45,0
CUST-24842,29,Female,62,Two-year,Yes,Fiber optic,No,95.13,5878.02,0
CUST-24843,44,Male,36,One-year,No,DSL,No,57.71,2083.92,0
CUST-24844,32,Male,22,One-year,Yes,DSL,No,61.0,1364.47,0
CUST-24845,41,Female,35,One-year,Yes,Fiber optic,Yes,94.13,3263.42,1
CUST-24846,68,Female,22,Two-year,No,Fiber optic,No,103.05,2279.69,1
CUST-24847,38,Female,9,Month-to-month,No,No,No internet service,22.87,205.26,0
CUST-24848,36,Female,69,Two-year,Yes,DSL,Yes,50.45,3507.51,0
CUST-24849,56,Female,8,Month-to-month,Yes,DSL,No,46.19,378.02,0
CUST-24850,34,Male,34,One-year,No,Fiber optic,No,92.88,3139.31,0
CUST-24851,23,Female,53,Two-year,No,No,No internet service,22.39,1231.19,0
CUST-24852,25,Female,49,Month-to-month,Yes,No,No internet service,18.0,895.95,0
CUST-24853,41,Male,45,Month-to-month,No,Fiber optic,No,75.27,3381.26,0
CUST-24854,52,Female,9,One-year,No,DSL,No,49.2,425.29,1
CUST-24855,55,Male,36,Month-to-month,Yes,DSL,No,60.15,2195.19,1
CUST-24856,18,Female,18,Month-to-month,Yes,Fiber optic,Yes,120.0,2146.11,1
CUST-24857,26,Male,18,Month-to-month,No,Fiber optic,Yes,77.63,1379.16,1
CUST-24858,71,Male,68,Month-to-month,Yes,DSL,No,50.29,3434.07,0
CUST-24859,21,Male,21,Month-to-month,Yes,DSL,No,76.87,1587.32,1
CUST-24860,21,Female,16,Month-to-month,Yes,Fiber optic,No,102.59,1655.07,1
CUST-24861,70,Male,61,Month-to-month,Yes,Fiber optic,Yes,81.71,4990.74,0
CUST-24862,60,Male,5,Month-to-month,Yes,Fiber optic,No,78.49,366.67,1
CUST-24863,25,Male,49,Month-to-month,Yes,Fiber optic,No,89.68,4379.35,1
CUST-24864,68,Female,72,One-year,Yes,Fiber optic,Yes,106.39,7619.4,0
CUST-24865,21,Male,40,One-year,No,DSL,Yes,68.56,2698.9,0
CUST-24866,37,Male,35,Two-year,No,Fiber optic,No,50.78,1797.15,0
CUST-24867,19,Female,25,Month-to-month,No,No,No internet service,24.02,652.92,0
CUST-24868,67,Female,31,Month-to-month,No,Fiber optic,Yes,110.3,3414.86,1
CUST-24869,44,Female,54,Month-to-month,Yes,Fiber optic,No,85.32,4581.08,1
CUST-24870,44,Male,32,Two-year,No,DSL,Yes,60.5,1937.88,0
CUST-24871,61,Female,24,Month-to-month,No,Fiber optic,No,101.06,2464.36,1
CUST-24872,49,Male,26,Month-to-month,No,DSL,No,66.69,1671.92,1
CUST-24873,32,Female,47,One-year,Yes,DSL,Yes,67.12,3140.05,0
CUST-24874,55,Male,59,Month-to-month,No,DSL,No,67.29,3976.59,0
CUST-24875,43,Male,49,Two-year,Yes,Fiber optic,No,105.39,5156.99,0
CUST-24876,47,Male,52,Month-to-month,No,DSL,No,48.3,2523.43,0
CUST-24877,49,Male,39,Two-year,Yes,No,No internet service,18.0,662.34,0
CUST-24878,74,Male,15,Month-to-month,No,DSL,No,58.4,856.3,1
CUST-24879,26,Female,61,Month-to-month,No,Fiber optic,No,88.11,5407.67,1
CUST-24880,69,Male,4,One-year,Yes,DSL,No,44.62,167.85,1
CUST-24881,23,Male,22,One-year,No,DSL,Yes,50.25,1131.51,0
CUST-24882,49,Female,10,One-year,Yes,Fiber optic,Yes,88.12,861.52,1
CUST-24883,47,Male,50,Month-to-month,Yes,DSL,No,62.34,3093.41,1
CUST-24884,41,Male,45,One-year,No,DSL,No,43.12,1955.86,0
CUST-24885,54,Male,38,Two-year,Yes,Fiber optic,No,86.75,3292.12,0
CUST-24886,67,Female,6,Month-to-month,No,DSL,No,57.58,352.46,1
CUST-24887,30,Male,32,Month-to-month,Yes,Fiber optic,No,97.2,3110.91,1
CUST-24888,36,Female,72,Month-to-month,Yes,DSL,No,51.6,3726.77,0
CUST-24889,51,Female,48,Two-year,Yes,Fiber optic,Yes,89.27,4322.63,0
CUST-24890,74,Male,2,Month-to-month,Yes,Fiber optic,No,94.9,210.15,1
CUST-24891,62,Male,21,Month-to-month,No,Fiber optic,No,90.92,1926.6,0
CUST-24892,73,Male,38,Two-year,No,Fiber optic,No,67.01,2536.28,1
CUST-24893,29,Female,36,Month-to-month,No,No,No internet service,20.55,787.73,1
CUST-24894,66,Female,47,Month-to-month,No,Fiber optic,No,54.99,2557.82,0
CUST-24895,35,Female,44,Month-to-month,No,Fiber optic,Yes,96.04,4233.78,1
CUST-24896,26,Male,59,Month-to-month,Yes,Fiber optic,No,92.12,5445.78,1
CUST-24897,57,Male,32,Month-to-month,Yes,Fiber optic,No,98.92,3160.39,1
CUST-24898,50,Male,37,Month-to-month,No,DSL,No,46.07,1688.63,0
CUST-24899,33,Female,11,Month-to-month,No,DSL,No,54.1,589.66,1
CUST-24900,64,Female,31,Month-to-month,No,DSL,Yes,49.49,1551.73,0
CUST-24901,35,Female,17,Month-to-month,No,Fiber optic,No,71.79,1188.18,0
CUST-24902,36,Female,72,Month-to-month,Yes,Fiber optic,No,62.31,4467.83,0
CUST-24903,24,Female,31,Month-to-month,Yes,Fiber optic,Yes,108.74,3378.56,1
CUST-24904,53,Male,35,Month-to-month,No,DSL,Yes,40.3,1377.18,0
CUST-24905,72,Female,6,One-year,No,DSL,Yes,51.93,315.47,0
CUST-24906,40,Female,72,Month-to-month,Yes,DSL,Yes,71.46,5119.24,1
CUST-24907,47,Female,14,Month-to-month,Yes,DSL,No,56.65,782.88,1
CUST-24908,39,Male,46,Two-year,Yes,DSL,Yes,77.75,3589.8,0
CUST-24909,31,Male,20,Month-to-month,Yes,Fiber optic,No,64.64,1327.34,0
CUST-24910,25,Female,65,One-year,Yes,Fiber optic,No,61.79,4019.27,1
CUST-24911,18,Male,23,One-year,Yes,DSL,No,57.46,1312.18,0
CUST-24912,52,Male,28,Month-to-month,Yes,No,No internet service,18.64,517.79,1
CUST-24913,64,Female,39,Two-year,No,Fiber optic,No,71.19,2816.74,0
CUST-24914,49,Female,51,One-year,Yes,DSL,Yes,71.68,3669.91,0
CUST-24915,22,Male,11,Two-year,Yes,No,No internet service,18.0,204.87,0
CUST-24916,36,Male,18,Month-to-month,No,No,No internet service,18.0,276.18,1
CUST-24917,39,Male,56,One-year,No,DSL,No,54.35,3035.96,0
CUST-24918,49,Female,28,Month-to-month,No,DSL,No,65.85,1859.87,0
CUST-24919,62,Female,2,Month-to-month,Yes,Fiber optic,Yes,80.35,149.37,1
CUST-24920,61,Male,67,One-year,No,No,No internet service,26.74,1779.07,0
CUST-24921,38,Female,11,Month-to-month,Yes,Fiber optic,No,104.87,1140.92,1
CUST-24922,65,Female,28,Month-to-month,Yes,No,No internet service,22.39,613.05,1
CUST-24923,57,Female,33,Month-to-month,No,Fiber optic,No,63.89,2111.92,1
CUST-24924,44,Male,24,Month-to-month,No,Fiber optic,Yes,100.51,2390.44,1
CUST-24925,34,Female,27,Two-year,Yes,DSL,No,66.88,1818.53,0
CUST-24926,59,Male,44,Month-to-month,No,Fiber optic,No,81.25,3568.62,1
CUST-24927,23,Male,32,One-year,Yes,Fiber optic,No,79.12,2511.06,0
CUST-24928,33,Female,21,One-year,No,DSL,Yes,58.83,1261.18,0
CUST-24929,30,Male,46,Month-to-month,No,DSL,No,49.42,2271.97,0
CUST-24930,74,Female,6,Month-to-month,No,DSL,Yes,72.51,477.88,1
CUST-24931,58,Female,36,Month-to-month,No,No,No internet service,24.74,907.32,0
CUST-24932,45,Male,4,One-year,Yes,DSL,Yes,58.86,236.61,0
CUST-24933,69,Female,2,One-year,No,Fiber optic,No,94.68,163.77,1
CUST-24934,27,Male,14,Month-to-month,Yes,DSL,No,39.79,592.3,0
CUST-24935,38,Female,8,Two-year,Yes,Fiber optic,No,86.53,687.3,1
CUST-24936,70,Female,49,Month-to-month,No,Fiber optic,No,85.95,4235.99,1
CUST-24937,20,Male,16,Month-to-month,Yes,No,No internet service,32.3,497.03,0
CUST-24938,37,Male,70,Month-to-month,No,Fiber optic,No,87.01,6096.42,0
CUST-24939,70,Male,25,One-year,No,DSL,No,44.8,1136.87,0
CUST-24940,51,Female,7,Two-year,No,Fiber optic,Yes,83.84,588.54,0
CUST-24941,58,Male,19,Month-to-month,Yes,Fiber optic,No,92.13,1744.22,1
CUST-24942,32,Female,17,One-year,Yes,No,No internet service,18.0,298.04,1
CUST-24943,63,Female,47,Month-to-month,Yes,Fiber optic,No,80.77,3818.97,0
CUST-24944,30,Female,21,Two-year,Yes,Fiber optic,No,67.36,1402.64,0
CUST-24945,57,Female,60,One-year,No,No,No internet service,18.0,1061.67,0
CUST-24946,65,Male,16,Month-to-month,No,DSL,No,43.71,702.02,1
CUST-24947,60,Female,38,One-year,No,No,No internet service,18.0,706.02,0
CUST-24948,24,Male,51,Month-to-month,Yes,DSL,No,52.23,2670.6,0
CUST-24949,27,Male,71,One-year,No,DSL,No,53.78,3799.02,1
CUST-24950,36,Male,15,One-year,No,No,No internet service,24.11,370.48,1
CUST-24951,35,Male,52,One-year,Yes,DSL,No,41.37,2152.26,0
CUST-24952,68,Female,42,One-year,Yes,Fiber optic,Yes,103.28,4340.96,1
CUST-24953,55,Male,66,One-year,Yes,Fiber optic,No,82.81,5469.93,0
CUST-24954,22,Male,6,One-year,Yes,Fiber optic,No,102.88,610.47,1
CUST-24955,52,Male,70,Two-year,Yes,No,No internet service,18.0,1275.96,0
CUST-24956,61,Female,39,Month-to-month,No,DSL,No,71.16,2784.13,0
CUST-24957,33,Female,57,One-year,Yes,Fiber optic,No,95.33,5461.24,1
CUST-24958,53,Female,29,One-year,No,Fiber optic,Yes,96.35,2793.31,1
CUST-24959,60,Male,14,Month-to-month,Yes,No,No internet service,18.0,262.73,1
CUST-24960,39,Female,17,Two-year,Yes,Fiber optic,No,82.77,1392.15,0
CUST-24961,25,Male,48,Two-year,Yes,Fiber optic,No,86.45,4157.92,0
CUST-24962,64,Male,2,Month-to-month,Yes,Fiber optic,Yes,105.48,167.2,1
CUST-24963,19,Female,62,Month-to-month,Yes,Fiber optic,Yes,120.0,7432.84,0
CUST-24964,67,Male,64,Month-to-month,Yes,Fiber optic,No,98.33,6308.99,0
CUST-24965,74,Female,54,Month-to-month,Yes,DSL,No,57.34,3055.22,0
CUST-24966,28,Female,17,Month-to-month,No,Fiber optic,No,89.18,1545.1,1
CUST-24967,20,Female,31,Two-year,No,Fiber optic,No,80.04,2515.75,1
CUST-24968,29,Male,3,One-year,Yes,Fiber optic,No,81.06,240.2,1
CUST-24969,21,Male,49,Month-to-month,Yes,Fiber optic,No,77.24,3795.92,1
CUST-24970,19,Female,23,One-year,No,Fiber optic,No,119.38,2768.6,0
CUST-24971,45,Male,23,Two-year,No,Fiber optic,No,109.05,2536.94,0
CUST-24972,24,Male,61,Two-year,No,Fiber optic,No,78.66,4795.39,0
CUST-24973,28,Female,61,One-year,Yes,No,No internet service,18.0,1102.88,0
CUST-24974,49,Female,4,Month-to-month,Yes,DSL,No,31.92,100.64,1
CUST-24975,60,Male,23,Month-to-month,Yes,DSL,No,53.47,1197.76,1
CUST-24976,55,Female,34,One-year,No,No,No internet service,21.6,741.9,0
CUST-24977,54,Male,43,One-year,Yes,DSL,No,39.23,1691.72,0
CUST-24978,25,Female,26,Month-to-month,Yes,No,No internet service,18.0,426.21,0
CUST-24979,39,Female,13,Month-to-month,No,DSL,No,48.61,593.77,0
CUST-24980,59,Male,38,One-year,Yes,Fiber optic,No,70.62,2704.5,0
CUST-24981,71,Male,71,Month-to-month,No,No,No internet service,21.93,1542.56,0
CUST-24982,29,Female,18,Two-year,No,No,No internet service,29.54,525.64,0
CUST-24983,55,Male,44,One-year,Yes,DSL,No,53.49,2385.52,0
CUST-24984,60,Male,8,Month-to-month,Yes,Fiber optic,No,91.3,749.29,1
CUST-24985,40,Female,8,Month-to-month,No,DSL,No,47.58,354.46,1
CUST-24986,54,Male,39,Month-to-month,Yes,DSL,No,51.61,2026.94,0
CUST-24987,33,Female,23,Month-to-month,No,DSL,No,49.8,1185.91,1
CUST-24988,32,Male,53,Month-to-month,Yes,Fiber optic,No,85.53,4532.94,1
CUST-24989,31,Male,6,Month-to-month,No,Fiber optic,Yes,91.42,544.13,1
CUST-24990,24,Female,17,Month-to-month,No,Fiber optic,No,74.5,1282.55,0
CUST-24991,65,Male,13,Month-to-month,Yes,Fiber optic,No,63.81,868.73,1
CUST-24992,46,Female,50,Month-to-month,Yes,DSL,Yes,75.15,3749.32,1
CUST-24993,28,Female,49,Two-year,Yes,Fiber optic,Yes,120.0,5899.17,0
CUST-24994,42,Male,39,Month-to-month,No,Fiber optic,No,55.69,2175.09,1
CUST-24995,50,Female,19,Month-to-month,Yes,DSL,No,45.27,871.79,1
CUST-24996,46,Female,1,Month-to-month,Yes,DSL,No,40.78,57.22,1
CUST-24997,18,Male,9,Month-to-month,No,DSL,No,64.64,586.37,1
CUST-24998,74,Female,32,Month-to-month,No,No,No internet service,19.75,643.92,0
CUST-24999,37,Female,69,Month-to-month,Yes,Fiber optic,No,77.74,5384.12,1
