 10000  56  1  28  0  1  2  0   68.14  1874.53  1
 10001  69  1   5  0  1  0  2   18.23   104.18  1
 10002  46  0  21  1  0  1  1   66.54  1411.19  0
 10003  32  0  18  0  0  1  1   55.02  1004.36  1
 10004  60  1  47  0  1  2  0   64.80  3027.09  0
 10005  25  0  70  2  1  1  0   50.60  3541.59  0
 10006  38  0  57  0  1  2  0   65.00  3709.79  0
 10007  56  0  19  1  0  1  0   61.72  1184.57  1
 10008  36  0  65  0  0  2  0   33.38  2182.04  0
 10009  40  1   3  0  0  1  0   43.32   101.70  1
 10010  28  1  42  1  0  2  0  106.20  4494.84  0
 10011  28  1  21  2  1  2  0   81.67  1690.90  0
 10012  41  0  40  0  1  1  1   66.84  2640.98  0
 10013  70  0  67  1  0  1  1   63.71  4209.90  0
 10014  53  0  25  0  0  2  0   75.59  1903.72  1
 10015  57  0  55  0  1  2  0  101.43  5607.63  0
 10016  41  0  52  0  1  0  2   18.00   923.35  1
 10017  20  1  44  0  0  1  0   46.72  2020.32  1
 10018  39  0  56  0  1  2  0   94.85  5329.09  0
 10019  70  0  55  0  1  1  1   45.69  2486.99  1
 10020  19  1  70  0  0  1  1   62.15  4362.88  0
 10021  41  0  66  0  0  2  1   87.22  5738.03  1
 10022  61  1  19  0  1  1  0   51.96   978.46  0
 10023  47  1   7  1  0  0  2   18.00   132.38  0
 10024  55  1  63  2  1  1  0   58.75  3707.78  0
 10025  19  1  42  1  1  2  0  101.50  4265.14  1
 10026  38  1  42  0  1  0  2   22.30   966.00  0
 10027  50  0  59  2  0  2  0   79.95  4751.34  0
 10028  29  1  20  1  0  0  2   23.16   499.05  0
 10029  39  1  17  0  0  2  0   96.23  1632.39  1
 10030  61  0  27  0  0  1  0   58.61  1584.59  0
 10031  42  0  47  1  1  1  0   65.49  3105.60  0
 10032  66  1   2  1  1  2  0   49.79    86.55  1
 10033  44  0  63  1  1  1  0   55.27  3473.41  0
 10034  59  0  62  1  1  1  0   58.08  3601.38  0
 10035  45  1  19  1  0  2  0   62.78  1192.43  0
 10036  33  1  17  2  0  1  0   57.21   966.84  1
 10037  32  0  69  0  0  1  0   64.15  4407.65  0
 10038  64  1  39  0  1  2  0   81.64  3201.05  1
 10039  68  1  71  2  1  0  2   23.28  1645.13  0
 10040  61  0  39  0  1  0  2   25.11   982.42  0
 10041  72  1  36  1  1  2  0  105.14  3784.90  1
 10042  69  1  40  2  1  1  1   76.62  3078.31  0
 10043  74  1  45  1  1  2  0  105.48  4755.72  0
 10044  20  1   4  1  1  1  0   50.00   194.89  1
 10045  54  1  25  0  1  0  2   18.05   442.95  1
 10046  68  0  69  0  1  2  1   57.90  3992.89  0
 10047  24  0  30  0  1  0  2   18.00   517.80  0
 10048  38  1  68  1  1  1  0   67.18  4552.15  1
 10049  26  0  29  1  1  2  0   75.93  2212.58  0
 10050  56  1  68  1  1  0  2   21.99  1501.31  0
 10051  35  1  51  0  1  1  0   57.41  2908.59  1
 10052  21  1  24  0  1  1  0   67.41  1615.44  0
 10053  42  1  14  1  1  1  0   34.80   455.94  0
 10054  31  1  69  0  1  2  0   90.29  6232.72  1
 10055  67  0  18  0  0  2  1  100.05  1794.18  1
 10056  26  0  42  1  0  0  2   18.00   797.90  0
 10057  43  1  57  1  0  1  0   64.60  3693.94  0
 10058  70  0  12  0  1  0  2   18.00   196.94  0
 10059  19  1  17  2  1  2  0  100.97  1697.15  1
 10060  37  0  30  0  0  1  0   33.44  1015.95  1
 10061  45  1  23  2  1  0  2   18.00   431.59  0
 10062  64  0   1  0  0  2  1   92.90   130.07  1
 10063  24  1  32  0  1  2  0   88.26  2847.45  1
 10064  61  1   9  2  1  1  1   46.32   426.42  1
 10065  25  0  15  0  0  2  0  100.64  1538.06  1
 10066  64  0  28  1  1  2  1  106.30  2977.89  0
 10067  52  1  24  2  1  0  2   29.52   709.08  0
 10068  31  0  60  2  1  0  2   23.51  1386.35  0
 10069  34  1  35  2  1  1  0   47.64  1697.57  0
 10070  53  0  27  0  1  1  1   54.29  1468.48  1
 10071  67  0  20  1  1  0  2   18.00   358.03  0
 10072  57  1  65  0  0  1  0   76.81  4976.77  0
 10073  21  0  49  0  0  2  0   85.71  4224.30  0
 10074  19  0   1  2  1  2  1   96.35   116.08  1
 10075  23  1  10  0  0  2  0  105.69  1038.86  1
 10076  71  0  47  1  1  2  0   67.53  3184.12  0
 10077  59  1  59  0  1  2  0   93.08  5507.64  1
 10078  21  1  62  1  0  2  0   92.75  5725.57  0
 10079  71  1  18  2  0  2  1  109.36  1981.30  0
 10080  46  1  46  0  0  2  0   97.78  4506.70  1
 10081  35  1  32  1  1  1  0   54.41  1753.58  1
 10082  43  0  27  2  1  2  0   64.25  1774.48  0
 10083  61  1  18  0  0  1  0   49.35   947.53  1
 10084  51  1  39  0  1  2  1  107.63  4222.29  1
 10085  27  0  49  1  0  0  2   29.27  1439.44  0
 10086  53  0  44  0  1  0  2   18.00   804.76  0
 10087  31  0  72  0  0  1  1   52.11  3760.60  0
 10088  48  1  54  2  1  1  0   39.26  2167.07  0
 10089  65  1  34  0  1  0  2   18.00   614.75  0
 10090  32  1  71  2  1  2  0   99.21  7035.62  0
 10091  25  0  36  2  0  0  2   26.58   967.85  0
 10092  31  1  18  1  0  1  1   44.21   837.53  0
 10093  40  0  38  0  1  1  0   42.95  1612.73  0
 10094  74  1  59  0  0  2  0   64.12  3769.64  0
 10095  57  0   9  0  1  1  1   56.32   492.33  1
 10096  38  1  72  2  1  1  1   62.78  4496.22  0
 10097  33  1  51  0  1  1  1   61.03  3093.51  1
 10098  62  1  35  0  1  1  0   60.14  2123.71  0
 10099  35  0   5  0  1  2  0   56.10   284.90  1
 10100  64  0  14  0  1  2  0   77.19  1054.78  1
 10101  70  1  30  0  0  2  0  105.50  3178.71  0
 10102  41  1   4  1  0  2  1  116.07   471.19  0
 10103  43  1  39  0  0  2  1  119.97  4697.86  1
 10104  42  0  64  0  1  2  0   90.90  5805.52  0
 10105  62  1  25  0  0  2  1   85.17  2104.71  0
 10106  58  1  28  1  0  1  0   56.75  1602.60  0
 10107  46  1  66  1  1  2  0  120.00  7936.50  0
 10108  32  1  22  0  0  0  2   18.00   373.91  0
 10109  62  0  31  1  1  1  1   83.33  2587.99  1
 10110  18  0  23  0  1  1  0   30.63   692.16  0
 10111  42  1  48  2  1  2  0   93.58  4511.26  0
 10112  24  1  20  0  1  1  0   61.47  1242.64  1
 10113  26  0  38  1  0  1  1   68.74  2636.49  0
 10114  41  0  55  2  1  0  2   22.20  1204.18  0
 10115  18  1  68  2  1  1  1   70.23  4761.85  0
 10116  61  0   1  0  0  1  0   60.70    60.70  1
 10117  25  0   7  0  0  0  2   18.35   117.85  1
 10118  41  1  57  1  0  2  0   80.93  4620.38  0
 10119  28  0  12  0  1  2  1   74.59   873.54  0
 10120  68  0   5  2  1  1  0   62.32   342.02  0
 10121  34  1  50  1  0  2  0  104.53  5261.38  1
 10122  25  1  42  1  1  2  0  111.17  4691.33  1
 10123  52  0  12  0  1  1  1   56.79   691.48  0
 10124  52  1  18  1  1  2  1   69.14  1242.06  0
 10125  50  0  66  1  1  1  1   68.76  4541.94  0
 10126  22  1  17  2  1  0  2   18.00   290.87  0
 10127  59  0  68  0  1  2  0   93.58  6366.59  1
 10128  56  1  71  0  1  2  0   51.92  3693.03  0
 10129  58  0  62  0  1  2  1  111.31  6884.71  0
 10130  45  0  41  0  1  2  0   87.30  3611.73  0
 10131  24  0  34  1  1  2  1   66.18  2248.44  0
 10132  26  1  70  2  0  2  0   89.56  6248.63  0
 10133  25  1  45  0  0  2  1   96.42  4334.79  0
 10134  29  0  58  2  1  2  1  102.84  5952.67  0
 10135  51  0  51  0  1  1  1   73.02  3707.21  0
 10136  50  1  34  0  1  0  2   18.00   643.43  0
 10137  65  1  44  0  1  1  0   50.29  2212.96  0
 10138  72  1  15  0  1  1  1   64.11   982.25  1
 10139  40  1  70  2  1  2  1   90.57  6348.13  1
 10140  41  1  50  0  0  1  1   61.49  3084.03  0
 10141  54  1  32  1  0  2  0  100.82  3225.97  1
 10142  52  0  67  0  1  2  0   59.03  3946.37  0
 10143  61  1   3  2  1  0  2   18.54    81.62  0
 10144  57  0  51  0  0  2  0   81.82  4185.90  1
 10145  39  1  67  0  1  2  0   83.36  5581.50  0
 10146  44  1  48  0  0  0  2   18.00   883.89  0
 10147  52  0  17  0  1  0  2   30.71   552.27  1
 10148  18  0   7  0  0  2  1  109.68   775.08  1
 10149  52  1  13  2  0  2  0  118.17  1567.24  1
 10150  54  0  66  1  0  1  1   71.40  4702.86  0
 10151  64  0   4  1  1  1  0   62.62   232.49  1
 10152  31  0  10  0  1  2  0   84.93   842.44  1
 10153  20  0  17  0  1  1  0   70.63  1201.53  1
 10154  18  1  52  0  0  0  2   22.83  1218.27  0
 10155  22  0   6  2  1  2  1   92.14   545.22  0
 10156  43  1  69  2  1  0  2   29.23  2024.55  0
 10157  72  1   9  2  1  0  2   18.00   184.02  0
 10158  31  1  21  2  1  2  1   84.02  1773.77  1
 10159  56  1  24  0  1  1  0   83.11  1984.77  1
 10160  44  0   4  0  1  2  0   95.06   354.67  1
 10161  26  0  24  0  1  1  1   38.67   952.46  0
 10162  32  1  59  0  1  1  1   75.19  4415.16  0
 10163  32  1   3  0  0  2  0   69.65   201.38  1
 10164  43  1  68  0  0  1  0   49.26  3350.36  0
 10165  59  1  40  1  0  0  2   32.75  1335.27  0
 10166  30  0  48  2  1  2  0  109.83  5291.79  0
 10167  68  1  54  1  0  2  1  120.00  6482.97  0
 10168  49  0  35  2  1  2  0   75.89  2680.41  0
 10169  56  1  56  0  1  1  1   62.09  3505.69  0
 10170  66  1  40  0  1  0  2   21.09   834.07  0
 10171  69  1  68  1  1  0  2   24.34  1647.26  0
 10172  49  1  46  0  1  2  0   79.87  3689.00  1
 10173  21  0  13  0  0  1  1   83.78  1123.08  1
 10174  47  0  27  0  1  2  1  102.37  2750.09  0
 10175  54  0   6  0  1  2  1  117.36   667.32  1
 10176  40  1  17  0  1  1  0   47.20   815.39  1
 10177  56  1  36  0  1  1  0   50.81  1856.45  1
 10178  62  0   2  0  1  1  0   57.46   117.51  1
 10179  32  0  52  1  1  0  2   18.00   988.68  0
 10180  60  1  66  0  0  1  0   65.48  4304.94  0
 10181  46  1  52  0  1  1  0   65.68  3400.52  0
 10182  53  0  43  0  1  2  0   81.41  3485.51  1
 10183  30  1  22  0  0  0  2   23.29   514.12  1
 10184  49  1  55  1  0  1  0   75.42  4150.30  0
 10185  24  0  67  1  0  0  2   25.22  1674.34  0
 10186  68  1  60  1  0  2  0   94.78  5709.27  1
 10187  39  0  58  0  1  1  1   77.95  4526.46  0
 10188  45  1  12  1  1  1  0   71.81   841.02  0
 10189  19  0  69  1  0  2  1  117.77  8138.40  0
 10190  59  1  39  0  0  1  0   54.28  2108.51  0
 10191  62  0  13  0  1  0  2   24.51   320.66  0
 10192  74  0  41  0  1  2  1   90.53  3729.48  1
 10193  70  0  57  1  0  2  0   84.18  4818.24  0
 10194  23  0  53  1  1  1  0   59.79  3187.20  0
 10195  45  1  12  0  1  2  1   73.27   880.23  1
 10196  45  1  13  1  1  1  0   58.69   743.47  0
 10197  61  0  57  0  0  1  0   48.09  2734.76  0
 10198  61  1  40  0  0  2  1   77.21  3088.86  0
 10199  37  1  45  2  1  0  2   23.97  1109.57  0
 10200  47  1  35  2  1  1  0   52.39  1823.13  0
 10201  28  1   3  0  1  0  2   21.10    67.34  1
 10202  72  1   5  0  1  1  1   62.64   288.54  1
 10203  45  0  11  0  1  0  2   18.00   204.81  1
 10204  42  0  71  0  1  2  0   86.76  6159.05  0
 10205  56  0  56  2  1  2  0   64.57  3613.34  0
 10206  50  0  10  2  0  2  0   83.56   852.53  0
 10207  18  1  34  1  0  2  1  120.00  4066.29  1
 10208  74  1  67  0  1  0  2   18.00  1234.02  0
 10209  44  0  72  1  1  1  1   79.26  5691.53  0
 10210  74  1  31  0  0  0  2   30.43   970.65  0
 10211  69  1  71  2  1  2  1   83.22  5876.70  0
 10212  30  0  66  2  0  2  1   99.91  6600.18  0
 10213  58  1  70  1  1  0  2   18.00  1272.21  0
 10214  20  0  41  0  0  2  0   63.26  2586.47  0
 10215  56  0  63  0  0  1  0   56.67  3575.77  1
 10216  23  1  32  0  0  2  0   91.14  2909.21  1
 10217  25  1  20  2  0  0  2   18.00   368.96  0
 10218  44  0  57  0  0  1  0   43.69  2495.34  0
 10219  26  0  50  0  1  1  1   57.16  2902.34  0
 10220  54  1  25  0  1  2  0   98.37  2431.68  1
 10221  50  0  12  2  1  1  1   73.98   891.78  1
 10222  68  0  71  0  0  0  2   23.21  1639.49  0
 10223  59  0  39  2  0  0  2   18.07   707.22  0
 10224  61  1  17  2  1  2  0   68.87  1168.07  1
 10225  41  0  45  2  1  2  1  114.69  5154.08  1
 10226  32  1  11  0  0  2  0  109.62  1195.36  1
 10227  71  0  70  0  1  2  1   87.13  6113.39  1
 10228  49  1  23  0  1  1  1   63.41  1450.97  1
 10229  49  0  70  0  0  2  0   62.99  4408.87  0
 10230  41  1  38  0  1  2  0   93.01  3538.10  0
 10231  58  1   2  1  1  1  0   75.76   137.03  0
 10232  69  1  72  0  1  1  0   64.44  4651.87  0
 10233  66  0  37  2  1  1  0   77.12  2834.27  0
 10234  66  0  49  0  1  0  2   18.05   894.32  0
 10235  69  0  52  1  1  2  0   65.39  3408.32  1
 10236  29  1  33  1  1  1  1   80.04  2638.66  0
 10237  56  0  22  1  1  2  0   87.58  1904.86  1
 10238  19  1   5  2  1  2  0   71.60   358.13  0
 10239  20  0  18  1  1  2  0  113.08  2014.79  1
 10240  66  1  38  2  0  2  0   75.91  2882.34  1
 10241  54  1  37  0  1  2  0   68.20  2539.18  1
 10242  66  1  64  0  0  2  1  104.02  6656.97  0
 10243  73  0  10  0  0  0  2   18.00   205.08  0
 10244  34  0  42  0  1  1  1   75.22  3165.14  0
 10245  66  0  48  0  0  0  2   18.00   879.47  0
 10246  19  1  44  0  1  1  0   57.51  2544.77  0
 10247  19  1  16  0  0  2  1   99.75  1624.14  1
 10248  45  0  54  0  1  2  1   98.97  5318.28  0
 10249  71  0  35  0  0  2  1   75.68  2638.34  1
 10250  40  0  28  2  1  2  0   82.08  2298.80  0
 10251  54  1   2  0  0  1  1   78.74   173.49  1
 10252  49  1  13  1  1  1  0   52.98   692.11  0
 10253  50  1  41  0  0  2  1   77.74  3187.21  1
 10254  18  1  59  2  1  2  1   88.32  5231.49  0
 10255  36  1  69  2  0  2  0   66.13  4556.22  0
 10256  19  0  53  1  1  2  0   52.27  2762.63  0
 10257  70  1  45  1  1  2  0   82.35  3716.17  0
 10258  61  1  20  0  0  1  0   56.00  1167.88  0
 10259  43  1  24  2  0  2  1  105.48  2531.13  0
 10260  49  1  61  2  1  1  0   59.67  3626.95  0
 10261  23  1  58  2  0  2  0   94.22  5453.42  1
 10262  49  0  27  1  0  2  1   94.38  2540.94  0
 10263  72  1  26  0  0  0  2   30.64   823.16  1
 10264  21  1   7  2  1  1  0   46.58   318.74  0
 10265  72  1  42  0  1  2  0   80.24  3376.17  0
 10266  28  0  47  1  0  0  2   28.29  1327.79  0
 10267  73  0  53  0  1  2  0   79.15  4168.69  0
 10268  34  0  59  2  1  2  0   83.35  4911.10  1
 10269  55  1  38  0  1  1  0   59.04  2194.03  1
 10270  41  0  69  0  1  1  0   66.67  4603.73  0
 10271  22  1  53  1  0  2  1   97.13  5157.68  0
 10272  69  1  15  1  0  2  0   71.74  1059.19  1
 10273  51  0  26  1  1  0  2   18.00   457.16  0
 10274  23  1  48  0  1  2  1  103.10  4921.99  1
 10275  39  1  19  0  1  2  1   90.57  1676.50  1
 10276  28  1   9  1  1  1  1   60.33   512.85  0
 10277  65  0  64  2  1  0  2   18.00  1165.04  0
 10278  33  1  54  2  0  2  0  102.90  5550.31  0
 10279  50  1  51  0  0  1  0   53.78  2746.97  0
 10280  26  0  39  2  1  1  0   53.85  2140.97  0
 10281  23  1   4  0  0  2  0   95.20   400.78  1
 10282  33  1   3  0  1  1  1   51.38   164.92  1
 10283  46  0  64  0  0  0  2   20.21  1283.75  0
 10284  20  1  29  0  1  2  1  117.58  3441.01  1
 10285  37  1  11  1  0  2  0   84.04   949.15  1
 10286  53  1  58  0  1  0  2   21.10  1241.66  0
 10287  36  1  27  0  1  1  0   56.97  1538.09  1
 10288  43  1  21  0  1  2  0  100.92  2100.83  1
 10289  20  0  39  0  1  1  1   67.01  2643.74  0
 10290  36  0  46  1  1  1  1   89.69  4143.15  0
 10291  37  0  66  0  1  1  1   67.31  4438.39  1
 10292  49  0  36  0  1  0  2   18.00   642.46  1
 10293  24  1  65  1  0  2  1  117.68  7624.77  0
 10294  69  1  63  1  1  2  1   91.84  5801.13  0
 10295  58  1  35  1  0  1  0   49.00  1718.41  0
 10296  50  1  31  0  1  2  0   67.17  2090.23  0
 10297  57  1  28  2  0  1  0   59.79  1692.73  0
 10298  56  0   1  2  0  2  1   88.14   102.58  1
 10299  35  0  25  2  1  2  1   83.34  2066.00  0
 10300  57  1  43  1  0  1  0   49.34  2122.07  0
 10301  18  1  67  0  1  1  0   51.37  3450.05  0
 10302  28  1  63  2  0  1  0   63.33  3999.55  0
 10303  45  0  51  0  1  1  0   59.84  3020.03  0
 10304  74  1   2  0  1  2  0   82.83   145.54  1
 10305  42  1  64  0  1  2  1  103.41  6631.39  0
 10306  67  1  69  0  1  1  1   63.94  4424.70  1
 10307  40  0   9  2  1  2  0   88.10   825.09  0
 10308  48  1   2  1  0  1  0   48.33    65.66  1
 10309  47  0  34  1  1  1  1   58.42  2004.23  0
 10310  59  0  60  1  1  2  0   87.27  5243.73  0
 10311  52  0  61  0  1  1  0   56.54  3427.92  0
 10312  24  0  31  0  1  2  0  100.17  3069.92  1
 10313  33  0  10  1  1  1  1   69.99   718.72  0
 10314  43  0  36  1  0  2  1   87.62  3134.65  1
 10315  65  1  49  0  1  2  0   65.80  3197.92  0
 10316  74  1  70  1  1  1  0   63.83  4477.17  0
 10317  69  1  49  0  1  1  0   58.32  2857.49  1
 10318  66  0   3  0  1  1  0   64.69   205.56  0
 10319  19  1   5  0  0  1  0   59.59   306.56  1
 10320  18  0  61  0  1  1  0   73.05  4522.96  1
 10321  65  0  26  2  1  2  1   91.75  2399.97  0
 10322  29  0  72  2  1  1  0   55.41  4002.71  0
 10323  22  1   5  0  1  1  0   62.90   296.85  1
 10324  54  0  15  1  1  2  0   97.95  1500.50  1
 10325  49  0  16  1  1  1  0   58.27   922.21  0
 10326  72  1   1  0  0  0  2   18.00    18.00  1
 10327  26  1  16  0  1  2  0   58.48   931.45  1
 10328  58  0  37  2  1  0  2   18.07   677.39  0
 10329  52  0   3  1  1  2  0   85.33   246.75  1
 10330  36  1  52  2  1  2  1   66.98  3465.43  0
 10331  65  1  47  0  1  2  1   94.55  4425.89  0
 10332  33  1  13  1  0  1  1   71.51   933.74  0
 10333  20  0  55  0  0  2  1   94.11  5187.26  0
 10334  37  1  21  0  1  0  2   21.48   463.93  0
 10335  41  1  66  0  1  0  2   22.94  1482.93  1
 10336  71  1  54  0  1  1  0   38.99  2088.85  1
 10337  73  0  27  0  1  1  1   71.53  1949.93  1
 10338  50  1  38  0  0  0  2   18.00   675.52  0
 10339  41  1  58  0  0  0  2   18.81  1095.03  0
 10340  69  1  62  1  0  1  0   48.39  3052.71  0
 10341  28  1  46  0  1  1  0   65.74  2978.95  1
 10342  66  1  11  0  1  1  0   43.28   473.50  1
 10343  25  0  72  0  0  1  0   68.81  4968.48  0
 10344  53  0   8  0  0  2  1  120.00   940.37  1
 10345  55  0  71  1  0  1  0   39.49  2801.09  0
 10346  57  1  64  0  1  2  1   86.21  5493.44  0
 10347  37  0  21  1  1  2  0   94.19  1989.55  0
 10348  52  0  72  0  1  1  1   55.07  3951.62  0
 10349  65  0  63  0  1  0  2   18.64  1165.71  0
 10350  42  1  64  2  1  0  2   20.88  1354.25  0
 10351  52  1  20  1  0  1  0   47.87   968.52  1
 10352  42  0   8  0  1  1  1   65.82   546.03  0
 10353  46  0  58  2  1  2  1  109.23  6370.49  0
 10354  35  1  46  0  0  1  0   54.22  2495.59  0
 10355  63  1  31  2  1  2  0   69.42  2194.35  1
 10356  35  0   9  1  0  2  1  112.47  1016.10  1
 10357  19  1  15  1  1  1  0   68.89  1059.70  1
 10358  71  0  26  2  1  2  1  100.53  2613.20  1
 10359  52  1  10  0  0  2  0   70.27   719.51  1
 10360  33  0  29  1  0  0  2   18.00   513.46  0
 10361  58  0  36  0  1  2  0   49.47  1807.71  0
 10362  53  1  37  0  0  2  0   76.12  2839.46  0
 10363  50  0  71  0  1  2  0  100.98  7165.31  0
 10364  21  0  23  0  1  2  1   84.74  1952.14  0
 10365  50  0  41  1  1  2  1   80.66  3288.18  0
 10366  31  1  28  1  1  1  0   65.23  1845.04  0
 10367  38  1  48  1  0  2  1  112.27  5405.77  0
 10368  65  1  38  0  0  0  2   18.00   659.35  0
 10369  37  0  31  0  0  2  0   92.64  2915.27  0
 10370  73  1  14  2  0  1  0   46.32   656.43  0
 10371  25  0  29  0  1  1  0   51.57  1490.88  0
 10372  24  0  51  1  0  1  0   36.80  1900.77  0
 10373  20  1  49  1  0  1  0   58.60  2860.96  0
 10374  34  1  43  1  0  0  2   19.49   864.21  0
 10375  50  0  72  0  0  2  0   74.92  5370.71  1
 10376  65  0   5  2  0  1  0   54.08   265.96  0
 10377  29  1  42  0  1  0  2   18.92   792.89  0
 10378  68  1   7  2  0  2  0   72.59   497.25  1
 10379  39  1  42  0  0  2  0   90.98  3806.43  0
 10380  72  0  36  0  0  2  0   80.53  2889.34  1
 10381  39  0  27  0  1  1  0   53.66  1438.17  0
 10382  63  0  58  1  1  2  0   63.09  3649.84  0
 10383  47  0  46  0  0  2  0   83.12  3852.20  1
 10384  55  0  66  0  1  1  0   53.21  3520.53  0
 10385  55  1  25  0  0  1  0   46.74  1166.74  0
 10386  62  1  27  2  1  2  0   92.97  2525.49  0
 10387  68  0   1  2  1  2  0   53.38    53.38  0
 10388  71  0  42  1  1  1  0   50.18  2091.68  1
 10389  25  1  52  1  1  0  2   21.55  1088.49  0
 10390  44  1  25  0  1  1  0   75.99  1919.53  0
 10391  44  1  54  0  1  1  1   51.34  2727.85  0
 10392  51  1  67  2  1  2  0   86.33  5753.94  0
 10393  38  0   6  0  1  2  1  103.22   629.41  1
 10394  47  1  58  0  1  1  0   55.63  3226.19  0
 10395  50  0  70  0  1  0  2   18.00  1289.18  0
 10396  45  1  53  0  1  1  0   50.16  2645.60  0
 10397  64  1  66  0  0  0  2   18.00  1203.39  1
 10398  50  1  58  0  1  0  2   20.02  1157.63  0
 10399  22  0   2  0  1  2  0   63.76   138.50  1
 10400  65  0  22  0  0  2  0   91.83  2023.66  1
 10401  36  1  37  0  1  2  1   85.20  3162.48  0
 10402  21  0  20  0  0  2  0   73.79  1480.10  1
 10403  52  0  24  0  0  2  0   87.50  2105.87  1
 10404  66  1  65  1  1  0  2   21.30  1362.73  0
 10405  34  1  65  0  1  2  1  108.07  7026.06  1
 10406  61  0   1  1  1  2  0   81.08    93.13  1
 10407  45  0   3  1  1  2  0   83.41   249.20  0
 10408  47  0  46  1  1  0  2   18.00   825.97  0
 10409  46  1  55  0  1  1  1   79.48  4333.74  1
 10410  63  1  64  0  0  0  2   18.00  1182.68  0
 10411  70  0  45  0  1  0  2   23.62  1035.55  1
 10412  23  1  26  1  1  1  0   62.32  1607.96  0
 10413  52  1  65  0  0  2  0   91.00  5899.23  1
 10414  58  0  24  2  1  2  1   91.44  2200.50  0
 10415  54  0  35  2  1  2  0   79.56  2791.44  1
 10416  41  1  24  0  1  1  0   54.36  1317.83  1
 10417  46  1  28  0  1  2  1   66.44  1874.40  1
 10418  66  0  16  1  0  2  0   84.61  1388.23  1
 10419  63  1  59  0  1  1  1   79.86  4705.63  1
 10420  70  1  54  0  1  1  0   52.74  2831.33  0
 10421  48  0  16  2  1  1  1   64.67  1030.02  0
 10422  52  0  15  0  1  2  1   79.64  1172.50  1
 10423  50  1  11  2  1  0  2   20.93   223.33  0
 10424  69  1  65  1  0  1  0   47.22  3038.28  0
 10425  38  1  68  1  0  2  0   97.75  6630.29  1
 10426  49  0  43  0  1  1  1   76.41  3251.88  0
 10427  40  1  69  0  1  0  2   26.80  1873.37  0
 10428  50  1  13  0  0  2  0   63.35   825.77  1
 10429  20  0  10  0  1  2  0   95.84   996.01  1
 10430  35  0  41  0  1  1  0   61.47  2542.48  0
 10431  42  1  50  0  1  2  0   78.77  3962.68  0
 10432  59  0  71  0  1  0  2   25.96  1840.37  0
 10433  48  0  59  0  1  2  0   91.22  5391.78  0
 10434  71  1  39  1  0  1  0   68.73  2662.54  0
 10435  20  0   3  0  0  1  0   42.32   116.31  1
 10436  57  0   7  0  1  1  1   57.86   405.30  1
 10437  63  1  49  1  1  2  1   96.41  4689.31  0
 10438  41  0  26  2  0  2  0  102.59  2657.21  1
 10439  67  1  33  0  1  2  0   91.82  3045.92  1
 10440  49  1  48  0  0  2  0   70.77  3387.16  1
 10441  64  0   2  1  1  2  0  111.65   208.58  1
 10442  39  0  71  2  1  0  2   18.53  1307.94  0
 10443  40  0  32  1  1  2  1   81.25  2614.96  1
 10444  19  1   4  1  0  1  1   57.25   236.22  0
 10445  44  0  20  0  1  2  0   65.02  1295.89  1
 10446  59  1  36  0  1  1  0   32.53  1171.43  1
 10447  19  0  32  0  1  0  2   19.42   638.58  0
 10448  43  0  28  1  0  2  0   61.68  1753.19  1
 10449  34  0   1  1  0  0  2   21.57    21.57  1
 10450  57  1  60  2  0  1  0   64.84  3888.75  0
 10451  50  0  56  0  0  0  2   21.88  1250.18  0
 10452  26  0  35  0  1  1  1   65.44  2300.86  0
 10453  60  1  30  0  1  2  0   61.89  1828.64  0
 10454  71  1  54  1  1  2  0   97.69  5257.40  1
 10455  65  0  36  1  1  2  0  114.20  4093.96  1
 10456  56  0  55  0  0  1  1   79.08  4341.09  1
 10457  46  0  58  0  0  0  2   18.00  1051.40  0
 10458  59  1  65  0  1  1  1   64.22  4212.00  0
 10459  72  1  69  0  0  2  1   90.76  6260.78  0
 10460  43  1  51  2  0  0  2   18.01   931.70  0
 10461  52  1  22  0  1  1  0   55.27  1238.62  1
 10462  67  0  53  1  1  2  1  120.00  6389.74  0
 10463  42  1  36  1  1  2  1   96.61  3500.66  1
 10464  41  1  68  1  1  2  0   78.33  5311.50  0
 10465  30  1  36  0  1  0  2   21.49   744.63  1
 10466  24  0  52  2  1  0  2   18.00   923.43  0
 10467  74  0  53  0  1  2  0   74.26  3939.15  0
 10468  53  1  50  0  0  2  0   99.79  4974.64  1
 10469  62  1  41  0  1  1  0   56.88  2299.58  0
 10470  37  0  18  0  1  0  2   30.51   524.87  1
 10471  18  0  22  0  0  1  0   57.68  1329.09  1
 10472  25  0  66  0  1  1  0   42.54  2803.25  0
 10473  63  0  21  2  1  2  0   61.22  1321.62  0
 10474  33  0  44  0  0  1  1   75.02  3296.19  1
 10475  31  0  47  1  1  2  0   69.38  3276.71  0
 10476  29  0  39  2  0  0  2   18.00   699.14  0
 10477  68  0  29  0  1  2  0   77.28  2241.27  1
 10478  40  1  54  1  1  0  2   24.98  1364.49  0
 10479  32  1  17  0  1  2  0   79.48  1343.11  1
 10480  45  1  60  0  1  0  2   18.00  1056.12  0
 10481  51  1  31  0  0  2  0  103.19  3182.79  1
 10482  19  1  49  2  0  2  0  100.63  4914.66  0
 10483  49  1   2  0  0  1  1   81.67   165.02  1
 10484  40  0  48  1  0  2  0  105.27  5015.04  0
 10485  39  0  14  0  1  0  2   25.29   360.16  1
 10486  68  1  59  2  0  1  0   47.49  2827.24  0
 10487  42  1  58  0  0  1  0   61.59  3562.06  0
 10488  39  0  58  1  0  0  2   26.07  1498.97  0
 10489  39  0  51  1  0  0  2   29.28  1532.63  0
 10490  66  0   2  1  1  1  1   66.71   162.86  0
 10491  69  1  41  2  1  0  2   18.00   746.55  0
 10492  59  0  16  2  0  2  0   71.74  1132.89  0
 10493  23  1   4  0  1  2  1  109.69   450.44  1
 10494  32  1  12  0  1  1  1   58.33   679.79  0
 10495  71  0  29  0  0  2  1   96.61  2775.23  1
 10496  60  0   7  0  1  1  1   56.20   402.44  1
 10497  54  1  14  0  1  2  0   82.62  1147.11  1
 10498  50  0  12  0  1  2  0   91.58  1058.49  1
 10499  25  0   5  0  0  0  2   21.35   118.49  1
 10500  70  1  32  2  1  1  0   62.38  2025.36  0
 10501  61  0  43  0  0  0  2   18.00   787.19  0
 10502  61  1  69  2  1  1  0   53.83  3704.29  0
 10503  22  1  45  0  1  2  0   77.95  3464.94  0
 10504  56  0   9  1  1  2  0   70.26   635.27  1
 10505  21  1  49  2  0  2  0   73.76  3601.10  0
 10506  23  1  33  0  1  0  2   18.00   575.97  0
 10507  62  0  18  0  0  2  0   90.25  1585.56  1
 10508  49  0   9  0  0  2  0   91.00   856.54  1
 10509  69  0  62  0  0  0  2   24.38  1489.62  0
 10510  47  1  57  2  0  1  0   58.28  3285.53  0
 10511  64  1  29  2  1  2  0   87.38  2567.91  1
 10512  52  0  25  0  1  2  0   86.18  2155.12  1
 10513  72  1  15  0  0  0  2   23.38   348.22  1
 10514  57  0   6  0  0  0  2   18.00   114.19  0
 10515  69  0  42  0  0  2  0   84.11  3541.33  1
 10516  33  1  29  1  0  2  0   89.76  2607.30  1
 10517  30  0   4  0  0  0  2   28.95    85.66  1
 10518  67  1  57  0  1  1  0   43.88  2469.47  0
 10519  59  1  49  0  0  0  2   18.00   867.42  0
 10520  47  0  44  0  0  1  0   32.29  1410.56  0
 10521  36  1  14  1  0  0  2   18.00   244.80  0
 10522  34  0   3  0  1  2  0   82.73   252.76  1
 10523  73  1  62  2  0  2  0   74.14  4591.09  1
 10524  36  1  64  2  0  1  0   47.55  3029.59  0
 10525  45  1  45  0  1  1  1   65.23  2943.24  1
 10526  72  0  58  0  0  0  2   22.91  1343.06  0
 10527  43  1  20  2  1  2  1   95.19  1887.62  1
 10528  54  0  58  2  0  0  2   20.13  1140.18  0
 10529  43  1  57  2  1  2  0   91.05  5193.45  0
 10530  70  1  68  0  1  1  0   36.67  2485.15  0
 10531  40  0  52  2  1  2  1   96.93  5057.08  0
 10532  26  0  37  0  0  1  1   64.25  2357.55  0
 10533  29  0   8  1  1  1  0   54.93   415.32  0
 10534  70  0  44  2  0  2  0   76.24  3341.89  0
 10535  18  0   5  0  0  2  0   81.92   420.00  1
 10536  18  1  69  2  0  1  0   59.03  4066.04  0
 10537  64  1  31  0  1  0  2   28.05   867.78  0
 10538  51  0  45  2  0  2  0   59.63  2673.45  0
 10539  49  1   9  0  0  2  1  103.58   952.53  1
 10540  71  1  32  2  1  2  0  103.27  3314.30  1
 10541  65  1  33  0  1  0  2   18.00   563.55  0
 10542  42  0  67  1  1  2  1   92.31  6202.79  0
 10543  57  1  30  0  0  2  0   89.14  2686.01  0
 10544  62  1  29  0  1  1  1   85.09  2489.31  0
 10545  70  1   3  0  1  1  0   76.73   219.62  1
 10546  18  0  57  1  0  2  0   65.94  3739.80  0
 10547  33  1  30  0  1  0  2   18.49   553.05  0
 10548  56  1   9  1  0  1  0   56.99   516.17  0
 10549  22  0  26  0  0  1  1   70.56  1858.27  1
 10550  39  0   2  2  1  2  1   98.01   208.75  1
 10551  46  1  62  0  0  0  2   18.00  1118.98  0
 10552  72  1   3  0  1  2  0   70.12   207.81  1
 10553  20  0  46  0  1  2  1   71.88  3306.79  0
 10554  29  0  68  0  0  2  1   64.69  4391.03  0
 10555  43  0  25  0  1  1  0   39.36   997.58  1
 10556  33  0  51  0  0  1  0   66.62  3368.58  1
 10557  68  0  13  2  1  1  1   72.10   937.47  0
 10558  54  0  44  1  1  2  0   93.30  4126.08  1
 10559  39  0  35  1  0  1  0   52.77  1824.24  0
 10560  74  1  55  0  1  1  0   54.58  3040.79  0
 10561  46  0   9  1  0  2  1   90.97   797.18  0
 10562  31  0   2  0  1  0  2   18.00    25.91  1
 10563  45  1  61  1  0  2  0   94.72  5798.44  0
 10564  22  0  41  0  1  1  0   63.53  2633.77  1
 10565  64  0  44  0  1  2  0   67.75  2988.15  1
 10566  66  1  64  0  1  1  0   43.49  2789.98  0
 10567  47  0  31  2  1  0  2   21.76   710.32  0
 10568  63  1  47  0  0  0  2   21.71   993.01  0
 10569  69  1   2  1  1  2  0   95.99   157.48  1
 10570  22  1  69  0  1  2  0  106.20  7289.31  0
 10571  29  1  58  1  1  2  0   69.13  3992.51  0
 10572  33  0  44  2  0  0  2   19.59   847.64  0
 10573  43  1  56  0  0  1  0   44.99  2527.05  0
 10574  43  1  43  0  1  2  1   81.07  3506.17  1
 10575  65  0  34  2  1  2  1   88.55  3028.87  0
 10576  38  1  30  0  1  0  2   27.20   833.59  1
 10577  56  1  71  0  0  1  0   66.05  4670.39  0
 10578  53  1  70  1  1  2  0   83.88  5879.30  0
 10579  50  1  55  1  1  2  0   52.66  2881.62  0
 10580  47  0  67  0  0  2  0   90.89  6101.65  1
 10581  54  1  13  2  0  1  0   58.70   763.95  1
 10582  40  0   3  0  1  0  2   18.00    71.70  0
 10583  27  0  26  0  0  0  2   24.15   675.43  0
 10584  71  1  57  1  1  1  1   55.47  3161.13  0
 10585  22  1  24  0  0  0  2   24.14   557.29  0
 10586  53  1  53  0  1  2  0   88.62  4664.24  0
 10587  51  1  70  1  1  2  0   63.10  4399.06  0
 10588  69  0  43  2  0  0  2   18.19   803.51  0
 10589  48  0  60  2  1  2  0   87.17  5239.89  0
 10590  27  0  58  2  1  2  1   99.50  5775.61  0
 10591  36  1  49  2  1  0  2   25.17  1240.96  0
 10592  49  0  42  0  0  2  0  102.37  4313.93  1
 10593  18  1  66  0  1  1  1   62.61  4101.12  0
 10594  73  1  11  2  0  0  2   22.80   270.53  1
 10595  22  1  18  0  1  1  1   81.08  1467.23  1
 10596  62  1  52  1  1  2  0   69.72  3596.63  0
 10597  21  1  46  1  1  2  0   75.88  3497.19  0
 10598  33  0  44  0  1  2  1   70.17  3061.43  0
 10599  41  0  22  2  0  2  1   85.53  1891.86  0
 10600  33  1  53  0  0  1  0   57.06  3026.58  1
 10601  72  0  59  0  1  2  0   53.26  3122.16  1
 10602  19  1  30  2  1  2  1  101.56  3055.07  0
 10603  66  1   8  0  0  1  0   50.28   418.42  0
 10604  45  1  57  0  0  1  1   64.37  3657.62  0
 10605  49  0  20  0  0  0  2   18.00   375.65  0
 10606  44  1  25  2  0  2  0   83.47  2081.18  0
 10607  37  1  19  1  1  0  2   28.40   557.09  1
 10608  41  0   5  1  0  1  0   51.00   253.08  1
 10609  29  0  72  1  1  2  0   51.81  3753.78  0
 10610  67  0  27  0  1  2  1  113.21  3038.40  1
 10611  52  1  40  2  0  2  0   93.14  3707.91  1
 10612  50  1  26  2  0  1  0   55.94  1438.68  0
 10613  50  0  27  0  0  2  1  103.52  2797.57  1
 10614  68  1  62  0  1  0  2   20.41  1262.37  0
 10615  60  0  50  2  1  1  1   81.43  4077.23  0
 10616  54  0  42  2  1  0  2   23.76   974.64  1
 10617  29  1  29  2  0  2  0   78.15  2252.00  1
 10618  20  1  39  2  1  2  0  107.38  4213.23  1
 10619  18  0  60  0  0  2  1  120.00  7207.43  0
 10620  50  0  41  1  1  2  0   98.66  4057.53  0
 10621  57  0  33  0  0  0  2   22.03   721.88  0
 10622  27  0  16  0  0  2  1   82.19  1320.94  1
 10623  60  1  23  1  1  2  1  105.28  2411.94  0
 10624  61  0   7  0  1  2  0   90.82   598.73  1
 10625  46  0  26  1  0  2  1   94.60  2480.31  1
 10626  30  0  12  0  1  0  2   23.50   285.64  0
 10627  29  1  72  0  0  1  0   55.87  4008.00  0
 10628  48  1   5  0  0  1  0   60.49   302.48  0
 10629  63  0  69  0  1  2  0  100.54  6927.94  0
 10630  19  1  49  0  0  0  2   18.00   911.97  0
 10631  68  1  26  0  1  1  0   44.75  1176.93  0
 10632  67  1   5  2  0  2  0   71.32   333.64  1
 10633  52  0  22  0  1  2  0  114.10  2484.53  1
 10634  40  0  13  0  0  0  2   23.17   306.22  1
 10635  34  1  28  1  1  1  0   62.27  1746.25  0
 10636  43  0  33  1  1  1  1   76.29  2527.93  0
 10637  25  0  23  0  1  2  0   69.30  1591.03  1
 10638  46  1  18  1  0  2  0   54.43   966.79  0
 10639  43  1  30  1  1  1  1   64.37  1941.29  0
 10640  27  0  26  0  0  1  0   63.98  1675.36  1
 10641  43  1  16  0  1  1  1   63.02  1033.47  1
 10642  51  0  39  2  0  1  1   51.30  2015.39  0
 10643  68  0  33  2  0  2  1   81.42  2670.12  0
 10644  58  1  26  1  1  1  0   43.21  1128.59  0
 10645  24  0  48  0  1  0  2   18.00   858.28  0
 10646  21  0  65  0  1  0  2   18.00  1151.10  0
 10647  70  1  38  1  1  2  0   87.20  3277.82  1
 10648  67  1   2  0  1  2  1   86.79   218.53  1
 10649  62  1   6  0  0  0  2   23.17   127.84  1
 10650  28  0  46  1  1  1  0   45.24  2078.52  1
 10651  46  1  50  0  0  1  1   67.55  3381.90  0
 10652  73  1  38  1  0  0  2   19.81   755.01  0
 10653  53  1  18  2  1  1  1   68.96  1190.85  0
 10654  42  1  27  0  0  1  0   60.37  1626.68  1
 10655  38  0  41  2  1  2  0   94.65  3916.07  0
 10656  74  0  72  0  0  2  1  107.46  7732.88  1
 10657  53  1  17  2  1  2  1  103.13  1785.91  0
 10658  27  0  62  0  0  0  2   21.49  1333.01  0
 10659  54  1  29  0  0  2  0   75.00  2167.98  1
 10660  26  1  58  1  1  1  1   73.51  4266.47  1
 10661  41  0  70  0  0  0  2   18.00  1260.75  0
 10662  52  0  22  2  1  1  1   62.08  1366.07  0
 10663  66  1   6  0  1  1  0   46.38   266.64  1
 10664  52  1  26  0  0  2  0   71.76  1838.48  1
 10665  65  0  39  0  1  0  2   18.41   729.22  0
 10666  53  1  12  0  0  2  0   81.50   979.90  1
 10667  35  0  14  0  1  2  0   72.80  1052.49  1
 10668  66  1  22  1  0  2  1   95.33  2096.59  0
 10669  56  1  51  1  1  2  0   87.35  4424.57  0
 10670  49  0  23  2  1  2  1   86.83  2003.54  1
 10671  41  0  48  2  1  1  0   77.90  3740.72  0
 10672  40  0  71  0  1  2  0   89.99  6380.67  1
 10673  49  0  50  1  1  1  0   56.18  2821.37  0
 10674  54  0  13  0  1  2  0   74.86   983.13  1
 10675  29  0  10  1  1  2  0   87.07   846.76  0
 10676  66  0  55  0  1  1  1   67.41  3698.19  0
 10677  72  1   9  2  1  0  2   19.98   201.71  0
 10678  30  1  52  1  1  0  2   27.09  1389.09  0
 10679  40  1   2  2  1  0  2   18.00    32.55  0
 10680  42  0  25  2  0  1  0   51.20  1284.54  0
 10681  52  0  13  2  1  1  0   62.14   784.74  0
 10682  58  0  51  2  1  1  0   46.03  2345.56  0
 10683  47  1  58  0  1  1  1   49.53  2870.12  1
 10684  34  0  34  0  0  2  1   87.22  2959.01  0
 10685  66  0  35  0  1  1  1   75.44  2609.79  1
 10686  37  1   3  0  0  2  1   81.91   245.72  1
 10687  65  0  59  0  1  2  0   79.65  4686.98  0
 10688  42  1  70  0  1  1  1   69.21  4866.02  1
 10689  39  1  48  0  0  2  1   86.31  4151.19  1
 10690  30  0  64  2  1  2  0   78.40  5002.06  0
 10691  36  0  19  2  1  2  0   75.22  1421.27  0
 10692  66  0  67  0  0  0  2   18.00  1208.50  0
 10693  53  1   5  0  0  2  0   67.56   329.86  1
 10694  29  1  67  0  0  2  0   81.14  5406.08  1
 10695  58  1  11  0  0  0  2   25.32   284.37  0
 10696  36  0  68  1  0  1  1   80.83  5506.96  0
 10697  29  0  69  0  0  2  1  113.75  7863.57  0
 10698  26  0   1  1  1  2  1   97.07   115.84  1
 10699  24  0  63  2  0  2  0  109.88  6905.87  0
 10700  45  1  29  2  0  2  1  120.00  3495.70  1
 10701  31  1  12  0  1  2  0   87.72  1029.80  1
 10702  48  1  41  1  1  2  1   80.14  3292.88  0
 10703  69  1   2  0  1  0  2   26.56    38.95  1
 10704  36  0  37  0  0  1  0   42.97  1598.26  1
 10705  64  0  45  0  1  1  0   46.13  2045.69  0
 10706  33  0  48  0  0  2  0   53.76  2591.33  0
 10707  70  1  24  0  1  2  0   95.91  2286.11  1
 10708  22  1  22  0  0  0  2   18.00   405.66  0
 10709  52  0  11  1  1  2  0   99.89  1106.24  1
 10710  29  0  58  1  0  0  2   29.05  1692.61  0
 10711  42  1  46  0  0  1  0   72.28  3325.83  1
 10712  69  0  29  0  0  0  2   18.00   498.66  0
 10713  38  1  35  2  0  2  0   57.04  2026.21  1
 10714  53  1  15  0  0  2  0   75.36  1127.80  0
 10715  70  1  60  2  1  1  0   63.79  3824.75  0
 10716  40  0  42  1  1  1  0   67.04  2843.38  0
 10717  33  0  43  0  0  2  0   94.97  4065.93  1
 10718  74  1  49  0  1  0  2   22.64  1108.41  0
 10719  56  0  64  0  1  2  1  120.00  7683.40  0
 10720  62  1  32  0  1  2  1   87.83  2805.93  1
 10721  70  1  64  0  1  1  0   47.22  3027.55  1
 10722  59  1   2  1  1  1  1   53.11    94.59  0
 10723  56  1  24  0  0  0  2   22.16   530.48  1
 10724  31  0  66  0  1  2  1   92.31  6095.09  1
 10725  48  1  38  1  1  2  1  107.37  4107.40  0
 10726  22  1  31  0  1  1  0   50.49  1598.31  1
 10727  52  0  26  0  0  2  0   94.43  2458.57  0
 10728  40  1  29  0  0  2  0   79.24  2321.94  0
 10729  46  1  67  0  0  1  0   53.37  3561.29  0
 10730  60  0  25  1  1  2  0   83.98  2144.53  0
 10731  28  0  48  0  0  1  1   48.00  2299.11  0
 10732  35  0  65  1  0  2  1   92.90  6037.84  0
 10733  64  1  53  0  0  1  0   60.62  3223.50  0
 10734  29  0  67  0  0  1  1   55.12  3710.09  1
 10735  26  0  18  0  1  2  1  120.00  2156.57  0
 10736  27  1   9  1  1  2  0   85.07   725.47  0
 10737  61  1  38  0  1  2  0   75.60  2885.92  0
 10738  34  1  21  0  1  2  0   75.14  1559.74  1
 10739  55  1  65  1  0  1  0   68.71  4481.63  0
 10740  24  1  21  0  0  0  2   18.00   393.05  1
 10741  63  0  27  0  0  1  0   57.98  1569.31  1
 10742  30  0  70  1  1  1  0   63.83  4486.19  0
 10743  57  0  44  0  1  2  0   93.31  4095.83  1
 10744  59  1  28  1  1  2  1   86.56  2451.18  0
 10745  26  1  45  0  1  0  2   24.20  1092.26  0
 10746  67  1  17  1  1  0  2   20.78   349.55  0
 10747  44  0  40  1  0  1  0   37.80  1534.83  0
 10748  19  0   3  0  1  2  0  103.35   296.75  1
 10749  22  1  66  1  0  1  0   48.86  3182.66  0
 10750  46  0  46  2  1  2  0   82.37  3764.07  0
 10751  54  1  30  0  0  1  0   58.09  1771.40  0
 10752  55  0  69  0  1  0  2   18.00  1247.00  1
 10753  36  0   9  1  1  2  0   96.35   870.55  1
 10754  25  0  11  1  0  0  2   18.00   216.21  0
 10755  65  1  69  0  0  0  2   18.00  1247.91  0
 10756  62  0  66  2  1  0  2   26.13  1719.08  0
 10757  18  0  31  0  1  1  1   65.25  2013.98  1
 10758  39  1  33  1  1  2  0   69.15  2258.44  1
 10759  69  0  39  1  0  1  0   55.79  2154.47  0
 10760  34  1  46  2  0  2  0   91.02  4190.41  0
 10761  24  1  37  0  1  2  0   61.21  2261.66  1
 10762  42  1  60  1  1  2  1  119.81  7198.36  1
 10763  62  1  31  0  0  1  1   82.89  2567.87  1
 10764  21  1  11  0  1  2  0   86.80   933.52  1
 10765  53  0   2  0  0  2  0   82.00   168.91  0
 10766  23  1  27  1  1  2  1   95.34  2577.89  1
 10767  48  1   2  0  1  1  0   63.93   128.21  1
 10768  36  1  21  0  1  1  0   59.53  1253.27  1
 10769  61  1  58  1  1  2  0   88.59  5177.53  0
 10770  71  0   5  1  1  0  2   26.91   110.71  0
 10771  56  1  52  1  0  2  0  101.96  5282.78  0
 10772  44  0  45  2  0  1  0   45.40  2008.96  0
 10773  27  1  20  0  0  1  0   63.87  1279.25  0
 10774  43  0  61  2  0  1  1   76.52  4629.00  0
 10775  36  1  38  2  1  2  1   99.17  3772.94  0
 10776  56  1  20  0  1  0  2   23.00   458.88  0
 10777  20  0  25  0  0  0  2   18.46   450.02  1
 10778  62  1   2  0  1  1  0   42.96    95.36  1
 10779  30  0  32  0  1  1  0   73.87  2369.77  0
 10780  67  1  26  1  1  2  0   64.91  1719.76  0
 10781  45  0  70  1  1  1  0   71.81  5038.96  0
 10782  37  1  41  1  1  2  0   84.02  3443.56  0
 10783  45  1  67  0  0  1  0   67.47  4474.86  0
 10784  25  0   1  0  0  2  0   85.34   103.93  1
 10785  58  1  51  2  0  1  0   64.37  3301.62  0
 10786  56  1   5  0  0  2  0   91.73   485.12  1
 10787  18  1  13  2  0  2  0   74.96   928.73  0
 10788  20  1  19  0  1  2  1   97.01  1847.29  1
 10789  30  1  12  2  1  2  0   82.86  1007.49  0
 10790  45  1  48  0  0  1  0   61.43  2972.67  0
 10791  74  0  25  0  1  1  0   56.42  1422.54  1
 10792  66  0  57  0  1  1  1   67.86  3869.23  0
 10793  42  0  35  1  1  1  0   44.74  1545.53  0
 10794  73  1   5  2  1  1  0   42.22   208.76  0
 10795  50  0  22  0  1  2  0   86.06  1901.10  1
 10796  55  1  57  2  1  2  1   97.72  5585.70  0
 10797  70  1  47  1  1  2  0   69.23  3222.09  1
 10798  23  1  54  1  0  1  0   60.72  3284.79  0
 10799  61  1   3  2  1  2  0   94.23   253.23  1
 10800  62  0  53  0  0  2  0   87.34  4634.34  0
 10801  49  1  31  0  1  1  1   65.16  1997.01  0
 10802  62  0  69  2  1  0  2   18.00  1213.14  0
 10803  64  1  33  2  1  1  0   42.16  1427.49  0
 10804  38  0  72  2  1  1  0   58.95  4216.76  0
 10805  33  0  50  2  0  1  0   46.72  2323.27  0
 10806  71  0  16  0  0  1  0   47.42   758.31  1
 10807  38  0  39  2  0  1  0   57.79  2212.16  0
 10808  28  0  46  0  0  0  2   30.19  1404.45  0
 10809  54  0  47  2  1  2  0   79.04  3700.87  0
 10810  53  1  44  0  1  2  0  115.76  5073.04  0
 10811  52  0   9  1  1  2  1   93.86   863.23  1
 10812  36  1  50  0  1  1  0   60.64  3005.28  1
 10813  37  0  60  0  1  0  2   24.80  1496.95  0
 10814  74  1  15  0  1  2  1  110.49  1657.82  1
 10815  35  0  36  2  1  2  1  100.09  3604.39  0
 10816  64  0  63  2  1  0  2   18.85  1186.42  0
 10817  58  1  69  0  1  1  1   73.28  5058.89  0
 10818  66  0  41  1  0  1  1   69.24  2793.30  0
 10819  31  0  24  1  0  0  2   18.00   414.52  1
 10820  32  0  49  0  0  1  0   69.09  3367.14  1
 10821  48  1  18  0  0  1  0   59.57  1094.41  1
 10822  18  0   7  2  1  2  1   83.76   589.49  0
 10823  70  1   4  1  1  2  0   72.01   288.27  1
 10824  71  0  69  0  1  2  0  114.38  7929.33  0
 10825  71  0  60  1  0  1  0   50.07  2963.71  0
 10826  20  1  55  0  0  0  2   23.76  1335.09  0
 10827  33  0  16  0  1  0  2   21.88   350.32  1
 10828  40  0  29  0  1  0  2   23.59   669.01  1
 10829  74  1  23  0  0  2  1  120.00  2749.31  1
 10830  28  0  14  1  1  0  2   24.99   339.90  0
 10831  29  1  49  2  0  1  1   73.36  3624.64  0
 10832  27  1  33  0  1  2  1   92.05  3042.43  1
 10833  49  1  25  0  1  1  1   58.35  1472.48  0
 10834  33  0  21  1  0  2  0  120.00  2505.16  1
 10835  25  1  17  2  0  2  0   84.37  1436.51  0
 10836  55  1  23  1  0  0  2   19.47   466.00  0
 10837  29  0  57  2  1  1  1   67.89  3892.25  0
 10838  41  1  58  0  1  2  0   87.87  5069.66  0
 10839  45  0  14  1  0  1  0   70.93  1009.19  0
 10840  70  0  20  0  1  0  2   22.70   451.08  1
 10841  25  0  30  0  1  1  0   41.90  1264.31  1
 10842  45  0  19  0  0  2  1   85.11  1606.53  1
 10843  53  1  53  0  1  2  0   85.16  4544.00  0
 10844  43  1  56  2  1  2  0  100.38  5626.48  0
 10845  25  1  23  2  0  0  2   18.00   402.24  0
 10846  67  1  62  0  0  2  1  102.41  6339.64  0
 10847  45  1  33  0  1  1  0   62.31  2073.42  1
 10848  45  0  18  0  1  1  0   63.82  1163.19  1
 10849  54  1  33  0  0  0  2   19.60   648.41  0
 10850  58  1  32  1  0  1  0   65.49  2087.94  0
 10851  53  1  61  2  0  1  0   46.85  2876.95  0
 10852  44  0  54  2  1  2  0   99.18  5345.20  0
 10853  71  0  17  1  1  2  1   94.08  1587.83  1
 10854  34  1  19  2  0  0  2   20.21   434.51  0
 10855  26  0  70  0  0  0  2   20.16  1418.77  0
 10856  50  1  34  0  0  0  2   23.25   788.86  0
 10857  70  1  25  0  1  0  2   18.00   441.11  0
 10858  37  0  68  1  1  0  2   24.43  1657.03  0
 10859  30  0  11  1  1  1  1   73.71   835.77  0
 10860  45  1  16  0  0  0  2   18.49   312.41  0
 10861  65  1  61  0  0  1  0   55.02  3343.24  0
 10862  46  0   7  0  1  2  0   72.11   498.17  1
 10863  30  1  16  2  1  2  1   77.59  1215.13  1
 10864  63  0  16  0  1  0  2   20.99   341.10  1
 10865  52  1  40  1  1  2  0   88.06  3443.05  0
 10866  23  0  12  1  0  0  2   18.31   188.90  0
 10867  35  1  35  0  0  2  0   66.25  2320.60  0
 10868  68  1  21  1  1  2  1  101.86  2086.57  0
 10869  22  0  50  2  1  2  0   79.58  4024.68  0
 10870  64  1  43  0  0  2  0   73.76  3153.95  0
 10871  42  1  17  2  1  2  0  104.14  1780.06  0
 10872  19  0  32  0  1  2  0   70.37  2277.20  1
 10873  27  1  41  0  0  0  2   22.81   940.58  0
 10874  73  1   6  2  0  2  1   72.51   434.96  1
 10875  47  1  27  2  0  2  0   63.46  1702.06  0
 10876  67  0  20  2  1  2  0   92.24  1818.44  0
 10877  62  0  25  1  1  1  0   51.64  1281.49  0
 10878  22  0  66  2  1  1  1   53.31  3520.52  0
 10879  72  1   9  2  1  1  0   64.50   579.98  0
 10880  73  1  53  2  0  2  0   90.57  4781.11  0
 10881  50  1  61  1  1  2  1   63.08  3869.15  0
 10882  71  1  38  0  0  1  0   64.59  2425.81  1
 10883  18  0   3  2  1  0  2   18.00    65.90  0
 10884  35  1  70  0  1  2  0   59.38  4173.61  0
 10885  49  1  55  0  0  1  1   56.79  3128.21  0
 10886  64  1   1  0  1  2  0   84.37   117.65  1
 10887  66  0  70  1  1  2  1   96.16  6739.31  0
 10888  28  1  45  0  1  1  1   48.65  2216.83  0
 10889  38  1  47  0  1  1  1   50.87  2337.55  0
 10890  43  1  26  2  1  2  1   83.59  2192.10  0
 10891  42  1  14  0  1  2  1   84.54  1195.27  1
 10892  39  1  54  1  0  0  2   23.81  1296.44  0
 10893  44  0  71  0  0  0  2   18.00  1290.34  0
 10894  66  1  46  0  1  0  2   23.71  1081.04  0
 10895  30  1  31  0  1  1  0   65.96  2059.94  0
 10896  50  1  59  1  0  1  1   70.56  4198.67  0
 10897  51  1  29  0  1  2  0   38.89  1090.25  0
 10898  58  1  17  2  0  2  0   80.44  1391.28  1
 10899  52  1  14  0  0  2  0   82.51  1152.56  1
 10900  18  1  36  0  1  1  0   54.46  1947.37  0
 10901  38  1  58  0  0  2  0   53.77  3094.45  1
 10902  65  1  24  0  0  0  2   18.00   439.60  1
 10903  72  1  63  1  0  2  0   64.57  4099.56  0
 10904  23  0  25  2  1  2  1   81.10  2019.72  1
 10905  45  0  59  1  1  2  0   81.12  4799.41  0
 10906  34  0  32  0  0  2  0   73.88  2363.95  1
 10907  22  0  18  0  1  2  1   82.20  1446.73  1
 10908  48  1  37  0  0  2  0   82.03  3031.52  1
 10909  22  0  26  2  1  2  0   77.62  2004.83  0
 10910  55  0   9  0  1  1  1   67.00   582.73  1
 10911  20  1  64  1  0  1  0   50.80  3242.59  0
 10912  70  0  72  0  0  2  0   61.49  4420.91  1
 10913  40  0  20  0  0  1  0   44.69   913.93  0
 10914  54  1  54  0  0  1  0   51.72  2793.35  1
 10915  70  1  30  0  1  2  0   78.28  2320.30  1
 10916  54  1  53  1  1  0  2   18.00   978.13  1
 10917  27  0  63  0  0  1  1   71.77  4529.21  0
 10918  27  0  11  1  1  2  0   89.68   992.10  1
 10919  36  1  31  0  0  0  2   18.00   575.47  1
 10920  34  1  49  2  1  0  2   19.18   939.39  0
 10921  38  0  19  0  1  0  2   18.00   331.27  1
 10922  31  1  12  2  1  1  1   73.53   889.29  0
 10923  26  0  15  2  1  2  0  116.03  1752.91  1
 10924  63  1  31  2  0  2  1   85.33  2652.86  0
 10925  18  1  43  0  0  1  1   77.24  3337.54  1
 10926  68  0  37  1  0  0  2   18.00   668.01  1
 10927  62  1  29  0  1  1  0   49.68  1420.81  1
 10928  30  1  26  0  1  0  2   27.17   693.84  0
 10929  21  1   2  0  1  2  0   83.20   193.85  1
 10930  18  0  15  0  1  2  1  105.30  1580.15  1
 10931  66  1   4  2  1  0  2   18.65    52.05  0
 10932  57  1  50  0  1  1  0   36.97  1824.06  0
 10933  49  1  38  1  1  0  2   31.69  1177.44  0
 10934  51  1  23  1  1  1  0   52.83  1231.57  1
 10935  45  1  59  0  1  2  1   97.34  5749.26  1
 10936  48  1  28  1  1  1  1   57.67  1651.65  0
 10937  25  0  66  0  1  0  2   23.90  1588.92  0
 10938  56  0   8  1  1  1  0   62.07   509.29  0
 10939  43  1  29  0  0  2  0   61.64  1827.36  1
 10940  51  0  11  2  1  2  0   87.57   943.89  1
 10941  71  0  18  1  0  1  0   63.77  1117.86  0
 10942  71  1  55  2  1  2  0  103.01  5676.61  0
 10943  20  0  50  0  0  1  1   71.46  3568.12  0
 10944  67  0  14  0  1  2  1  106.02  1490.23  0
 10945  29  0   9  0  0  2  0   76.90   716.60  1
 10946  18  0  11  0  1  0  2   18.00   213.23  1
 10947  71  0  63  0  0  1  0   51.89  3299.40  0
 10948  61  0  67  1  1  0  2   18.00  1187.84  0
 10949  22  0  53  0  1  2  1   83.91  4465.18  1
 10950  47  0  39  0  0  0  2   18.00   686.55  0
 10951  47  1  56  2  1  2  1   80.89  4563.22  0
 10952  74  1  28  1  0  2  0   92.98  2612.40  1
 10953  34  0  39  0  1  0  2   18.00   712.14  0
 10954  65  0  25  0  1  1  1   83.36  2072.36  0
 10955  64  1  21  0  0  2  0   99.84  2086.01  1
 10956  40  0  10  0  1  0  2   25.95   267.61  1
 10957  32  0  43  1  1  1  1   58.11  2533.70  0
 10958  54  1  15  0  0  0  2   21.00   346.65  0
 10959  38  1  48  2  0  1  0   44.57  2146.53  0
 10960  31  1  21  1  0  1  0   57.17  1192.14  1
 10961  19  0  60  1  1  2  1   68.48  4120.26  0
 10962  28  0  50  0  1  2  0  100.93  5071.59  1
 10963  68  1  23  0  1  1  0   48.55  1120.89  0
 10964  56  1  13  1  1  1  0   58.03   746.64  0
 10965  55  0  69  0  0  2  0   92.33  6384.35  0
 10966  51  1   4  0  1  2  0   76.69   301.97  0
 10967  55  0  72  0  1  2  0   73.03  5251.06  0
 10968  67  0   9  0  1  0  2   19.40   173.48  1
 10969  51  1  35  1  0  1  0   63.03  2219.38  0
 10970  35  1  21  0  0  1  0   53.53  1119.68  1
 10971  47  0  58  0  0  0  2   23.01  1333.84  0
 10972  32  1  18  0  1  1  0   62.94  1135.79  1
 10973  44  1  72  1  0  0  2   19.04  1363.24  0
 10974  68  1  43  2  0  2  0   83.31  3613.32  1
 10975  51  1   6  2  1  2  1   97.08   619.34  1
 10976  69  0  67  0  1  2  1  112.14  7507.32  1
 10977  74  0  12  0  1  1  1   61.57   722.89  1
 10978  55  0  12  0  1  0  2   25.69   299.00  1
 10979  50  0  66  1  0  1  0   57.55  3807.22  0
 10980  41  1   2  1  1  2  0   73.95   146.18  0
 10981  32  1  15  1  1  1  0   54.58   793.12  1
 10982  47  0  23  0  0  1  1   53.79  1234.05  0
 10983  72  0  29  1  0  2  1   74.81  2177.63  1
 10984  59  1   7  0  0  1  0   61.07   447.18  1
 10985  68  0  28  1  1  0  2   23.99   706.86  0
 10986  34  0  14  0  1  0  2   19.83   268.66  0
 10987  22  1  44  1  1  1  0   55.48  2428.65  1
 10988  46  0  30  0  1  2  1   86.35  2585.49  0
 10989  21  1  32  0  1  2  0   87.55  2782.69  1
 10990  27  1  70  1  1  1  0   74.81  5222.70  0
 10991  73  0   6  0  1  1  1   75.10   436.71  1
 10992  34  1  27  1  1  2  0   83.86  2270.76  0
 10993  27  0  24  1  1  2  0   82.55  1964.54  0
 10994  34  1  34  1  0  0  2   18.12   632.57  0
 10995  37  0  40  0  0  0  2   18.00   742.98  0
 10996  41  0  47  0  1  1  0   50.17  2335.47  0
 10997  22  0  24  1  1  2  1  105.11  2496.54  0
 10998  51  1  65  0  1  2  1   81.02  5255.58  0
 10999  23  1  18  1  1  2  1   90.80  1626.37  1
 11000  70  0  44  0  1  1  1   53.82  2393.40  0
 11001  19  1  57  0  0  2  0   96.78  5515.45  0
 11002  30  0  28  0  0  0  2   18.00   512.39  0
 11003  60  0  71  0  0  0  2   22.96  1638.52  0
 11004  60  1  23  0  0  2  1  110.43  2522.28  0
 11005  65  0  34  1  0  1  0   51.77  1755.17  0
 11006  28  1  11  1  1  1  0   48.13   529.17  1
 11007  68  0  35  0  0  0  2   22.38   790.85  1
 11008  64  1  42  2  1  0  2   28.01  1147.73  1
 11009  74  0  28  0  0  2  0  105.13  2931.75  0
 11010  40  0  24  2  1  2  0   83.89  2013.59  1
 11011  72  1   8  1  1  1  0   46.17   360.57  1
 11012  33  0  53  1  0  1  1   62.68  3294.00  0
 11013  48  0  72  0  1  2  1   69.65  5000.35  1
 11014  28  1   4  0  1  1  1   59.44   209.91  1
 11015  71  0   5  0  1  1  1   69.51   375.17  1
 11016  33  1  49  1  1  2  1   89.48  4378.13  0
 11017  25  0  30  0  0  0  2   18.00   538.69  0
 11018  21  1  72  1  0  2  1   94.17  6760.66  0
 11019  57  0  63  0  1  1  0   52.31  3300.14  0
 11020  21  0  47  2  1  1  0   62.55  2953.75  0
 11021  73  0  26  0  0  2  1   75.10  1934.28  0
 11022  42  1  57  0  1  1  0   60.26  3416.95  0
 11023  20  1  37  0  1  1  1   64.54  2378.07  0
 11024  49  1   7  0  1  0  2   22.17   127.19  1
 11025  20  1  40  0  0  2  0   64.16  2574.00  0
 11026  44  0  39  1  1  1  0   63.83  2504.55  0
 11027  46  0  62  0  1  1  0   60.43  3718.01  0
 11028  49  1  53  0  1  1  1   81.73  4349.31  0
 11029  67  1   4  2  1  0  2   18.00    89.63  0
 11030  68  1  25  0  1  2  1   86.23  2098.93  1
 11031  36  0   7  2  1  2  1   68.24   455.61  1
 11032  38  1  28  2  1  1  0   46.76  1297.15  0
 11033  22  1  69  0  1  2  0  106.51  7360.56  1
 11034  35  0  67  0  1  0  2   21.48  1447.92  1
 11035  45  0  20  0  0  1  0   47.74   936.30  1
 11036  59  1  11  1  0  1  0   56.33   652.12  0
 11037  39  0  67  1  1  0  2   19.69  1305.23  0
 11038  38  1   7  1  1  1  0   35.91   234.67  1
 11039  23  0  23  1  1  1  0   37.72   844.34  0
 11040  18  1  61  0  0  2  0  101.60  6194.03  0
 11041  22  1  71  2  0  2  1  106.05  7547.63  0
 11042  58  1  34  1  1  2  0   62.73  2114.79  0
 11043  29  1  19  1  0  1  1   63.73  1215.04  0
 11044  43  0  58  2  0  1  1   57.84  3358.79  0
 11045  63  0   9  1  0  2  1  111.33  1001.34  1
 11046  51  0  48  0  1  1  0   59.48  2861.48  1
 11047  66  0  41  0  1  2  0   68.43  2823.75  1
 11048  31  1  48  0  1  0  2   20.60   994.26  1
 11049  43  1  45  0  0  2  1   94.38  4268.04  1
 11050  62  0  25  2  0  0  2   19.81   473.25  0
 11051  44  0  25  0  1  1  0   49.90  1238.66  0
 11052  26  0  19  1  1  1  0   55.25  1027.77  0
 11053  43  0  39  0  1  2  0   72.24  2828.32  0
 11054  74  0  27  0  1  0  2   18.00   510.44  1
 11055  64  1  63  2  1  2  0   66.30  4170.71  0
 11056  74  1  68  2  1  1  0   44.51  3032.31  0
 11057  39  1  19  0  1  0  2   22.11   390.20  0
 11058  64  0  28  0  0  0  2   22.25   623.43  0
 11059  73  0  33  0  1  1  0   69.61  2263.67  1
 11060  47  0  10  0  1  0  2   18.86   189.81  1
 11061  60  0  30  0  1  1  1   72.01  2121.83  1
 11062  65  1  22  0  0  2  1   95.71  2139.51  1
 11063  34  1   3  2  1  2  0   89.49   267.46  0
 11064  43  0  48  1  0  2  1  107.13  5140.44  0
 11065  53  1   2  2  1  2  1  103.73   245.63  1
 11066  18  1  54  1  0  1  0   56.08  3029.64  0
 11067  25  0   6  0  0  1  1   58.86   320.97  1
 11068  66  0  40  2  1  2  1   99.14  3956.98  0
 11069  52  0   2  0  0  0  2   26.82    92.54  0
 11070  69  0   2  2  1  2  0   87.63   157.35  1
 11071  32  0  55  0  1  0  2   18.02   982.29  0
 11072  64  0  72  0  1  0  2   24.11  1766.85  0
 11073  73  1  60  2  1  0  2   18.00  1064.58  0
 11074  39  1   6  1  0  0  2   18.20   107.29  0
 11075  31  0  19  2  0  2  0   70.29  1362.52  0
 11076  43  1  27  2  1  1  0   53.79  1440.85  1
 11077  45  0   1  0  1  2  0  103.70   103.70  1
 11078  40  0  33  0  1  2  0   94.61  3085.27  1
 11079  31  0  40  0  0  1  0   36.32  1430.74  0
 11080  41  0  32  1  1  2  1   85.72  2725.37  0
 11081  19  1  69  1  0  0  2   18.00  1234.74  0
 11082  62  0  17  0  1  0  2   25.29   437.08  0
 11083  43  1   8  1  1  2  1   86.26   689.19  1
 11084  31  0  57  1  0  1  0   55.76  3153.69  0
 11085  73  0  42  0  1  1  0   56.24  2389.29  1
 11086  68  0   9  2  1  0  2   21.03   167.23  0
 11087  24  1  35  1  1  1  0   26.07   948.52  0
 11088  20  0  71  2  1  2  0   90.42  6422.85  0
 11089  64  0  53  0  0  2  1   86.77  4619.72  0
 11090  40  0  54  0  1  2  0   97.69  5285.86  1
 11091  63  1  25  0  1  0  2   21.01   555.36  0
 11092  60  1  67  0  1  2  0   94.48  6329.29  0
 11093  64  1  62  2  1  2  0   74.08  4587.63  0
 11094  62  0  55  0  0  0  2   18.00   996.09  0
 11095  35  1  46  1  0  0  2   24.45  1119.19  0
 11096  55  0  24  0  0  0  2   22.82   556.75  0
 11097  52  1  46  0  1  1  0   57.22  2663.12  1
 11098  68  1  22  0  1  1  0   57.21  1224.81  1
 11099  32  0  11  1  1  1  0   59.21   649.79  1
 11100  42  1  48  1  0  2  0   65.62  3193.77  0
 11101  72  0   8  0  1  1  1   75.76   598.27  1
 11102  54  0  39  2  1  2  1   92.69  3635.18  0
 11103  45  1  35  0  0  2  1   93.12  3276.61  0
 11104  27  0  49  0  1  0  2   18.00   853.24  0
 11105  56  0  46  0  1  2  1   57.96  2672.10  1
 11106  74  1  38  0  1  0  2   22.88   873.83  0
 11107  34  1   8  2  1  2  0   70.02   623.81  0
 11108  56  0  54  0  1  2  0   86.62  4624.96  1
 11109  39  1  37  0  1  1  0   46.80  1699.19  0
 11110  43  0  40  0  1  1  0   51.56  2057.83  0
 11111  61  0  34  1  1  1  0   51.01  1727.19  1
 11112  42  1  17  0  0  0  2   18.00   288.33  0
 11113  34  1  33  1  1  2  1   91.61  3006.74  0
 11114  30  1  47  0  0  0  2   18.00   859.69  0
 11115  37  1  52  0  1  2  0   69.39  3591.48  0
 11116  42  0   9  2  1  0  2   25.86   221.92  0
 11117  21  0  33  0  0  2  0   72.98  2428.28  1
 11118  27  1  60  2  1  0  2   22.81  1385.46  0
 11119  20  1  21  0  1  1  0   61.68  1285.73  0
 11120  58  0  58  2  0  2  0   98.86  5704.57  0
 11121  62  0  69  0  1  0  2   18.00  1259.59  0
 11122  35  0  10  1  1  2  1   92.02   901.40  1
 11123  64  0   6  0  1  2  0   82.48   520.72  1
 11124  53  1  13  0  0  0  2   22.64   302.71  1
 11125  64  0  65  0  0  2  0   81.36  5284.53  0
 11126  39  0  20  0  1  2  0   91.88  1846.37  1
 11127  51  1  57  0  1  1  0   52.44  2950.04  0
 11128  64  0  46  0  1  0  2   25.59  1206.74  0
 11129  25  0   8  1  1  2  0   84.82   674.38  0
 11130  57  1  10  1  1  1  1   63.68   640.14  0
 11131  66  1  67  1  1  1  1   68.40  4571.27  0
 11132  61  1  11  1  1  0  2   28.18   306.56  0
 11133  36  0  12  0  1  0  2   18.00   247.96  0
 11134  59  0  10  0  0  1  1   75.39   748.50  1
 11135  58  1  25  0  1  1  1   56.82  1412.15  0
 11136  54  1  49  2  1  2  0   85.66  4211.00  0
 11137  23  0  49  0  1  2  1   83.08  4077.13  0
 11138  69  1  11  0  0  1  0   51.29   595.27  1
 11139  43  1  62  1  0  0  2   18.00  1075.68  0
 11140  51  1  36  0  0  1  0   61.98  2222.07  1
 11141  73  0  39  2  1  2  1   87.54  3385.56  1
 11142  62  0  53  2  0  1  0   60.30  3220.53  0
 11143  23  0  56  0  1  1  0   49.73  2759.04  0
 11144  54  0   1  0  1  1  0   54.94    61.54  1
 11145  74  0  56  0  1  1  0   69.58  3870.34  0
 11146  50  0   4  1  0  1  1   57.55   220.21  1
 11147  70  1  30  0  0  2  0   74.10  2203.09  1
 11148  39  0  12  1  0  0  2   18.77   225.10  0
 11149  38  0  35  1  0  1  0   54.82  1959.26  0
 11150  23  1  52  0  1  2  0   94.31  4875.61  0
 11151  23  0  31  0  1  2  0   85.64  2632.09  0
 11152  72  0  68  1  1  0  2   21.23  1455.58  0
 11153  65  1  52  0  0  0  2   18.00   932.94  1
 11154  21  1   7  2  1  2  1   99.52   671.19  1
 11155  47  1  22  0  0  2  1   99.92  2188.82  1
 11156  28  0  56  1  1  2  0   95.07  5293.65  0
 11157  47  1  58  2  1  2  0   80.07  4634.26  0
 11158  48  0  64  2  1  1  0   54.93  3496.08  0
 11159  41  0  12  0  1  1  1   72.06   870.94  1
 11160  72  0   7  0  0  1  1   54.41   393.73  1
 11161  26  0  55  1  1  1  1   47.05  2534.67  0
 11162  72  1  62  0  1  2  1   78.37  4861.08  0
 11163  20  1  55  0  1  2  0   75.41  4101.49  1
 11164  68  0  36  2  1  2  0  101.09  3639.37  0
 11165  48  1  24  0  1  2  1  120.00  2911.83  0
 11166  57  0  44  0  1  2  1   81.36  3572.87  0
 11167  54  0  17  0  0  1  0   54.16   925.84  1
 11168  53  0   2  1  1  0  2   18.00    50.75  1
 11169  41  1  13  1  1  1  0   59.81   793.00  0
 11170  48  0  31  0  1  0  2   21.40   680.09  0
 11171  23  0  28  0  1  1  0   46.23  1303.14  1
 11172  19  1  60  0  1  1  0   48.79  2912.33  0
 11173  37  1  27  1  1  2  0   82.85  2249.84  1
 11174  45  1  15  0  1  0  2   26.15   422.05  0
 11175  28  1  33  2  0  2  1   85.19  2820.97  0
 11176  21  0  20  0  1  2  1   71.73  1438.40  1
 11177  32  1  42  2  0  2  0  104.55  4357.60  0
 11178  23  0  12  0  0  0  2   22.49   248.62  1
 11179  71  1  23  1  1  0  2   18.00   399.62  0
 11180  66  1  72  0  1  1  0   58.06  4158.35  1
 11181  47  1  14  0  1  1  0   63.12   880.39  1
 11182  73  1  25  2  1  1  0   55.94  1379.93  0
 11183  55  1  31  2  0  0  2   26.81   848.44  0
 11184  68  1  54  0  0  1  0   60.55  3261.73  0
 11185  74  0   5  1  1  0  2   21.53    85.34  0
 11186  19  1  13  1  1  2  1   98.06  1256.33  1
 11187  32  1  28  2  1  2  0   87.04  2438.49  0
 11188  28  1  43  0  1  0  2   24.39  1043.13  0
 11189  25  1  47  0  0  2  0   82.76  3890.56  1
 11190  43  0  71  0  1  0  2   24.75  1752.32  0
 11191  68  1  38  0  1  1  0   58.12  2242.92  1
 11192  62  1  67  2  0  0  2   20.53  1392.64  0
 11193  61  1  62  0  1  2  0   80.38  4966.36  0
 11194  22  1  39  0  1  1  0   52.01  1989.48  1
 11195  23  0  37  1  1  1  1   68.19  2515.83  1
 11196  43  1   8  1  1  1  0   65.13   498.30  1
 11197  71  0  52  0  0  1  1   70.04  3607.51  0
 11198  21  1  33  0  0  0  2   18.00   606.77  0
 11199  36  0  42  2  1  1  0   39.01  1638.21  0
 11200  37  0  27  0  0  2  1  106.10  2887.15  1
 11201  50  1   8  1  1  0  2   33.41   265.80  1
 11202  37  1  23  1  0  2  1   90.86  2085.41  0
 11203  66  0  64  0  0  2  1   88.05  5609.71  1
 11204  29  0  20  2  1  2  0   97.31  1933.68  0
 11205  64  1  16  1  0  0  2   18.00   252.11  0
 11206  18  0  17  0  1  2  0  107.44  1847.26  1
 11207  43  0  19  1  1  2  1  101.18  1896.08  1
 11208  31  0   8  1  0  0  2   19.87   163.37  1
 11209  55  1  38  1  0  0  2   18.00   679.07  0
 11210  54  0  38  2  0  2  0   98.23  3740.51  0
 11211  28  0  53  0  0  1  1   60.56  3210.37  0
 11212  53  0  31  0  1  0  2   23.55   703.59  0
 11213  30  1  44  0  1  2  0   90.99  3996.91  1
 11214  60  1  60  0  0  0  2   26.46  1612.94  0
 11215  20  0  17  0  1  1  1   66.59  1115.57  1
 11216  50  1  39  2  0  1  1   96.16  3773.39  0
 11217  23  0  42  1  1  1  1   70.55  2976.33  0
 11218  67  1  48  1  0  1  0   56.46  2712.87  0
 11219  73  1  12  1  1  2  0   79.16   935.13  1
 11220  27  0  18  2  0  1  1   73.77  1333.31  0
 11221  22  1   6  0  1  2  1   89.50   526.79  1
 11222  40  1  43  2  0  1  1   57.26  2484.27  0
 11223  27  1  35  0  1  2  1   87.97  3053.20  1
 11224  61  0  54  2  1  0  2   19.04  1034.32  0
 11225  19  1  62  1  0  2  0  118.75  7363.08  1
 11226  30  1  69  0  0  1  0   57.92  4003.05  0
 11227  57  0  16  1  0  2  0   75.08  1215.64  1
 11228  19  1   8  0  1  1  1   75.89   589.35  1
 11229  37  1  31  0  1  1  0   56.89  1745.81  1
 11230  18  1  10  1  1  1  1   77.95   783.81  1
 11231  54  1  56  0  1  2  1  120.00  6739.29  1
 11232  26  1  70  0  0  2  0   62.62  4378.42  0
 11233  34  0  20  2  1  1  1   41.25   853.76  0
 11234  26  0   5  1  1  0  2   29.96   143.80  1
 11235  28  1  23  2  1  2  0   74.69  1703.64  1
 11236  32  1   9  1  1  2  0   59.52   544.77  1
 11237  41  1  58  0  1  2  1   87.13  5042.62  0
 11238  55  0  59  0  1  1  0   45.32  2663.21  0
 11239  72  0  54  1  1  2  1   83.41  4509.34  1
 11240  52  1  46  2  1  0  2   24.28  1135.52  0
 11241  47  1  22  0  0  2  1   89.61  1977.47  1
 11242  48  0  64  2  1  2  0   60.73  3888.89  0
 11243  66  1   8  2  1  2  0   85.49   722.39  0
 11244  22  0  20  1  0  1  1   56.49  1143.73  0
 11245  61  0  51  2  0  1  0   52.51  2671.24  0
 11246  67  1  39  0  0  2  0   82.12  3224.73  1
 11247  31  0  37  2  0  0  2   24.23   891.72  0
 11248  70  1  50  1  1  2  1   87.42  4383.07  0
 11249  73  1  34  0  0  1  0   61.98  2118.12  0
 11250  28  1  33  2  1  1  0   39.05  1288.70  0
 11251  26  1  31  0  1  2  0   98.48  3038.40  1
 11252  51  1  54  0  0  0  2   26.49  1429.91  0
 11253  29  1  44  1  1  0  2   18.85   819.92  0
 11254  52  0  34  0  0  2  1   82.72  2817.75  1
 11255  52  0  71  0  0  1  0   44.22  3148.07  0
 11256  18  0  62  2  1  2  1   94.62  5827.03  0
 11257  57  0  23  0  0  1  0   67.16  1551.43  0
 11258  39  1  46  0  1  2  0   78.61  3674.57  0
 11259  46  0  56  0  1  0  2   25.56  1425.02  0
 11260  25  0   7  0  0  2  0   67.73   493.89  1
 11261  28  0  61  1  1  2  1   89.73  5488.37  0
 11262  58  1   3  1  0  2  0   84.35   220.20  1
 11263  54  0  38  2  1  2  0   88.25  3363.45  1
 11264  31  1  34  1  1  1  0   51.67  1739.97  1
 11265  47  0  44  0  0  2  0  103.70  4558.85  0
 11266  52  1  30  2  1  1  0   67.62  1999.41  0
 11267  38  1  17  1  1  2  1   92.38  1579.31  1
 11268  54  0  59  1  1  1  1   59.80  3521.38  0
 11269  22  1  10  1  0  1  0   49.00   516.91  1
 11270  36  1  18  2  1  0  2   25.17   425.87  1
 11271  31  0  45  1  0  0  2   18.00   828.17  0
 11272  43  0  59  0  1  0  2   18.00  1070.43  0
 11273  21  0  62  1  0  1  0   41.88  2579.39  0
 11274  42  1  59  0  0  2  1  105.00  6164.09  0
 11275  62  1  49  0  1  1  1   51.35  2510.35  0
 11276  59  1  63  0  1  0  2   18.01  1139.36  0
 11277  42  0  32  0  0  2  0   86.53  2747.65  1
 11278  35  1  10  0  0  1  1   48.18   462.82  1
 11279  57  1  11  0  1  2  0   87.73   984.84  1
 11280  25  1  70  1  0  1  0   51.75  3606.87  0
 11281  56  1  62  2  0  1  1   45.93  2859.26  0
 11282  57  1  47  2  0  1  0   56.95  2701.03  0
 11283  31  1  34  0  0  1  0   58.96  1988.55  1
 11284  49  1  17  1  1  0  2   20.92   330.65  0
 11285  68  0  54  2  0  1  0   60.04  3259.60  0
 11286  55  0  40  0  1  0  2   21.29   845.62  0
 11287  50  0  19  1  1  2  0   95.95  1814.27  0
 11288  40  1  67  1  1  2  0   70.81  4772.84  0
 11289  32  1  53  0  1  1  1   51.03  2699.23  0
 11290  50  0  64  2  1  2  1   77.58  4970.67  0
 11291  42  1  47  2  1  2  0   72.82  3390.31  0
 11292  34  0   6  0  1  1  1   85.22   509.79  0
 11293  50  1  16  0  0  1  0   46.97   733.89  0
 11294  64  1  72  0  1  1  1   59.78  4294.02  0
 11295  72  0  18  0  1  2  0   81.49  1455.50  1
 11296  19  0  52  0  1  2  0   79.65  4167.83  1
 11297  31  0  48  0  1  1  1   83.15  3977.94  0
 11298  70  0  43  0  1  2  0   59.12  2531.46  1
 11299  57  0  39  2  1  2  0  117.78  4624.11  0
 11300  57  1  49  0  0  2  0   87.17  4264.19  0
 11301  68  1  12  0  0  2  0   99.42  1180.63  1
 11302  56  1  10  0  0  2  1   95.31   975.10  1
 11303  68  0  71  0  1  2  1  107.23  7613.65  0
 11304  23  0  55  0  1  2  0   70.83  3897.40  1
 11305  23  0   1  0  1  1  1   51.45    57.43  1
 11306  20  0  49  0  0  2  1  120.00  5906.79  0
 11307  24  0  36  2  1  2  0  113.70  4072.52  0
 11308  68  0  21  2  1  0  2   18.00   400.89  0
 11309  25  1  37  0  1  1  0   62.17  2270.42  1
 11310  59  1  24  0  1  2  0  102.37  2440.57  1
 11311  69  1  55  1  0  0  2   23.30  1263.57  0
 11312  32  1  25  1  0  2  0   81.88  2044.18  1
 11313  64  1   7  0  0  2  0  115.37   792.59  1
 11314  46  0  71  2  1  0  2   23.44  1689.66  0
 11315  50  0  71  1  0  0  2   18.00  1288.40  0
 11316  69  0  24  0  0  1  0   51.13  1226.83  1
 11317  47  0  11  1  0  1  0   44.30   469.74  0
 11318  56  0  12  2  1  1  0   53.93   675.19  1
 11319  44  0  35  1  1  2  1   92.90  3253.47  0
 11320  53  1  63  0  0  2  0   96.33  6063.77  0
 11321  46  0  68  0  1  1  0   62.41  4241.16  0
 11322  55  0  57  0  0  0  2   21.94  1246.14  0
 11323  74  0  13  0  0  2  0   90.42  1192.38  1
 11324  50  0  23  1  1  1  0   65.43  1527.50  0
 11325  54  1  39  2  1  2  1   91.61  3554.27  0
 11326  44  1  12  1  1  1  1   41.07   479.79  0
 11327  72  0  34  2  0  1  0   76.11  2575.69  0
 11328  50  1  71  0  0  1  0   45.89  3264.59  0
 11329  21  1  31  2  1  2  0   95.43  2978.29  0
 11330  39  0  62  1  1  2  1   89.89  5545.72  1
 11331  19  0  13  0  1  1  0   68.98   875.81  1
 11332  27  0  31  1  0  2  0   70.57  2180.80  0
 11333  22  0   2  0  1  2  1   84.34   179.36  0
 11334  27  0  15  1  1  1  0   50.02   731.48  0
 11335  50  1  57  0  0  1  0   60.54  3443.06  0
 11336  71  0  34  0  1  2  1   98.35  3329.47  1
 11337  55  0  68  1  1  1  0   60.65  4139.35  0
 11338  30  0  29  1  1  0  2   20.63   596.08  0
 11339  48  1  66  0  1  2  0   98.98  6518.11  1
 11340  64  0  16  0  1  1  1   74.49  1168.31  1
 11341  53  0  39  0  0  2  0  107.72  4193.16  1
 11342  62  0  37  1  0  2  1  100.16  3700.64  0
 11343  41  1  21  2  0  2  1  100.09  2118.84  0
 11344  69  0  44  2  0  2  0  111.51  4926.80  0
 11345  73  0  19  0  1  0  2   25.99   470.15  0
 11346  32  0  71  1  1  2  0   92.78  6607.07  0
 11347  46  1   8  0  1  1  0   41.06   342.73  1
 11348  25  0  66  1  0  2  1   69.74  4592.22  0
 11349  22  0  41  0  0  2  0   94.19  3876.95  1
 11350  46  0  70  0  1  1  1   71.54  4991.96  0
 11351  64  1  61  1  1  1  0   47.77  2922.08  0
 11352  21  0  26  0  1  0  2   21.77   614.52  0
 11353  29  0  71  1  1  0  2   18.00  1282.61  0
 11354  62  0  70  2  0  2  0   93.58  6543.76  0
 11355  19  1  29  0  1  1  0   60.98  1742.14  1
 11356  44  1  66  0  0  2  1  103.88  6857.72  0
 11357  48  0  19  2  1  1  0   58.36  1128.80  0
 11358  68  1  68  1  0  0  2   18.53  1245.85  0
 11359  68  1  58  0  0  2  0   81.82  4756.38  0
 11360  53  1  70  0  0  2  0  102.39  7162.03  0
 11361  53  0  57  1  1  1  1   69.15  3933.58  0
 11362  43  0  37  1  1  1  0   59.88  2225.35  1
 11363  60  1  61  0  1  2  0   86.30  5226.44  0
 11364  44  1  30  0  1  0  2   23.26   693.97  1
 11365  22  1  71  2  0  1  0   64.59  4605.63  0
 11366  37  0  25  1  0  2  1   85.58  2135.80  0
 11367  28  0  65  2  1  2  0   93.89  6102.99  0
 11368  27  1   6  1  1  1  1   62.74   373.79  0
 11369  57  1  18  2  1  2  1   99.71  1833.03  0
 11370  55  1  10  0  0  2  0   97.53   983.00  1
 11371  23  1  11  1  0  1  0   40.48   419.76  0
 11372  25  0  65  0  1  1  0   44.16  2853.08  0
 11373  40  1  65  1  1  1  0   48.41  3148.53  0
 11374  64  0  52  0  0  2  0   74.04  3875.24  1
 11375  43  1  67  0  0  1  0   53.38  3589.68  0
 11376  63  1  31  2  1  0  2   28.46   902.11  0
 11377  60  1  17  2  0  2  0  102.68  1722.96  1
 11378  29  1  55  0  0  1  0   49.19  2718.07  0
 11379  43  1  36  1  1  0  2   24.34   861.48  0
 11380  30  0  26  0  1  1  0   54.57  1416.42  0
 11381  57  1  53  0  1  1  0   58.44  3114.32  0
 11382  35  1  17  2  1  2  1   80.29  1353.56  0
 11383  42  1  25  0  1  1  0   41.79  1015.94  0
 11384  50  0   2  2  1  1  1   72.32   137.28  0
 11385  64  0   5  0  1  1  1   65.33   329.07  1
 11386  57  0   4  1  1  0  2   22.61   104.10  1
 11387  60  0  36  1  1  2  1  118.91  4262.98  1
 11388  29  1   6  0  1  2  1   91.42   537.44  1
 11389  61  1  21  0  0  2  0   81.56  1717.06  1
 11390  53  1  26  2  0  1  0   72.69  1900.86  0
 11391  65  0  55  1  1  2  0   85.25  4692.81  1
 11392  21  1  39  0  1  1  1   56.97  2218.90  0
 11393  22  1  33  0  0  2  0   96.04  3154.53  1
 11394  73  0  14  0  1  1  0   52.62   754.42  1
 11395  54  0  56  0  0  2  0   72.66  4093.23  1
 11396  25  0  21  0  1  0  2   20.45   417.76  0
 11397  59  1  46  0  0  1  0   63.27  2900.93  1
 11398  66  1  16  2  1  0  2   18.00   301.67  0
 11399  45  0  16  1  0  1  1   53.18   854.23  0
 11400  48  1  29  2  0  2  0   83.80  2441.84  0
 11401  26  0   8  1  0  2  1   78.50   633.42  0
 11402  71  0   3  2  0  0  2   18.00    61.59  0
 11403  68  1  19  1  1  1  0   55.06  1038.00  0
 11404  46  0  66  1  1  2  0  101.59  6664.98  1
 11405  31  0  22  2  1  1  0   62.88  1387.23  0
 11406  57  0  46  1  1  2  0   83.40  3850.20  0
 11407  58  1  13  0  1  2  0  104.24  1360.84  1
 11408  39  0  33  1  0  2  1  120.00  3945.08  0
 11409  28  0   5  2  0  0  2   22.46   100.72  0
 11410  40  0  27  1  1  2  0   79.51  2195.91  0
 11411  18  0  24  1  1  2  0  108.44  2609.60  1
 11412  63  0  67  1  1  2  1  117.78  7844.31  0
 11413  54  0  63  2  0  2  1   98.80  6212.92  0
 11414  38  0  48  0  1  1  1   77.23  3702.70  1
 11415  43  1  63  1  0  2  0   73.28  4591.87  0
 11416  63  1  12  0  0  2  0   53.99   645.28  1
 11417  53  0  28  1  0  0  2   18.00   494.14  0
 11418  71  1  44  1  1  2  1   98.10  4320.32  0
 11419  40  1  43  0  1  2  0   83.89  3601.57  1
 11420  74  0  17  0  0  1  0   64.62  1084.54  1
 11421  18  1  40  1  0  1  1   50.14  1998.82  0
 11422  71  0  49  0  0  0  2   18.00   898.94  0
 11423  72  0  57  0  1  2  0   96.43  5497.79  0
 11424  68  0  64  2  0  0  2   18.00  1147.70  0
 11425  57  0  57  0  1  1  0   52.29  2987.55  1
 11426  32  0  70  0  0  1  0   55.25  3867.47  0
 11427  38  1  43  2  0  2  1   85.24  3643.19  0
 11428  64  0  23  0  0  2  1  103.67  2398.14  1
 11429  26  1  27  0  0  1  1   44.38  1185.77  0
 11430  70  0  58  1  1  0  2   29.16  1684.43  0
 11431  26  0  37  1  0  1  1   61.70  2252.63  0
 11432  27  0   6  2  0  2  0   82.45   511.14  1
 11433  69  1  65  2  1  2  1  120.00  7802.49  0
 11434  74  0   6  1  0  1  0   41.40   254.10  0
 11435  70  0  50  0  1  1  1   54.55  2743.78  1
 11436  43  0  22  0  0  2  0  106.07  2349.99  1
 11437  58  0  25  0  1  2  0   61.65  1527.16  1
 11438  52  1  72  0  0  2  0   92.43  6655.20  0
 11439  69  0  51  1  1  1  1   58.94  3004.22  0
 11440  42  1  48  1  1  1  0   38.84  1860.71  0
 11441  43  0  70  0  1  0  2   22.63  1568.01  0
 11442  28  1  65  2  1  1  1   70.56  4614.90  0
 11443  55  1  60  0  0  2  1   95.02  5721.48  1
 11444  19  0  46  0  1  1  0   75.69  3490.61  0
 11445  24  0  36  1  0  0  2   18.00   675.14  0
 11446  35  1  58  0  0  0  2   24.33  1420.63  0
 11447  44  0  38  0  0  0  2   21.64   816.26  0
 11448  51  0  11  0  0  2  0   99.57  1086.84  1
 11449  44  0  12  0  1  1  0   49.96   607.23  0
 11450  34  1  42  1  1  0  2   18.00   728.44  0
 11451  60  0  39  2  1  1  0   48.18  1896.35  0
 11452  61  0  71  0  1  2  0   84.04  5934.27  0
 11453  68  0  11  0  0  0  2   23.40   279.45  0
 11454  71  1  36  1  1  1  0   55.17  1996.05  1
 11455  41  0  52  2  0  2  0   88.23  4626.97  0
 11456  42  1  31  0  1  2  0  110.88  3440.88  1
 11457  24  0  33  0  0  1  0   54.76  1820.20  1
 11458  69  1  13  1  1  2  1   87.01  1145.07  1
 11459  23  0  18  1  1  2  1  101.60  1811.09  0
 11460  70  0  41  0  0  1  0   37.84  1530.09  1
 11461  41  1  58  1  1  1  1   47.82  2754.88  1
 11462  50  1  56  0  0  1  0   53.66  3004.31  0
 11463  66  1  24  0  1  2  0   71.01  1704.09  0
 11464  46  0  31  0  1  1  0   48.92  1517.20  1
 11465  60  0  55  2  0  2  0   99.02  5455.98  0
 11466  39  0  10  0  1  2  1  102.89  1014.04  1
 11467  43  0  60  0  0  2  0   83.85  5047.78  0
 11468  45  1   2  0  1  0  2   20.41    49.43  1
 11469  67  0  15  2  0  2  1   88.63  1361.06  1
 11470  38  0   3  0  1  2  0   97.74   301.84  1
 11471  66  0  43  0  1  2  0   96.89  4164.88  1
 11472  24  0  31  0  1  1  0   64.91  2055.16  1
 11473  34  0  70  1  1  0  2   24.72  1728.72  0
 11474  37  0  67  0  1  0  2   20.27  1363.88  0
 11475  58  0  56  0  0  2  1   84.53  4742.37  0
 11476  66  1  63  0  0  2  0   82.49  5215.49  1
 11477  37  0  15  2  1  2  0   86.75  1302.96  0
 11478  71  0  10  1  1  1  1   58.26   637.94  0
 11479  39  0  38  1  1  2  0  109.45  4147.63  0
 11480  45  0  47  2  1  2  0  109.52  5177.23  0
 11481  57  1  57  2  1  1  0   53.80  3037.35  0
 11482  66  1  50  0  1  2  0  100.46  5003.31  0
 11483  24  1  71  2  0  2  0   93.40  6600.28  0
 11484  18  1  15  0  0  2  0   77.55  1144.75  1
 11485  49  1  18  0  1  2  0   91.18  1608.52  1
 11486  30  1   2  2  1  1  0   47.26    96.68  0
 11487  47  0  43  0  0  0  2   18.00   756.14  0
 11488  40  1  26  0  1  2  1  102.15  2686.20  1
 11489  68  1  71  0  0  2  0   92.33  6565.48  0
 11490  73  0  38  1  0  0  2   33.47  1273.19  0
 11491  36  1  42  0  1  0  2   19.22   812.56  0
 11492  49  0   5  1  1  2  0   77.07   398.27  1
 11493  47  0  11  2  0  1  0   64.23   730.38  0
 11494  46  1  65  1  0  2  1   94.62  6140.36  0
 11495  66  0  34  0  1  1  1   58.52  1976.05  1
 11496  62  1   1  2  0  0  2   18.00    26.30  0
 11497  46  1   2  0  1  1  1   63.20   157.78  0
 11498  47  0  20  0  1  1  1   75.54  1483.56  0
 11499  33  0  61  0  0  2  1  101.47  6197.65  0
 11500  57  1  21  1  0  1  0   46.67  1005.89  1
 11501  36  0  68  0  0  1  0   73.35  5000.11  0
 11502  35  0  12  0  0  1  0   45.93   557.80  1
 11503  18  1  22  0  1  2  0   73.94  1637.49  1
 11504  31  1  20  0  1  1  0   66.67  1369.47  1
 11505  68  0   1  1  1  1  0   69.98    85.88  1
 11506  64  1  30  2  1  2  1  100.30  2977.98  0
 11507  67  1  24  1  0  2  1   75.64  1813.67  1
 11508  19  1  14  0  1  2  0   86.45  1212.05  1
 11509  71  1  36  0  0  1  1   51.33  1868.40  1
 11510  45  1  69  2  0  1  0   79.85  5511.32  0
 11511  66  1  24  0  1  0  2   21.44   514.88  1
 11512  67  1  60  2  1  2  0   97.02  5822.05  0
 11513  47  0  55  0  0  0  2   18.15  1003.05  0
 11514  55  1  24  2  0  1  0   73.06  1751.57  1
 11515  68  0  24  0  0  2  0   77.46  1850.66  1
 11516  21  0  54  0  1  2  0   72.12  3891.53  0
 11517  18  0  26  1  1  2  1   99.57  2594.92  0
 11518  25  1  66  1  1  0  2   24.40  1622.81  0
 11519  46  1  38  0  1  2  1  120.00  4614.73  1
 11520  72  0  65  1  0  2  0  109.21  7072.07  1
 11521  56  1  51  1  0  2  0  102.93  5261.17  0
 11522  20  0  35  0  1  0  2   18.00   659.52  1
 11523  49  1  43  0  1  2  0   74.40  3183.73  0
 11524  27  1  29  0  1  2  0   71.83  2096.76  1
 11525  27  0  37  0  0  2  0   82.74  3054.08  1
 11526  36  0  58  1  1  2  0   56.30  3255.07  0
 11527  63  0  54  0  0  2  0  105.48  5681.26  0
 11528  51  1  39  0  1  1  0   44.75  1743.44  0
 11529  50  0  42  0  0  0  2   18.00   753.44  0
 11530  40  1  28  0  1  0  2   18.00   519.07  0
 11531  72  1  29  0  1  1  1   51.58  1466.94  0
 11532  45  1  43  0  0  2  0   94.66  4087.38  1
 11533  49  0   3  0  1  1  0   45.34   152.58  1
 11534  67  0  10  2  1  2  0   92.52   931.38  1
 11535  24  0  59  0  1  2  1  108.87  6469.09  1
 11536  46  1  14  1  1  0  2   18.00   276.67  1
 11537  25  1  47  0  1  0  2   18.00   835.98  1
 11538  18  0  42  0  0  1  1   56.98  2369.37  1
 11539  74  1  32  0  0  0  2   18.00   562.24  1
 11540  72  1  32  0  1  0  2   18.00   564.38  0
 11541  20  0  42  2  1  1  0   55.67  2301.58  0
 11542  41  0  32  2  1  1  1   51.17  1647.33  0
 11543  40  0  26  1  1  1  0   48.58  1236.80  0
 11544  25  1   1  1  1  2  0   87.37    92.03  1
 11545  71  1  56  0  0  2  0   85.52  4807.88  0
 11546  74  1   2  0  1  1  0   28.33    84.65  1
 11547  64  1  30  2  1  2  1  104.50  3129.97  0
 11548  54  1  71  1  0  2  0  103.58  7339.85  0
 11549  20  0  52  1  0  2  0   76.41  4000.05  0
 11550  68  1   9  0  0  2  0   58.98   560.95  1
 11551  50  1  22  0  0  0  2   18.00   409.65  0
 11552  45  1  34  2  0  1  0   47.06  1586.20  0
 11553  64  0  49  0  1  1  0   67.00  3256.66  0
 11554  25  0   1  0  1  0  2   18.00    40.32  1
 11555  51  0  53  0  1  0  2   18.21   963.90  1
 11556  52  1  40  2  0  1  1   81.78  3296.00  1
 11557  49  0  45  0  0  0  2   20.80   922.70  1
 11558  41  0  68  2  1  2  1   97.93  6681.41  0
 11559  31  0   9  0  0  2  0   83.48   779.47  1
 11560  49  1  22  2  0  2  0   99.67  2187.90  1
 11561  73  0  18  1  0  1  0   59.04  1068.89  0
 11562  63  1  43  0  0  1  0   73.54  3139.00  1
 11563  60  1  39  1  0  1  1   84.63  3277.85  0
 11564  33  0   6  0  1  1  0   58.14   355.19  1
 11565  21  1  48  0  1  2  1   94.44  4522.32  0
 11566  69  0   7  2  1  2  1   97.45   686.96  0
 11567  54  1  69  0  1  1  0   49.34  3407.74  0
 11568  71  0  16  0  1  2  0   87.01  1405.21  0
 11569  38  0   1  0  0  1  1   50.58    61.17  1
 11570  31  0  37  0  0  1  0   47.88  1789.97  0
 11571  48  1  37  2  0  1  0   62.86  2330.36  0
 11572  72  0  64  0  1  2  1  103.07  6602.63  1
 11573  65  1  62  2  1  1  0   53.73  3331.22  0
 11574  35  0  72  2  1  0  2   22.09  1611.47  0
 11575  24  1  61  0  1  0  2   27.53  1716.14  0
 11576  27  1  33  0  1  0  2   18.07   611.30  0
 11577  24  0  66  2  1  1  0   40.65  2692.85  0
 11578  50  0  30  0  1  2  0   94.41  2827.95  1
 11579  40  0  20  0  0  1  1   70.36  1412.06  1
 11580  38  0  60  0  1  0  2   23.80  1420.10  1
 11581  36  0  24  1  0  2  0   67.04  1596.64  0
 11582  65  1   4  1  1  2  0   62.50   246.08  1
 11583  36  0  37  0  0  2  1   98.97  3697.68  1
 11584  53  0   4  0  1  1  1   66.95   266.10  0
 11585  46  1  18  2  1  2  1   89.64  1645.99  0
 11586  35  0  66  1  1  2  1  116.70  7682.76  0
 11587  19  0  48  1  0  0  2   19.95   960.38  0
 11588  18  1  33  1  1  1  1   77.31  2565.64  0
 11589  64  0  58  0  1  2  0   98.17  5709.30  0
 11590  22  0  28  1  0  2  0   68.65  1900.54  1
 11591  37  0  35  0  1  2  0   71.70  2485.18  1
 11592  28  1  10  0  1  1  0   42.18   434.19  0
 11593  59  0  65  1  1  2  0   91.47  5934.48  0
 11594  19  1  42  0  0  1  0   55.98  2363.85  0
 11595  20  0   9  2  1  1  1   78.50   735.22  0
 11596  40  1  60  0  1  1  0   60.95  3643.88  1
 11597  72  0  15  2  1  2  0   65.53   972.51  0
 11598  29  1  57  2  1  1  1   60.38  3401.14  0
 11599  37  1  69  0  0  0  2   18.00  1258.02  0
 11600  22  1  22  1  1  2  1   99.40  2229.41  1
 11601  54  1  64  0  1  2  1  120.00  7655.06  0
 11602  55  1  41  2  1  1  0   56.31  2333.59  1
 11603  47  1  71  0  1  1  1   67.01  4784.42  0
 11604  26  0  56  1  1  2  1   94.74  5321.12  1
 11605  51  0  23  0  1  1  1   68.56  1564.77  0
 11606  70  1  25  0  1  1  0   53.44  1331.13  1
 11607  61  1   6  0  0  0  2   23.09   149.59  1
 11608  52  1  34  0  1  2  0   73.41  2506.40  0
 11609  69  1  63  1  1  1  0   47.69  2999.46  0
 11610  39  0   9  1  1  2  0   65.61   599.70  1
 11611  61  1  60  1  1  1  0   54.67  3272.98  0
 11612  41  0  49  0  0  1  1   53.94  2640.81  0
 11613  34  0  51  0  1  2  0  106.79  5442.23  0
 11614  27  1  60  0  1  0  2   18.00  1101.90  1
 11615  47  1  70  2  0  2  1   65.46  4553.63  0
 11616  73  0  37  2  1  1  0   43.65  1628.05  0
 11617  63  0  31  0  1  2  0   87.03  2705.12  1
 11618  40  1  41  0  1  1  1   71.52  2886.94  0
 11619  49  1  62  0  1  2  1  100.31  6236.64  1
 11620  34  1  58  1  0  0  2   18.00  1063.92  0
 11621  67  0  14  1  1  0  2   18.00   243.90  0
 11622  68  0  36  1  1  0  2   18.00   657.70  0
 11623  34  1  36  0  1  2  1  103.50  3731.35  0
 11624  31  0   8  1  1  1  1   66.16   573.92  0
 11625  26  0  26  1  0  2  1   88.29  2305.59  1
 11626  57  1  36  0  1  0  2   18.00   650.12  1
 11627  19  1  48  0  0  1  0   49.77  2410.86  0
 11628  62  0  28  0  1  1  0   55.08  1574.39  1
 11629  42  0  68  0  0  1  0   68.41  4693.32  0
 11630  56  1  62  2  1  2  0   87.80  5431.65  0
 11631  26  1  51  0  1  1  0   51.63  2641.73  0
 11632  71  1  42  2  0  2  0   78.78  3296.34  1
 11633  39  1  29  1  0  0  2   28.51   873.21  0
 11634  60  1  10  0  1  0  2   24.12   242.15  0
 11635  63  0  39  1  1  1  0   64.79  2545.95  0
 11636  21  0   1  0  1  0  2   23.74    23.74  0
 11637  43  0  39  0  0  2  0   84.25  3295.73  1
 11638  46  0  21  0  1  0  2   25.99   509.67  1
 11639  62  1  65  0  0  2  0   62.98  4114.50  0
 11640  51  1  15  0  0  1  1   80.51  1233.70  0
 11641  40  1   4  0  0  1  0   62.42   237.83  1
 11642  54  0  60  0  1  2  0   92.29  5501.20  0
 11643  28  0  61  0  1  2  0   73.65  4522.31  1
 11644  23  0  20  2  0  2  0   98.96  2006.32  1
 11645  35  1  10  0  0  0  2   25.73   273.12  1
 11646  38  0  34  1  0  2  1   84.43  2866.92  0
 11647  59  1  48  0  1  1  0   48.26  2310.88  0
 11648  53  1  33  1  0  1  0   44.66  1500.46  0
 11649  58  1  61  0  1  2  0   93.22  5680.00  0
 11650  55  1  10  2  1  1  0   54.02   543.35  0
 11651  51  1  54  0  0  1  1   86.22  4655.77  0
 11652  34  1  65  2  1  2  0   61.99  4035.91  1
 11653  54  0   1  0  0  1  0   46.29    46.29  0
 11654  42  1   5  0  1  2  0   85.18   426.09  1
 11655  55  1  15  1  1  2  1  104.98  1610.53  0
 11656  29  0  28  0  1  1  1   71.20  2004.09  0
 11657  40  1  23  0  1  2  0   86.27  1991.86  1
 11658  70  0  17  0  1  0  2   21.76   386.36  1
 11659  59  0  13  1  0  0  2   20.59   245.29  0
 11660  39  0  14  2  0  1  0   65.49   937.21  1
 11661  38  1  11  0  1  2  1   86.66   959.32  1
 11662  44  1  28  2  1  2  1   88.36  2461.74  0
 11663  74  0  42  0  0  2  0   95.34  4002.36  1
 11664  48  1  61  0  0  1  0   70.72  4324.58  1
 11665  23  1  64  2  0  0  2   18.00  1153.72  0
 11666  44  0  31  2  0  2  1   98.62  3078.94  0
 11667  57  0  10  1  1  2  1   89.32   878.17  0
 11668  51  1   8  0  1  1  0   60.55   461.90  1
 11669  29  0  21  0  1  2  0   60.38  1252.74  0
 11670  62  0  59  0  1  1  0   51.54  3032.67  1
 11671  74  0  50  0  0  1  0   49.26  2465.68  0
 11672  70  1  69  0  1  1  0   51.58  3552.39  0
 11673  24  1  70  2  0  2  0   46.92  3260.66  0
 11674  27  1  30  2  0  0  2   30.12   876.54  0
 11675  62  0  17  0  0  2  0   47.59   783.46  1
 11676  34  1  20  0  0  0  2   22.38   441.83  0
 11677  43  0  48  2  1  2  0   65.59  3132.10  0
 11678  38  1   2  0  0  0  2   18.00    28.32  1
 11679  45  1  37  1  1  1  1   66.38  2482.61  0
 11680  63  0   1  0  1  2  1  105.37   105.37  1
 11681  19  1   4  0  0  0  2   18.00    77.99  1
 11682  71  0  54  2  1  1  0   43.92  2347.98  0
 11683  60  1  25  0  0  2  0   65.58  1612.80  1
 11684  18  1   3  0  0  2  0   88.22   272.09  1
 11685  68  0   9  0  0  1  0   44.53   414.27  1
 11686  70  0  34  2  1  1  1   77.89  2664.04  0
 11687  53  0  43  2  0  1  1   53.46  2321.00  0
 11688  68  1  22  0  1  1  1   70.42  1545.69  1
 11689  43  1  70  0  0  1  0   70.45  4937.00  0
 11690  46  1   2  1  1  1  0   55.69   103.67  0
 11691  38  0  66  0  0  1  0   37.10  2474.46  0
 11692  28  0  32  1  1  2  0   91.00  2893.77  0
 11693  57  0  16  0  1  0  2   18.77   310.34  1
 11694  28  1   1  0  1  2  0   84.38    84.38  1
 11695  53  1  72  1  1  2  0  108.79  7835.08  0
 11696  66  0  48  0  0  1  1   65.52  3112.83  0
 11697  56  1  50  2  1  2  1  102.70  5139.53  0
 11698  57  0  13  0  1  2  1   85.07  1145.39  1
 11699  52  1  15  0  1  2  0   80.79  1200.68  1
 11700  71  1  53  2  1  1  1   76.23  4035.34  0
 11701  51  0  44  0  1  0  2   20.68   927.25  0
 11702  72  1   8  1  0  1  1   67.85   543.69  0
 11703  64  1  46  0  1  1  0   65.01  3014.90  0
 11704  41  0  69  1  1  2  0  109.45  7559.92  0
 11705  71  0  19  1  1  2  0   67.66  1303.05  1
 11706  39  1  38  0  1  2  0   77.63  2910.39  1
 11707  22  0  11  2  1  2  1  116.87  1287.41  0
 11708  73  1  43  1  1  2  1  120.00  5137.84  0
 11709  50  0  20  0  0  2  1   91.07  1813.50  1
 11710  53  1  20  1  1  2  1   99.07  1990.04  0
 11711  64  1  21  1  1  1  0   58.51  1224.12  0
 11712  37  0  57  0  1  0  2   21.17  1191.01  0
 11713  36  1  50  0  0  0  2   21.24  1087.08  0
 11714  52  1  26  0  0  1  0   68.65  1805.04  1
 11715  69  0  30  0  1  2  1   67.99  2012.26  1
 11716  60  0  31  1  0  1  0   48.45  1517.20  0
 11717  34  1  42  0  1  2  0   94.58  3975.76  1
 11718  62  0  68  2  1  1  1   60.04  4087.44  0
 11719  60  0  61  0  1  1  1   67.86  4170.57  0
 11720  51  1  61  0  1  1  0   65.87  4021.17  0
 11721  26  1  70  1  1  0  2   28.00  1974.28  0
 11722  43  0  68  0  1  1  0   57.77  3932.64  1
 11723  19  0  17  0  1  1  0   69.90  1192.69  1
 11724  70  0  19  0  1  2  0   87.13  1636.96  1
 11725  26  1  51  0  1  0  2   18.48   991.56  0
 11726  26  1  70  0  1  2  1   71.85  4967.99  0
 11727  57  1  63  2  0  0  2   18.00  1119.49  0
 11728  34  1  30  0  1  2  0   85.07  2542.32  1
 11729  18  1  25  2  0  2  1   95.38  2402.67  0
 11730  42  1  71  1  0  0  2   21.15  1473.43  0
 11731  60  1  26  0  1  2  0  112.55  2922.79  1
 11732  57  0  56  0  1  0  2   23.76  1346.30  0
 11733  59  0  22  2  1  2  0   97.07  2111.18  1
 11734  42  1  19  2  1  0  2   29.14   550.92  0
 11735  56  1  31  0  1  1  1   61.44  1901.28  0
 11736  52  1  26  0  1  1  1   59.91  1545.70  0
 11737  20  0  42  0  1  2  1  113.34  4761.01  0
 11738  67  1  41  0  0  2  1  102.29  4185.38  1
 11739  54  0  23  1  1  0  2   19.78   474.29  1
 11740  61  0  47  2  0  2  1   94.09  4432.82  0
 11741  61  0  13  0  1  2  0   82.42  1067.77  1
 11742  68  0  66  1  0  1  0   53.99  3564.66  0
 11743  47  0  66  1  1  1  0   54.97  3620.24  0
 11744  55  1  16  0  1  2  1   90.54  1475.38  1
 11745  51  1  28  0  0  2  1  103.33  2902.28  1
 11746  29  0  35  1  0  2  1  106.20  3714.20  0
 11747  36  1  41  2  1  0  2   18.00   746.77  0
 11748  54  0  31  1  1  2  1  108.54  3402.52  1
 11749  61  0  32  0  0  0  2   18.00   562.29  1
 11750  66  1  54  0  0  2  0   92.56  5015.93  0
 11751  34  1  72  0  1  2  1  103.31  7446.60  0
 11752  27  1  59  1  1  1  0   54.16  3191.12  0
 11753  74  1  41  1  0  2  0   85.86  3505.67  1
 11754  72  1  66  0  1  1  0   52.67  3493.40  1
 11755  66  0  54  2  0  0  2   18.00   977.82  0
 11756  64  1  40  1  1  2  0   85.01  3429.28  0
 11757  29  1  28  1  0  1  0   49.54  1410.48  0
 11758  33  1  37  2  0  2  0  102.09  3783.34  1
 11759  41  0  65  0  0  2  1   63.46  4110.46  0
 11760  36  1  55  2  1  2  1   92.98  5154.99  0
 11761  25  0   4  0  1  0  2   18.00    59.61  1
 11762  48  1  10  0  1  2  0   69.04   707.01  1
 11763  38  1  47  2  0  0  2   18.00   810.57  0
 11764  34  0  14  2  0  1  1   78.40  1129.01  0
 11765  40  1  38  0  1  2  0  102.31  3847.10  1
 11766  54  1  12  1  0  1  0   55.73   662.49  1
 11767  71  0  45  1  0  0  2   20.32   893.16  0
 11768  33  1  17  2  1  1  1   75.37  1309.20  0
 11769  23  0  35  0  1  1  1   76.31  2656.01  1
 11770  25  0  66  2  0  0  2   18.00  1198.58  0
 11771  42  0  41  0  1  2  1  105.09  4314.03  1
 11772  35  0  67  0  0  0  2   18.00  1177.10  0
 11773  42  0  29  0  1  0  2   18.05   544.03  0
 11774  29  1  18  0  0  1  0   60.94  1096.60  0
 11775  32  1  20  2  1  0  2   18.00   390.15  0
 11776  43  1  14  0  1  1  0   51.45   732.57  1
 11777  58  0  34  2  1  1  0   38.41  1290.74  0
 11778  62  0  49  0  1  1  0   59.51  2911.97  0
 11779  43  0  54  1  1  2  1   81.76  4410.45  0
 11780  64  0  31  2  1  1  0   46.79  1466.05  1
 11781  49  1  58  1  0  2  0  105.33  6124.04  1
 11782  27  1  42  1  0  2  0   74.69  3123.52  0
 11783  33  0  58  1  1  2  0   96.29  5603.76  0
 11784  24  0  30  2  0  2  0  101.49  3052.83  1
 11785  34  1  25  2  1  2  1  108.76  2732.39  1
 11786  40  0  63  0  0  0  2   18.75  1191.61  0
 11787  43  0  19  2  0  2  0   78.59  1509.79  0
 11788  38  0  72  0  1  1  1   55.87  4003.98  0
 11789  39  1   8  0  0  2  0   58.58   472.44  1
 11790  24  1   3  2  0  2  1  106.58   339.89  0
 11791  31  0  67  0  1  2  0   95.16  6398.03  1
 11792  32  1  17  2  0  2  0   92.15  1588.83  0
 11793  70  0  14  0  0  1  0   26.62   354.96  1
 11794  24  0   9  0  1  1  0   53.23   520.63  0
 11795  26  1  62  0  0  2  0   94.44  5890.58  1
 11796  68  0  21  0  0  1  0   67.87  1407.96  1
 11797  65  0  37  1  1  0  2   21.49   789.15  0
 11798  25  1  11  0  1  2  1   97.91  1090.71  1
 11799  67  0  20  0  1  2  0   74.82  1481.97  0
 11800  40  0  35  0  0  1  0   58.79  2069.28  1
 11801  46  0  53  0  0  2  0   81.45  4321.08  1
 11802  35  1  47  1  1  0  2   18.00   871.77  0
 11803  48  0  52  0  0  1  0   43.43  2266.95  0
 11804  47  1   8  1  0  1  1   55.54   403.71  0
 11805  69  0   4  2  0  2  1   99.87   416.73  1
 11806  56  0  27  1  1  1  0   41.12  1134.83  0
 11807  52  0  44  2  1  2  0   80.59  3544.70  0
 11808  35  0  40  0  0  0  2   26.54  1064.56  0
 11809  59  1  47  0  1  1  0   40.66  1914.04  0
 11810  56  1  44  2  0  2  0   91.74  4024.85  0
 11811  34  0  48  1  0  1  0   60.47  2951.95  0
 11812  31  0  52  1  1  2  0   80.63  4177.11  0
 11813  48  0  68  1  0  2  0   94.33  6433.00  0
 11814  41  0  11  0  1  1  1   63.12   712.79  1
 11815  52  0   4  0  1  1  0   62.95   242.64  1
 11816  61  0  48  1  1  1  0   44.32  2108.63  0
 11817  62  0  26  1  1  2  0  113.34  2944.71  1
 11818  51  0  39  0  1  1  1   79.37  3109.38  0
 11819  20  1  58  2  0  2  1   61.55  3576.04  0
 11820  54  1  19  0  0  1  0   66.72  1304.00  1
 11821  60  1  58  0  1  1  1   59.23  3423.59  0
 11822  57  0  28  2  0  1  0   69.33  1929.97  0
 11823  43  0  66  1  1  0  2   25.04  1670.27  0
 11824  72  0  10  0  1  0  2   18.00   146.63  0
 11825  40  1  58  0  0  0  2   22.88  1315.78  0
 11826  61  0  14  0  0  0  2   18.00   249.39  1
 11827  56  1  15  1  0  1  1   70.38  1055.42  0
 11828  32  0  33  0  1  0  2   20.23   657.44  0
 11829  73  1  17  2  0  0  2   18.00   269.52  1
 11830  66  1  24  2  0  1  0   41.63  1027.41  0
 11831  21  1  30  2  0  2  0   88.45  2680.74  0
 11832  46  0  62  0  1  2  0   91.96  5668.23  0
 11833  39  1  13  1  1  0  2   19.21   263.21  0
 11834  42  0  62  0  0  1  0   47.26  2927.42  0
 11835  30  0  47  0  0  0  2   18.00   857.19  1
 11836  35  0  16  0  1  2  0   68.56  1102.57  1
 11837  50  0  66  0  1  2  0   96.04  6309.49  0
 11838  33  0  43  2  1  1  1   43.41  1882.67  0
 11839  62  1   8  0  1  0  2   24.76   187.04  0
 11840  59  0   3  0  1  2  1   93.86   229.65  1
 11841  61  0  12  2  1  0  2   22.61   275.30  0
 11842  19  0  16  0  1  1  0   61.20   947.94  1
 11843  72  0  59  1  1  2  0   86.76  5141.74  1
 11844  52  0  49  0  1  2  0   79.15  3872.53  1
 11845  59  1  63  0  1  2  1  111.59  7031.75  0
 11846  51  1  62  2  1  2  0   59.27  3685.13  0
 11847  47  0  49  0  0  1  0   68.02  3335.08  0
 11848  72  1  51  1  1  2  0   68.15  3463.83  1
 11849  30  1  33  0  0  2  0   80.12  2666.55  1
 11850  30  0  30  0  1  0  2   27.16   812.63  0
 11851  35  1  59  0  0  1  0   77.29  4537.63  0
 11852  49  0  15  0  1  1  0   56.82   859.40  0
 11853  49  1  23  0  1  2  1   74.68  1716.03  0
 11854  52  1  45  1  1  0  2   24.27  1091.69  0
 11855  56  1  62  0  0  0  2   19.80  1230.12  0
 11856  63  0  71  0  1  1  0   44.38  3152.10  0
 11857  69  1  15  0  1  0  2   21.10   345.65  1
 11858  46  1  46  2  1  0  2   18.00   811.98  0
 11859  66  0  64  2  0  1  1   66.95  4243.18  0
 11860  46  0  46  1  1  1  0   45.80  2106.81  1
 11861  70  1  56  2  1  2  1   65.48  3683.52  0
 11862  61  0  44  0  1  2  0   60.07  2611.80  1
 11863  74  1  29  0  1  2  1   85.89  2498.10  1
 11864  33  1  62  1  0  2  0   92.53  5708.73  0
 11865  73  0  52  1  1  2  1  113.81  5935.00  0
 11866  61  0  54  0  1  0  2   27.14  1465.78  0
 11867  64  0  57  0  0  2  0   62.32  3534.64  0
 11868  74  1  66  2  0  0  2   18.88  1214.01  0
 11869  27  0  22  2  1  1  0   48.90  1119.42  0
 11870  47  1  20  0  0  2  0   83.41  1714.30  1
 11871  42  0  33  1  1  1  1   79.10  2588.72  0
 11872  56  1  72  0  1  2  0   87.42  6272.19  0
 11873  37  0  25  0  0  0  2   24.34   610.08  0
 11874  22  1  46  0  0  0  2   31.06  1421.05  0
 11875  18  0  57  0  1  2  1   71.53  4070.69  1
 11876  47  1   5  0  1  0  2   18.00    95.67  0
 11877  66  0  55  2  1  1  0   60.71  3377.40  0
 11878  20  0  61  0  1  2  0   89.00  5456.24  1
 11879  62  1   8  1  1  1  0   65.49   517.51  1
 11880  31  0  16  0  1  1  1   61.16   993.00  0
 11881  73  1  48  0  0  2  0   88.09  4191.38  1
 11882  47  1  61  2  0  1  0   47.44  2896.56  0
 11883  67  0  15  1  1  2  1  110.96  1659.67  1
 11884  21  1  65  2  1  1  0   55.42  3621.57  0
 11885  35  0  22  2  1  2  0  106.06  2345.76  0
 11886  54  0   3  0  1  0  2   27.06    87.36  1
 11887  42  1  54  0  1  1  0   42.18  2286.92  0
 11888  65  0  14  2  0  2  0  108.47  1509.91  1
 11889  18  1  36  2  1  2  1  108.97  3942.27  0
 11890  70  1  67  1  0  2  0   82.65  5546.75  0
 11891  63  0  10  1  0  1  0   63.41   630.86  0
 11892  32  0  49  1  1  2  1   87.38  4283.59  0
 11893  26  1  65  0  1  0  2   26.81  1759.53  0
 11894  32  1  57  1  0  0  2   20.50  1187.27  0
 11895  66  0  27  2  0  1  1   73.88  1987.92  0
 11896  74  0   5  1  0  2  0   75.54   359.83  1
 11897  41  0  71  0  1  2  1   99.23  7036.22  0
 11898  21  0  57  0  1  1  0   63.86  3631.94  0
 11899  29  1  15  0  1  1  1   68.08  1023.67  1
 11900  54  0  30  0  0  1  1   70.61  2142.25  0
 11901  54  1  20  2  0  1  1   57.40  1138.59  0
 11902  60  1  37  0  0  2  1   99.57  3691.85  1
 11903  23  0   3  0  1  0  2   18.00    50.32  0
 11904  56  1  41  0  0  2  0   84.72  3473.90  1
 11905  73  0  39  1  1  1  0   50.07  1958.79  0
 11906  63  1  26  0  1  1  0   52.95  1400.73  1
 11907  41  0   2  0  1  2  0   58.73   122.41  1
 11908  28  1  23  0  0  1  0   55.26  1219.35  1
 11909  30  1  23  0  0  0  2   19.46   443.60  0
 11910  51  0  16  0  1  1  1   49.85   828.98  0
 11911  42  0   9  0  0  2  0   90.12   833.92  1
 11912  24  1  13  2  1  2  0   97.39  1281.88  1
 11913  69  1  28  0  1  2  0   89.73  2536.03  1
 11914  21  0  27  0  1  2  0   96.79  2629.81  1
 11915  25  1  51  1  1  0  2   18.00   941.20  0
 11916  37  0  64  0  1  1  1   62.87  4001.33  0
 11917  46  1  52  1  1  2  0   86.11  4476.52  1
 11918  71  0  38  0  0  0  2   20.73   790.69  0
 11919  70  1  65  1  1  1  1   41.50  2698.58  0
 11920  68  0  18  1  0  2  0   71.19  1269.88  1
 11921  62  0  63  2  1  2  1  110.04  6935.45  0
 11922  63  1  51  0  0  2  0   73.26  3702.26  1
 11923  27  0   9  0  0  0  2   18.77   177.99  1
 11924  60  1  13  0  0  1  0   54.48   694.76  1
 11925  51  0  40  2  1  0  2   18.00   676.48  0
 11926  74  0  55  2  0  2  1  118.70  6528.83  0
 11927  43  0  43  0  1  0  2   19.84   884.08  0
 11928  58  1  44  0  0  2  0   72.15  3136.58  1
 11929  66  0  68  0  1  0  2   23.24  1575.46  0
 11930  20  1  33  0  1  0  2   18.52   578.72  1
 11931  73  0  24  0  1  2  0   85.88  2066.26  1
 11932  23  1  36  0  0  1  0   69.09  2504.66  1
 11933  22  1  10  1  1  1  0   49.59   479.72  1
 11934  22  1  20  2  0  0  2   25.71   505.73  0
 11935  71  0  12  2  0  2  0   79.87   955.47  0
 11936  64  1  62  0  0  1  1   65.68  4096.95  0
 11937  40  0  18  1  1  0  2   21.52   359.40  0
 11938  66  1  63  2  0  1  0   51.55  3238.57  0
 11939  26  1  25  0  1  2  0   69.75  1775.16  0
 11940  52  1  12  1  1  0  2   22.27   252.69  0
 11941  37  1  21  0  0  2  0  101.82  2130.33  1
 11942  66  0  25  0  0  1  0   61.27  1535.35  0
 11943  59  1  11  0  0  2  1  103.97  1190.21  1
 11944  52  1  64  0  1  2  1   88.14  5618.61  0
 11945  67  0  50  1  1  1  1   71.88  3609.11  0
 11946  35  1  62  0  1  2  1  100.37  6199.18  0
 11947  34  1  49  0  1  1  1   73.63  3587.72  1
 11948  41  1  14  0  1  1  0   55.99   773.59  0
 11949  20  1   1  2  1  2  1  103.95   113.25  0
 11950  49  0  25  0  0  2  0   77.75  1932.76  1
 11951  52  0  59  1  0  1  1   71.95  4247.71  0
 11952  55  1  72  1  0  2  0   66.11  4745.57  0
 11953  30  0  69  0  0  1  0   51.65  3565.48  0
 11954  73  0   5  0  1  1  1   58.03   264.20  0
 11955  64  1  19  1  1  0  2   37.53   687.61  0
 11956  42  0  23  0  0  1  0   61.52  1404.69  1
 11957  26  1   9  0  1  2  0   68.74   630.88  1
 11958  21  0  50  1  1  0  2   18.00   903.88  0
 11959  31  0  16  0  1  0  2   18.00   272.51  1
 11960  54  0  33  0  1  1  0   43.60  1416.17  0
 11961  51  1   2  0  0  0  2   18.00    56.68  1
 11962  28  0  14  0  0  1  1   55.25   800.76  0
 11963  58  1   1  1  0  1  0   50.33    60.48  0
 11964  73  1  58  1  1  2  0   97.52  5663.27  0
 11965  20  0  16  1  1  1  1   63.01   965.40  0
 11966  45  1  47  1  0  2  0   95.69  4509.30  1
 11967  46  0  44  0  1  2  1   79.02  3508.65  0
 11968  26  1  14  0  1  2  1   89.26  1271.08  0
 11969  20  1  24  0  0  2  0   70.93  1722.68  1
 11970  42  0  55  0  0  2  0   91.64  5007.09  1
 11971  51  0  15  2  0  1  1   63.19   933.76  0
 11972  29  0  72  2  1  2  0  111.60  8032.30  0
 11973  59  0  34  0  1  0  2   18.00   597.77  0
 11974  26  1   2  0  0  2  1   79.41   135.62  0
 11975  32  1  27  0  1  2  1   99.45  2693.53  1
 11976  57  1  72  0  0  2  0   82.36  5949.85  0
 11977  42  0  23  0  1  2  0   92.54  2100.49  1
 11978  22  1  68  0  0  2  1   94.07  6417.52  1
 11979  28  0  14  2  0  1  1   63.59   894.73  0
 11980  51  1  63  1  1  1  0   48.32  3076.62  0
 11981  41  0  65  0  1  2  0   80.96  5278.30  1
 11982  32  1  68  0  0  2  0   62.05  4222.00  0
 11983  55  1  63  0  0  2  1  112.97  7119.86  1
 11984  25  0  64  2  1  0  2   26.35  1686.44  0
 11985  22  1  32  2  0  1  0   64.38  2096.53  0
 11986  65  0  13  2  1  2  0   78.13  1027.93  1
 11987  43  1  66  0  1  2  0   75.58  4980.92  0
 11988  35  1  19  1  1  0  2   22.50   438.89  0
 11989  23  0  24  0  0  2  0   70.73  1706.84  1
 11990  54  0  11  1  1  1  0   66.37   721.61  0
 11991  65  1  59  0  1  2  1   59.28  3481.12  0
 11992  30  1  15  0  0  1  1   60.48   930.84  0
 11993  45  1  10  1  1  0  2   18.00   174.75  1
 11994  22  1  41  0  1  0  2   26.23  1069.06  0
 11995  30  1  27  0  1  1  1   75.73  2056.35  0
 11996  34  1  60  0  0  2  1  103.47  6197.84  1
 11997  67  0  52  0  1  1  0   74.16  3860.89  1
 11998  57  0  28  0  0  2  0   85.15  2376.60  1
 11999  62  0  65  0  0  0  2   23.16  1453.81  0
 12000  49  1  17  0  0  1  1   49.02   841.07  0
 12001  46  1  44  0  0  2  0   80.20  3534.04  1
 12002  68  1  10  2  1  2  0   86.65   873.58  0
 12003  20  0  63  0  1  1  0   45.83  2845.78  0
 12004  73  0  47  0  0  0  2   21.28   973.15  1
 12005  57  1  38  0  0  1  0   35.31  1365.03  1
 12006  51  1  70  2  1  2  0   92.50  6476.48  0
 12007  57  0  53  1  1  2  1   88.48  4651.57  1
 12008  44  0  44  0  1  2  1   83.19  3662.05  1
 12009  30  0  54  1  1  0  2   23.72  1249.48  0
 12010  62  1  20  1  1  0  2   27.32   534.93  0
 12011  50  1  31  1  1  0  2   24.46   763.33  0
 12012  23  1   7  1  1  1  1   56.89   403.33  0
 12013  41  0  58  2  1  1  0   61.68  3597.58  0
 12014  36  0  10  2  1  1  1   62.44   633.71  1
 12015  33  1  10  1  0  1  0   66.29   673.47  1
 12016  57  1  39  0  0  1  0   57.21  2223.56  1
 12017  45  0  28  1  0  2  0   62.88  1743.63  0
 12018  50  1  30  2  1  1  0   52.58  1578.38  0
 12019  65  0  37  0  1  2  1   82.62  3077.34  0
 12020  58  0  67  2  0  2  0   73.34  4930.30  0
 12021  30  1  43  0  0  0  2   18.38   786.32  0
 12022  60  0  52  0  1  0  2   21.37  1110.05  0
 12023  62  1  56  2  1  1  0   64.08  3570.43  0
 12024  42  0  68  0  1  2  1   87.12  5947.17  0
 12025  70  0   9  0  1  0  2   26.06   266.84  0
 12026  59  1  23  0  1  1  1   47.98  1112.33  0
 12027  53  0  63  0  0  2  0   72.43  4530.38  0
 12028  44  1  61  0  1  1  1   85.48  5227.75  0
 12029  55  1  40  0  0  2  1   77.86  3147.49  0
 12030  24  0  44  0  0  1  0   67.51  2948.07  1
 12031  22  1  24  2  0  0  2   19.87   493.80  0
 12032  60  1  51  2  0  2  1   93.94  4787.18  1
 12033  62  1  58  0  0  2  1  109.03  6348.62  1
 12034  74  1  33  1  1  2  0   96.93  3175.53  1
 12035  68  1  16  0  0  2  0  105.01  1671.49  1
 12036  48  1  22  0  0  2  0   81.29  1757.02  1
 12037  40  0  57  0  1  2  0   87.14  4973.77  0
 12038  59  1  62  2  0  2  1   91.25  5668.56  0
 12039  27  0  71  2  0  2  1   78.32  5567.60  0
 12040  49  0  72  0  0  2  0   87.56  6294.01  1
 12041  60  1  70  0  1  2  0   82.53  5768.31  0
 12042  70  0  30  0  1  1  1   46.29  1382.16  0
 12043  47  0  23  0  1  1  1   76.09  1767.78  1
 12044  56  1  32  1  1  2  1   97.22  3081.99  1
 12045  48  1  57  0  1  1  0   48.00  2729.19  0
 12046  35  1   9  1  1  0  2   21.66   165.49  0
 12047  53  0  31  0  0  0  2   18.00   549.82  0
 12048  19  0  71  2  1  2  1   98.02  6959.14  0
 12049  31  1   9  1  1  1  0   68.87   661.84  0
 12050  30  1  13  0  1  2  1  100.98  1299.39  0
 12051  46  0  58  1  1  2  0   77.69  4526.56  1
 12052  29  0   3  2  1  2  0   69.54   174.41  1
 12053  56  0  35  0  1  2  0   74.28  2600.60  0
 12054  19  0  21  0  1  1  0   63.12  1326.27  1
 12055  49  1  64  2  1  1  0   54.43  3498.42  0
 12056  30  0  52  0  1  1  1   70.60  3660.28  0
 12057  63  0  34  0  1  2  1   90.81  3071.84  1
 12058  44  0  35  0  1  2  0   71.00  2443.40  0
 12059  66  0  15  2  1  2  0   93.98  1416.32  1
 12060  58  1   6  1  1  2  0   72.87   424.38  1
 12061  34  1  32  2  0  0  2   18.00   596.51  0
 12062  57  0  52  0  0  1  0   42.76  2233.76  0
 12063  48  0  28  0  1  0  2   18.00   527.71  0
 12064  51  1  64  1  1  1  0   63.96  4075.97  0
 12065  41  1  19  1  0  2  0  100.72  1917.77  0
 12066  62  0  15  0  1  2  0  101.37  1524.35  1
 12067  52  0   6  0  0  1  0   65.95   385.78  1
 12068  65  1  38  0  0  2  0   79.69  3052.83  1
 12069  23  1  26  1  0  0  2   23.33   622.21  0
 12070  36  1  51  2  0  1  0   65.53  3382.64  0
 12071  47  1  53  1  0  2  0   71.91  3825.12  0
 12072  24  1  56  2  0  1  0   56.94  3226.02  0
 12073  27  1  59  0  0  0  2   19.36  1179.16  0
 12074  58  0  70  2  0  2  0   56.93  3975.27  0
 12075  49  1  58  2  0  1  0   58.26  3349.69  0
 12076  51  1  13  0  1  2  1   84.28  1129.37  0
 12077  45  1  43  2  1  1  0   65.51  2830.81  0
 12078  32  1  51  0  0  2  1   83.56  4271.99  0
 12079  47  0  19  2  1  2  0   89.94  1699.89  0
 12080  54  0  21  2  0  1  1   66.12  1396.46  0
 12081  46  1  24  1  0  2  1   69.16  1680.18  0
 12082  39  0  26  1  0  1  0   51.80  1359.97  1
 12083  21  0  45  0  0  0  2   21.79   968.27  1
 12084  37  0  28  0  0  2  0  100.35  2840.65  1
 12085  49  0  29  0  1  1  0   55.19  1603.01  1
 12086  53  0  17  1  0  1  1   74.06  1272.60  0
 12087  67  0  68  1  1  2  1  103.06  7024.89  0
 12088  21  1  44  2  1  1  1   70.71  3153.87  0
 12089  44  1  61  0  1  1  0   61.16  3739.05  1
 12090  34  1  68  2  1  1  0   52.25  3551.95  0
 12091  29  1  25  2  1  0  2   18.00   488.27  0
 12092  39  1  67  1  1  1  0   70.70  4759.06  0
 12093  34  0   2  0  0  0  2   23.84    53.80  1
 12094  27  1  49  0  0  1  0   54.32  2666.54  0
 12095  71  1  70  0  1  2  0   94.26  6559.00  0
 12096  18  0  26  1  1  1  1   68.97  1791.47  1
 12097  39  0  72  1  0  2  0   72.19  5169.63  0
 12098  43  1  27  2  0  1  0   51.62  1340.35  0
 12099  73  0  18  0  0  1  1   78.26  1396.76  1
 12100  35  0  54  0  1  1  1   64.95  3479.67  0
 12101  67  0   1  1  0  2  1  100.63   100.63  1
 12102  31  0  61  2  1  1  0   67.60  4129.76  0
 12103  64  1   3  2  0  2  0   84.88   264.82  1
 12104  46  0  68  2  1  1  0   45.69  3104.73  1
 12105  29  1  41  0  1  1  0   56.13  2275.55  0
 12106  53  1  37  1  1  0  2   18.00   663.58  0
 12107  52  0  51  2  1  2  0   64.13  3249.32  0
 12108  69  0  15  0  1  1  0   63.03   973.52  1
 12109  29  0   8  0  0  1  0   52.44   416.57  1
 12110  24  1  38  0  0  0  2   18.00   661.22  0
 12111  46  0  56  0  1  1  1   67.54  3761.22  0
 12112  28  0  47  1  1  2  1   98.99  4652.67  0
 12113  50  0  10  0  1  2  0  114.26  1143.76  1
 12114  23  0  49  0  0  1  0   54.96  2689.17  0
 12115  64  0  41  0  1  1  0   65.68  2712.76  1
 12116  32  1  30  1  1  0  2   23.23   677.67  0
 12117  49  0   5  0  1  2  0   76.16   400.87  0
 12118  68  0  71  1  0  0  2   21.74  1541.66  0
 12119  28  0  31  0  1  2  1   92.53  2885.68  1
 12120  40  1  52  0  1  0  2   18.00   923.49  1
 12121  43  0  23  0  0  0  2   18.00   429.56  1
 12122  51  1  48  0  0  1  1   58.48  2790.90  0
 12123  63  1  40  0  0  1  0   54.90  2228.95  1
 12124  51  0   6  0  1  2  0   84.93   507.98  1
 12125  46  0  38  2  1  2  1   86.75  3287.88  0
 12126  21  0  41  1  0  2  0   81.88  3333.61  1
 12127  34  1  27  0  0  2  1   66.86  1808.59  1
 12128  52  1  69  0  1  1  0   44.92  3096.51  0
 12129  30  1  57  2  1  2  0   80.61  4568.03  0
 12130  58  1  17  1  1  0  2   28.36   467.39  1
 12131  56  1  71  0  1  2  1  104.50  7380.42  0
 12132  32  1  47  1  0  1  1   55.23  2573.22  0
 12133  72  0  13  1  0  1  1   81.15  1052.49  1
 12134  46  0  11  1  1  2  0   84.98   941.85  0
 12135  46  1  24  0  1  2  0   67.98  1625.04  1
 12136  28  0   4  0  0  2  1   93.82   384.71  1
 12137  69  0  46  0  1  1  0   64.85  2963.93  0
 12138  49  1  18  2  0  1  1   53.66   974.76  0
 12139  19  1  43  1  0  2  1   79.46  3415.24  1
 12140  64  0  33  0  0  0  2   29.03   953.87  1
 12141  31  1  10  2  1  2  1   99.45   994.43  1
 12142  37  1  59  2  1  1  1   60.28  3544.53  0
 12143  39  0  31  2  1  2  0   83.41  2555.02  0
 12144  28  1  28  2  1  1  1   67.86  1879.18  1
 12145  44  0  60  2  1  0  2   19.03  1113.56  0
 12146  20  0   3  0  0  1  0   68.50   200.94  1
 12147  34  0  55  2  0  2  0   86.48  4770.05  0
 12148  61  0  14  2  0  2  0   94.96  1359.11  1
 12149  73  0  58  0  1  0  2   20.42  1175.14  0
 12150  45  1  15  0  0  1  0   54.63   816.23  1
 12151  46  1   2  2  0  2  0   98.39   234.43  1
 12152  38  1  24  0  1  1  0   64.14  1531.31  1
 12153  64  1  64  2  0  2  1   70.50  4499.47  0
 12154  33  0  71  0  1  2  0   84.71  6011.80  0
 12155  54  0  24  0  1  0  2   30.25   717.51  1
 12156  37  1  27  0  1  1  0   50.54  1351.01  1
 12157  23  0  37  0  0  2  0   91.81  3368.81  1
 12158  36  1  39  1  0  1  0   67.47  2663.18  0
 12159  74  1  63  1  1  0  2   18.00  1145.01  0
 12160  22  1  26  0  1  2  0   79.40  2096.73  1
 12161  20  0  65  0  1  1  0   39.28  2572.29  0
 12162  18  0   4  0  1  1  1   66.04   264.47  1
 12163  55  0  29  0  1  2  1  100.77  2888.93  0
 12164  32  0   1  1  1  1  0   61.43    61.43  1
 12165  51  1  50  0  1  2  1  118.61  5923.53  1
 12166  52  0  11  0  0  1  0   55.64   592.76  0
 12167  66  0  59  0  1  0  2   18.00  1025.61  0
 12168  42  0  62  0  0  2  0   71.79  4433.16  0
 12169  41  1  36  0  1  0  2   18.00   644.12  1
 12170  29  1  56  0  1  1  0   57.08  3228.28  0
 12171  35  0  21  2  1  2  0  120.00  2506.54  1
 12172  32  0  13  2  1  1  0   54.28   718.75  0
 12173  61  0   9  2  1  2  0  105.61   930.95  0
 12174  33  0  11  0  0  0  2   19.43   209.24  1
 12175  44  1  70  0  0  1  1   53.38  3735.91  0
 12176  25  0   1  0  1  1  0   46.84    78.84  1
 12177  63  0  70  1  1  1  0   47.71  3286.29  0
 12178  42  0  56  2  0  1  0   53.78  2995.45  0
 12179  34  1  31  0  1  0  2   22.03   687.87  1
 12180  46  1  37  0  0  1  0   48.41  1799.53  1
 12181  70  0  47  1  0  0  2   23.95  1102.11  0
 12182  25  0  47  2  0  1  1   75.47  3546.32  0
 12183  32  0  69  2  1  2  0   81.05  5592.71  0
 12184  44  0  58  1  1  0  2   24.59  1455.65  0
 12185  63  0  36  2  1  1  0   35.58  1285.05  0
 12186  67  1  32  0  0  1  0   31.42  1002.60  0
 12187  69  1  64  2  0  0  2   24.16  1532.17  0
 12188  24  1  71  2  0  2  0   78.67  5597.72  0
 12189  20  0  42  2  0  2  0  118.05  4953.00  1
 12190  46  1  48  0  0  2  0   83.61  4001.95  0
 12191  61  1  30  0  0  1  0   45.00  1330.40  0
 12192  70  1  21  0  0  0  2   28.43   591.09  1
 12193  41  0  60  0  0  0  2   23.28  1410.77  0
 12194  20  0  13  2  1  1  1   80.49  1036.11  1
 12195  37  1   1  0  1  1  0   49.13    49.82  1
 12196  63  0  65  0  0  0  2   21.82  1407.16  0
 12197  32  1  33  1  1  1  1   56.24  1859.33  0
 12198  42  1  38  0  1  2  1   68.81  2616.45  1
 12199  47  1  25  0  0  1  0   62.42  1544.76  0
 12200  31  1  26  0  0  0  2   18.00   484.64  0
 12201  24  0  59  1  0  0  2   18.00  1032.88  0
 12202  34  0  33  0  1  1  1   51.12  1709.66  1
 12203  61  0  41  2  0  0  2   20.91   863.89  0
 12204  37  0  30  0  1  2  0   85.96  2590.56  1
 12205  53  1  57  2  0  2  1   87.75  4968.74  0
 12206  26  0  49  0  1  0  2   18.00   880.98  0
 12207  55  1  48  0  0  2  0   96.49  4662.19  1
 12208  65  0  72  0  0  2  1   57.77  4156.53  1
 12209  74  0  49  0  1  2  0   94.46  4631.15  1
 12210  39  0  47  0  0  1  0   59.65  2780.67  0
 12211  71  1  56  0  0  1  0   42.70  2362.42  0
 12212  70  1  65  0  1  2  0   55.99  3643.96  0
 12213  70  1  12  1  1  0  2   22.94   261.72  0
 12214  19  1  69  0  1  0  2   18.00  1230.92  0
 12215  41  0   6  0  1  2  1  118.60   712.86  1
 12216  25  1  65  1  0  2  1  120.00  7813.73  0
 12217  28  1  25  2  0  1  0   59.27  1492.26  0
 12218  30  0   1  0  1  1  0   53.99    55.98  0
 12219  34  0  32  0  1  2  1   91.71  2952.46  1
 12220  25  1   3  2  1  2  1   69.41   229.11  0
 12221  38  0  49  0  1  2  0   80.71  3952.16  0
 12222  35  1  19  2  1  2  0   78.12  1517.65  0
 12223  47  0  60  0  1  1  0   48.64  2896.66  0
 12224  35  1  29  2  1  1  1   68.92  1968.02  0
 12225  63  1  50  0  0  1  0   56.31  2843.17  1
 12226  64  1   2  2  0  1  1   72.86   131.72  0
 12227  48  1  56  0  1  2  0   78.35  4334.15  0
 12228  55  1  17  1  0  1  0   61.03  1030.99  0
 12229  49  0  60  0  0  2  0   85.12  5131.77  1
 12230  28  1  36  0  0  1  0   60.96  2188.41  1
 12231  62  1  61  1  1  1  1   64.22  3881.92  0
 12232  42  1  17  0  0  1  0   72.78  1231.47  1
 12233  50  1  49  2  0  1  0   30.58  1494.71  0
 12234  55  1  60  0  1  1  1   71.26  4268.88  0
 12235  58  0  20  2  1  0  2   24.28   471.22  0
 12236  25  0  50  0  0  1  1   52.33  2603.07  0
 12237  28  1   3  2  0  1  0   73.25   234.30  0
 12238  39  0  43  2  0  0  2   20.11   853.13  0
 12239  68  1  57  0  0  1  0   53.75  3066.98  0
 12240  41  0  50  2  0  1  0   58.71  2938.66  0
 12241  58  0  68  2  1  2  0   98.31  6672.75  1
 12242  34  1  50  0  1  2  0   86.98  4333.95  1
 12243  29  0  37  1  0  1  0   56.01  2073.77  1
 12244  74  0  46  0  1  1  0   63.38  2882.43  0
 12245  63  1  42  2  1  2  0   99.53  4220.14  0
 12246  49  1  15  0  0  0  2   21.68   313.75  0
 12247  32  0  33  0  0  2  0   61.79  2031.26  0
 12248  33  0  11  0  1  1  1   54.81   617.64  0
 12249  71  0  20  1  1  2  0  101.27  2022.00  1
 12250  39  1  24  2  1  1  0   52.22  1244.93  0
 12251  45  0  64  2  1  0  2   18.00  1125.25  0
 12252  37  0  65  0  0  2  1  101.60  6606.04  0
 12253  50  0  17  0  1  2  1   99.74  1684.64  1
 12254  27  1  61  1  0  1  0   52.82  3263.65  0
 12255  57  1  15  1  0  1  0   62.44   932.49  1
 12256  49  1  51  0  0  1  0   42.32  2112.98  1
 12257  67  1  27  0  1  0  2   18.00   505.00  0
 12258  50  0  61  0  1  2  0  107.54  6539.94  1
 12259  19  1  58  0  1  1  1   53.77  3120.79  0
 12260  50  0  31  1  1  1  0   40.24  1275.54  0
 12261  50  0  12  0  0  0  2   18.37   214.26  1
 12262  58  0  46  2  1  0  2   19.85   909.01  0
 12263  30  0  31  0  0  1  1   60.22  1885.51  0
 12264  47  1  32  0  1  1  0   52.72  1715.55  1
 12265  50  1  32  2  1  2  0   63.68  2035.01  0
 12266  30  1  53  1  0  2  0   95.71  5113.08  0
 12267  69  1  61  0  1  1  0   39.70  2386.93  0
 12268  43  1  46  1  1  1  0   55.23  2522.53  0
 12269  39  0   7  0  1  1  0   57.34   391.83  1
 12270  56  1   4  2  1  1  0   61.49   267.09  0
 12271  19  1  52  0  0  2  0   88.41  4601.93  0
 12272  55  1  31  1  1  1  0   44.12  1354.22  0
 12273  56  1  36  0  1  2  1   88.83  3175.36  1
 12274  43  0  54  0  1  2  0   74.44  3989.89  1
 12275  63  0  54  2  0  2  0   61.40  3325.92  0
 12276  67  0  17  2  1  0  2   22.18   369.27  1
 12277  32  0  30  0  1  2  1   83.65  2529.79  1
 12278  51  0  22  0  1  0  2   20.74   427.61  1
 12279  59  1  43  0  1  2  0   83.33  3591.73  1
 12280  72  0  27  1  1  1  1   53.64  1447.43  0
 12281  61  0  37  1  1  0  2   18.00   653.73  0
 12282  66  0  46  1  1  1  0   51.65  2365.08  0
 12283  57  1  35  0  1  2  1   75.30  2637.56  1
 12284  28  1   4  2  1  2  0   99.83   398.69  0
 12285  20  0  26  0  0  0  2   26.72   676.89  0
 12286  23  1  19  0  0  2  0   96.75  1848.56  0
 12287  26  1  45  1  1  1  0   58.49  2656.15  0
 12288  23  0  26  2  1  1  1   65.61  1700.98  0
 12289  26  1  22  1  0  2  1   79.28  1755.79  1
 12290  56  1  58  1  0  2  1  107.41  6226.59  1
 12291  48  1  63  1  1  1  0   68.71  4376.94  0
 12292  49  0  28  2  0  1  1   61.61  1725.36  1
 12293  58  0  65  0  1  2  0   84.46  5503.93  0
 12294  67  0  44  0  1  1  0   46.92  2087.83  0
 12295  29  1  43  2  0  0  2   18.34   775.80  0
 12296  25  0  37  2  0  0  2   18.00   680.12  0
 12297  25  1  66  0  0  2  0   80.66  5340.81  0
 12298  67  1  17  0  1  2  1  101.49  1733.93  1
 12299  45  1  40  0  1  0  2   21.63   880.46  1
 12300  37  0  38  0  0  2  0   88.76  3359.92  1
 12301  64  0  61  2  1  2  1   58.38  3604.13  0
 12302  24  0   9  0  1  0  2   20.24   134.19  0
 12303  28  0  61  2  1  2  0   94.20  5729.38  0
 12304  37  1  16  0  1  2  0   84.87  1331.17  1
 12305  33  0   2  0  1  2  1  112.03   258.52  1
 12306  21  1  72  0  0  0  2   19.50  1401.38  0
 12307  23  0  43  1  0  2  1  100.96  4322.39  0
 12308  39  0  42  1  1  0  2   18.00   743.89  0
 12309  43  0  57  1  0  1  0   60.86  3438.52  0
 12310  20  1  67  0  1  1  0   62.87  4224.84  0
 12311  58  1  30  0  0  2  0   74.30  2243.56  1
 12312  59  1  13  0  1  2  0   63.56   832.35  1
 12313  31  1  19  0  0  1  0   50.49   944.99  1
 12314  28  1   7  1  0  2  0   70.03   520.73  1
 12315  35  0   9  1  1  0  2   22.99   222.55  0
 12316  71  1  54  1  1  1  0   50.11  2671.05  0
 12317  29  1  61  0  0  1  0   62.18  3789.10  0
 12318  40  1   2  0  1  2  0   61.54    99.94  0
 12319  29  1  50  0  0  1  1   56.72  2865.44  0
 12320  30  0  31  0  0  2  0   73.54  2270.77  1
 12321  42  1  33  2  1  2  1   99.13  3243.71  0
 12322  62  0  11  1  0  0  2   18.00   195.08  0
 12323  68  0  33  0  0  1  1   62.25  2086.05  1
 12324  36  0   7  0  0  1  0   51.36   376.81  1
 12325  72  1  31  2  1  1  0   58.62  1806.79  0
 12326  63  0  48  1  1  1  1   65.50  3140.52  0
 12327  53  1  47  1  1  2  0   70.68  3341.86  0
 12328  62  1  53  0  0  2  0   51.12  2737.25  0
 12329  25  1  19  0  0  0  2   18.00   310.99  0
 12330  46  1   6  2  0  2  1   76.00   459.07  1
 12331  72  1  49  1  1  1  0   42.92  2095.98  0
 12332  70  0  50  0  1  2  0   73.98  3689.25  1
 12333  72  0  12  2  0  2  1  107.26  1313.96  1
 12334  49  1  23  1  0  2  0   65.96  1489.98  1
 12335  68  0  54  0  0  1  0   36.45  1984.40  0
 12336  61  1  69  0  0  1  0   49.21  3349.85  0
 12337  35  0  59  0  0  2  1   90.82  5343.88  0
 12338  23  0  36  0  0  2  0   79.82  2874.20  1
 12339  35  0   3  1  0  0  2   18.00    27.78  0
 12340  36  0  58  0  1  2  1   91.33  5341.22  1
 12341  39  0  55  2  0  0  2   21.08  1145.05  0
 12342  54  1  57  2  0  0  2   18.00  1010.05  0
 12343  49  1  17  0  1  0  2   25.01   411.30  0
 12344  73  0  39  0  1  0  2   19.08   755.79  1
 12345  58  1  68  2  1  2  0   99.69  6797.07  0
 12346  20  0  55  1  1  0  2   21.32  1163.84  0
 12347  45  1  45  1  1  0  2   18.00   816.33  0
 12348  27  0   1  0  1  0  2   18.00    25.89  1
 12349  68  0  21  0  1  2  1  110.97  2301.54  1
 12350  52  0  21  1  1  0  2   18.00   375.62  0
 12351  46  1  52  2  0  1  0   54.03  2796.95  0
 12352  71  1  43  0  1  1  0   48.97  2074.58  0
 12353  32  0  52  2  1  2  1  115.14  5991.54  0
 12354  50  0  67  0  1  2  1   93.88  6310.26  0
 12355  24  1  44  2  1  0  2   18.00   792.88  0
 12356  29  1  32  1  1  1  1   62.36  1944.09  0
 12357  66  1  10  0  0  2  1  111.87  1109.56  1
 12358  47  1  64  1  0  0  2   18.00  1134.13  0
 12359  38  1  69  0  1  2  0   61.57  4283.92  0
 12360  48  0  68  0  0  2  0   95.95  6517.82  1
 12361  41  1  28  0  1  2  0   70.32  1936.68  0
 12362  37  0  53  0  0  2  0   59.50  3152.58  0
 12363  54  0  51  0  0  2  0   70.82  3624.53  1
 12364  21  1  53  1  1  2  1   98.33  5213.47  0
 12365  45  1   4  1  0  2  0   90.80   347.15  1
 12366  61  0  17  0  0  1  0   58.44   984.31  1
 12367  37  1  67  2  0  0  2   18.00  1221.31  0
 12368  41  0  47  1  0  1  0   63.47  2985.11  1
 12369  67  1  56  2  0  2  0   95.25  5374.50  0
 12370  66  1  23  1  1  2  0   91.49  2106.23  1
 12371  68  1  18  0  0  0  2   18.00   293.44  0
 12372  49  0   1  0  0  0  2   18.00    18.00  1
 12373  58  1  35  1  0  2  0   89.22  3111.43  0
 12374  53  0  64  0  0  2  1  103.19  6573.11  0
 12375  70  1  58  0  1  1  1   54.54  3165.93  0
 12376  51  0  59  0  1  1  0   72.18  4250.26  0
 12377  53  1   1  0  1  1  0   53.30    56.29  0
 12378  19  0   3  0  1  1  1   74.17   259.11  1
 12379  32  0  67  0  1  1  0   42.27  2829.50  0
 12380  51  0  37  0  0  0  2   20.88   793.05  0
 12381  53  0  29  1  0  2  0   65.56  1897.41  1
 12382  23  0  33  1  0  0  2   20.61   688.44  0
 12383  56  0  61  0  1  2  0   91.49  5583.29  0
 12384  59  1   4  0  0  1  1   69.88   284.87  1
 12385  68  0  14  0  0  1  0   47.32   659.85  0
 12386  68  0  33  0  0  1  0   36.51  1233.84  1
 12387  71  0  22  0  1  1  1   67.92  1506.88  1
 12388  29  1  48  0  1  2  0   78.57  3773.67  1
 12389  20  1   3  1  0  2  0   78.56   253.85  1
 12390  62  1  23  0  1  1  0   45.48  1048.61  1
 12391  35  0  68  0  0  1  1   64.16  4385.21  0
 12392  57  1  21  0  0  2  0   84.48  1750.49  0
 12393  38  1  43  1  0  0  2   25.13  1123.22  0
 12394  32  0  26  2  0  2  1   64.30  1675.25  0
 12395  50  0  41  1  0  2  0   64.71  2630.29  0
 12396  52  1  38  1  0  2  0   91.45  3490.08  1
 12397  43  0  11  0  1  1  0   32.68   385.35  1
 12398  25  0  29  0  1  2  0   73.71  2117.09  1
 12399  53  0  60  2  1  1  0   78.45  4697.56  0
 12400  65  0  67  0  1  2  0   80.38  5405.76  0
 12401  47  1  65  2  1  2  0   95.04  6188.89  0
 12402  40  0  61  1  1  1  1   47.88  2911.88  0
 12403  59  1  19  1  0  1  1   71.70  1357.32  1
 12404  61  1  46  0  1  2  1   88.89  4063.93  1
 12405  31  1  49  1  1  2  0   88.89  4335.85  0
 12406  31  1  22  0  0  0  2   22.63   464.40  1
 12407  19  0  57  0  0  2  0   76.83  4372.34  0
 12408  72  0  14  0  0  0  2   22.28   325.47  1
 12409  54  0  44  2  0  1  0   43.49  1908.23  0
 12410  22  1  16  0  1  2  1   95.36  1548.09  1
 12411  55  1  12  0  1  1  0   59.90   705.88  1
 12412  62  1  55  0  1  0  2   18.00   960.18  1
 12413  58  0  51  1  1  2  1   80.11  4108.71  1
 12414  71  1  39  1  1  2  0   77.71  3038.03  1
 12415  64  0  33  1  0  2  0  100.90  3354.25  0
 12416  31  0  33  0  1  0  2   24.53   802.76  0
 12417  73  0  29  0  1  1  1   72.31  2128.80  1
 12418  56  0  69  1  1  2  0  107.62  7404.25  0
 12419  42  1  70  0  0  2  1   95.09  6650.55  0
 12420  37  0  31  2  1  2  0   87.64  2724.99  0
 12421  19  1  31  1  1  2  0   55.11  1699.03  1
 12422  56  0  46  0  1  2  0   71.35  3286.65  0
 12423  23  1  52  0  1  1  0   60.11  3150.67  0
 12424  34  1  10  2  1  2  0   98.02   987.73  0
 12425  42  0  41  0  1  2  0   65.61  2686.44  1
 12426  74  0   3  0  1  1  0   54.07   186.74  1
 12427  45  0  59  1  0  2  0  117.39  6936.26  0
 12428  19  1  52  0  1  2  1   93.68  4871.20  0
 12429  52  0  34  1  0  2  0  106.67  3625.18  1
 12430  54  0  49  0  1  2  1  100.21  4902.94  0
 12431  22  1  28  1  1  0  2   22.81   655.54  0
 12432  18  0  13  0  1  1  1   55.91   744.44  1
 12433  57  1  69  0  1  2  1   70.87  4915.34  0
 12434  29  0  67  2  1  2  1  105.84  7099.88  0
 12435  73  1  61  1  1  2  1   99.61  6065.32  0
 12436  53  1  60  0  0  1  1   65.61  3943.22  0
 12437  62  0  71  0  0  1  0   41.73  2951.58  0
 12438  40  1  24  1  0  1  1   61.43  1477.56  1
 12439  64  0  63  0  1  2  1   85.75  5430.45  0
 12440  48  0  61  2  0  2  0   77.22  4734.05  1
 12441  28  1  23  2  1  1  1   67.28  1565.55  0
 12442  27  0  30  1  0  0  2   23.53   705.45  0
 12443  20  1  60  0  1  0  2   21.43  1303.72  0
 12444  71  1  18  0  1  2  1   97.92  1749.75  1
 12445  31  1  56  1  0  1  0   56.14  3114.60  0
 12446  33  1  53  0  0  1  1   63.25  3357.69  1
 12447  27  1   7  0  1  0  2   18.00   118.49  1
 12448  46  1  69  0  1  2  1   95.70  6638.98  0
 12449  27  1  72  0  1  1  0   62.47  4530.49  0
 12450  29  1  52  0  0  2  0   83.27  4316.26  1
 12451  47  0   4  0  1  1  0   45.80   197.09  1
 12452  58  0  34  1  0  2  0   67.07  2240.89  0
 12453  18  1  69  0  1  1  0   45.46  3143.53  0
 12454  22  0  33  0  1  0  2   18.00   600.28  0
 12455  37  0  69  0  0  2  0  120.00  8260.14  1
 12456  25  0  38  1  1  1  1   56.22  2139.66  0
 12457  60  0  26  0  1  2  0   84.42  2176.35  1
 12458  29  0   1  1  1  2  1   93.70   110.74  1
 12459  18  0   4  2  0  2  0  106.20   428.52  1
 12460  74  1  39  0  0  2  0   91.44  3596.02  0
 12461  71  0  54  0  0  0  2   22.12  1163.86  0
 12462  37  0  33  0  0  2  0   87.62  2874.10  1
 12463  45  0  33  2  0  1  0   57.75  1896.05  0
 12464  74  0  72  1  1  0  2   21.61  1565.73  0
 12465  60  1  20  2  1  0  2   18.00   365.42  0
 12466  54  1  16  0  0  1  0   45.83   741.78  0
 12467  64  1  21  2  0  2  1   95.88  2000.50  0
 12468  54  1  45  0  1  0  2   18.00   771.94  0
 12469  29  0  62  0  1  2  1   97.77  6046.54  1
 12470  54  1  31  2  1  0  2   18.00   586.16  0
 12471  66  1  42  2  1  1  0   40.26  1678.51  0
 12472  66  1  12  0  1  1  0   42.21   510.06  1
 12473  73  1  65  0  0  2  0   83.89  5454.07  1
 12474  61  0   3  0  1  1  0   38.84   120.19  1
 12475  73  1   9  0  0  0  2   29.75   241.04  1
 12476  45  0  51  0  0  0  2   29.76  1534.12  1
 12477  64  1  16  2  0  2  0   98.28  1570.49  1
 12478  32  0   3  1  1  0  2   18.15   100.66  0
 12479  23  0  24  1  1  2  0   77.75  1858.54  1
 12480  61  1  13  1  1  1  0   57.97   773.15  0
 12481  37  1   2  0  1  1  0   60.97   114.18  1
 12482  67  1  71  1  1  2  0   89.44  6388.62  0
 12483  31  1  21  1  0  2  0   65.34  1386.75  0
 12484  19  0  19  0  1  1  0   53.10   983.19  1
 12485  26  0  47  1  0  2  0   93.00  4399.14  0
 12486  54  1  22  0  0  2  0   49.58  1106.26  1
 12487  37  1  33  2  0  1  0   43.95  1441.01  0
 12488  43  0  32  2  0  0  2   22.63   691.90  0
 12489  46  1  64  0  1  1  0   51.88  3344.28  0
 12490  18  0  39  1  0  2  0   80.33  3167.42  0
 12491  72  1  72  0  1  2  0  101.63  7339.74  1
 12492  52  0  42  1  0  1  1   64.46  2724.71  0
 12493  23  0   9  0  1  1  0   50.27   463.58  1
 12494  54  0  25  0  1  1  0   51.91  1318.93  0
 12495  70  0   2  0  1  0  2   18.62    32.00  0
 12496  22  0  19  1  1  2  0   72.48  1340.83  0
 12497  50  1  20  0  1  2  0   81.66  1648.38  1
 12498  66  0  70  2  1  0  2   18.00  1267.85  0
 12499  68  1  17  0  0  1  0   51.67   850.32  1
 12500  31  0  68  2  1  1  0   49.84  3345.26  0
 12501  29  0   3  1  1  0  2   21.16    65.11  0
 12502  59  1  51  0  1  0  2   27.57  1402.96  0
 12503  37  1  26  0  1  1  1   67.60  1752.80  0
 12504  70  1  56  1  1  2  1   96.55  5418.39  0
 12505  67  1  64  1  0  0  2   21.17  1339.98  0
 12506  41  0   8  1  1  1  0   46.37   384.71  0
 12507  60  1  37  0  1  2  0   95.53  3548.50  1
 12508  51  0  27  0  1  1  1   69.06  1811.41  1
 12509  42  1  45  2  1  2  1   94.33  4243.48  0
 12510  67  1   4  0  1  0  2   21.77    91.08  1
 12511  46  0  37  0  0  1  0   58.28  2171.32  0
 12512  74  0  71  0  1  0  2   21.65  1548.13  1
 12513  56  1  33  1  1  0  2   24.97   788.99  0
 12514  48  0  31  1  0  0  2   18.00   559.91  1
 12515  73  0  55  0  1  1  0   68.11  3740.86  0
 12516  64  0  12  0  0  0  2   18.00   237.50  0
 12517  60  0  11  0  1  2  0   94.93  1020.26  1
 12518  67  0  72  0  1  2  0   87.52  6301.39  0
 12519  40  0  32  0  0  0  2   18.00   593.43  0
 12520  61  0  57  2  1  1  0   65.29  3736.74  0
 12521  55  0  38  0  0  2  0   57.80  2193.31  0
 12522  37  1  60  0  1  2  0  109.38  6586.40  1
 12523  40  0  19  2  0  2  0  118.85  2243.53  1
 12524  62  1  56  0  0  1  0   53.37  3003.36  0
 12525  69  0  14  1  0  1  0   44.72   644.04  1
 12526  33  0  33  0  0  2  1   86.33  2821.53  1
 12527  67  0  10  0  0  0  2   24.88   274.86  1
 12528  59  0  64  2  1  2  1   90.16  5737.27  0
 12529  72  1  64  1  1  1  1   35.65  2289.07  0
 12530  25  1  62  0  1  1  0   58.83  3638.08  0
 12531  67  0  68  1  1  1  0   63.94  4368.17  0
 12532  38  1  43  2  0  2  0   92.71  3993.13  0
 12533  18  0  59  0  1  2  1  105.10  6236.72  0
 12534  72  0  52  0  1  0  2   28.02  1479.77  1
 12535  25  1  19  2  0  2  0   81.83  1557.41  0
 12536  46  1  21  0  1  0  2   28.59   624.49  0
 12537  49  0  22  1  1  1  0   53.46  1174.06  0
 12538  55  0   9  1  1  2  0  101.90   895.32  0
 12539  22  1   9  1  1  1  1   63.58   563.07  0
 12540  64  0  27  0  0  2  0  115.57  3118.09  1
 12541  39  1  17  0  1  1  0   61.48   983.00  1
 12542  64  0  44  1  1  0  2   19.52   886.55  0
 12543  51  0  45  0  0  2  0   67.01  3013.51  1
 12544  18  1   8  0  1  1  0   57.06   475.76  1
 12545  72  1  18  0  0  2  0   72.71  1311.99  1
 12546  72  1  33  0  0  1  0   59.41  1929.70  0
 12547  43  0   1  2  1  2  0   94.88    96.47  1
 12548  60  0   6  0  1  1  0   65.40   390.00  1
 12549  27  0  41  2  1  0  2   22.69   916.58  0
 12550  47  0  55  0  0  2  1   96.20  5283.19  1
 12551  67  1   5  1  1  1  0   68.25   341.78  1
 12552  35  0  59  0  1  1  1   79.40  4635.51  0
 12553  34  0  18  1  0  1  1   54.47   987.66  1
 12554  43  0  49  1  1  1  0   72.62  3570.46  0
 12555  25  1  65  0  1  1  1   77.29  5033.87  0
 12556  64  0  54  2  0  2  1   82.20  4433.17  1
 12557  57  0  61  0  1  0  2   18.00  1137.28  0
 12558  66  1   8  1  0  0  2   26.02   218.38  0
 12559  29  0   3  2  0  2  0   88.09   255.91  1
 12560  44  0  25  2  1  2  0   78.17  1929.47  0
 12561  25  1  69  2  0  1  1   68.14  4674.36  0
 12562  42  0  55  0  1  0  2   25.93  1434.15  0
 12563  63  0  40  0  0  0  2   18.00   734.44  1
 12564  21  0  50  0  1  0  2   20.63  1033.99  0
 12565  50  1  33  0  1  2  0   85.86  2832.25  1
 12566  18  0  18  1  1  0  2   27.48   487.86  0
 12567  36  0  57  0  1  0  2   24.14  1385.83  0
 12568  48  1  16  1  0  2  1  107.29  1701.12  1
 12569  33  1  38  0  0  2  1   88.34  3356.53  1
 12570  31  0  41  0  0  1  0   61.70  2531.55  1
 12571  70  0   7  1  1  1  1   60.15   432.59  1
 12572  65  0  53  0  1  2  0   83.37  4402.24  1
 12573  22  0  63  2  0  2  1  103.61  6507.34  0
 12574  58  1  32  0  1  2  0   86.28  2761.96  1
 12575  43  0  38  1  0  2  0   89.74  3414.26  0
 12576  45  1  22  0  0  2  0  104.70  2303.29  1
 12577  19  1  16  0  1  1  0   51.35   767.32  1
 12578  67  0  52  1  0  2  0   69.44  3617.53  0
 12579  23  0  29  2  0  0  2   18.00   573.37  0
 12580  26  1  16  0  0  0  2   18.00   306.36  1
 12581  50  1  17  0  1  0  2   28.04   437.56  1
 12582  58  0  64  0  1  1  0   61.54  3930.45  0
 12583  42  1  13  0  1  2  1  111.06  1439.87  1
 12584  65  0  72  2  1  2  0   98.37  7076.22  0
 12585  30  0  56  1  1  2  1   92.02  5128.34  0
 12586  26  1   5  0  0  0  2   28.15   122.89  1
 12587  70  1  12  0  0  2  0   74.64   914.36  1
 12588  30  0  41  1  1  1  0   75.12  3094.86  0
 12589  48  1   3  0  1  1  1   66.24   196.49  1
 12590  58  0  33  1  0  0  2   28.94   973.98  0
 12591  28  0  50  0  1  1  0   44.51  2212.36  0
 12592  21  0  56  1  0  1  1   60.69  3391.78  0
 12593  51  1   9  0  0  1  0   38.97   343.44  0
 12594  55  0  50  2  0  1  1   75.42  3739.97  0
 12595  63  0  29  0  0  2  0   88.80  2570.08  1
 12596  21  0  39  0  0  0  2   30.08  1205.88  0
 12597  55  0  45  2  1  1  1   60.16  2737.77  0
 12598  36  0  17  0  1  2  1  115.06  1958.36  1
 12599  23  0  56  0  1  0  2   20.40  1138.03  0
 12600  51  0  46  0  1  1  0   54.06  2522.14  0
 12601  35  0  67  0  0  0  2   18.55  1237.92  0
 12602  30  0  69  2  1  0  2   18.00  1231.63  0
 12603  58  0  14  1  0  0  2   21.87   325.32  1
 12604  40  0  67  0  1  2  1   98.17  6543.17  1
 12605  36  1  23  1  1  2  0   61.41  1410.21  0
 12606  62  0  61  0  0  0  2   18.00  1096.69  0
 12607  28  0  23  2  1  0  2   18.44   434.43  0
 12608  18  0  27  0  0  1  0   66.62  1786.89  1
 12609  41  1  54  1  0  2  1   98.33  5306.42  0
 12610  71  0  10  0  1  2  0   65.46   656.47  1
 12611  24  1  16  0  1  0  2   18.00   282.91  0
 12612  42  0  41  0  1  2  1  112.32  4601.41  0
 12613  38  0  55  0  0  2  1   70.20  3877.66  0
 12614  32  1  61  1  0  1  1   72.59  4439.61  0
 12615  18  0  49  0  1  2  0   93.54  4593.82  0
 12616  29  1  52  2  0  0  2   28.17  1431.97  0
 12617  24  1   2  0  1  2  1   85.56   179.72  1
 12618  32  0  50  1  0  2  0   99.09  4937.69  0
 12619  38  0  43  2  0  1  0   69.00  3006.83  0
 12620  36  0   8  1  0  1  0   41.63   332.86  0
 12621  46  0  59  2  0  2  0   87.00  5129.08  0
 12622  42  1  65  2  1  1  0   54.60  3579.38  0
 12623  50  1  12  0  0  2  0   69.04   852.65  0
 12624  66  0   4  1  1  0  2   21.32    80.54  0
 12625  49  1  41  0  0  2  1   77.47  3152.74  0
 12626  66  1   7  0  1  0  2   21.91   118.10  1
 12627  52  0  69  0  0  1  0   76.74  5274.11  0
 12628  61  1  69  1  0  2  0   81.94  5660.28  0
 12629  55  1  30  0  0  2  0   83.58  2504.45  0
 12630  43  0   6  0  1  1  1   79.17   456.28  1
 12631  28  1  19  0  0  2  1  113.89  2156.07  1
 12632  52  0  66  2  0  2  0   75.74  5033.18  0
 12633  25  1  10  0  0  2  1  105.32  1075.59  1
 12634  63  0  16  0  1  1  0   25.47   442.57  0
 12635  31  1  37  0  1  1  1   54.96  2019.72  1
 12636  27  1  32  2  1  2  0  101.05  3249.74  0
 12637  19  0  47  2  1  1  0   49.90  2359.36  0
 12638  63  0  72  1  1  1  1   63.00  4565.37  0
 12639  26  0  43  2  1  2  1   81.14  3489.25  0
 12640  20  0  36  0  1  0  2   18.00   632.34  1
 12641  38  1  26  2  1  1  0   30.04   763.00  0
 12642  43  1  10  0  1  0  2   18.18   181.53  0
 12643  25  1  31  0  0  2  1  101.98  3162.93  0
 12644  65  0  29  0  1  0  2   21.23   621.12  1
 12645  19  1   5  1  1  1  0   46.68   205.48  0
 12646  23  1   1  1  1  1  0   40.71    66.59  1
 12647  45  0   3  0  0  1  1   61.26   156.72  0
 12648  70  0  67  2  0  2  0   65.07  4385.50  0
 12649  46  1  71  0  1  0  2   18.00  1271.54  0
 12650  43  0  35  0  1  1  0   56.29  2007.06  1
 12651  42  1  15  0  0  2  0   71.93  1044.03  1
 12652  29  1  67  1  1  2  1  114.29  7680.94  0
 12653  22  0  30  2  1  2  0   69.31  2058.68  0
 12654  51  1  43  0  1  1  0   48.95  2082.80  0
 12655  65  0  60  1  1  1  0   63.50  3843.12  0
 12656  54  0  40  0  0  1  1   71.90  2891.06  0
 12657  32  1  65  1  1  2  1  102.75  6649.19  0
 12658  61  1  29  2  0  1  0   48.62  1414.02  0
 12659  53  1  19  0  0  1  0   60.84  1184.06  0
 12660  32  0   3  2  1  2  0   96.88   301.81  1
 12661  60  1  36  1  1  2  1  101.63  3659.30  0
 12662  65  0  43  0  1  2  0   84.51  3656.95  0
 12663  40  0  15  2  1  0  2   22.89   350.72  0
 12664  23  1  41  0  1  1  0   54.24  2190.65  0
 12665  63  0  36  0  0  0  2   22.02   794.64  0
 12666  67  1  33  0  1  2  0   86.12  2851.64  1
 12667  61  1   5  0  0  0  2   18.00    94.45  0
 12668  60  1  14  2  1  1  1   59.16   820.15  0
 12669  62  1  68  1  0  1  0   75.80  5163.56  0
 12670  38  1  47  2  0  2  0   55.94  2632.85  0
 12671  40  1  54  0  1  1  1   80.52  4308.24  0
 12672  60  1   4  0  1  0  2   23.13    65.99  1
 12673  72  0   9  0  1  2  0   85.51   775.79  1
 12674  33  1  53  0  1  2  0   59.79  3183.78  0
 12675  64  0  60  2  1  1  0   54.99  3283.84  0
 12676  70  0  46  1  1  0  2   18.00   842.74  0
 12677  32  0  54  0  1  1  0   66.89  3622.07  0
 12678  42  1  37  2  0  2  0   75.00  2771.22  0
 12679  53  0  23  1  1  2  1   90.86  2098.32  1
 12680  28  0  27  0  1  2  1   98.69  2672.72  1
 12681  68  1  70  2  1  0  2   18.00  1277.53  0
 12682  32  1  66  0  1  1  0   64.59  4281.42  0
 12683  21  0  61  0  1  1  1   62.04  3763.60  0
 12684  38  1  51  0  0  2  0   56.79  2881.63  0
 12685  30  1  50  0  1  0  2   20.75  1067.03  0
 12686  39  1  19  0  1  1  0   63.07  1215.99  1
 12687  36  1   1  0  1  0  2   27.19    39.96  1
 12688  51  0  40  0  1  1  1   70.53  2837.09  1
 12689  31  1  32  1  1  0  2   25.77   847.40  0
 12690  21  1  22  2  0  0  2   22.45   496.57  0
 12691  65  1  66  1  1  2  0   70.61  4652.68  0
 12692  70  0  40  0  1  0  2   18.00   731.22  0
 12693  69  0  38  0  0  2  0   50.52  1919.23  0
 12694  63  1  48  0  1  1  1   62.83  3046.82  0
 12695  44  1  55  0  1  0  2   23.26  1309.99  0
 12696  46  0  55  1  0  2  0   61.33  3390.97  0
 12697  64  1  51  1  1  1  0   67.94  3439.40  0
 12698  45  1  60  1  0  1  0   53.97  3216.30  0
 12699  52  0   8  1  1  1  0   46.04   342.02  0
 12700  25  1  68  0  1  0  2   18.00  1227.73  0
 12701  33  1  72  0  1  1  1   81.61  5894.38  0
 12702  59  0   9  1  1  0  2   25.91   227.03  0
 12703  53  0   2  0  1  2  1   88.95   164.97  1
 12704  47  1  70  0  1  2  1  108.94  7627.88  1
 12705  35  0  59  0  0  2  0   81.86  4814.06  0
 12706  19  1  19  0  0  1  0   48.96   935.56  1
 12707  66  1  28  0  1  2  1   85.20  2380.74  1
 12708  30  1  72  2  1  1  0   52.68  3779.82  0
 12709  21  0  14  2  0  2  1   89.02  1248.59  0
 12710  43  0  24  0  0  1  1   65.61  1592.39  1
 12711  42  1  44  0  1  2  0  109.13  4771.34  1
 12712  47  1  56  1  0  1  1   87.78  4919.04  0
 12713  28  0  51  0  1  1  0   42.97  2149.49  0
 12714  24  0  32  0  1  0  2   22.30   708.51  0
 12715  48  0  50  0  1  1  1   67.10  3368.90  1
 12716  61  1  41  0  0  1  0   60.30  2492.75  1
 12717  27  0  66  1  0  0  2   18.00  1177.51  0
 12718  56  0  25  2  0  1  0   60.44  1500.29  1
 12719  30  1  61  0  1  2  0   64.30  3917.70  0
 12720  48  1  66  0  0  0  2   36.91  2414.01  1
 12721  24  1  42  0  1  1  0   57.91  2435.47  1
 12722  73  0  65  0  1  2  0   95.95  6216.70  1
 12723  66  1  36  2  1  1  0   43.82  1588.65  0
 12724  59  1   9  1  1  0  2   18.00   147.67  0
 12725  59  1  36  0  0  0  2   18.00   641.61  1
 12726  73  1  38  1  1  0  2   27.28  1046.63  0
 12727  53  0  33  2  0  2  0   68.35  2268.26  1
 12728  37  1  42  2  1  2  0   82.17  3462.94  0
 12729  21  0  61  0  1  2  0   82.83  5057.90  1
 12730  71  0  46  0  0  2  0   92.10  4214.87  0
 12731  24  0  61  1  1  0  2   18.00  1097.37  0
 12732  71  1  18  0  0  2  1  107.89  1938.54  1
 12733  18  0  70  2  0  1  0   67.45  4713.09  0
 12734  61  1  15  1  1  1  0   48.40   727.48  0
 12735  73  1  48  2  0  1  0   54.63  2605.00  0
 12736  62  1  72  0  1  2  1  104.40  7516.11  0
 12737  59  0  13  2  0  2  1   98.83  1278.80  1
 12738  64  1  43  0  1  2  1   80.00  3430.85  0
 12739  30  1  60  2  1  2  0   95.52  5708.87  1
 12740  72  1  57  0  1  0  2   27.56  1548.06  0
 12741  39  0  71  0  1  0  2   27.55  1982.90  0
 12742  71  0  17  1  0  1  1   70.75  1205.05  0
 12743  38  0  50  0  0  0  2   23.83  1227.75  0
 12744  39  1  32  0  0  2  0   79.16  2570.36  1
 12745  45  0  22  2  1  1  1   55.83  1252.85  0
 12746  26  1  55  0  0  2  1   93.97  5142.71  0
 12747  43  1  57  1  1  1  0   77.64  4453.70  0
 12748  26  0  13  0  1  1  0   49.69   643.44  1
 12749  32  1  47  2  1  2  1  101.52  4765.89  1
 12750  27  0  62  1  1  2  0   90.67  5613.13  0
 12751  41  1  54  0  0  2  1   89.39  4820.05  0
 12752  74  0  29  0  1  1  1   79.84  2323.35  0
 12753  59  1  22  1  1  2  0  108.83  2440.26  1
 12754  25  1  65  0  0  1  0   81.67  5275.76  0
 12755  41  1  29  0  0  1  0   47.02  1402.45  0
 12756  33  1  48  1  0  1  0   59.07  2865.54  0
 12757  66  1   5  0  1  1  0   55.89   275.90  1
 12758  43  0  35  0  0  2  1   84.70  2954.55  1
 12759  44  1  71  1  1  1  1   58.34  4115.20  0
 12760  54  0  46  0  1  0  2   20.83   940.02  1
 12761  21  0  35  0  0  1  1   60.33  2099.41  1
 12762  67  0  45  0  0  1  0   45.20  2031.94  0
 12763  41  1  13  1  0  1  1   66.24   860.53  0
 12764  36  1  10  1  1  2  1   78.41   799.32  0
 12765  53  1  66  1  0  1  0   50.34  3335.47  0
 12766  56  0  70  0  0  0  2   21.81  1531.47  0
 12767  27  1  72  0  1  2  1   92.97  6692.97  0
 12768  42  1  25  0  1  0  2   18.71   490.61  1
 12769  35  0  44  0  0  2  1  120.00  5296.79  0
 12770  36  0  60  2  1  1  1   79.03  4750.70  0
 12771  53  0  47  0  0  0  2   20.41   951.15  0
 12772  27  0  40  0  1  0  2   18.00   742.11  0
 12773  50  0   7  0  0  0  2   24.05   185.05  0
 12774  72  0  46  1  0  0  2   32.63  1496.06  0
 12775  67  1  23  1  1  2  1  115.47  2617.46  0
 12776  22  0  46  1  0  1  0   42.00  1933.90  1
 12777  64  1  13  2  1  2  0   82.04  1052.67  1
 12778  66  1  21  0  1  2  1   84.01  1778.55  1
 12779  52  1   1  0  1  2  1   81.11    85.43  1
 12780  61  0  19  0  1  1  0   66.35  1227.20  0
 12781  51  1  60  1  0  1  0   66.14  3974.30  0
 12782  50  0  33  1  0  0  2   28.88   987.34  1
 12783  72  0   4  0  1  1  0   61.78   244.06  1
 12784  38  1   3  1  1  2  0   84.33   252.82  1
 12785  34  0  52  1  1  1  1   66.88  3470.90  1
 12786  39  1  28  2  0  2  0   71.42  2001.20  1
 12787  65  1  70  1  0  1  0   68.70  4839.80  0
 12788  54  0  70  1  0  0  2   18.00  1281.11  0
 12789  32  1  55  0  0  1  1   60.91  3338.53  1
 12790  52  1  57  1  1  0  2   18.48  1051.90  0
 12791  45  1  16  2  1  1  0   24.29   388.48  0
 12792  24  0  24  0  0  1  1   73.68  1776.55  0
 12793  49  1  69  1  0  1  1   55.52  3839.48  0
 12794  28  0  41  1  0  2  0   95.34  3907.02  0
 12795  27  0  47  0  0  2  0   78.27  3653.79  1
 12796  26  1  69  1  0  2  1   88.14  6079.37  0
 12797  31  1  31  0  0  2  0   68.34  2111.29  0
 12798  30  0  30  2  0  2  0  105.83  3156.95  1
 12799  74  0  18  2  0  0  2   28.06   520.85  0
 12800  42  1  44  0  1  1  1   75.00  3300.38  0
 12801  19  1  27  0  1  1  0   57.65  1535.90  1
 12802  52  0  26  1  1  2  0   87.04  2302.64  0
 12803  24  0  60  0  0  2  0  101.30  6086.33  0
 12804  38  0  18  0  1  2  0   83.11  1511.82  1
 12805  35  0  56  0  1  1  0   68.18  3839.04  1
 12806  20  0  31  0  1  1  0   45.37  1397.75  0
 12807  59  1  59  0  0  1  1   74.82  4425.25  0
 12808  71  0   2  2  1  1  0   67.85    97.10  0
 12809  56  0  39  2  1  1  1   54.02  2126.03  0
 12810  58  1  61  1  1  2  1   82.41  5025.65  0
 12811  66  1  63  2  0  1  1   64.56  4077.81  0
 12812  28  0  18  0  1  1  0   59.23  1064.74  1
 12813  56  0  17  0  1  1  1   58.82  1036.29  1
 12814  41  1  39  0  0  2  0   86.38  3393.30  1
 12815  63  0  71  1  1  2  0   54.01  3782.49  1
 12816  36  0  54  2  1  2  1  106.47  5760.44  0
 12817  21  1  35  1  0  0  2   24.06   836.46  0
 12818  43  0  11  2  1  1  0   70.21   784.16  0
 12819  55  1  61  1  0  0  2   22.87  1406.64  1
 12820  59  1  44  0  1  1  0   51.30  2242.34  0
 12821  49  1  68  0  1  2  0   69.79  4743.40  0
 12822  56  1  25  0  0  1  1   56.87  1401.36  0
 12823  62  0  48  0  0  2  0   83.67  4045.88  0
 12824  63  1  32  1  1  0  2   18.00   582.55  0
 12825  53  0   4  0  1  0  2   18.00    80.65  0
 12826  57  0  38  1  0  1  0   54.62  2081.64  1
 12827  54  0  63  1  0  1  0   38.88  2428.24  0
 12828  50  0  47  0  1  1  1   55.09  2601.89  0
 12829  53  0   1  0  0  0  2   21.09    56.79  0
 12830  20  1   3  0  1  2  0   89.00   235.88  1
 12831  26  1  62  0  1  1  0   63.65  3947.91  0
 12832  25  1  64  2  1  1  1   66.55  4274.39  0
 12833  50  1  17  0  1  0  2   20.15   327.58  0
 12834  23  0  62  1  1  0  2   23.19  1452.43  0
 12835  58  1  35  2  1  0  2   20.95   734.15  0
 12836  56  0  13  2  1  1  1   55.28   704.39  0
 12837  21  0  35  2  1  2  0   73.01  2505.16  0
 12838  30  1  43  0  1  1  1   81.77  3514.12  1
 12839  66  1   2  0  1  1  0   87.17   172.87  1
 12840  19  1  56  0  0  1  1   72.36  4078.44  0
 12841  22  1  51  0  1  2  0   69.87  3570.15  1
 12842  61  0  54  2  0  1  1   83.99  4524.86  0
 12843  44  0  16  1  1  2  0   78.55  1225.37  0
 12844  49  1  18  0  1  0  2   22.12   415.65  1
 12845  38  0   7  0  1  2  0   84.69   595.18  1
 12846  25  0  45  0  0  1  0   56.86  2550.82  0
 12847  55  0  36  1  1  2  0   78.40  2811.58  0
 12848  25  1  41  1  1  2  1  114.47  4718.14  0
 12849  67  0  42  2  0  0  2   19.08   829.19  0
 12850  20  1   7  2  0  2  1  104.19   716.80  1
 12851  71  1  15  0  0  2  0   93.87  1362.08  1
 12852  61  0  60  0  1  2  0   83.34  4996.13  1
 12853  20  0  40  0  1  1  0   39.95  1602.52  1
 12854  39  1  37  0  0  1  0   46.73  1730.46  0
 12855  23  0  66  2  1  2  0   95.68  6283.39  0
 12856  19  0  55  1  0  1  0   58.07  3224.51  0
 12857  40  1  56  1  0  2  1   82.77  4597.91  0
 12858  61  1  44  0  0  0  2   20.22   874.70  0
 12859  19  1  57  0  1  0  2   21.05  1179.41  0
 12860  55  1   6  0  1  0  2   22.91   115.96  1
 12861  34  0  32  0  0  0  2   29.10   887.55  0
 12862  52  0  18  1  1  2  0   50.76   914.89  0
 12863  51  1  68  0  1  2  0  103.16  7043.17  1
 12864  40  1   7  1  1  1  0   57.17   396.90  1
 12865  47  1   8  2  1  2  1   79.55   616.25  1
 12866  69  0  64  0  1  2  1   97.47  6266.27  0
 12867  25  1   7  1  0  2  1  116.70   833.69  1
 12868  39  0  41  0  1  1  0   72.46  2953.97  0
 12869  61  1  40  1  1  1  0   44.79  1798.05  0
 12870  53  1   3  1  1  2  1   82.27   268.39  1
 12871  22  1  17  2  1  2  0   65.61  1097.29  0
 12872  30  0  66  0  0  1  0   57.33  3786.21  1
 12873  46  0  52  0  0  2  0   89.24  4632.71  1
 12874  48  0  22  0  1  0  2   24.94   524.83  1
 12875  64  1   4  0  0  2  1  101.62   409.80  1
 12876  74  0   6  1  1  1  0   63.93   392.23  0
 12877  72  0  38  2  0  2  0   64.20  2440.48  0
 12878  33  1  26  0  1  2  1  120.00  3103.68  1
 12879  59  1  11  0  1  1  0   67.97   789.69  0
 12880  47  0  17  0  1  1  0   49.71   835.28  0
 12881  74  0  31  0  0  0  2   18.00   569.17  1
 12882  72  0  35  0  1  1  1   72.46  2552.25  0
 12883  33  0  16  0  0  2  1   71.58  1095.46  0
 12884  29  1  18  1  1  2  0   73.97  1348.05  1
 12885  34  1  62  0  0  2  1   79.58  4934.14  1
 12886  33  1  27  0  1  2  1   93.55  2520.59  1
 12887  29  0  35  1  0  1  0   50.56  1767.14  0
 12888  25  0  45  0  1  0  2   18.00   821.66  1
 12889  37  1  35  1  1  1  0   46.16  1569.95  0
 12890  20  1  28  1  0  1  0   48.61  1361.72  0
 12891  33  0   9  1  0  1  0   43.10   396.52  0
 12892  47  0  15  0  0  0  2   22.71   383.87  1
 12893  62  1  21  0  1  2  1  111.89  2322.69  0
 12894  40  1  52  2  1  1  0   59.02  3077.91  0
 12895  45  1  35  1  1  0  2   26.91   932.17  0
 12896  68  0  51  0  1  2  0   72.39  3701.58  0
 12897  57  0  55  0  1  2  0   73.77  4074.68  0
 12898  71  0  44  0  1  0  2   22.21   962.54  0
 12899  22  0  65  0  0  1  0   60.72  3985.90  0
 12900  37  0  25  1  0  2  1   95.23  2407.18  1
 12901  57  0  47  0  1  1  0   54.75  2589.01  0
 12902  73  1  56  0  1  2  1   79.01  4417.42  0
 12903  61  1  38  1  1  1  0   28.39  1067.73  0
 12904  18  0  11  0  0  2  1  103.36  1145.75  1
 12905  74  1  67  1  1  2  1  109.73  7344.03  0
 12906  47  0  15  1  0  1  0   50.64   749.13  1
 12907  38  1   1  0  1  1  0   49.48    87.78  1
 12908  37  0   7  1  1  0  2   18.00   136.95  1
 12909  23  1   1  1  0  2  0   79.37    95.84  1
 12910  39  1  49  0  0  0  2   25.03  1264.00  1
 12911  35  0  29  0  1  2  0   70.98  2060.08  1
 12912  25  0  26  0  1  2  0   94.68  2449.03  1
 12913  56  1  45  2  0  0  2   18.00   788.60  0
 12914  49  1  71  1  1  1  0   35.06  2516.35  0
 12915  50  0  12  0  0  2  0   79.85   950.74  1
 12916  70  1  32  1  0  2  1  119.59  3767.79  1
 12917  33  0  20  0  0  1  0   48.15   909.77  0
 12918  29  0  51  1  1  1  0   52.63  2654.62  0
 12919  55  1  36  1  1  0  2   20.04   713.93  0
 12920  69  0  67  0  0  1  0   56.97  3812.46  0
 12921  51  1   1  2  1  0  2   27.71    38.23  0
 12922  31  1  27  1  1  1  0   47.07  1248.15  1
 12923  53  0  40  1  0  0  2   20.05   806.37  0
 12924  50  1  14  0  1  2  0   96.38  1367.00  1
 12925  40  0  69  2  0  0  2   18.00  1239.12  0
 12926  67  0   6  2  0  2  0   86.10   507.31  1
 12927  62  0  33  0  0  0  2   24.91   804.70  0
 12928  19  1  55  0  0  2  0   77.20  4268.92  1
 12929  58  0  19  0  1  1  0   53.27   984.73  1
 12930  38  1  29  1  1  1  0   43.48  1292.46  0
 12931  19  0  61  1  0  0  2   24.73  1508.08  0
 12932  44  0  70  0  1  1  1   66.59  4640.53  0
 12933  74  0  24  2  0  2  0   78.62  1903.70  0
 12934  26  1  23  0  0  1  0   51.92  1204.32  1
 12935  18  1  10  1  1  2  1   94.86   956.91  1
 12936  28  0  54  0  0  2  0   90.01  4874.62  0
 12937  20  0  41  0  1  2  0   75.21  3086.85  1
 12938  69  1  49  0  1  2  0   76.39  3752.29  1
 12939  40  1  17  0  0  1  0   52.37   917.50  1
 12940  43  1  56  1  0  0  2   20.76  1166.61  0
 12941  21  0  45  1  1  0  2   28.03  1277.74  0
 12942  35  1  30  0  1  2  1   82.96  2444.81  0
 12943  72  0  44  0  1  2  0   60.21  2655.73  0
 12944  23  1  55  0  1  2  1  116.00  6430.46  0
 12945  52  0  19  1  1  2  1   81.83  1519.03  1
 12946  39  0  29  1  1  2  0  107.01  3143.30  0
 12947  60  0   2  0  0  2  1  113.65   241.72  1
 12948  32  1  36  1  0  1  1   70.44  2501.90  1
 12949  39  1  19  0  1  1  0   67.15  1276.66  0
 12950  54  1   7  2  1  1  0   36.68   264.80  0
 12951  69  0  26  2  0  2  0   64.71  1700.69  0
 12952  59  0  38  1  0  1  0   57.84  2189.21  1
 12953  29  1   3  2  0  0  2   18.07    68.13  0
 12954  64  0  66  2  1  2  0   73.22  4860.23  0
 12955  66  0  71  2  1  2  1  107.12  7623.25  0
 12956  59  0  43  1  1  2  0   88.86  3844.84  0
 12957  55  1  62  0  0  2  0  100.74  6236.97  1
 12958  35  0  71  0  1  1  1   61.28  4364.59  0
 12959  62  1  24  0  1  2  0   84.75  2080.00  1
 12960  52  1  39  1  1  1  0   70.40  2724.00  0
 12961  47  1  68  0  1  2  1   75.75  5159.44  1
 12962  41  1  44  0  0  1  1   64.14  2799.86  1
 12963  59  1   5  0  1  2  1   81.88   434.49  1
 12964  47  0  55  0  0  1  0   71.95  3917.71  1
 12965  31  1  30  1  1  2  0  120.00  3588.64  1
 12966  23  1  29  2  1  2  0   88.15  2602.49  1
 12967  20  1  26  1  1  0  2   22.46   574.07  0
 12968  33  0  26  1  1  1  0   53.96  1401.74  1
 12969  24  0  37  1  1  2  0   82.86  3090.75  1
 12970  69  0  53  0  0  1  0   55.84  2956.75  0
 12971  31  0  30  0  0  1  0   41.51  1204.65  1
 12972  26  1   3  2  1  1  0   61.60   163.40  0
 12973  32  1  43  0  1  2  0   70.22  3045.82  0
 12974  38  0   7  0  0  0  2   18.23   157.04  1
 12975  52  0  49  1  1  2  0   85.50  4149.36  1
 12976  19  0  41  0  1  2  0   73.57  2997.38  0
 12977  44  0  54  0  1  2  0   93.97  5060.93  1
 12978  19  1  69  0  0  1  0   50.25  3459.64  0
 12979  52  0  27  0  1  0  2   25.33   665.33  0
 12980  35  0   8  0  1  0  2   18.00   146.12  1
 12981  31  0  32  0  1  1  0   53.33  1695.10  1
 12982  37  0  64  1  1  0  2   18.00  1143.43  0
 12983  35  0  10  2  1  1  0   64.82   625.54  0
 12984  27  0  13  0  0  1  0   51.89   690.25  1
 12985  42  0  63  2  0  0  2   18.00  1106.26  0
 12986  19  1  35  0  1  2  0   82.15  2882.88  1
 12987  42  1  61  0  1  1  0   53.90  3307.97  0
 12988  71  1  54  0  0  1  1   69.05  3768.52  0
 12989  50  1   8  1  0  0  2   22.70   191.61  0
 12990  53  1  29  0  1  0  2   19.24   562.48  0
 12991  48  1  41  1  1  0  2   19.80   777.99  0
 12992  31  0  30  1  1  0  2   18.00   569.45  0
 12993  18  0  21  0  1  1  1   60.48  1272.94  0
 12994  63  1  11  1  1  2  0  106.46  1177.25  1
 12995  33  0   2  2  0  2  1  101.73   211.37  1
 12996  71  1  50  0  1  1  0   44.27  2215.78  0
 12997  63  0  41  0  0  2  0   79.19  3246.95  1
 12998  69  0  66  1  0  1  0   49.03  3228.69  0
 12999  20  0   3  1  0  2  0  101.05   317.69  1
 13000  52  0  51  0  1  0  2   24.84  1236.83  0
 13001  58  0  68  0  1  2  0   73.28  4952.61  1
 13002  23  0  25  0  0  0  2   20.05   484.31  0
 13003  42  1  30  0  0  0  2   18.00   564.97  0
 13004  30  1  11  0  0  1  0   48.73   544.94  0
 13005  70  0  17  2  1  2  0   76.15  1281.86  1
 13006  51  1  26  1  1  1  0   47.98  1231.47  0
 13007  25  0  23  0  0  1  1   68.66  1577.59  0
 13008  38  1  56  1  1  2  1  115.24  6461.45  0
 13009  51  0  52  2  1  2  0   84.10  4400.42  0
 13010  21  1  48  0  1  2  0   69.18  3361.70  1
 13011  42  0  20  0  1  2  0   88.12  1759.88  1
 13012  32  1   2  0  1  2  0   88.14   220.32  1
 13013  21  0  31  1  1  2  0   82.17  2548.86  1
 13014  62  1  27  0  1  1  0   73.59  1992.98  1
 13015  29  0   2  2  0  0  2   21.22    62.02  0
 13016  49  0   4  0  1  1  1   70.74   305.44  1
 13017  49  0  13  0  1  0  2   18.00   265.51  1
 13018  45  1  35  0  0  1  0   45.37  1562.24  0
 13019  30  1  72  0  1  1  0   60.14  4332.52  1
 13020  48  1  66  1  1  2  0   89.26  5916.26  0
 13021  31  0   6  2  0  2  0   79.32   454.56  1
 13022  37  1  31  0  0  0  2   22.27   652.93  1
 13023  35  0  10  2  1  0  2   24.64   216.68  0
 13024  46  1  21  2  1  1  0   50.27  1053.24  0
 13025  23  1  23  0  0  2  0   75.65  1780.38  0
 13026  49  1   3  1  1  1  0   52.44   127.15  1
 13027  46  1  32  0  0  2  0   92.47  2935.72  1
 13028  60  0  20  1  0  2  0   76.41  1518.13  1
 13029  19  1  29  0  0  0  2   24.26   683.67  1
 13030  40  1  52  1  1  1  1   60.18  3105.87  0
 13031  36  0  46  0  1  1  1   59.40  2691.63  1
 13032  48  0  34  2  0  0  2   31.73  1068.26  0
 13033  68  1  61  2  1  1  0   42.65  2640.85  0
 13034  22  1  72  0  1  1  0   62.82  4534.14  0
 13035  36  0  71  0  0  2  0   57.90  4134.43  0
 13036  51  0  70  0  1  2  0   94.87  6628.80  1
 13037  27  0  11  1  1  1  0   81.92   884.27  0
 13038  42  1  63  0  0  2  0  100.86  6364.61  1
 13039  19  1  21  1  1  2  1  115.07  2418.15  0
 13040  28  1   3  0  1  2  0   83.56   249.57  0
 13041  67  0  10  0  1  1  0   64.42   677.75  0
 13042  48  0  27  0  0  1  1   67.49  1806.13  0
 13043  73  0  12  0  1  1  1   85.26  1004.25  1
 13044  32  1   7  1  1  1  0   43.93   324.54  1
 13045  26  0  17  2  0  2  0  102.81  1762.11  1
 13046  40  1  65  0  0  1  0   59.28  3832.32  0
 13047  36  0  64  0  1  0  2   18.00  1153.58  0
 13048  26  1  26  0  0  2  0   80.88  2067.01  1
 13049  52  1  15  1  1  1  0   38.99   590.81  1
 13050  38  0  33  0  0  1  0   22.35   728.18  1
 13051  26  1  62  1  1  1  0   43.00  2661.08  0
 13052  45  0  47  2  1  2  0   79.18  3698.66  0
 13053  63  1  35  0  0  0  2   20.41   738.25  1
 13054  68  0  65  1  1  1  1   51.90  3378.75  0
 13055  24  0  72  0  1  0  2   18.42  1346.11  0
 13056  33  1  25  0  1  2  0   88.55  2211.65  1
 13057  33  0  57  0  0  1  0   49.24  2830.47  0
 13058  50  1  32  0  1  1  0   44.19  1376.72  0
 13059  21  0  63  0  1  2  0   74.03  4664.01  0
 13060  21  0  12  0  1  2  1  115.05  1404.50  0
 13061  56  0  63  0  1  1  1   47.73  2967.37  0
 13062  57  0   1  0  1  2  0  102.32   104.90  1
 13063  34  1  51  1  1  1  0   68.65  3512.69  0
 13064  54  0  70  2  1  2  0   79.66  5568.51  0
 13065  56  0   8  0  1  2  1  101.90   835.09  1
 13066  69  1  68  0  0  1  0   47.19  3229.01  0
 13067  46  1   5  0  0  2  1   99.02   482.74  1
 13068  69  1  39  2  0  0  2   31.13  1206.33  1
 13069  53  1  23  1  1  0  2   26.36   583.05  0
 13070  55  1  68  0  0  1  0   49.96  3403.63  0
 13071  56  1  52  0  1  0  2   18.00   940.05  0
 13072  67  0   4  0  0  0  2   18.53    74.17  1
 13073  54  1  47  0  1  2  1   99.10  4659.71  0
 13074  69  0  21  2  1  0  2   23.61   478.67  0
 13075  52  1  56  2  1  2  0   83.36  4639.58  0
 13076  24  0  66  0  1  2  0  111.79  7387.02  1
 13077  44  0  59  0  0  1  0   55.33  3260.51  0
 13078  45  0   7  0  0  1  1   60.25   401.13  1
 13079  39  1  49  0  0  2  0   92.87  4536.13  0
 13080  31  1  16  2  0  2  0   95.50  1546.37  0
 13081  24  1  17  0  1  1  1   57.37   992.52  1
 13082  54  1  34  0  1  2  0   70.92  2424.54  0
 13083  39  0  33  0  0  1  0   38.58  1272.31  0
 13084  22  1  26  2  1  1  0   52.11  1341.22  1
 13085  72  0  66  1  0  2  1  113.25  7500.95  0
 13086  19  0  63  0  1  2  0   94.99  5977.90  0
 13087  44  1  41  0  1  1  0   66.24  2721.25  1
 13088  38  1  58  0  0  1  0   48.46  2793.67  0
 13089  71  1  10  2  1  2  1   92.55   920.73  0
 13090  55  0  15  0  1  2  0   56.41   792.82  0
 13091  32  1  42  0  1  2  0  100.12  4192.46  1
 13092  38  0  57  0  0  2  1  115.14  6532.51  0
 13093  27  1  17  1  1  1  0   44.33   757.95  0
 13094  40  0  60  0  1  1  0   71.26  4263.68  0
 13095  73  1   9  0  1  1  1   62.66   557.91  1
 13096  56  1  36  1  1  0  2   18.00   690.61  0
 13097  22  0  36  1  1  2  0   80.26  2868.93  0
 13098  18  1  48  1  1  2  0   94.43  4535.08  0
 13099  30  1  51  2  0  1  1   64.46  3291.85  0
 13100  38  1  70  0  0  1  1   59.22  4126.40  0
 13101  43  1  68  0  1  1  0   60.92  4164.63  1
 13102  67  1  22  2  0  1  0   61.84  1393.41  0
 13103  62  1   6  0  1  1  1   63.26   403.55  1
 13104  38  1  26  1  1  2  0   79.65  2051.82  1
 13105  70  0   3  1  1  1  0   49.54   134.56  0
 13106  35  0  52  0  1  1  1   69.79  3588.54  0
 13107  54  1  60  0  1  0  2   18.00  1076.37  0
 13108  62  1  63  1  1  1  0   47.37  2982.11  0
 13109  49  1  65  2  0  1  0   53.38  3485.29  0
 13110  53  0  52  1  1  1  1   57.12  3005.51  0
 13111  34  0  14  0  0  0  2   21.27   272.60  1
 13112  52  1  72  0  1  0  2   20.82  1501.81  0
 13113  66  0  68  0  1  1  0   79.81  5422.56  0
 13114  28  1  28  0  1  1  0   47.39  1323.89  1
 13115  38  1  71  0  1  2  1   94.83  6764.22  0
 13116  69  1  10  2  0  1  1   55.43   556.21  0
 13117  72  1  57  1  0  1  1   84.40  4821.80  0
 13118  70  0  66  1  1  1  1   82.01  5422.14  0
 13119  43  0  50  0  0  2  1   71.48  3578.36  1
 13120  21  1  14  0  0  1  0   53.36   731.70  0
 13121  51  0  16  2  0  2  0   85.54  1406.07  1
 13122  69  0  54  0  1  1  1   61.60  3325.72  1
 13123  65  1  43  0  0  2  0   77.74  3353.44  0
 13124  35  0  42  0  1  1  1   72.71  3058.90  1
 13125  57  1  22  2  0  2  1  120.00  2597.77  1
 13126  52  1  68  2  1  2  1  107.11  7262.64  0
 13127  58  1  19  0  1  1  0   63.64  1211.44  1
 13128  46  1  66  2  1  2  0   79.68  5241.89  0
 13129  69  0  39  0  1  1  0   65.17  2549.69  1
 13130  46  1  19  0  0  0  2   25.07   458.13  1
 13131  55  0  16  2  1  0  2   18.00   288.34  0
 13132  59  1  54  2  1  2  0   81.50  4366.85  0
 13133  38  1  25  1  0  0  2   18.00   466.72  1
 13134  59  0  18  1  1  2  1   74.71  1353.80  1
 13135  30  1  23  2  1  0  2   18.00   423.95  0
 13136  66  0  11  1  1  1  1   54.30   595.49  0
 13137  58  0  39  2  1  2  0   97.07  3771.79  0
 13138  34  1  68  1  1  2  1   92.62  6329.72  0
 13139  73  1  25  2  1  2  0   92.99  2358.08  1
 13140  26  1  63  2  0  1  1   52.79  3324.34  0
 13141  58  1  30  0  0  2  0  104.48  3122.97  1
 13142  18  1  45  2  1  1  0   59.90  2660.93  0
 13143  19  1  61  0  1  1  1   69.04  4215.94  0
 13144  65  0  51  0  1  0  2   24.73  1247.86  0
 13145  46  0   9  1  0  0  2   21.59   184.72  0
 13146  50  1   2  0  1  2  0   69.80   158.88  1
 13147  27  0   5  0  0  1  0   61.27   287.10  1
 13148  67  0  62  2  1  0  2   18.00  1154.38  0
 13149  57  1  69  0  0  0  2   21.05  1432.11  0
 13150  38  1  52  0  1  2  1   83.41  4296.38  1
 13151  45  0   5  2  0  2  0  109.93   536.49  1
 13152  28  1  59  0  1  2  1  105.04  6204.50  1
 13153  72  0  68  0  0  2  1  110.11  7490.21  0
 13154  51  1   9  0  1  2  1   83.61   756.15  1
 13155  25  0  22  0  1  1  0   57.99  1270.24  0
 13156  39  0  27  1  1  1  1   66.90  1796.28  0
 13157  25  0  10  2  0  1  1   66.10   636.21  0
 13158  66  0  61  0  0  1  0   35.63  2176.02  0
 13159  32  1  51  2  1  2  1  120.00  6141.14  0
 13160  34  1  10  0  1  0  2   19.81   198.38  1
 13161  40  0   6  0  1  0  2   22.51   119.84  0
 13162  41  0  62  1  0  1  0   41.85  2597.62  1
 13163  62  1   5  1  0  0  2   27.32   165.88  1
 13164  36  1  70  1  0  2  1  115.69  8094.22  0
 13165  22  0  63  0  1  1  0   63.54  3978.29  0
 13166  49  0  56  0  0  2  0   89.09  4993.44  1
 13167  61  0  59  0  0  2  0  120.00  7091.79  0
 13168  18  0  63  0  0  2  1  109.75  6931.59  0
 13169  40  0  59  1  1  1  0   41.34  2453.00  0
 13170  54  1  51  0  0  2  0   88.37  4510.19  1
 13171  25  0  50  1  1  1  1   70.84  3525.32  0
 13172  30  1   4  0  1  2  1   96.58   366.65  1
 13173  25  1  48  0  1  0  2   22.87  1091.00  0
 13174  74  1  32  0  1  1  1   79.41  2553.43  0
 13175  40  0  51  0  1  2  0   82.17  4177.66  0
 13176  60  1  52  2  1  2  0   79.30  4113.79  0
 13177  18  1  34  0  1  0  2   18.00   594.29  0
 13178  62  1  36  0  0  2  1   67.01  2443.58  1
 13179  68  1  70  2  1  1  1   61.88  4327.16  0
 13180  41  0  43  1  1  1  1   58.23  2517.32  0
 13181  52  0  16  0  1  2  1   91.90  1502.01  1
 13182  41  1  59  0  0  2  0   76.22  4477.95  0
 13183  34  1  53  1  0  1  0   44.26  2360.96  0
 13184  22  0  19  2  1  2  1   86.74  1646.20  1
 13185  37  0  41  2  0  2  0   92.70  3828.81  0
 13186  38  0  47  0  1  2  0   76.97  3601.74  1
 13187  57  1  54  2  0  2  0   82.17  4441.47  0
 13188  48  0  55  0  1  2  0  116.42  6415.79  0
 13189  63  1  19  0  1  0  2   25.38   468.53  0
 13190  53  1  62  2  1  1  1   67.28  4167.21  0
 13191  28  0  59  0  1  1  0   57.61  3396.18  1
 13192  69  1  65  0  1  2  1   84.35  5504.63  0
 13193  32  0  68  0  0  2  0   78.70  5395.96  0
 13194  36  1  28  0  0  0  2   18.61   552.62  1
 13195  24  0  18  1  1  1  0   56.05  1037.66  1
 13196  68  1  26  1  1  2  1   94.34  2369.12  0
 13197  45  1  19  0  1  2  0   68.07  1295.98  1
 13198  68  0  55  0  1  1  0   60.96  3354.08  0
 13199  60  0  57  2  0  0  2   18.00  1042.01  0
 13200  22  0   6  2  1  2  0  113.84   654.22  1
 13201  22  0   1  0  0  1  0   67.50    82.01  0
 13202  47  1   8  2  1  1  1   48.38   345.33  1
 13203  71  0  51  1  1  0  2   18.73   975.78  0
 13204  49  0  25  0  1  0  2   28.04   668.03  1
 13205  25  1  47  0  1  2  0   94.94  4486.68  0
 13206  27  0  55  0  1  1  0   55.89  3097.45  0
 13207  55  0  64  1  0  1  0   31.75  2025.32  0
 13208  64  1  10  0  1  1  0   52.82   536.97  1
 13209  49  0  56  0  1  0  2   21.05  1178.74  0
 13210  65  0  12  0  0  0  2   18.00   186.43  0
 13211  45  0  33  2  1  2  1  104.20  3449.85  0
 13212  34  0  71  0  0  2  1   84.47  6021.12  0
 13213  48  0  17  2  1  1  0   58.01   979.72  1
 13214  25  0  61  2  1  2  0   86.98  5318.55  0
 13215  57  1  10  0  0  2  0   81.17   794.16  1
 13216  42  0  31  0  0  2  0   96.87  3021.33  0
 13217  26  1  60  0  1  0  2   21.41  1284.80  0
 13218  19  1  70  2  1  2  0  120.00  8399.70  0
 13219  32  1  17  0  0  1  0   72.78  1246.64  0
 13220  67  1  50  0  1  2  0   69.81  3521.08  1
 13221  20  0  37  0  1  2  0  102.80  3814.13  1
 13222  66  0  62  0  0  2  0   73.95  4563.25  0
 13223  53  0  72  2  0  2  0   67.39  4837.72  0
 13224  21  1  29  1  0  0  2   18.00   520.56  0
 13225  31  0  32  2  0  0  2   18.21   592.64  0
 13226  58  0  11  0  0  1  1   75.06   802.43  1
 13227  58  0   6  0  0  2  1   97.38   591.27  1
 13228  42  1  35  2  0  1  1   70.08  2470.58  0
 13229  72  1  33  0  1  2  1   46.59  1527.47  0
 13230  67  0  18  2  1  2  1   91.56  1687.50  0
 13231  27  1  37  0  0  1  0   44.48  1630.91  0
 13232  38  1  13  0  0  1  0   39.20   513.63  0
 13233  53  0  64  1  1  2  1   76.94  4882.39  0
 13234  29  1   1  2  1  2  0   86.06    86.06  0
 13235  44  1  63  2  0  0  2   23.29  1464.29  0
 13236  57  0  34  0  1  2  0   71.34  2417.00  1
 13237  19  1  10  0  1  0  2   22.95   214.76  0
 13238  71  1   7  1  0  0  2   24.08   158.21  0
 13239  30  1  56  1  0  1  1   68.30  3837.47  0
 13240  70  1  37  1  0  2  0   72.13  2630.44  0
 13241  49  1  29  0  0  1  1   60.03  1703.66  1
 13242  48  1  12  2  1  2  0   89.92  1069.21  0
 13243  33  1  17  1  0  2  1   84.26  1429.98  1
 13244  49  1  48  2  1  1  0   61.47  2934.91  0
 13245  49  0  26  0  0  2  0   68.38  1779.15  0
 13246  51  0  12  0  1  2  1  100.71  1220.92  1
 13247  28  0  21  2  1  1  0   64.07  1365.05  1
 13248  27  0  42  1  1  1  1   66.91  2836.68  0
 13249  32  1  61  2  1  2  0   70.14  4252.05  1
 13250  34  0  58  2  0  2  0   60.54  3495.89  0
 13251  57  0  54  1  0  2  0   68.39  3675.52  0
 13252  35  1  34  0  0  2  1  102.31  3498.76  0
 13253  72  1   7  0  0  1  1   62.94   427.93  1
 13254  26  1  35  0  1  1  0   48.99  1720.79  0
 13255  42  1  15  0  0  1  1   68.98  1006.40  0
 13256  57  1  65  0  0  2  0   55.21  3575.78  0
 13257  31  0  25  0  0  2  0   81.07  2008.81  1
 13258  42  1  59  0  1  2  0   68.40  4049.27  1
 13259  67  0   6  0  0  2  1   74.74   423.51  1
 13260  39  0  52  0  0  2  0   77.28  4054.25  1
 13261  69  1  21  0  1  2  0  120.00  2524.31  0
 13262  47  0  71  0  0  2  0   94.48  6693.52  1
 13263  37  0  32  1  0  1  0   43.69  1404.91  0
 13264  38  1  53  0  1  1  1   77.11  4070.56  0
 13265  61  0  59  0  0  1  1   51.93  3042.62  0
 13266  49  0  69  1  0  2  1  117.76  8139.41  0
 13267  68  0  62  2  0  0  2   18.00  1143.38  0
 13268  63  1   4  0  1  0  2   20.55    89.82  1
 13269  66  1  18  1  0  2  0  116.28  2068.46  1
 13270  73  1  56  2  1  1  1   61.50  3427.68  0
 13271  38  0  24  2  1  0  2   29.19   731.14  0
 13272  52  1  66  0  0  1  0   54.28  3598.37  0
 13273  49  0  13  1  0  2  0   83.69  1065.42  1
 13274  47  1  62  0  0  1  0   46.14  2846.41  1
 13275  72  0  54  1  1  1  1   79.12  4276.23  0
 13276  56  1  15  2  1  2  0   77.57  1160.67  0
 13277  66  1  69  0  0  0  2   29.53  2079.35  0
 13278  29  0   3  2  1  1  0   48.72   131.53  1
 13279  58  1  37  0  0  2  1   88.17  3274.28  0
 13280  64  0  37  2  0  1  1   75.04  2782.43  0
 13281  35  1   3  1  0  1  0   53.92   128.57  1
 13282  38  1  63  0  1  2  0   89.33  5579.93  0
 13283  30  0  35  1  0  2  1   75.36  2629.91  0
 13284  38  0  52  0  0  0  2   20.55  1076.97  1
 13285  25  0  28  0  1  1  1   68.71  1955.68  1
 13286  63  1  18  2  1  2  1  120.00  2144.35  0
 13287  57  0  36  0  1  2  0   77.82  2811.01  1
 13288  63  1  33  1  1  1  0   58.37  1920.41  0
 13289  24  0  64  0  0  1  0   67.10  4328.95  0
 13290  40  0  26  0  0  2  0   85.64  2225.84  1
 13291  61  0  48  2  0  1  0   65.86  3152.48  0
 13292  49  0  40  0  1  2  0  120.00  4803.41  1
 13293  28  0  17  1  0  2  1   95.44  1626.34  1
 13294  39  0  40  1  1  1  0   68.24  2757.53  0
 13295  39  1   7  1  0  2  1  102.72   719.14  1
 13296  60  0  57  2  0  0  2   24.29  1393.14  0
 13297  42  1   8  1  0  2  0   95.58   731.56  1
 13298  39  0  56  0  0  1  1   75.66  4213.85  0
 13299  45  0  31  2  0  2  1  110.00  3402.47  0
 13300  46  0  59  0  0  2  1   93.95  5545.13  1
 13301  30  1  58  0  0  1  0   49.44  2852.29  0
 13302  35  1  12  2  1  1  0   59.25   716.67  1
 13303  19  0  48  1  0  1  0   40.47  1932.09  0
 13304  46  1  31  2  0  1  0   61.19  1930.86  0
 13305  38  0  63  1  1  1  0   62.46  3930.85  0
 13306  32  0  39  2  1  1  0   53.21  2083.81  0
 13307  69  1  20  2  0  1  1   65.44  1304.43  1
 13308  44  1  48  0  1  1  0   64.12  3075.90  0
 13309  67  1  71  0  1  1  1   72.47  5156.30  0
 13310  48  1  54  0  0  0  2   24.63  1332.78  0
 13311  32  0  71  1  0  2  0   96.66  6852.43  0
 13312  68  1  29  0  0  1  0   56.06  1632.44  1
 13313  40  1  48  0  1  2  0   84.78  4066.27  1
 13314  41  0  56  0  1  2  1  101.33  5686.13  0
 13315  61  1  17  2  1  2  0  106.80  1838.55  1
 13316  30  1   9  1  1  0  2   21.32   211.72  0
 13317  39  1  34  0  1  1  0   68.05  2292.46  0
 13318  60  1  45  0  0  1  0   34.67  1499.58  1
 13319  54  0   9  0  1  2  0   89.82   853.53  1
 13320  50  0   7  0  1  1  1   65.83   471.30  0
 13321  73  1  16  0  1  0  2   18.00   295.55  0
 13322  20  1  19  2  1  2  0   62.27  1168.89  0
 13323  71  0   6  2  1  2  1  101.92   570.52  0
 13324  36  1  11  0  1  2  0   86.61   912.65  1
 13325  40  1  61  0  0  1  1   72.90  4440.15  0
 13326  46  1  42  0  1  1  0   29.03  1222.32  1
 13327  47  1  13  0  1  1  0   65.69   887.67  0
 13328  56  1  12  0  1  1  0   65.77   794.10  1
 13329  61  1  20  0  1  2  0   64.25  1298.39  0
 13330  64  1  50  0  1  1  1   79.08  3943.35  0
 13331  42  1  36  1  1  2  0  111.86  4017.80  1
 13332  54  1  69  1  1  2  0   65.00  4455.53  0
 13333  64  0  37  1  0  1  0   56.08  2050.39  1
 13334  25  0  12  0  1  0  2   20.99   227.12  0
 13335  59  0  40  2  1  1  1   47.02  1873.53  0
 13336  33  1  54  2  1  1  1   61.70  3298.52  0
 13337  25  1   2  0  1  2  1  116.06   215.89  0
 13338  18  0  50  0  1  2  0   72.10  3604.22  0
 13339  61  1  41  0  1  2  1  120.00  4871.94  0
 13340  22  0  45  0  1  0  2   21.84  1012.44  0
 13341  20  1   9  0  1  0  2   18.00   197.63  0
 13342  18  0  62  1  1  0  2   20.23  1274.92  0
 13343  21  0  47  0  1  2  0   63.05  2971.19  0
 13344  57  0   5  0  1  1  0   59.28   302.92  1
 13345  52  1   1  0  0  1  0   53.08    63.71  0
 13346  49  0  44  2  0  1  1   60.74  2674.28  0
 13347  59  1  22  0  0  1  0   40.54   895.52  0
 13348  51  1  38  1  0  1  0   54.19  2026.00  0
 13349  60  1  19  0  0  2  0   88.08  1675.84  1
 13350  42  1  31  0  0  2  0   64.44  2007.61  1
 13351  27  1  67  1  0  2  1  111.22  7458.51  0
 13352  38  1  42  0  1  2  0   89.17  3768.10  1
 13353  63  1  26  0  1  2  1   82.28  2168.67  1
 13354  56  0  13  0  0  2  0   83.57  1075.90  1
 13355  44  0  58  1  0  2  0   97.55  5635.22  0
 13356  44  0  18  1  1  1  1   78.70  1441.72  1
 13357  19  1  67  0  0  0  2   27.93  1884.62  0
 13358  58  1   3  1  1  0  2   29.00    75.55  1
 13359  65  1  55  0  1  2  0   65.04  3572.73  0
 13360  30  1  58  1  1  2  0   74.35  4306.22  0
 13361  26  0  63  0  1  2  0   63.98  4036.16  1
 13362  69  1  52  1  1  0  2   25.45  1352.13  0
 13363  53  0  24  2  0  1  1   63.27  1500.57  0
 13364  39  1  72  2  0  2  1  113.94  8209.53  0
 13365  59  0   9  0  0  0  2   18.00   167.12  0
 13366  43  1  37  2  1  2  0   74.66  2722.68  0
 13367  71  0  53  0  0  0  2   18.00  1004.10  0
 13368  29  1  24  2  1  2  1  113.58  2730.11  1
 13369  34  0  21  0  1  2  0   95.51  2028.84  1
 13370  31  1  40  0  0  1  1   44.71  1756.04  0
 13371  31  0  62  0  1  0  2   18.00  1154.54  0
 13372  74  0  70  0  1  0  2   24.80  1728.95  1
 13373  51  1  69  1  1  1  1   76.14  5207.59  1
 13374  70  0  14  2  0  2  0   91.20  1248.35  1
 13375  74  1  42  1  1  2  0   87.71  3659.25  1
 13376  37  1  50  1  0  0  2   18.00   884.53  0
 13377  28  1  61  1  0  1  0   65.70  3981.90  0
 13378  33  0   4  0  0  1  0   43.03   188.33  1
 13379  68  0  72  0  0  2  0   60.83  4383.34  1
 13380  48  1  17  0  1  1  0   57.08   980.59  1
 13381  72  1  57  0  1  2  0   78.35  4474.55  0
 13382  23  0  48  0  1  1  0   62.24  2982.62  0
 13383  73  0  44  0  1  0  2   22.42   955.29  0
 13384  36  0  45  0  0  1  0   72.08  3213.37  0
 13385  54  1  33  0  1  1  0   59.05  1919.27  0
 13386  21  1  31  2  1  2  0  100.90  3106.06  1
 13387  64  1  47  0  0  2  1   82.23  3898.68  0
 13388  21  1   6  0  0  0  2   23.56   111.44  1
 13389  37  1  72  1  0  2  1   90.85  6570.76  0
 13390  27  0  71  0  0  0  2   18.00  1256.92  0
 13391  41  1  34  0  0  1  1   55.97  1875.88  1
 13392  71  0  53  0  0  1  1   80.42  4270.69  0
 13393  52  0  14  0  1  0  2   19.97   304.92  1
 13394  43  1  16  0  0  1  1   57.12   881.43  0
 13395  54  0  43  0  1  0  2   23.39  1003.98  1
 13396  55  1  12  1  1  2  0   78.40   964.54  1
 13397  38  0  70  1  1  1  0   47.02  3309.62  0
 13398  71  1  19  0  0  1  1   94.02  1755.48  0
 13399  57  1  41  0  0  2  0   66.87  2737.57  1
 13400  56  0  53  0  1  1  0   73.65  3871.27  0
 13401  38  1  29  2  1  1  0   46.90  1367.58  0
 13402  27  0  70  0  0  0  2   23.13  1622.41  0
 13403  55  1  59  1  0  2  0   83.48  4936.62  0
 13404  63  1  64  1  1  1  0   62.36  3971.94  0
 13405  21  1  24  0  1  2  1   74.27  1768.50  1
 13406  74  0  16  0  0  1  1   49.96   819.13  1
 13407  62  0  52  0  1  1  1   72.67  3799.46  0
 13408  37  1   6  0  0  1  0   37.20   256.65  1
 13409  34  0  37  0  1  2  0   67.47  2524.81  0
 13410  72  1   4  0  1  2  1   93.65   341.63  1
 13411  24  0  38  0  1  2  1   75.59  2896.90  1
 13412  21  0  41  0  1  2  0   67.50  2766.81  1
 13413  46  1  14  2  1  1  0   50.89   727.01  0
 13414  31  1  71  0  1  0  2   18.00  1271.24  0
 13415  20  1  51  2  0  2  0   63.99  3245.19  0
 13416  41  1  65  2  1  2  0  105.10  6825.81  1
 13417  54  1  52  2  0  1  0   64.57  3358.93  0
 13418  33  0  30  2  1  1  1   87.65  2635.30  0
 13419  72  0  57  0  0  2  0   93.92  5372.91  0
 13420  69  1  30  0  1  2  1  114.52  3414.85  1
 13421  21  1  42  1  1  2  0   78.68  3282.06  0
 13422  73  1  11  1  1  2  0   82.19   871.50  1
 13423  41  0  27  2  1  2  1  101.19  2727.69  0
 13424  51  1  24  2  0  2  0   56.59  1340.67  0
 13425  47  1  39  0  0  1  0   60.46  2351.32  0
 13426  35  0  72  0  0  1  1   58.76  4231.21  0
 13427  36  0  18  0  1  2  1   88.16  1551.23  1
 13428  48  0  45  0  0  1  1   74.97  3362.54  0
 13429  36  0  12  0  0  1  0   39.48   481.01  0
 13430  66  1  49  1  0  0  2   20.28   995.10  0
 13431  63  0  31  2  0  2  0   91.72  2835.84  0
 13432  36  0  22  0  1  1  0   49.70  1092.69  1
 13433  39  1  44  2  1  1  0   55.37  2430.84  0
 13434  41  1  64  1  1  2  0   86.28  5501.99  0
 13435  62  1  25  2  0  0  2   24.49   588.95  0
 13436  29  0  51  0  1  1  0   53.18  2765.93  0
 13437  47  1   7  2  0  1  0   42.48   309.93  1
 13438  55  0   6  1  1  2  0   76.33   479.61  1
 13439  70  0  24  0  1  2  0   79.77  1926.56  1
 13440  48  0  19  0  1  1  1   56.99  1110.67  1
 13441  53  1   9  2  1  2  1   97.84   892.03  1
 13442  36  0  36  0  0  1  1   66.42  2349.02  1
 13443  65  1  40  0  1  2  0   86.35  3437.23  1
 13444  62  1  24  0  0  1  0   46.02  1109.21  1
 13445  53  1  48  1  1  1  1   66.30  3186.58  0
 13446  47  0  63  2  1  2  0  104.32  6574.79  0
 13447  72  0  69  0  0  1  0   57.95  3976.24  0
 13448  66  0  53  0  1  2  0  101.08  5346.01  1
 13449  72  1  54  2  0  2  1   96.63  5222.97  0
 13450  50  0  42  1  0  2  0   75.44  3169.21  0
 13451  35  0  45  2  0  2  1  107.91  4871.46  0
 13452  69  0  14  0  1  2  1   73.89  1012.96  1
 13453  66  0  29  0  1  0  2   18.00   531.72  1
 13454  45  0   6  0  0  2  0   82.88   485.82  1
 13455  64  1   7  1  0  2  0   94.79   656.41  0
 13456  28  1  37  0  0  2  1  114.12  4221.32  1
 13457  74  1  53  0  1  2  0   97.70  5143.47  1
 13458  71  1  18  0  1  1  0   62.46  1126.82  0
 13459  62  0  38  0  1  2  0   97.97  3748.01  1
 13460  50  1  59  2  0  1  0   65.04  3813.04  0
 13461  34  0   1  0  1  2  1   77.94   115.10  0
 13462  23  1  68  1  1  0  2   31.02  2096.41  0
 13463  21  1  44  2  0  2  0  101.65  4484.38  0
 13464  37  1  47  0  1  1  1   63.19  2943.47  0
 13465  65  0  35  1  1  1  0   58.71  2098.03  0
 13466  64  0  60  2  1  2  1   75.30  4496.80  0
 13467  44  1  52  2  1  1  0   52.40  2728.94  0
 13468  32  0   8  0  1  1  1   61.58   481.92  1
 13469  23  1  41  0  1  2  0   78.63  3222.83  1
 13470  64  1   3  0  1  1  0   63.14   191.66  0
 13471  31  1  69  1  1  0  2   20.52  1409.36  0
 13472  28  0  14  1  1  1  0   43.06   589.24  0
 13473  56  1  26  1  0  0  2   18.00   467.06  0
 13474  26  1  70  0  1  2  1   65.53  4585.72  0
 13475  43  1  58  0  1  1  0   63.80  3706.88  0
 13476  33  0  40  1  1  0  2   18.88   764.89  0
 13477  22  1  51  0  1  2  1  106.32  5438.54  0
 13478  74  0   5  1  1  0  2   35.70   189.73  0
 13479  69  1  32  0  1  2  0   71.52  2291.28  1
 13480  27  0   1  0  0  0  2   21.63    21.63  1
 13481  67  1  54  0  1  2  0  106.65  5728.44  1
 13482  20  1  11  0  0  2  0   77.67   857.48  1
 13483  30  0  53  0  1  0  2   18.30   991.79  0
 13484  60  0   8  0  1  2  0   92.95   728.26  1
 13485  66  1  25  0  1  2  1  120.00  2986.64  1
 13486  47  0  40  0  0  2  1  104.55  4208.11  1
 13487  71  1  32  0  1  1  0   46.57  1522.89  0
 13488  62  1  28  1  1  0  2   18.00   487.30  0
 13489  23  1   3  0  1  2  0   77.67   284.04  1
 13490  34  0  62  1  1  1  0   36.80  2289.95  0
 13491  62  1  27  1  0  2  0   82.61  2248.94  0
 13492  68  0  45  1  1  1  1   65.07  2921.11  1
 13493  70  1  25  2  0  2  0   85.69  2147.41  1
 13494  36  0  61  0  0  2  0   63.25  3866.77  1
 13495  59  0  44  1  1  2  0   90.18  3949.93  0
 13496  52  1  46  2  1  1  0   45.16  2110.43  0
 13497  63  0  14  2  0  0  2   18.81   262.56  0
 13498  43  1   8  0  1  1  0   47.57   370.56  1
 13499  68  1  48  0  1  2  0  102.32  4888.18  1
 13500  22  1  14  0  0  1  0   48.15   685.35  1
 13501  46  1  65  1  0  1  0   68.46  4455.02  0
 13502  54  1   7  1  0  2  1   97.04   659.77  1
 13503  37  0  49  0  0  2  1  101.30  4966.50  1
 13504  66  1  55  0  1  2  1   96.25  5303.51  1
 13505  38  0  13  1  1  1  0   46.48   596.34  0
 13506  27  0  56  0  1  1  0   59.06  3314.83  0
 13507  22  1  56  2  0  1  0   50.70  2839.29  0
 13508  53  0  15  1  0  2  0   89.76  1342.01  0
 13509  23  1  57  0  1  2  1  104.06  5912.22  1
 13510  43  0  58  1  1  0  2   29.54  1717.30  0
 13511  21  0  35  0  1  2  0   92.06  3180.62  1
 13512  56  0  16  1  0  0  2   24.78   425.24  1
 13513  56  1   8  2  1  1  1   71.61   596.63  0
 13514  67  0  45  2  1  2  0   81.63  3652.86  0
 13515  52  1  40  0  0  1  1   71.79  2842.82  0
 13516  18  0  54  0  0  0  2   19.38  1069.90  0
 13517  41  0  14  0  1  2  0   78.81  1100.02  1
 13518  74  0  59  0  0  0  2   18.00  1063.20  0
 13519  53  0  53  0  1  2  0   94.79  5024.35  1
 13520  23  1  27  0  1  1  0   49.32  1305.36  0
 13521  58  1  47  0  1  0  2   23.14  1103.29  0
 13522  71  0   6  0  0  0  2   20.02   129.10  0
 13523  63  0  55  0  0  1  0   52.16  2869.18  0
 13524  61  1  44  2  1  1  1   56.36  2434.46  0
 13525  74  1  18  1  0  2  1  114.51  2071.25  1
 13526  48  1  16  0  1  2  0   79.11  1273.32  1
 13527  37  1  12  0  0  2  0  108.80  1303.71  1
 13528  41  0  20  0  0  2  0   72.73  1473.91  0
 13529  42  0  45  0  1  2  1  117.62  5315.48  0
 13530  53  1  64  0  1  2  0   86.26  5527.35  1
 13531  38  1  59  2  0  0  2   24.30  1403.46  0
 13532  47  1  22  1  1  1  0   41.99   898.47  1
 13533  41  1  47  1  0  2  0   65.42  3060.79  0
 13534  61  1  29  0  1  0  2   21.29   612.44  0
 13535  59  1  45  2  0  2  0   69.79  3157.38  0
 13536  47  0   9  2  1  1  0   68.29   621.20  0
 13537  39  0  24  0  1  1  1   68.64  1644.04  1
 13538  45  0  15  0  1  2  1   85.34  1292.68  0
 13539  24  1  36  0  0  1  0   45.80  1633.29  0
 13540  52  1  13  0  1  2  0   80.67  1061.25  1
 13541  72  1  44  1  1  2  1   86.48  3809.67  0
 13542  45  0  71  0  0  2  0   92.43  6572.99  0
 13543  31  1  72  0  0  0  2   19.62  1429.56  0
 13544  73  1  36  0  1  1  1   76.68  2759.53  0
 13545  27  0  61  0  0  1  0   61.32  3700.70  1
 13546  33  1  40  2  0  1  1   56.33  2240.02  0
 13547  33  0  27  1  1  2  0   78.62  2138.37  0
 13548  71  0   1  1  1  1  0   46.35    46.35  0
 13549  48  1  34  0  0  2  1   82.05  2776.41  0
 13550  59  0  68  1  0  2  0   58.07  3950.00  1
 13551  42  1  21  0  1  1  1   74.41  1584.48  1
 13552  30  0  33  1  1  2  0  104.38  3453.70  1
 13553  23  1   7  0  1  2  0   70.19   526.15  1
 13554  61  0  65  0  1  0  2   18.00  1178.03  0
 13555  26  1   3  0  1  1  0   60.61   189.09  1
 13556  62  0  51  0  1  1  0   46.81  2382.64  0
 13557  53  0  54  2  0  2  0  104.11  5590.91  0
 13558  73  0  59  0  0  2  0   74.25  4383.70  1
 13559  60  1   6  0  1  1  1   43.62   262.55  1
 13560  37  1  29  0  1  1  1   63.70  1860.57  1
 13561  35  0  17  2  1  1  0   49.08   840.46  0
 13562  60  1  60  0  1  0  2   20.74  1249.78  0
 13563  74  0  22  1  0  0  2   18.26   424.43  1
 13564  38  1  24  2  0  2  0   93.65  2242.38  0
 13565  21  0  51  0  1  0  2   22.12  1144.89  1
 13566  67  1  50  0  1  1  0   58.26  2938.77  0
 13567  50  0  11  0  1  1  1   66.91   724.94  0
 13568  44  0  56  2  0  2  0   84.99  4751.28  0
 13569  24  0  71  0  1  1  0   41.03  2897.77  0
 13570  23  0  42  0  0  0  2   21.95   894.75  0
 13571  32  1  39  1  0  1  0   62.32  2467.36  1
 13572  35  0  69  1  1  1  1   68.49  4789.51  0
 13573  49  1  48  0  0  2  1   91.98  4419.25  1
 13574  73  1  57  0  0  2  1  103.86  5913.41  0
 13575  28  0  21  0  0  2  0   88.55  1894.31  1
 13576  37  1  20  0  0  2  0   95.65  1925.02  1
 13577  41  1  15  0  1  1  1   64.12   946.72  0
 13578  32  1  69  2  1  2  0   63.59  4370.15  0
 13579  65  0  51  0  0  1  0   53.21  2730.09  0
 13580  24  1  62  2  0  2  1   80.77  5015.40  0
 13581  38  1  37  1  0  2  0   78.05  2910.30  0
 13582  59  0   6  0  1  2  0   86.30   531.88  1
 13583  43  0  71  1  0  0  2   24.95  1747.04  0
 13584  61  1  26  0  1  2  0   94.99  2454.27  0
 13585  73  0   8  2  1  2  0   88.13   687.48  1
 13586  31  1   4  2  1  0  2   26.24   109.30  0
 13587  74  1  21  0  1  0  2   20.24   422.57  1
 13588  54  1  31  0  1  1  0   57.02  1758.51  0
 13589  38  0  21  0  0  2  1   89.31  1869.29  1
 13590  35  1  25  0  1  2  1   78.96  1987.48  1
 13591  22  0  15  0  1  0  2   22.78   338.08  1
 13592  20  0  35  0  1  0  2   18.00   616.38  1
 13593  40  1  49  1  1  1  1   55.69  2702.71  0
 13594  43  0  43  0  0  2  0   87.66  3751.32  1
 13595  54  0  41  2  1  2  1   82.27  3394.43  0
 13596  41  0  37  2  1  2  1   95.27  3511.63  0
 13597  66  0  57  0  0  1  0   56.47  3255.06  0
 13598  36  0  42  2  0  2  0   76.60  3229.79  0
 13599  68  1  47  0  0  0  2   20.28   936.83  1
 13600  42  0  61  0  0  2  1   95.63  5821.18  1
 13601  38  1  14  1  0  1  1   53.59   708.08  0
 13602  29  1  68  0  1  2  0   93.20  6328.80  0
 13603  74  1  53  1  0  1  1   44.69  2407.54  0
 13604  58  1  34  2  0  2  0  113.18  3880.78  1
 13605  50  1  24  2  1  1  0   60.34  1480.33  1
 13606  67  1  20  1  0  1  1   75.21  1516.39  1
 13607  70  0  69  1  0  2  1  104.93  7236.61  0
 13608  21  0  30  0  1  0  2   19.79   595.66  0
 13609  59  0   7  0  1  1  1   57.28   411.85  0
 13610  74  1  36  1  0  0  2   19.88   715.35  0
 13611  24  0  38  0  1  0  2   24.18   903.12  0
 13612  39  0  52  0  1  0  2   18.00   934.56  1
 13613  72  0  15  0  0  2  1   97.36  1433.34  1
 13614  50  1  46  1  1  2  0   57.85  2672.99  0
 13615  34  0  23  0  1  0  2   18.00   395.82  0
 13616  41  1  12  1  0  1  0   46.41   568.31  0
 13617  51  0  44  0  0  2  0  110.21  4827.64  0
 13618  45  1  15  0  1  1  0   41.63   621.12  1
 13619  60  1  49  0  0  2  1  100.98  4953.52  1
 13620  58  1  21  0  1  1  1   80.94  1696.46  0
 13621  56  0  15  2  1  0  2   25.03   388.25  0
 13622  39  0  14  0  1  1  0   70.21   991.89  1
 13623  66  1  42  0  0  2  0  110.05  4613.66  1
 13624  34  0  15  0  1  2  0   85.84  1275.80  1
 13625  51  1  63  0  1  2  0   92.13  5790.97  0
 13626  23  1  68  0  0  1  0   56.95  3856.50  0
 13627  63  0  27  0  1  2  1  102.21  2801.61  1
 13628  23  0  53  2  0  1  1   69.22  3656.05  0
 13629  51  0  52  1  1  1  1   82.17  4294.68  0
 13630  18  1  63  0  0  1  0   57.92  3652.23  0
 13631  27  1  53  0  1  0  2   18.00   946.89  0
 13632  38  0  57  0  1  1  1   70.96  4048.60  1
 13633  22  1  52  0  1  2  0   95.96  4995.01  1
 13634  19  0  43  1  0  1  0   46.78  1976.38  0
 13635  39  1   7  2  0  1  0   46.37   323.04  0
 13636  65  0  42  0  1  2  1  109.26  4589.05  0
 13637  74  0   4  2  0  1  0   49.67   192.10  0
 13638  19  1  69  0  1  2  0   78.80  5394.74  0
 13639  27  0   5  0  0  2  1   88.08   433.76  1
 13640  51  0  41  0  0  0  2   21.23   902.70  0
 13641  33  1   4  0  0  0  2   25.52   113.09  1
 13642  65  0   2  2  0  1  1   71.69   122.33  0
 13643  68  1  67  0  0  1  0   50.38  3393.32  0
 13644  56  0  21  0  1  0  2   26.69   538.35  1
 13645  39  1  70  2  0  0  2   24.35  1709.88  0
 13646  29  0  43  2  0  1  1   74.92  3227.11  0
 13647  41  0  69  1  0  1  0   64.60  4450.06  0
 13648  64  0   9  2  1  2  0   77.28   716.36  1
 13649  57  0  28  0  1  2  1   81.20  2288.67  1
 13650  55  1  26  2  1  2  0   79.92  2062.41  0
 13651  27  1   3  1  0  1  0   64.91   188.93  0
 13652  52  1  49  2  1  0  2   18.00   864.87  0
 13653  68  1  17  1  1  0  2   18.00   294.53  0
 13654  66  1  63  0  1  2  1   67.79  4283.77  0
 13655  49  1  55  1  1  1  1   52.44  2883.93  0
 13656  24  1  23  0  1  2  0   73.16  1703.27  1
 13657  38  0  34  0  1  2  1   96.87  3261.97  1
 13658  37  0  69  0  0  0  2   18.00  1247.52  0
 13659  43  0  15  2  0  1  1   71.62  1090.92  0
 13660  21  0  47  0  1  1  1   65.45  3078.18  0
 13661  63  1   3  0  0  2  1   64.36   165.82  1
 13662  69  1  28  0  0  2  0   84.72  2351.16  1
 13663  39  1   3  2  1  1  0   56.42   187.43  1
 13664  32  0   4  0  1  2  0  113.75   444.34  1
 13665  73  1  31  1  0  2  0   88.63  2731.94  0
 13666  57  0  45  2  1  2  0   58.46  2623.92  0
 13667  38  1  59  0  0  1  1   67.30  3965.64  0
 13668  32  1  45  0  1  0  2   20.87   962.87  0
 13669  39  1  37  1  1  0  2   23.02   816.84  0
 13670  69  1  65  2  0  0  2   33.18  2168.22  0
 13671  45  0   9  1  1  0  2   18.00   191.21  0
 13672  31  0  17  0  0  0  2   18.00   324.91  1
 13673  44  1  65  2  1  1  1   69.69  4576.33  0
 13674  58  0   3  0  1  1  0   73.26   210.63  1
 13675  57  1  26  1  1  2  0   95.07  2489.66  1
 13676  45  1  53  2  1  0  2   18.29   967.65  0
 13677  43  1  31  0  1  2  0   99.77  3082.49  1
 13678  66  1  26  1  1  2  1  120.00  3075.60  0
 13679  19  0  23  1  1  0  2   18.00   404.70  0
 13680  42  1  30  2  0  2  1   79.99  2421.00  0
 13681  73  1  10  0  1  0  2   20.28   168.49  1
 13682  20  0  72  0  0  1  0   58.01  4218.67  0
 13683  25  1  64  2  1  2  0  105.76  6776.84  0
 13684  61  0  22  0  1  1  0   50.31  1084.71  0
 13685  50  1  15  0  0  0  2   22.01   334.72  0
 13686  59  1  56  2  1  2  1  118.35  6641.34  0
 13687  69  1  20  0  1  1  0   57.24  1135.02  1
 13688  52  1  47  2  1  0  2   18.02   834.46  0
 13689  23  1  53  0  0  2  1  103.55  5527.63  0
 13690  56  1  53  0  0  2  1   90.04  4765.32  0
 13691  69  0   1  1  1  2  1  100.06   100.06  1
 13692  40  1   2  1  1  2  0   82.20   190.87  1
 13693  42  0  58  1  0  2  0   82.83  4802.68  0
 13694  67  0  19  0  1  1  0   50.97   983.72  1
 13695  60  1  62  2  1  2  1   86.39  5346.74  0
 13696  36  0  72  0  1  0  2   24.97  1783.89  0
 13697  22  1  12  0  1  2  1   97.85  1181.82  1
 13698  68  0  26  0  1  1  1   77.74  2001.62  0
 13699  28  1  27  1  0  1  0   32.50   885.64  0
 13700  73  0  29  0  1  0  2   18.00   503.65  1
 13701  29  0  15  0  1  1  0   47.59   721.80  0
 13702  27  1  46  0  0  2  1   91.19  4219.44  0
 13703  25  0   1  0  1  0  2   18.00    18.00  0
 13704  41  1  60  0  1  2  0   60.89  3645.18  0
 13705  45  1  57  1  1  2  0   95.08  5380.37  0
 13706  58  1   3  0  0  2  0   76.10   222.43  1
 13707  53  1  18  2  1  1  0   60.56  1096.80  0
 13708  54  1  52  1  1  2  1   77.33  4014.36  0
 13709  38  0  60  0  0  1  0   38.64  2275.58  0
 13710  25  0  34  1  0  1  0   57.41  1969.92  0
 13711  72  0  60  0  0  0  2   23.16  1360.41  0
 13712  26  1  26  1  1  2  1   85.77  2246.73  0
 13713  64  0  72  2  1  2  0   69.74  5006.34  0
 13714  32  0  19  0  1  2  0  103.74  1953.65  0
 13715  65  0  22  1  1  2  1   94.14  2071.30  0
 13716  63  0  33  0  0  1  0   45.02  1506.98  0
 13717  57  0  38  0  1  1  0   40.03  1560.25  0
 13718  35  1  35  2  0  1  1   58.12  2026.00  0
 13719  59  1  67  0  1  0  2   18.03  1181.97  0
 13720  37  0  10  0  1  0  2   23.81   245.02  1
 13721  23  1  15  0  0  2  1   94.75  1394.47  1
 13722  29  1  11  1  1  0  2   19.32   227.39  0
 13723  19  0  24  0  0  2  0   71.27  1719.35  1
 13724  24  0   4  2  0  1  1   78.81   342.34  0
 13725  33  1  13  0  1  1  0   64.76   862.95  1
 13726  20  0  57  0  1  0  2   24.48  1398.15  0
 13727  62  1  37  1  1  1  1   64.39  2383.05  0
 13728  20  1  48  0  0  1  1   69.01  3294.73  0
 13729  44  0  71  1  1  0  2   18.00  1259.86  0
 13730  67  1   1  0  0  1  1   67.02    67.02  0
 13731  60  1  60  0  1  1  0   74.23  4432.26  0
 13732  57  1  12  0  0  2  0   76.29   910.12  1
 13733  55  0  21  2  0  2  0   70.22  1465.21  0
 13734  50  0  11  1  1  0  2   19.29   224.04  1
 13735  45  0  44  1  1  1  1   56.39  2480.71  0
 13736  18  0  58  0  1  1  0   45.76  2673.98  0
 13737  72  1  44  1  1  2  1   98.98  4349.08  1
 13738  25  0  34  0  1  2  1  107.37  3627.19  0
 13739  54  0  25  2  1  2  1   99.11  2488.73  0
 13740  49  0   4  1  0  1  1   53.54   211.68  1
 13741  65  0  64  1  0  2  0   74.96  4792.04  0
 13742  60  1  16  0  0  2  1   99.82  1588.68  0
 13743  54  1  10  0  1  1  1   71.57   715.47  0
 13744  21  1  66  0  0  1  0   52.92  3487.31  0
 13745  47  0  35  2  1  2  1   81.60  2866.34  0
 13746  23  0   6  0  1  1  0   62.74   391.24  0
 13747  63  1  19  0  1  0  2   29.06   544.73  1
 13748  71  0  59  0  1  1  0   66.24  3948.15  0
 13749  36  0  53  0  1  0  2   29.92  1574.35  0
 13750  49  1   8  0  1  0  2   18.00   144.36  0
 13751  26  1  10  2  0  2  1  110.47  1072.25  1
 13752  29  0  67  1  1  2  0  104.33  6988.02  0
 13753  28  0  38  2  0  1  0   50.13  1900.87  0
 13754  63  0  29  2  1  1  1   56.74  1644.47  0
 13755  72  1  15  0  1  2  0   70.58  1078.24  1
 13756  33  1  23  0  1  2  0   83.63  1957.08  1
 13757  18  1  46  0  0  1  0   39.94  1859.40  1
 13758  62  1  28  2  1  2  0  110.34  3087.47  0
 13759  72  0  26  0  1  0  2   18.00   471.94  0
 13760  70  1  10  0  1  2  1  101.33  1043.76  1
 13761  38  1  47  0  1  0  2   18.00   825.98  0
 13762  47  0   4  0  0  2  1  120.00   495.70  1
 13763  30  0  55  0  1  2  1  113.74  6237.94  0
 13764  51  0  66  0  1  2  0   61.09  4054.80  1
 13765  21  1  67  1  0  0  2   21.53  1439.83  0
 13766  45  0   7  2  1  2  0   81.38   552.07  1
 13767  55  0  55  0  0  1  0   56.55  3097.10  0
 13768  48  1  31  0  0  0  2   23.18   708.60  0
 13769  72  1  19  2  0  1  1   56.99  1101.87  0
 13770  44  0  28  0  1  2  1   94.20  2664.39  1
 13771  22  1  28  2  0  0  2   18.00   495.96  0
 13772  42  0  19  0  1  0  2   20.42   370.53  0
 13773  20  0  20  1  0  2  0   54.11  1122.80  1
 13774  50  1  13  1  1  1  0   68.06   901.16  1
 13775  21  0  43  1  1  0  2   18.00   758.49  0
 13776  42  1  11  2  0  0  2   21.47   243.36  0
 13777  37  1  48  0  1  2  1  107.43  5148.39  0
 13778  51  1  15  0  0  0  2   29.32   414.10  1
 13779  43  0  17  0  0  2  1  120.00  2033.80  1
 13780  22  1  54  2  1  2  1  115.91  6231.73  0
 13781  52  1  50  0  1  2  1   94.76  4728.39  0
 13782  45  0  28  2  1  2  0  101.73  2840.70  0
 13783  46  0   4  0  0  1  0   57.76   220.25  1
 13784  26  0  22  0  1  1  0   58.61  1307.64  1
 13785  69  0  39  1  1  2  0   75.70  2960.39  1
 13786  55  1  34  0  0  2  1  120.00  4067.22  1
 13787  67  1  44  0  0  2  1   82.96  3656.69  0
 13788  23  1  42  0  0  0  2   18.00   782.12  0
 13789  36  0  40  0  0  0  2   22.04   865.00  0
 13790  61  0  12  1  1  2  0   58.12   671.16  1
 13791  74  1   2  1  1  0  2   20.59    20.59  0
 13792  28  0  28  0  1  2  0  109.52  3074.09  1
 13793  19  0  67  0  0  1  0   59.15  3992.85  0
 13794  64  1  71  0  0  0  2   20.16  1448.32  0
 13795  61  1  72  0  0  2  1   82.40  5958.50  1
 13796  61  0  10  2  0  1  1   49.98   455.81  1
 13797  26  0  57  2  1  2  1  107.95  6136.48  0
 13798  38  0  37  0  1  2  0   85.42  3138.18  1
 13799  41  1  64  0  1  1  0   61.25  3931.17  0
 13800  51  1  40  2  1  0  2   18.00   716.01  0
 13801  39  1  60  0  0  1  0   62.32  3679.21  0
 13802  20  1  48  0  1  0  2   29.93  1451.83  0
 13803  29  1  19  1  0  0  2   26.71   530.85  0
 13804  45  0  72  0  0  2  0   89.45  6480.59  0
 13805  47  0  33  0  1  2  0   69.33  2291.19  0
 13806  43  0  44  2  1  1  0   56.22  2486.06  0
 13807  65  1  37  1  1  1  1   66.54  2439.15  0
 13808  38  1  36  0  1  2  0   77.57  2759.69  1
 13809  45  1  21  0  0  0  2   18.00   402.87  0
 13810  73  0   2  0  1  1  0   75.99   162.92  1
 13811  43  1  31  1  0  2  1   80.51  2520.78  0
 13812  50  1  30  0  0  1  0   50.71  1516.19  0
 13813  38  0  44  0  1  2  0   93.42  4157.88  1
 13814  52  1  12  2  0  1  0   76.81   927.98  1
 13815  69  0  51  0  0  0  2   18.49   927.92  0
 13816  51  1  49  0  0  0  2   18.00   875.64  0
 13817  58  1  24  0  1  2  0   52.95  1238.72  0
 13818  68  0  24  0  1  1  0   80.20  1905.95  1
 13819  64  0  60  0  1  1  0   35.91  2146.86  0
 13820  35  0  11  2  1  2  1   96.14  1088.54  0
 13821  28  0  13  2  0  2  0   62.31   808.71  0
 13822  74  0  72  0  0  1  0   47.11  3413.61  0
 13823  40  0  72  0  0  1  0   48.52  3491.44  0
 13824  65  1  64  1  1  2  0   55.67  3542.36  0
 13825  39  1  20  0  1  2  0  103.29  2076.71  1
 13826  34  0  72  0  0  2  1  101.46  7288.22  0
 13827  22  1  71  2  1  2  1   88.59  6281.95  0
 13828  61  0  28  0  1  1  0   49.25  1419.63  1
 13829  28  1   2  0  1  2  0  101.33   214.75  1
 13830  47  0  43  0  1  2  0   86.35  3696.64  1
 13831  32  1   8  0  0  0  2   30.43   258.08  0
 13832  44  1  13  0  1  2  0   78.29   999.01  0
 13833  52  1  35  0  0  1  0   59.26  2039.02  1
 13834  50  1  23  0  0  0  2   18.00   435.85  1
 13835  37  1  46  1  1  1  0   50.67  2336.72  0
 13836  33  0  15  0  0  1  1   75.38  1126.76  0
 13837  51  0   2  0  1  2  0  102.68   172.05  1
 13838  19  0  61  1  0  2  1  120.00  7313.69  0
 13839  52  1  64  2  1  1  1   69.45  4448.64  0
 13840  57  0  52  0  0  1  0   67.36  3479.41  1
 13841  73  1  36  0  1  2  1  104.36  3757.81  1
 13842  45  1  67  0  0  1  1   60.87  4109.30  0
 13843  64  1  69  1  0  0  2   18.00  1246.53  0
 13844  56  0  67  0  1  2  1   91.53  6144.20  0
 13845  23  1  47  0  0  1  1   53.55  2508.05  0
 13846  26  0   2  0  1  1  1   75.55   130.08  1
 13847  37  0  44  0  1  0  2   25.56  1113.41  0
 13848  18  1  64  0  0  0  2   18.00  1173.10  0
 13849  25  1  28  0  0  1  0   66.12  1849.41  1
 13850  72  0  54  2  1  2  0   67.30  3630.16  0
 13851  40  0  67  1  1  2  0  106.67  7136.78  0
 13852  20  0  36  0  0  2  0   82.58  2947.45  0
 13853  21  0  63  0  0  1  0   59.59  3781.52  0
 13854  42  0  25  0  1  1  0   69.49  1733.09  0
 13855  64  0  48  0  1  0  2   22.98  1092.41  0
 13856  55  1  39  2  0  1  1   63.66  2484.33  0
 13857  32  0  47  2  0  1  1   73.75  3455.66  0
 13858  38  0  21  0  0  1  0   45.33   958.19  1
 13859  52  0  30  0  1  2  0   56.07  1668.41  1
 13860  74  0  31  0  0  1  0   66.46  2062.73  1
 13861  70  1  26  1  0  1  0   41.87  1087.57  0
 13862  70  1  22  1  1  0  2   24.61   578.53  0
 13863  63  0  21  2  1  2  1   97.12  2077.73  1
 13864  69  0   1  1  0  0  2   19.93    35.68  0
 13865  31  0  37  0  1  1  0   45.55  1683.58  0
 13866  53  1  46  1  0  2  0   78.25  3615.56  0
 13867  29  1   9  1  0  2  0   85.20   782.22  1
 13868  34  1  17  0  0  2  0   87.98  1486.26  1
 13869  56  1  47  0  0  1  1   55.97  2597.60  0
 13870  26  1  59  1  1  2  1  106.15  6224.79  0
 13871  52  1  54  1  1  2  1  107.11  5781.56  0
 13872  30  0  12  1  0  0  2   22.42   258.94  0
 13873  32  1  64  1  1  1  1   60.61  3868.16  1
 13874  35  1   6  1  1  1  1   73.59   425.45  1
 13875  68  0  53  1  1  2  0   94.32  4982.00  0
 13876  50  1  16  0  1  1  0   35.46   580.46  0
 13877  23  0   5  1  0  2  0   88.17   380.27  1
 13878  44  1  46  0  1  0  2   29.67  1376.59  1
 13879  40  0  14  0  1  2  0   99.58  1388.60  1
 13880  44  0  44  0  0  1  1   76.53  3396.13  0
 13881  51  0  63  1  0  1  1   57.99  3658.70  0
 13882  73  0  52  1  0  1  0   56.26  2890.86  1
 13883  63  0  26  2  0  0  2   19.08   458.65  0
 13884  55  1  53  0  0  2  1   94.97  5010.56  0
 13885  31  1  29  0  0  2  0   77.29  2246.70  1
 13886  53  0  19  0  1  1  0   42.65   776.09  0
 13887  70  0  47  0  0  1  0   55.64  2617.29  0
 13888  25  0   8  1  1  2  0   73.29   600.37  1
 13889  52  1  23  0  0  2  1  103.79  2376.61  1
 13890  36  0  35  1  1  1  0   54.69  1896.39  0
 13891  47  0  53  1  1  0  2   18.00   910.98  0
 13892  31  0  58  0  1  1  1   78.82  4601.76  1
 13893  37  0   5  2  1  0  2   22.18   147.44  1
 13894  66  1  16  0  0  1  1   60.42   991.12  1
 13895  42  0  17  0  0  2  0   79.95  1353.62  1
 13896  57  0  32  2  0  2  0   66.58  2129.49  1
 13897  41  1  52  2  0  1  0   54.38  2841.47  0
 13898  31  0  20  0  1  1  0   61.81  1239.13  1
 13899  43  0  66  0  0  1  0   72.45  4719.38  0
 13900  55  1   1  0  1  1  0   54.11    72.47  1
 13901  40  1  58  0  0  0  2   20.24  1198.30  0
 13902  39  1  44  2  1  1  0   66.93  2966.36  1
 13903  65  0   6  1  1  2  0   67.62   414.77  0
 13904  74  0  50  0  0  2  0   87.18  4378.16  0
 13905  36  1  72  2  0  1  0   47.44  3387.42  0
 13906  63  1  20  0  0  0  2   20.66   411.33  1
 13907  68  1  14  0  0  2  0   99.05  1373.33  1
 13908  20  0   5  2  1  0  2   18.00   119.03  0
 13909  59  0  41  2  0  0  2   25.56  1051.64  0
 13910  36  1  40  2  0  1  1   68.60  2740.82  0
 13911  26  0  34  0  1  2  1   97.10  3281.04  1
 13912  45  1  45  1  1  2  0  105.19  4712.36  1
 13913  37  0  71  0  1  2  0   73.14  5170.37  0
 13914  62  0  71  1  0  2  0   64.90  4622.80  0
 13915  24  0  27  2  1  1  0   44.76  1220.48  0
 13916  31  0  44  0  1  2  1  102.99  4536.56  1
 13917  26  1  33  1  1  1  1   60.05  1997.47  0
 13918  72  0  33  0  1  2  0   71.90  2356.59  0
 13919  74  0  44  0  0  2  0   70.34  3058.09  1
 13920  36  1  20  1  0  1  0   56.75  1148.67  1
 13921  64  0  36  0  1  0  2   19.86   713.83  0
 13922  69  1   7  1  1  1  1   50.81   372.33  1
 13923  31  1  32  0  1  1  0   41.15  1325.32  0
 13924  73  0  67  2  0  1  0   49.73  3330.44  0
 13925  55  0  39  0  1  1  0   64.18  2507.13  0
 13926  70  1  24  0  1  0  2   18.00   460.18  1
 13927  53  1  70  0  0  2  0   62.85  4393.70  0
 13928  57  1  54  2  1  0  2   19.57  1071.52  0
 13929  34  0  38  1  0  2  0   85.57  3257.84  0
 13930  47  1  32  1  1  0  2   18.00   542.51  0
 13931  26  1  45  0  0  2  0   66.73  2976.57  1
 13932  50  1  61  0  1  0  2   23.72  1446.13  0
 13933  73  0  70  0  1  0  2   18.00  1250.05  0
 13934  69  1  53  1  1  2  0   96.79  5110.87  0
 13935  42  0  51  0  0  0  2   18.00   939.41  0
 13936  31  0  56  2  0  2  1   72.36  4022.25  0
 13937  28  1  27  1  1  2  0   85.35  2300.48  1
 13938  70  0  38  0  0  2  1   83.68  3162.36  0
 13939  52  1  62  0  0  0  2   18.00  1145.66  0
 13940  58  0  18  1  0  1  0   56.52  1067.71  1
 13941  31  0  64  0  0  1  0   49.36  3152.82  0
 13942  47  1  30  0  1  1  0   45.52  1382.57  0
 13943  58  1  49  0  0  0  2   22.45  1125.45  0
 13944  21  1  41  1  1  1  1   66.81  2757.18  1
 13945  21  0  13  1  1  2  1   95.65  1259.27  1
 13946  45  0  34  0  1  2  1   94.73  3185.36  1
 13947  25  1  25  0  0  2  1   82.97  2097.78  0
 13948  19  1  66  0  0  1  1   54.90  3630.59  0
 13949  58  0  18  1  0  2  0   79.83  1432.36  0
 13950  63  0   5  0  0  2  0   73.22   364.54  1
 13951  39  0  19  0  0  0  2   19.94   384.02  0
 13952  58  1  42  2  1  2  0   79.13  3318.38  0
 13953  73  0  18  2  1  1  1   65.18  1166.14  0
 13954  72  1  32  2  1  2  1   93.61  2975.97  0
 13955  33  0  21  2  1  2  1  120.00  2530.20  1
 13956  46  0  10  0  1  2  1   74.21   738.87  1
 13957  66  1  37  0  1  2  0   82.19  3025.17  1
 13958  65  1  49  0  0  0  2   18.00   883.96  0
 13959  47  1  13  0  0  2  1   87.75  1141.61  1
 13960  29  0  55  2  0  2  0   72.74  4010.82  0
 13961  52  0  17  1  0  1  0   61.39  1043.03  0
 13962  28  0   9  1  1  1  0   40.26   374.68  1
 13963  63  1  44  0  0  1  0   62.81  2758.18  1
 13964  67  0  46  2  1  0  2   22.65  1037.88  0
 13965  38  1   8  2  1  1  1   85.55   689.95  1
 13966  38  1  37  0  0  2  0  112.05  4153.59  1
 13967  22  1  19  2  1  0  2   18.00   366.23  0
 13968  65  0  63  0  1  1  1   77.37  4895.26  0
 13969  37  0  46  0  1  2  1   90.13  4145.11  1
 13970  54  1  71  1  0  2  1   99.57  7041.27  0
 13971  20  0  26  1  0  2  1  120.00  3133.68  0
 13972  61  1  46  0  1  2  0   73.63  3397.54  1
 13973  50  1  46  0  0  2  0   85.84  3952.98  1
 13974  70  0  14  2  1  2  0   55.79   796.52  0
 13975  26  1  63  1  1  0  2   24.44  1532.35  0
 13976  26  1  72  1  1  0  2   30.51  2164.82  0
 13977  21  0   3  0  0  1  0   60.73   164.70  0
 13978  52  1  28  0  1  0  2   26.84   693.58  0
 13979  34  1  29  0  1  2  0  102.13  2970.65  1
 13980  51  1  18  0  1  0  2   18.00   322.68  0
 13981  41  1  35  0  1  1  0   58.24  2055.61  1
 13982  49  1  47  0  0  2  0   92.41  4358.34  0
 13983  18  1   5  1  1  2  0   67.50   327.70  1
 13984  25  1  59  0  1  2  0  106.67  6277.04  1
 13985  62  0  59  2  1  2  0   77.43  4552.62  0
 13986  40  0  47  0  1  2  0   81.75  3880.55  1
 13987  64  1  13  0  0  2  1   91.05  1180.62  1
 13988  57  1  33  0  1  2  1   95.56  3148.01  0
 13989  29  0  62  0  1  2  0  120.00  7445.83  1
 13990  71  0  16  0  1  0  2   18.00   256.27  0
 13991  29  0  44  2  1  2  0   61.81  2711.70  0
 13992  63  0  58  1  0  2  0   87.45  5054.97  0
 13993  64  0   6  0  0  1  0   46.37   256.89  1
 13994  32  1  15  0  0  0  2   18.00   264.76  0
 13995  58  0   4  1  1  2  1  104.30   418.14  1
 13996  36  0  56  1  0  0  2   18.00   982.90  0
 13997  43  0  64  0  0  2  0   79.54  5083.25  1
 13998  69  1  68  1  1  2  0   89.39  6080.12  0
 13999  46  1  34  2  0  2  0   73.32  2501.91  1
 14000  39  1  56  1  0  1  1   64.60  3612.14  0
 14001  57  1  32  2  1  2  0   89.39  2867.08  1
 14002  38  1   9  2  1  1  1   63.84   567.51  0
 14003  68  1  63  2  0  2  0   87.35  5528.68  0
 14004  55  0  72  0  1  1  0   58.57  4227.92  0
 14005  37  1  33  1  0  2  1   84.90  2788.28  0
 14006  74  1  21  1  0  1  0   40.32   836.81  0
 14007  46  0  55  1  0  1  0   44.64  2463.05  0
 14008  68  1  57  2  1  1  1   53.02  3011.64  0
 14009  21  0   2  0  1  2  0  103.49   168.38  1
 14010  72  0  13  0  1  0  2   18.00   239.91  0
 14011  24  1   4  0  0  1  1   71.28   277.45  1
 14012  45  0  50  0  0  2  1   84.73  4250.10  0
 14013  45  0  48  0  0  0  2   25.18  1209.46  0
 14014  21  0  30  1  1  1  0   50.78  1536.32  0
 14015  39  0  29  0  0  1  0   55.31  1654.37  0
 14016  29  1   8  1  0  2  0   92.76   767.72  0
 14017  62  0  12  1  1  1  1   77.54   923.47  0
 14018  20  1  41  0  1  2  0   76.45  3142.91  1
 14019  39  0  26  0  0  2  0   75.75  1971.85  1
 14020  61  0  50  1  0  2  1  102.67  5138.87  0
 14021  19  0   2  1  0  1  0   39.13    46.91  1
 14022  41  1  55  2  1  2  1   69.24  3829.29  0
 14023  51  1  56  2  1  0  2   21.83  1176.37  0
 14024  44  1  14  2  0  2  1  105.04  1470.22  1
 14025  72  0   6  1  0  2  0   90.01   504.93  1
 14026  58  0  61  2  0  1  0   54.02  3281.15  0
 14027  18  0  12  2  0  1  1   59.62   719.63  0
 14028  25  0  13  2  1  2  0  108.81  1431.90  1
 14029  40  1  19  0  0  2  1  120.00  2300.44  0
 14030  55  0  44  2  1  2  0   86.61  3806.98  0
 14031  23  1  59  0  1  1  1   58.16  3451.25  0
 14032  39  0  37  1  1  2  0   69.86  2583.57  0
 14033  42  1  25  0  0  1  1   69.31  1718.51  0
 14034  35  1  16  0  0  1  0   42.72   690.99  1
 14035  34  0  38  0  1  2  0   66.92  2524.61  1
 14036  29  0  43  0  1  2  1   87.74  3770.16  0
 14037  23  1  14  0  0  2  1  102.61  1426.97  0
 14038  43  0   6  2  0  2  0  107.03   611.18  1
 14039  44  0  23  0  0  1  1   67.51  1559.32  0
 14040  25  1  60  0  1  1  0   59.97  3601.08  0
 14041  36  1  12  0  1  1  0   64.83   800.97  1
 14042  59  1  13  1  1  2  0   98.34  1241.05  1
 14043  18  1   6  0  1  0  2   18.00    93.73  0
 14044  74  0  63  0  1  2  0   98.07  6200.97  1
 14045  46  1  38  0  1  2  0  100.48  3828.83  1
 14046  62  1  50  1  1  1  0   58.11  2919.99  0
 14047  66  1  52  0  1  0  2   20.68  1104.39  0
 14048  52  0  40  0  0  2  0   93.99  3744.31  1
 14049  57  1   8  0  1  1  0   59.95   462.32  0
 14050  31  0  61  2  1  0  2   18.00  1115.12  0
 14051  52  1   8  0  0  1  1   69.29   567.00  1
 14052  65  1  34  1  0  2  0  102.69  3488.96  0
 14053  62  0  60  0  0  0  2   24.94  1493.33  0
 14054  37  1  57  0  0  1  0   58.77  3330.47  0
 14055  73  1  46  0  0  1  0   56.48  2629.65  1
 14056  66  0  22  0  0  1  1   61.03  1383.19  0
 14057  30  1  40  0  0  0  2   19.43   799.54  0
 14058  55  1  45  0  0  2  0   95.91  4329.01  1
 14059  66  1  55  0  1  2  0   90.77  5004.15  1
 14060  63  1  51  1  1  1  0   64.04  3272.66  0
 14061  66  0   5  2  0  2  0   77.21   350.80  1
 14062  25  1  13  0  1  2  1  111.25  1436.73  1
 14063  60  0  28  1  0  1  1   58.82  1663.36  1
 14064  37  1  62  2  1  2  0   88.04  5441.54  0
 14065  50  0  24  2  1  1  0   49.38  1188.23  0
 14066  43  1   7  0  0  0  2   19.51   159.71  1
 14067  56  0  38  1  1  2  0  115.51  4412.84  1
 14068  38  1  37  0  0  0  2   22.55   853.09  0
 14069  70  0  68  0  0  2  0   88.38  6015.51  1
 14070  66  0  42  0  0  0  2   27.06  1152.48  0
 14071  59  1   5  0  1  0  2   18.00    85.17  0
 14072  60  0  64  0  0  2  0   82.62  5321.74  1
 14073  71  1  50  0  0  2  1   87.50  4343.18  1
 14074  58  1  15  1  0  2  0   72.14  1083.46  1
 14075  26  1  53  0  0  0  2   18.00   944.58  0
 14076  41  1  25  0  0  0  2   18.90   486.15  0
 14077  54  1   9  0  0  2  1  105.40   941.81  1
 14078  66  0  38  0  0  1  0   53.53  2082.50  1
 14079  58  1  22  1  1  2  0   96.98  2151.87  1
 14080  34  1  49  2  1  1  1   65.71  3199.82  0
 14081  41  1  68  0  1  0  2   25.83  1703.12  1
 14082  38  1  15  0  1  2  0   77.46  1139.14  1
 14083  68  1  65  2  0  0  2   18.00  1181.23  0
 14084  56  1  54  0  1  0  2   18.00   966.73  0
 14085  72  0  30  2  0  0  2   18.00   528.53  0
 14086  58  0  20  0  1  2  1   81.80  1621.53  1
 14087  56  1  33  0  1  2  1   86.14  2859.22  1
 14088  30  0   7  0  1  2  1  112.08   777.94  1
 14089  28  1   8  0  1  1  0   39.99   311.22  1
 14090  63  1  28  0  1  1  1   80.08  2262.13  1
 14091  36  1  45  2  1  2  0   72.91  3312.19  0
 14092  28  1  11  1  0  1  0   42.56   445.88  0
 14093  30  1  31  1  1  2  1   92.92  2904.08  0
 14094  63  0  12  1  1  2  0  107.49  1287.67  0
 14095  62  0  51  0  0  2  0   74.32  3808.68  1
 14096  18  0  44  1  1  2  0   75.99  3356.67  1
 14097  57  0  50  0  1  2  1   86.99  4349.90  0
 14098  61  1  17  1  1  2  1  112.25  1909.50  1
 14099  36  0  35  0  1  0  2   18.00   643.37  0
 14100  29  1   1  1  0  1  0   59.46    59.46  1
 14101  25  0  29  2  1  2  0   86.81  2494.63  0
 14102  25  0  51  0  0  1  0   53.90  2790.52  1
 14103  70  0  64  0  0  1  0   50.01  3223.99  0
 14104  62  0   4  0  1  2  0  114.53   477.97  1
 14105  29  1  28  0  0  1  1   92.92  2598.64  0
 14106  65  0  16  1  1  1  0   46.17   705.94  1
 14107  50  0  63  2  1  1  0   44.29  2779.67  0
 14108  62  1  53  0  1  1  0   55.41  2944.93  0
 14109  43  1  17  0  1  1  1   42.27   741.61  0
 14110  56  0  40  1  0  2  0   85.72  3437.37  0
 14111  45  1  13  0  1  0  2   30.04   399.65  1
 14112  22  1  52  0  0  2  0   76.02  3949.61  0
 14113  25  1  58  2  0  0  2   25.40  1486.19  0
 14114  42  0  37  1  1  2  0  107.04  3942.30  1
 14115  44  1  61  0  0  2  0   72.08  4399.36  0
 14116  63  0  34  0  0  1  0   56.78  1925.93  1
 14117  40  0  70  1  1  2  0   90.31  6350.61  0
 14118  47  0  17  1  1  0  2   23.64   344.77  0
 14119  62  0  20  2  1  2  1  107.03  2137.57  0
 14120  64  1  59  0  1  1  1   76.22  4501.96  1
 14121  40  0  69  2  1  2  0   73.27  5018.56  0
 14122  66  1  33  1  1  2  0   87.61  2905.94  1
 14123  64  0  17  1  0  2  0  107.24  1820.45  0
 14124  37  1  57  1  0  1  0   70.90  4022.22  0
 14125  35  0   1  0  1  1  0   57.25    77.62  0
 14126  35  1  13  2  1  1  1   59.68   760.96  0
 14127  19  0  27  0  1  0  2   25.18   696.03  0
 14128  21  0  70  0  1  1  0   60.36  4228.93  0
 14129  47  1  59  2  1  0  2   22.57  1323.43  0
 14130  50  0   6  1  0  2  0   96.64   559.65  1
 14131  53  0  23  2  1  2  0   70.74  1612.75  1
 14132  35  0  10  0  1  2  0   97.71   994.70  1
 14133  54  1  51  0  1  2  0   87.32  4476.38  0
 14134  36  0  19  2  0  1  0   66.41  1275.69  0
 14135  64  0  51  0  0  1  1   65.20  3324.62  0
 14136  45  1  68  2  1  1  0   60.83  4150.30  0
 14137  57  1  42  0  1  1  0   59.57  2508.27  0
 14138  37  1  57  2  1  0  2   18.00  1013.96  0
 14139  66  1  68  0  1  0  2   18.00  1205.68  0
 14140  50  1  38  1  0  2  0   97.10  3683.53  1
 14141  29  0  62  2  0  2  0   72.15  4460.61  0
 14142  68  0   7  0  0  2  1   89.96   632.32  1
 14143  32  0  71  1  1  2  1   89.51  6387.33  0
 14144  58  1  50  2  1  1  1   68.67  3439.10  0
 14145  56  0  52  1  0  1  1   71.76  3760.90  0
 14146  19  1  26  2  1  2  0   61.65  1602.91  0
 14147  46  1  26  0  0  1  1   57.75  1498.14  1
 14148  58  0  19  0  1  1  0   47.28   868.02  0
 14149  27  1   9  0  1  2  1   91.58   837.02  0
 14150  19  1  61  0  0  2  0   55.12  3349.20  0
 14151  68  0  20  0  1  0  2   25.67   496.19  0
 14152  28  1  50  1  1  1  0   55.60  2759.74  0
 14153  30  1  22  0  1  2  1   92.99  2052.86  1
 14154  27  0  13  0  0  2  0   96.32  1240.60  1
 14155  31  1  12  0  1  2  0   92.76  1146.05  1
 14156  35  1  10  2  1  2  1  102.60  1048.38  1
 14157  68  0  65  1  0  0  2   19.92  1284.12  0
 14158  71  0  30  0  1  2  0   86.57  2549.62  1
 14159  26  0   8  2  0  2  1  107.66   863.65  0
 14160  74  0  21  0  1  2  1  102.98  2156.38  0
 14161  56  1  22  2  0  1  0   72.28  1607.96  0
 14162  45  1  18  1  1  2  1   97.10  1748.07  1
 14163  20  0  66  0  0  2  0   94.76  6277.18  0
 14164  37  1  48  1  0  1  1   63.77  3070.83  0
 14165  23  1  44  1  0  2  1   99.86  4368.31  1
 14166  44  0   9  0  1  2  0   90.64   800.82  1
 14167  70  0  67  2  1  2  0   78.34  5239.69  0
 14168  19  1  54  0  0  1  0   48.54  2617.79  0
 14169  46  0  26  0  1  0  2   23.21   598.07  0
 14170  55  0  26  0  1  2  1  101.82  2661.69  1
 14171  20  0  34  0  0  2  0  107.01  3648.40  1
 14172  33  1   8  0  1  2  0   85.07   672.14  1
 14173  47  0  10  2  0  1  0   45.06   463.86  0
 14174  57  1  48  0  1  1  0   55.12  2622.34  1
 14175  19  1  55  0  0  1  0   62.70  3462.48  1
 14176  34  1  54  0  1  1  1   43.78  2381.50  0
 14177  58  0  40  2  1  0  2   19.97   804.31  0
 14178  29  0  15  2  0  0  2   23.33   360.46  0
 14179  52  0  18  1  1  1  1   67.35  1225.44  0
 14180  60  0  23  2  0  1  1   61.42  1433.61  0
 14181  18  0  62  1  0  2  0   66.96  4166.36  1
 14182  72  1  46  2  1  1  1   64.88  3008.63  0
 14183  62  1  39  1  0  1  0   42.76  1636.18  0
 14184  32  1  15  0  1  1  1   71.73  1078.60  1
 14185  43  0  53  0  0  2  0   85.92  4552.84  1
 14186  54  1  64  1  1  1  1   79.95  5119.85  0
 14187  38  1  63  0  0  1  0   35.47  2252.63  0
 14188  66  0  16  0  0  1  1   61.60   988.18  0
 14189  48  0  70  1  1  2  0   96.00  6721.77  0
 14190  42  1  66  2  0  2  0  102.14  6750.58  0
 14191  40  1  13  0  1  2  0   96.61  1225.80  1
 14192  41  0  47  1  1  0  2   18.00   877.12  0
 14193  74  0   9  1  1  1  1   60.19   539.61  0
 14194  55  0  63  2  1  2  1   61.46  3901.52  0
 14195  45  0  34  2  1  2  0   85.68  2896.03  0
 14196  38  1  29  1  1  1  1   76.63  2204.02  0
 14197  71  1  37  0  1  2  1   95.11  3514.52  1
 14198  60  0  43  0  1  0  2   22.88   984.56  0
 14199  35  1  64  0  1  1  0   60.50  3861.85  0
 14200  53  1  24  1  0  2  1   90.25  2149.91  0
 14201  52  0  71  2  0  1  1   40.68  2895.69  0
 14202  62  1  34  1  1  2  0  105.11  3602.74  0
 14203  72  1  48  0  0  0  2   22.16  1096.86  0
 14204  26  1  12  1  0  2  0   66.24   789.01  0
 14205  70  0  23  0  0  0  2   21.85   480.96  0
 14206  55  0  13  0  1  1  1   67.00   865.74  1
 14207  47  1  45  0  1  0  2   26.56  1229.43  0
 14208  61  0  65  0  0  2  0   92.08  6005.78  1
 14209  51  0  47  2  0  2  0   92.13  4337.82  0
 14210  49  0  58  0  1  1  0   56.99  3296.08  0
 14211  20  1   5  0  1  1  1   57.30   304.74  0
 14212  20  1   5  2  0  2  0   95.09   520.70  1
 14213  45  0  60  0  0  2  0   84.62  5074.35  0
 14214  61  1  21  0  0  2  0   70.71  1445.50  0
 14215  32  1  24  0  1  1  1   58.41  1381.32  0
 14216  58  1  18  0  1  2  1   77.96  1404.53  1
 14217  40  1  21  0  1  2  0  100.90  2115.79  1
 14218  57  1  54  0  1  2  1  120.00  6507.21  1
 14219  28  0  10  1  1  2  0  102.33  1011.47  1
 14220  65  1  24  0  0  2  0   90.64  2171.87  1
 14221  49  1  60  0  1  0  2   19.67  1167.25  0
 14222  74  1  57  2  0  2  0   80.64  4612.06  0
 14223  71  0  23  0  1  0  2   18.00   396.79  1
 14224  53  0  22  2  1  2  0  114.20  2507.70  1
 14225  50  0  68  0  1  2  1   79.49  5374.85  0
 14226  41  1  34  0  1  2  0   72.26  2446.27  1
 14227  56  0  70  1  0  1  0   53.04  3746.06  0
 14228  51  0  28  0  1  1  0   53.87  1543.88  0
 14229  73  0  39  0  1  1  0   61.02  2393.26  1
 14230  45  0  42  1  1  2  0   74.90  3154.62  0
 14231  54  1  23  0  1  0  2   18.00   401.41  1
 14232  24  0  70  1  0  0  2   18.84  1322.78  0
 14233  21  0   2  2  1  2  0   82.54   168.39  0
 14234  54  1  24  0  0  1  1   62.55  1501.55  1
 14235  73  1  17  1  0  1  0   52.41   907.10  1
 14236  18  0  65  0  1  2  0   79.74  5164.23  0
 14237  18  1  70  2  1  2  1   75.13  5310.34  0
 14238  64  0  69  2  0  1  0   69.62  4836.28  0
 14239  37  1  60  2  0  0  2   27.03  1605.56  0
 14240  36  1  50  0  1  2  1  115.93  5798.65  1
 14241  46  0  12  1  1  1  0   43.14   505.70  0
 14242  27  1  47  0  1  0  2   22.02  1047.66  0
 14243  35  0  67  0  1  2  1   88.66  5938.44  0
 14244  45  1  65  2  1  2  1   87.84  5671.97  0
 14245  52  0  27  0  1  1  0   45.71  1215.75  0
 14246  60  1  48  2  1  2  0  120.00  5786.53  1
 14247  64  1  62  0  1  2  0   81.27  5034.36  0
 14248  48  1  44  2  1  2  1   81.17  3566.92  0
 14249  44  1  19  0  0  2  0   87.07  1667.71  1
 14250  28  1  59  0  1  0  2   23.82  1424.18  0
 14251  66  0   8  0  0  1  1   63.59   506.94  1
 14252  66  1  55  1  1  2  1   98.66  5382.98  0
 14253  55  0  47  0  0  1  1   75.02  3509.88  0
 14254  22  0   2  1  1  0  2   18.00    18.00  0
 14255  25  0  39  0  0  2  1   97.67  3781.14  0
 14256  51  1  45  0  1  2  0   75.41  3394.99  1
 14257  65  0  32  0  1  0  2   18.00   576.92  1
 14258  69  1  65  0  0  0  2   28.76  1894.91  0
 14259  73  0  38  2  1  2  0   83.66  3178.42  0
 14260  29  0  11  2  0  2  1   79.07   852.21  0
 14261  55  0  10  0  1  2  0   83.33   857.36  1
 14262  18  0  59  1  1  2  1   76.86  4569.76  1
 14263  48  0  55  1  1  1  0   52.83  2923.98  0
 14264  21  1  20  0  0  2  0   74.82  1495.05  1
 14265  66  0  17  0  1  2  1  102.66  1739.06  1
 14266  62  0  68  0  0  1  0   74.37  5033.33  1
 14267  67  1   5  0  1  0  2   19.13    79.85  1
 14268  22  1  60  0  0  2  1   85.39  5114.43  0
 14269  47  1  23  0  1  2  0   86.37  1960.02  1
 14270  73  0  46  1  1  0  2   27.46  1256.46  1
 14271  41  0  52  0  1  1  1   70.16  3642.69  0
 14272  20  0  10  0  1  2  0   82.88   854.29  1
 14273  28  0  46  0  1  2  0   54.00  2451.62  1
 14274  62  0  28  0  1  2  1   94.22  2641.61  1
 14275  21  0  43  0  1  1  1   72.77  3101.89  1
 14276  43  1  26  2  1  2  0   99.36  2544.24  0
 14277  44  1  55  0  1  2  1  114.66  6296.41  0
 14278  63  0  48  1  1  2  1   84.88  4074.62  0
 14279  71  0  29  0  1  2  0   78.95  2314.99  1
 14280  60  0  27  1  0  1  0   53.80  1447.22  0
 14281  44  0  18  1  0  2  1  105.64  1890.75  1
 14282  59  0  60  0  1  2  1   91.05  5448.96  0
 14283  68  1  69  2  0  0  2   22.62  1550.43  0
 14284  67  1  21  0  0  1  0   51.16  1003.92  1
 14285  23  0  24  2  1  2  1   84.41  2009.45  0
 14286  32  1   3  0  1  1  0   66.10   214.33  1
 14287  70  0  62  2  0  2  0   89.69  5511.71  0
 14288  47  0   2  1  0  1  0   62.47   116.64  1
 14289  59  0  66  2  0  1  1   62.94  4148.27  1
 14290  54  1  42  0  0  1  1   73.04  3082.01  0
 14291  54  1  34  0  1  1  1   54.37  1850.91  1
 14292  59  0  42  1  1  2  0   71.45  3009.34  0
 14293  54  1  20  2  1  1  0   64.42  1273.48  0
 14294  52  1  68  2  1  2  1   93.95  6353.43  0
 14295  40  0  45  0  1  2  0   81.30  3647.90  1
 14296  23  1  42  1  1  0  2   18.00   753.15  0
 14297  21  1  47  0  1  1  0   63.04  2986.04  0
 14298  35  0   5  0  1  0  2   29.33   118.10  0
 14299  26  0  49  0  1  2  1  104.11  5143.17  1
 14300  66  1  37  0  1  1  1   60.51  2242.32  1
 14301  46  0  34  2  1  2  1  115.80  3921.98  0
 14302  30  1  70  0  1  1  0   58.59  4085.04  0
 14303  64  0  18  1  0  2  0   78.51  1409.99  0
 14304  69  0  19  1  0  2  0  104.14  1977.31  1
 14305  34  0  40  0  1  2  1   92.29  3691.86  0
 14306  62  0  17  0  1  1  1   50.57   872.44  0
 14307  49  1  60  1  0  2  0   80.24  4801.18  0
 14308  65  0  42  0  1  0  2   22.66   953.85  0
 14309  39  0  72  2  0  2  0   74.24  5338.58  0
 14310  21  0  65  2  1  2  0   56.92  3732.73  0
 14311  22  1  53  0  0  2  0  107.05  5637.49  0
 14312  54  1   7  0  0  0  2   34.97   287.69  0
 14313  58  0   5  0  0  2  0   77.87   371.68  1
 14314  66  0  24  1  1  2  1   85.55  2031.49  0
 14315  30  0  28  0  0  1  0   41.53  1156.92  1
 14316  51  0  62  0  0  2  0   72.68  4510.48  0
 14317  62  0  17  0  0  1  1   49.72   837.97  1
 14318  39  0  20  2  1  2  0   65.43  1320.55  0
 14319  70  1   3  0  0  1  1   65.02   186.07  1
 14320  40  0  37  0  1  2  0   61.31  2255.60  1
 14321  68  0  15  2  1  1  0   40.32   586.31  1
 14322  20  0  51  1  1  1  0   57.07  2935.78  0
 14323  59  0  48  1  1  1  0   48.83  2351.53  0
 14324  51  0   8  1  0  1  0   58.57   445.42  1
 14325  49  0  13  2  0  0  2   18.29   228.72  0
 14326  62  1  48  1  1  2  0   82.22  3920.08  0
 14327  68  1   3  2  0  2  1  106.70   374.62  1
 14328  66  1  65  1  0  1  0   49.51  3221.81  0
 14329  38  1  31  1  1  1  1   72.10  2195.31  0
 14330  63  1  26  0  1  2  0   78.70  2019.00  1
 14331  61  1  56  0  1  1  1   56.79  3155.23  0
 14332  38  0  34  1  1  2  1   78.89  2688.11  0
 14333  61  0   9  0  1  1  1   48.43   401.91  1
 14334  28  0  62  1  1  0  2   18.00  1088.69  0
 14335  56  0  13  0  1  1  0   37.27   479.48  0
 14336  21  0  69  2  0  2  1   80.08  5523.86  0
 14337  68  0  41  0  0  1  1   73.21  2990.53  0
 14338  18  1   1  2  1  1  1   64.92    64.92  1
 14339  45  0  47  1  1  2  1   89.18  4162.76  1
 14340  41  1   4  0  1  1  1   58.09   241.28  1
 14341  52  1  63  0  1  0  2   19.59  1194.14  0
 14342  30  0  52  0  1  2  0   85.45  4440.11  0
 14343  64  0  10  0  1  2  1   78.27   818.31  1
 14344  51  0  28  0  1  2  0   91.95  2567.28  1
 14345  28  0   6  0  1  1  1   61.74   342.46  1
 14346  53  0  27  2  1  0  2   21.48   577.63  0
 14347  68  0  12  0  0  1  0   54.68   650.00  0
 14348  34  0  62  1  1  2  0   63.72  3954.33  0
 14349  52  1  52  0  1  1  1   78.01  4059.89  0
 14350  35  0  48  1  1  1  0   54.89  2653.96  0
 14351  57  0  67  0  0  1  1   61.32  4098.40  0
 14352  39  1  46  1  0  2  1  103.74  4755.32  0
 14353  74  0  15  1  1  1  0   43.43   635.24  0
 14354  41  0  71  1  0  2  0   61.39  4345.56  0
 14355  36  1  36  0  1  2  0   93.35  3366.33  0
 14356  54  0  14  1  0  1  1   76.47  1042.90  0
 14357  56  0   3  0  1  0  2   21.43    45.38  0
 14358  38  0  67  0  1  2  1  107.09  7176.04  0
 14359  25  0  19  0  0  0  2   18.00   366.10  1
 14360  45  0  54  0  1  2  1   89.61  4821.25  1
 14361  22  0  69  0  0  1  0   48.42  3347.96  0
 14362  34  1  10  1  1  2  0  100.41   999.93  1
 14363  54  0  33  0  0  2  1  102.41  3389.60  1
 14364  53  0  13  0  1  1  0   65.31   850.22  1
 14365  71  1  51  0  1  1  1   58.82  3000.36  1
 14366  36  1  32  1  0  1  0   43.69  1449.13  1
 14367  44  0  24  1  0  1  1   78.29  1937.56  0
 14368  70  1  35  0  0  1  0   55.26  1928.84  1
 14369  51  0  70  1  0  0  2   25.32  1754.05  0
 14370  28  0  40  0  0  1  0   54.35  2178.84  0
 14371  71  1  54  0  1  2  0  118.06  6387.32  1
 14372  62  0  44  0  1  2  1  112.67  4983.89  0
 14373  64  0  62  1  1  2  0   82.60  5076.30  1
 14374  29  1  68  1  1  1  1   65.21  4426.07  0
 14375  71  1  33  0  0  2  0   85.36  2806.72  0
 14376  38  1  56  0  1  2  0   67.96  3789.62  0
 14377  71  1  36  0  0  2  1   87.77  3129.78  1
 14378  28  0  54  1  1  1  0   49.42  2664.19  0
 14379  56  1  19  2  0  2  0   88.49  1695.40  0
 14380  45  1  43  0  1  2  1   82.77  3534.22  1
 14381  22  1  12  0  1  1  1   63.50   763.76  1
 14382  34  1  11  1  0  1  0   51.34   573.14  1
 14383  73  1  70  2  1  2  0   86.14  6062.67  1
 14384  37  0  12  2  1  1  1   79.68   968.86  0
 14385  58  1  41  1  1  2  1  111.43  4566.92  0
 14386  63  0  25  2  1  0  2   18.00   456.23  0
 14387  29  1   3  0  1  2  1   94.22   297.91  1
 14388  23  1   3  0  0  0  2   18.49    57.89  0
 14389  34  1  28  0  1  0  2   18.00   519.73  0
 14390  68  1  23  1  1  1  0   76.53  1753.54  0
 14391  36  1  48  0  1  2  1   87.10  4204.81  0
 14392  43  1  67  0  0  1  0   50.43  3368.62  0
 14393  65  1  42  0  0  2  1  120.00  5026.28  1
 14394  61  1  40  0  1  0  2   24.85   984.64  0
 14395  61  0   6  2  1  1  1   60.57   344.01  0
 14396  69  1  20  0  1  0  2   23.80   491.09  0
 14397  49  0  11  0  0  1  1   62.61   657.26  1
 14398  23  1  27  1  0  1  0   53.27  1429.62  0
 14399  72  0  21  0  0  1  1   56.95  1202.44  0
 14400  53  1  13  1  1  2  0   48.50   630.74  1
 14401  55  1  35  2  1  1  1   50.75  1775.41  0
 14402  28  1  47  2  1  1  0   43.95  2062.80  0
 14403  50  0  28  2  1  0  2   22.10   622.09  0
 14404  41  0  21  0  1  1  1   66.53  1377.08  1
 14405  40  0  18  1  1  0  2   25.43   448.15  1
 14406  32  0  31  0  0  0  2   18.00   552.85  1
 14407  44  1  60  0  1  1  0   72.87  4381.32  0
 14408  28  1  37  0  0  2  0  110.42  4104.40  1
 14409  74  1  21  0  1  1  1   65.35  1369.71  1
 14410  68  0  14  2  0  2  1   84.71  1200.63  1
 14411  67  1  60  0  0  2  0   75.48  4530.59  1
 14412  34  0  23  1  0  2  1   97.97  2251.90  1
 14413  68  0  29  0  0  0  2   29.41   868.58  0
 14414  70  0  47  0  0  2  0   83.58  3899.31  1
 14415  31  0  30  2  1  1  1   49.18  1484.24  0
 14416  44  0  38  0  1  0  2   29.48  1106.53  1
 14417  35  1  27  1  0  1  0   51.00  1397.77  1
 14418  45  0  15  0  0  1  0   69.54  1029.94  1
 14419  68  0  59  0  0  1  1   71.26  4198.13  0
 14420  64  1   3  0  1  2  0   82.77   217.01  1
 14421  64  0  10  2  1  2  0   99.49  1002.25  1
 14422  21  0  17  0  0  0  2   18.00   297.65  0
 14423  24  1  11  0  0  2  1   90.64   986.30  1
 14424  62  1  48  0  1  1  0   49.69  2385.67  0
 14425  52  1   5  1  1  1  0   52.99   231.55  1
 14426  65  0  69  1  1  2  1  103.22  7108.32  0
 14427  26  1  64  1  1  0  2   22.70  1449.07  0
 14428  25  1  14  0  1  1  0   39.45   581.59  1
 14429  69  1  50  2  1  2  0   76.97  3852.17  0
 14430  62  0  26  1  0  0  2   18.19   480.86  0
 14431  34  1  72  2  1  1  1   70.86  5103.16  0
 14432  34  0  69  2  1  1  0   41.00  2897.19  0
 14433  66  0   7  1  0  1  1   72.06   522.40  1
 14434  50  1  16  0  0  2  0   68.10  1048.94  1
 14435  49  0  55  2  0  1  1   67.48  3715.85  0
 14436  25  0  56  2  1  2  0  101.72  5718.13  0
 14437  36  1   4  0  0  1  0   42.73   141.90  1
 14438  55  0  48  0  1  1  0   57.42  2758.26  0
 14439  20  1  17  2  0  0  2   19.07   313.43  0
 14440  22  0  36  0  0  1  1   55.23  1971.19  0
 14441  30  0  70  2  1  2  1   76.63  5390.82  0
 14442  64  1  38  0  1  0  2   18.00   670.74  0
 14443  63  1  62  0  1  1  0   46.90  2894.72  0
 14444  48  0  48  0  0  1  1   62.94  3003.09  0
 14445  72  0  10  0  1  2  1   88.60   864.23  1
 14446  33  1  36  0  0  0  2   22.12   785.39  0
 14447  67  0  29  0  1  0  2   24.04   685.24  0
 14448  49  0   4  1  1  1  0   39.71   135.08  1
 14449  39  0  44  2  0  0  2   18.75   824.45  0
 14450  46  0  56  0  0  2  0   70.75  3911.40  1
 14451  39  1  42  0  0  0  2   18.00   758.03  1
 14452  60  1  13  0  1  1  1   49.31   660.56  1
 14453  20  1  46  0  1  2  1   70.36  3225.95  1
 14454  71  1  33  0  1  1  0   49.81  1650.81  0
 14455  27  1  21  0  1  1  0   58.93  1232.48  1
 14456  59  1  57  0  1  2  0   90.84  5224.92  1
 14457  38  0  69  0  0  2  1   79.21  5484.95  0
 14458  33  1  70  0  1  2  0   67.69  4720.97  0
 14459  29  0  67  1  1  2  0   88.59  5961.36  0
 14460  19  0  48  0  1  2  1   88.52  4297.18  1
 14461  58  0  33  2  1  2  0   98.35  3241.22  1
 14462  41  1  36  2  0  2  0   68.34  2469.98  0
 14463  52  0  33  2  1  0  2   18.00   614.26  0
 14464  73  1  31  2  1  1  0   61.12  1872.33  1
 14465  47  0  21  0  1  2  0   56.65  1152.97  0
 14466  74  0  27  0  0  0  2   18.00   489.19  0
 14467  47  1  72  0  0  1  0   48.31  3461.87  0
 14468  64  0  62  2  0  1  0   52.15  3228.94  0
 14469  52  0  26  2  1  1  0   61.01  1606.76  0
 14470  36  0  66  2  1  2  1   79.79  5277.44  0
 14471  67  0  12  0  0  2  0  104.77  1268.40  1
 14472  25  1  22  1  0  2  0   62.26  1367.15  1
 14473  43  0  17  0  0  1  0   51.28   858.87  0
 14474  66  0   7  0  0  1  0   63.30   428.92  1
 14475  57  1  68  1  1  1  1   73.83  5055.31  0
 14476  24  0  37  0  0  2  0   40.67  1549.91  1
 14477  47  0  38  2  0  1  0   82.08  3140.62  1
 14478  24  0  11  0  0  1  0   51.78   563.96  0
 14479  20  0   1  2  1  0  2   21.39    21.39  0
 14480  18  1  25  0  1  2  1   90.00  2304.42  1
 14481  53  0  42  2  1  0  2   30.68  1297.62  0
 14482  42  1  52  2  1  0  2   26.45  1384.04  0
 14483  54  0  24  2  1  1  1   86.08  2053.97  0
 14484  18  0  53  0  0  1  1   69.73  3709.45  1
 14485  32  0  56  2  1  2  0   98.68  5521.92  0
 14486  54  1  63  0  1  0  2   18.00  1112.89  0
 14487  30  0   8  0  1  2  0   81.03   641.47  1
 14488  57  0  59  0  1  1  0   64.13  3791.73  0
 14489  25  1  45  2  0  2  1   99.77  4520.32  0
 14490  22  1  27  0  1  2  1   96.59  2576.43  1
 14491  26  1  52  2  1  1  0   47.24  2431.70  0
 14492  18  1  18  1  0  0  2   25.83   456.41  1
 14493  53  0  16  0  0  1  0   66.51  1045.44  0
 14494  52  0  66  2  1  0  2   25.21  1663.91  0
 14495  19  0   5  0  0  1  0   57.92   279.76  1
 14496  57  0   3  2  0  2  1   95.15   287.94  1
 14497  40  1  70  0  0  2  0  101.86  7133.55  0
 14498  26  0   7  0  1  1  1   74.37   493.51  1
 14499  51  0  50  0  0  2  0   71.61  3576.32  0
 14500  63  0  14  0  1  1  0   58.16   798.27  0
 14501  31  0  38  0  1  2  0   94.87  3627.82  1
 14502  21  1  47  0  1  2  0   74.90  3506.71  0
 14503  47  0  33  0  1  1  0   64.03  2103.09  0
 14504  48  0  43  0  0  1  1   72.18  3085.59  1
 14505  55  0  29  0  1  2  0   78.76  2283.44  1
 14506  28  1  57  1  1  2  1   74.65  4252.01  0
 14507  52  1   5  1  1  2  1  103.79   548.59  0
 14508  25  0  60  2  1  2  0  114.47  6867.59  0
 14509  20  0  70  1  0  1  0   57.55  4055.41  0
 14510  31  0   2  1  1  1  0   61.41   153.59  1
 14511  30  1  70  1  0  2  1   77.52  5419.33  0
 14512  62  0  43  0  0  2  0   84.28  3620.54  0
 14513  49  0   4  1  0  2  1   93.33   361.84  1
 14514  51  0  56  0  0  2  1   81.70  4550.65  0
 14515  62  1  59  2  1  1  1   69.40  4141.77  0
 14516  36  0   9  1  0  2  1  101.02   897.81  1
 14517  55  0   3  0  0  2  0   80.59   223.74  1
 14518  33  1  48  1  0  1  0   54.87  2612.54  0
 14519  19  1  43  0  0  2  0  115.79  4966.46  1
 14520  57  0   1  0  0  1  0   48.79    48.79  1
 14521  34  1  57  0  0  1  1   53.69  3085.18  0
 14522  72  0  53  1  0  2  1   77.67  4152.76  0
 14523  51  1  16  1  1  1  0   57.49   878.21  0
 14524  59  1  51  2  1  1  0   29.55  1538.80  0
 14525  33  0  55  0  1  1  0   49.90  2778.05  0
 14526  55  0   1  0  1  1  1   55.31    55.31  1
 14527  19  0  28  1  0  0  2   19.71   533.66  0
 14528  19  1  53  0  0  0  2   19.73  1056.13  0
 14529  43  0  58  1  0  1  0   58.45  3377.34  0
 14530  30  0  60  0  0  0  2   23.08  1414.76  0
 14531  73  0  59  0  1  2  1  112.13  6625.49  1
 14532  64  0  22  0  0  1  1   61.46  1337.03  0
 14533  48  0   8  1  1  2  1   85.01   685.93  1
 14534  51  1  49  0  1  2  1  107.79  5283.12  1
 14535  56  0  42  0  1  1  0   38.41  1574.81  0
 14536  20  0  27  0  0  1  1   72.57  1939.65  0
 14537  25  1  39  0  1  2  0   87.15  3385.69  1
 14538  40  0  25  0  0  1  0   59.49  1494.84  1
 14539  31  0  38  0  1  1  0   58.65  2240.03  1
 14540  73  0  24  1  1  2  0   87.05  2113.33  1
 14541  72  0  24  0  1  2  0   87.66  2089.75  1
 14542  44  0  60  1  1  2  0   68.34  4070.76  1
 14543  71  1  50  1  0  2  0   75.23  3744.56  0
 14544  46  1  66  0  1  1  0   72.77  4788.70  0
 14545  56  1  14  0  0  2  0   95.09  1315.22  1
 14546  70  0  53  2  0  2  1  110.91  5877.80  1
 14547  56  1  32  0  0  1  0   51.55  1663.56  0
 14548  18  0  48  0  1  1  1   65.79  3149.68  0
 14549  34  0  39  0  0  2  1  102.90  4023.12  1
 14550  58  0  40  1  1  2  1  113.09  4543.00  1
 14551  47  1  42  1  1  2  1   92.71  3893.61  0
 14552  70  1   8  2  1  1  1   69.77   535.41  0
 14553  30  1  26  2  0  0  2   23.55   606.72  0
 14554  38  0  12  0  1  1  0   64.35   792.61  1
 14555  36  1  43  0  1  2  1   91.98  3967.75  0
 14556  70  0  51  0  1  1  1   77.82  3947.47  0
 14557  36  1  63  0  1  2  1   73.66  4664.13  1
 14558  74  1  49  0  1  2  0   68.06  3328.33  1
 14559  42  0  27  0  0  2  0   92.21  2468.22  1
 14560  39  0   9  0  1  1  1   69.54   625.22  1
 14561  48  1  39  0  0  1  1   62.65  2412.85  1
 14562  34  1  65  0  0  1  0   50.58  3300.70  1
 14563  72  1  71  2  0  1  0   50.71  3623.30  0
 14564  40  0  71  1  1  2  1   81.51  5767.18  0
 14565  49  0   7  2  0  2  1   94.33   656.94  1
 14566  27  1  72  0  1  1  0   39.44  2857.11  0
 14567  27  1  67  0  1  1  1   76.32  5086.82  0
 14568  53  0  10  0  0  1  0   58.82   563.77  0
 14569  25  1  71  0  0  2  1  114.41  8118.37  0
 14570  71  0  53  0  0  1  1   66.61  3524.75  0
 14571  69  0  57  2  0  2  0   84.44  4814.06  0
 14572  37  0  27  2  1  1  0   56.25  1516.65  0
 14573  49  0  54  0  0  1  1   58.00  3105.40  0
 14574  67  0   4  0  1  0  2   18.00    39.70  1
 14575  31  0  23  0  1  2  0   70.23  1588.93  1
 14576  67  1  48  0  0  1  0   50.74  2445.58  1
 14577  45  0  42  0  0  1  1   56.17  2378.16  0
 14578  63  0   3  0  1  2  0  105.23   313.91  1
 14579  69  1   3  0  1  2  1   84.42   267.47  1
 14580  70  0  28  0  1  1  1   68.94  1918.16  1
 14581  41  1  63  0  1  2  1  103.77  6530.17  0
 14582  32  0  31  0  0  2  0  103.56  3228.84  1
 14583  39  1  10  0  0  0  2   23.41   243.40  0
 14584  47  1  49  2  0  1  0   53.27  2613.76  0
 14585  21  0  21  0  0  2  0  110.59  2319.44  1
 14586  30  0  53  2  1  1  1   52.56  2762.52  0
 14587  40  0  54  2  1  1  0   45.60  2464.11  0
 14588  25  0  57  2  1  0  2   21.10  1208.90  0
 14589  35  1  20  1  0  1  0   55.86  1161.36  1
 14590  29  1  49  1  0  0  2   24.09  1178.83  0
 14591  72  1   7  2  0  2  0   87.41   604.48  1
 14592  48  0  29  0  1  1  1   68.69  1997.65  0
 14593  31  1  48  0  1  2  0   99.94  4826.09  0
 14594  51  0  13  2  0  2  0   87.11  1139.47  0
 14595  35  0   3  1  1  1  0   61.80   181.82  1
 14596  73  1   2  2  0  2  1   83.67   151.64  1
 14597  51  0  16  1  1  1  1   58.10   912.95  0
 14598  28  1   6  2  1  0  2   24.41   162.08  0
 14599  58  0  45  1  0  2  0   86.82  3901.14  1
 14600  29  1  71  1  1  2  0   87.54  6255.48  0
 14601  66  0   5  0  0  1  0   48.06   241.98  1
 14602  32  1  56  2  0  0  2   18.00  1017.76  0
 14603  74  1  71  2  1  1  0   57.87  4097.69  0
 14604  48  0  32  2  0  1  1   61.99  1967.23  0
 14605  66  0  49  1  1  2  0   72.07  3546.71  0
 14606  46  1  13  0  1  2  0   72.25   963.16  1
 14607  43  0  30  0  0  1  0   48.63  1439.02  1
 14608  35  0  25  2  1  2  0   79.92  1983.30  1
 14609  49  0  60  1  1  0  2   18.62  1104.02  0
 14610  39  1  59  0  0  1  0   70.68  4183.65  1
 14611  55  1  28  0  1  1  0   64.24  1805.95  0
 14612  34  0  58  2  0  1  0   57.97  3360.27  0
 14613  40  0  20  2  0  1  0   73.62  1456.80  0
 14614  41  1  34  2  1  1  0   53.84  1862.72  0
 14615  67  0   5  1  1  0  2   22.38   131.45  0
 14616  25  1  60  0  1  0  2   21.64  1258.49  1
 14617  58  0  43  0  1  0  2   22.36   978.61  0
 14618  23  0  57  0  0  0  2   18.00  1020.23  0
 14619  22  0  57  2  0  1  0   51.96  2949.69  0
 14620  61  1  54  0  1  1  0   46.88  2546.84  0
 14621  74  1  45  1  0  2  0   91.11  4106.97  1
 14622  46  1  37  0  0  2  0   85.05  3148.63  1
 14623  45  1  48  0  1  2  0   56.77  2706.97  1
 14624  28  0  54  2  0  2  1  102.70  5566.09  0
 14625  74  0  48  0  0  2  0   88.25  4211.27  0
 14626  18  1   6  1  1  2  1  120.00   735.48  1
 14627  60  0  34  0  1  0  2   24.64   839.55  0
 14628  36  0  63  0  0  0  2   25.56  1609.57  0
 14629  26  1  48  0  1  2  0   68.07  3256.34  1
 14630  44  0  23  0  1  2  0  101.77  2344.00  1
 14631  51  0  13  1  0  0  2   19.03   219.88  0
 14632  61  1  47  0  0  0  2   18.00   870.69  0
 14633  21  0  44  0  1  0  2   18.00   783.94  0
 14634  53  0  32  0  1  0  2   26.57   836.44  0
 14635  35  0  26  1  1  0  2   18.58   479.14  0
 14636  32  1  53  2  1  2  1   93.17  4930.54  0
 14637  68  1  14  0  1  2  1   99.82  1422.35  1
 14638  30  0  52  1  1  1  0   73.62  3793.57  0
 14639  36  0  36  1  1  2  1   91.61  3296.48  0
 14640  66  0   8  1  1  0  2   19.92   191.01  0
 14641  23  1  40  0  1  1  0   64.69  2588.97  1
 14642  65  1  22  1  1  1  0   52.21  1152.39  0
 14643  73  1  16  1  1  2  1   82.53  1319.92  1
 14644  29  0  60  1  1  1  1   43.12  2574.22  0
 14645  68  0  60  1  0  1  0   68.36  4112.40  0
 14646  54  0  10  2  1  0  2   21.19   208.07  1
 14647  34  0  25  0  0  2  1  103.19  2582.57  1
 14648  40  0  31  2  0  0  2   18.00   568.98  0
 14649  43  1  21  0  1  0  2   23.40   500.24  1
 14650  46  0  33  1  0  1  0   49.16  1624.22  0
 14651  50  0  31  0  1  1  0   56.63  1773.50  1
 14652  44  0  21  0  1  1  0   56.08  1197.91  1
 14653  42  1  36  1  1  2  1  111.94  4045.53  0
 14654  73  0  65  1  1  2  0   94.71  6177.26  0
 14655  72  1   4  0  1  0  2   18.00    99.12  1
 14656  27  1  68  0  1  1  0   61.01  4124.55  0
 14657  64  1   4  0  0  2  0   79.49   373.11  1
 14658  40  1   9  2  0  1  0   46.88   425.05  1
 14659  38  1  30  2  1  2  0   93.26  2792.94  0
 14660  38  0  45  0  1  2  1   97.91  4409.32  0
 14661  60  0   4  2  1  1  0   43.04   142.65  0
 14662  30  1  69  2  1  2  0   77.27  5336.31  0
 14663  54  1  23  0  0  2  0   96.18  2196.28  1
 14664  50  1  16  1  1  1  1   68.89  1103.69  0
 14665  41  0  22  0  1  1  1   69.31  1527.72  0
 14666  61  0  72  1  0  2  0  112.68  8101.11  0
 14667  28  1  48  0  0  2  1  109.94  5241.05  1
 14668  34  0  62  0  1  2  1   93.25  5786.97  0
 14669  21  0  60  0  1  2  0   78.94  4736.38  0
 14670  64  1   5  0  1  2  0   74.80   377.85  1
 14671  42  1   7  2  1  2  1   88.10   608.27  1
 14672  47  0  51  0  1  2  0   61.01  3098.37  1
 14673  26  0  65  0  1  0  2   18.00  1165.70  0
 14674  38  0   9  2  0  2  0   94.87   856.61  0
 14675  37  1  45  0  1  2  0  108.02  4874.37  1
 14676  36  1  47  0  1  2  0   85.83  4017.81  0
 14677  36  1  67  2  1  2  1   84.46  5674.64  0
 14678  29  0  24  2  1  1  0   20.96   516.12  0
 14679  54  0  10  0  0  2  1  120.00  1210.41  1
 14680  59  1  48  0  1  2  0   64.92  3152.77  0
 14681  34  0  35  2  1  2  0   62.92  2167.01  0
 14682  54  1  54  0  1  1  1   62.03  3388.63  0
 14683  71  0  71  0  1  2  0   84.37  5977.20  0
 14684  65  1  16  0  1  1  1   65.10  1046.43  0
 14685  56  0  53  0  1  2  1   82.18  4356.42  0
 14686  45  0  40  1  1  2  0   91.24  3622.84  1
 14687  58  1  20  1  1  1  0   49.78  1006.18  0
 14688  52  1  69  2  1  1  1   60.03  4159.35  0
 14689  64  1  45  1  0  1  0   52.21  2357.89  0
 14690  65  1   6  0  0  2  1   84.85   479.56  1
 14691  35  1  69  0  0  1  1   52.46  3594.94  0
 14692  31  0  49  2  0  2  1   77.16  3766.89  0
 14693  52  1  39  0  1  1  1   53.95  2129.51  0
 14694  61  1   2  0  0  1  1   69.56   141.04  0
 14695  58  1  39  2  1  2  0   90.99  3508.60  1
 14696  24  1  21  1  1  1  0   52.31  1139.80  0
 14697  58  1  40  0  1  1  0   52.81  2142.40  1
 14698  30  0  54  2  1  2  0  102.51  5513.81  0
 14699  35  1  12  2  0  0  2   22.57   262.65  0
 14700  54  1  37  0  1  0  2   27.82  1023.61  1
 14701  30  1  38  2  1  2  0   76.34  2911.38  0
 14702  53  0  15  0  1  0  2   18.00   273.98  1
 14703  48  0   7  0  1  2  1  109.95   756.02  1
 14704  19  1  50  2  1  1  1   64.79  3265.72  0
 14705  33  1  65  2  1  0  2   18.00  1204.88  0
 14706  26  0  67  0  1  1  1   69.89  4681.64  0
 14707  26  0  44  0  0  2  0   74.42  3263.01  1
 14708  55  0  31  0  1  0  2   23.44   758.54  0
 14709  28  1  43  1  1  2  1  102.29  4354.58  0
 14710  71  1  48  0  0  2  0   81.61  3899.39  1
 14711  73  0  61  0  0  2  0   59.70  3661.29  0
 14712  39  1  10  0  1  0  2   18.00   207.83  0
 14713  50  0  29  0  1  0  2   27.59   793.72  1
 14714  53  0  48  0  0  2  0  111.18  5382.25  1
 14715  62  0  62  2  1  0  2   32.97  1995.25  0
 14716  40  1  13  0  1  2  0   91.01  1205.02  0
 14717  62  0  44  0  1  0  2   18.00   793.73  0
 14718  62  0  47  2  0  1  1   78.39  3674.60  0
 14719  51  1  64  1  0  2  1   91.04  5844.12  0
 14720  26  0  53  0  0  2  0   74.77  3955.01  1
 14721  41  1  44  0  1  2  1  100.02  4379.14  0
 14722  25  0  28  1  1  2  1  120.00  3362.31  0
 14723  24  1   2  0  1  1  0   53.95   106.82  0
 14724  53  0  57  1  0  2  1   95.26  5414.21  0
 14725  35  0  57  0  0  0  2   18.00  1014.54  0
 14726  20  0  34  0  1  1  0   56.08  1898.46  1
 14727  45  0  58  0  0  1  1   71.65  4123.18  0
 14728  23  0  52  1  1  2  0   83.69  4318.07  0
 14729  61  1  29  2  1  0  2   19.93   596.63  0
 14730  61  1  35  0  0  1  0   57.25  1975.27  1
 14731  38  0  48  0  1  0  2   18.00   863.64  1
 14732  45  0  33  0  1  0  2   18.00   556.61  0
 14733  57  0   9  0  1  2  1   93.45   871.17  0
 14734  71  1  48  2  0  2  0   81.62  3912.37  0
 14735  71  1  67  0  0  0  2   22.85  1553.30  0
 14736  18  0  36  2  0  0  2   31.99  1193.93  0
 14737  53  1  71  1  0  1  0   67.96  4799.38  0
 14738  38  0  44  2  1  2  0   54.15  2368.98  1
 14739  60  0  60  1  1  1  0   80.21  4830.04  0
 14740  52  0  63  0  0  2  0   94.96  5969.82  0
 14741  30  1   5  0  1  2  0   81.03   410.96  1
 14742  74  0  40  0  0  1  1   79.76  3192.45  1
 14743  66  0  19  0  0  2  0   46.70   840.44  0
 14744  71  0  47  0  0  1  1   59.55  2817.72  0
 14745  71  1  65  0  1  0  2   20.99  1361.61  1
 14746  27  1  67  2  1  0  2   20.34  1338.90  0
 14747  70  1  18  0  0  0  2   27.57   527.20  0
 14748  61  0  50  1  0  0  2   25.90  1280.94  1
 14749  64  1  30  2  0  2  1  105.23  3141.74  1
 14750  70  0  66  2  1  0  2   18.62  1192.90  0
 14751  27  1   5  0  1  0  2   24.81   135.95  1
 14752  63  0  42  0  0  0  2   18.00   756.85  0
 14753  30  1   5  0  0  1  1   72.72   328.84  1
 14754  54  0  50  0  0  2  0   74.07  3708.41  1
 14755  55  1  58  0  1  2  0   89.41  5202.33  0
 14756  41  1   8  2  0  2  0   63.16   514.52  0
 14757  19  1  31  0  1  0  2   25.18   807.07  1
 14758  39  0  12  0  0  1  0   50.55   594.51  1
 14759  34  1  21  2  1  0  2   18.00   413.35  1
 14760  53  1  62  0  1  1  0   45.36  2812.39  1
 14761  31  1  33  0  0  1  0   51.94  1730.03  0
 14762  27  1  26  1  1  2  1   81.32  2139.87  1
 14763  52  0  40  0  1  2  1  105.80  4284.99  1
 14764  42  1  65  1  1  2  0   80.83  5232.33  0
 14765  20  0  59  0  0  1  0   64.35  3781.86  0
 14766  64  0  15  2  1  2  0   80.76  1215.20  1
 14767  55  0   1  0  1  1  0   62.17    62.17  0
 14768  34  0  11  0  0  2  0   85.13   920.39  1
 14769  29  1  55  1  1  0  2   18.70   998.00  0
 14770  71  0   2  0  1  2  1   79.39   161.30  1
 14771  69  0  65  0  1  1  1   65.68  4285.11  0
 14772  41  0  44  0  0  2  0   96.03  4232.37  0
 14773  46  0  16  0  1  1  1   58.12   897.32  1
 14774  60  1  22  0  0  2  0   84.81  1833.70  1
 14775  42  1  18  1  1  1  0   49.48   891.86  1
 14776  53  0  47  1  0  0  2   29.68  1390.18  0
 14777  43  0  30  1  0  2  0   89.68  2684.04  1
 14778  55  0  10  0  1  2  0   86.35   857.95  1
 14779  18  1  58  0  1  1  0   50.14  2898.16  1
 14780  37  1  62  1  0  1  0   63.84  3961.06  0
 14781  72  1   6  2  1  2  1   94.99   591.96  1
 14782  45  1  67  0  0  1  0   54.35  3622.77  0
 14783  33  1  41  0  1  2  0   83.90  3448.96  1
 14784  64  0  43  0  0  2  0   68.41  2943.28  0
 14785  34  1  18  0  1  2  0  107.44  1898.26  1
 14786  57  1  58  1  0  0  2   24.60  1413.69  0
 14787  45  0  60  0  1  1  1   65.09  3905.60  0
 14788  29  1  27  1  1  1  0   53.97  1500.48  0
 14789  44  1  68  0  1  0  2   18.00  1209.50  0
 14790  71  1  22  0  1  2  1   72.86  1590.71  0
 14791  70  0  24  2  1  1  0   46.19  1116.82  0
 14792  59  1  40  0  1  0  2   25.72  1026.53  0
 14793  64  0  66  0  0  2  0   79.20  5201.97  1
 14794  47  0  40  2  1  2  0  101.24  4014.90  1
 14795  58  1   6  2  0  0  2   19.85    81.87  0
 14796  51  1  18  1  1  0  2   18.00   341.00  0
 14797  54  1  30  0  1  2  1   83.99  2499.09  1
 14798  23  1  21  0  1  2  1   98.70  2120.10  1
 14799  24  0  62  2  0  2  0   60.71  3753.46  0
 14800  49  1  10  0  0  2  0   73.49   750.33  1
 14801  49  0  13  2  1  2  0   78.20   993.37  1
 14802  70  0   9  0  0  1  0   63.21   572.69  1
 14803  42  0  68  0  1  0  2   21.41  1484.15  0
 14804  50  0  39  2  1  2  0   87.81  3417.59  0
 14805  72  0  24  0  1  0  2   22.32   513.97  1
 14806  24  1  34  0  1  2  0  100.51  3409.89  1
 14807  69  0  61  0  1  2  0   85.76  5227.04  0
 14808  74  0  41  0  0  1  1   54.66  2221.35  0
 14809  29  1   5  0  1  2  0   87.82   472.16  1
 14810  33  1  50  0  0  2  0   72.39  3619.88  0
 14811  33  0   4  0  1  0  2   18.00    97.60  1
 14812  60  0  51  1  1  2  1   97.83  5010.82  0
 14813  70  1  52  0  0  1  0   60.17  3162.86  0
 14814  53  0  39  2  0  2  0   90.20  3492.62  0
 14815  30  1   8  0  0  2  1  102.58   833.53  1
 14816  24  1  45  1  1  1  1   76.15  3416.67  0
 14817  53  0  28  0  0  0  2   18.00   501.16  0
 14818  64  1  27  1  0  2  0   79.18  2116.24  1
 14819  68  0  65  2  1  1  0   42.13  2784.95  0
 14820  26  0  34  2  1  0  2   22.25   741.80  0
 14821  49  0  62  1  1  1  0   67.29  4185.04  0
 14822  28  1  62  0  1  2  0   76.83  4737.75  1
 14823  25  0  38  2  1  1  1   72.22  2739.27  0
 14824  50  1  26  2  0  1  1   57.31  1511.27  0
 14825  40  0  24  2  1  1  1   71.45  1721.75  0
 14826  42  0  39  0  0  1  0   32.66  1254.91  1
 14827  73  1  21  2  0  2  0  107.84  2250.34  1
 14828  25  0  47  0  1  1  1   54.10  2545.96  0
 14829  62  0  48  0  1  1  0   56.69  2720.77  0
 14830  39  1  13  0  1  1  0   69.05   871.39  1
 14831  21  1   3  0  0  0  2   18.00    46.38  1
 14832  57  1  32  1  0  0  2   28.80   918.68  0
 14833  20  0  35  2  1  1  1   86.03  3022.42  0
 14834  46  1  19  1  0  1  0   61.89  1196.17  0
 14835  58  1  14  1  1  1  0   55.17   785.80  0
 14836  46  0  48  0  0  1  1   63.15  3037.99  0
 14837  51  1  68  1  1  0  2   22.87  1562.41  0
 14838  51  0  45  0  1  1  0   62.46  2820.24  0
 14839  45  0  19  2  1  2  1   64.80  1250.34  1
 14840  30  1  64  1  1  1  1   62.15  4011.44  0
 14841  32  0  66  1  1  1  1   59.15  3884.45  0
 14842  40  1  66  0  0  1  0   47.71  3139.90  0
 14843  61  1  45  2  1  1  0   47.90  2175.71  0
 14844  43  1  67  0  0  2  0   65.59  4374.63  0
 14845  21  1  69  0  1  2  0  108.25  7443.34  1
 14846  43  0   3  1  0  2  0   76.19   215.74  1
 14847  57  0  38  0  0  2  0   82.83  3149.01  0
 14848  26  1  42  2  0  2  0   80.31  3363.45  0
 14849  72  1  40  0  1  0  2   18.00   727.39  0
 14850  22  0  50  0  1  2  0   91.25  4556.82  1
 14851  73  1  35  2  0  0  2   18.44   638.50  0
 14852  49  0  24  0  1  2  1  104.08  2464.54  1
 14853  37  1  17  0  1  2  0  108.55  1857.33  1
 14854  67  0  40  0  1  1  0   44.00  1772.24  1
 14855  28  0  66  0  0  2  0   89.84  5925.70  1
 14856  32  0  44  1  0  0  2   21.47   947.66  0
 14857  49  1  23  0  0  2  1   77.37  1782.45  1
 14858  45  1   6  2  1  2  0   94.69   589.17  0
 14859  39  1  66  1  1  0  2   18.69  1237.99  0
 14860  58  1  21  0  0  2  0  108.69  2255.78  1
 14861  34  1  35  1  1  2  0   99.99  3537.81  1
 14862  43  0  29  1  1  2  1   94.99  2780.49  0
 14863  61  0   7  0  1  1  1   62.84   440.87  1
 14864  24  0  53  0  1  2  0  110.99  5885.57  1
 14865  59  0  37  0  1  1  0   49.21  1826.56  0
 14866  74  0  23  1  1  0  2   21.32   474.95  0
 14867  43  0   8  1  1  0  2   19.67   179.66  0
 14868  42  0  48  0  1  2  0  102.92  4960.37  1
 14869  27  1  10  1  0  2  0  104.08  1039.07  1
 14870  62  0  24  1  1  2  1  103.14  2488.81  0
 14871  36  1  47  1  1  1  0   49.72  2357.71  0
 14872  28  0  53  1  0  2  0   82.65  4384.99  0
 14873  30  0  39  0  0  0  2   18.00   681.38  0
 14874  70  1  67  2  1  1  0   57.49  3865.55  0
 14875  25  0  66  1  0  2  0   72.90  4812.53  0
 14876  57  1   6  2  1  1  0   77.39   442.45  1
 14877  21  0  21  0  1  2  0   76.79  1633.29  1
 14878  64  1  36  0  1  2  0  100.39  3618.78  1
 14879  48  0   3  0  1  2  0  107.93   319.20  1
 14880  45  1  42  0  0  2  0   97.43  4133.50  1
 14881  28  1  45  1  1  1  1   59.93  2685.95  0
 14882  60  0  44  0  1  1  0   49.22  2146.82  0
 14883  18  0  33  2  0  2  0  120.00  3963.13  1
 14884  66  1  60  1  1  0  2   29.87  1789.10  0
 14885  64  0  70  1  0  2  0   89.55  6257.33  0
 14886  69  1  26  0  0  2  0   79.92  2106.10  1
 14887  55  0  21  2  1  2  0   71.95  1488.51  1
 14888  41  1   2  2  0  1  0   48.80   103.80  1
 14889  71  0  47  1  1  0  2   23.55  1108.60  0
 14890  74  1  30  0  1  1  1   88.13  2643.68  0
 14891  64  0  27  0  1  0  2   19.41   547.18  0
 14892  48  1  71  0  0  2  0  102.98  7352.66  0
 14893  58  1  20  0  0  2  1  108.48  2169.61  1
 14894  63  0  50  0  1  1  0   52.08  2621.76  0
 14895  67  0  23  1  1  1  0   64.99  1495.59  0
 14896  43  1  13  1  1  2  1  110.45  1437.43  0
 14897  66  1   4  0  0  0  2   24.58   107.35  1
 14898  67  1  14  0  0  2  0   78.81  1106.71  1
 14899  22  1  20  2  0  2  0   95.76  1896.97  0
 14900  37  0  13  0  0  1  0   66.89   896.19  0
 14901  69  1   3  1  1  1  1   74.56   232.67  0
 14902  58  1  47  0  1  2  0  101.17  4754.06  1
 14903  28  1   3  0  1  2  0   81.95   233.32  1
 14904  73  0   1  0  0  1  1   75.73    81.57  0
 14905  71  1  24  1  1  1  0   67.90  1624.74  0
 14906  50  0  35  0  1  1  1   60.43  2118.69  0
 14907  67  0  14  2  0  1  1   51.16   712.46  0
 14908  55  0  67  0  0  2  0  109.53  7321.89  0
 14909  44  0  13  0  1  0  2   18.00   266.21  1
 14910  51  0  47  1  0  0  2   18.00   827.12  0
 14911  32  0  50  0  0  2  1   98.18  4893.38  1
 14912  49  0  26  1  1  2  0   80.95  2118.26  0
 14913  38  1   3  0  1  2  0   56.11   174.53  0
 14914  63  1  51  0  1  1  0   63.92  3273.13  0
 14915  22  0  40  1  1  0  2   24.33   983.26  0
 14916  23  1  68  2  0  1  1   54.69  3703.86  0
 14917  55  1  36  0  1  0  2   19.87   728.72  0
 14918  39  0  51  2  1  2  0   69.74  3543.88  1
 14919  35  1   1  0  1  1  1   56.41    77.49  1
 14920  31  0  33  2  1  2  0   75.97  2487.05  0
 14921  27  1   7  1  1  2  0   92.93   634.65  0
 14922  63  0  52  0  0  1  0   75.11  3890.42  0
 14923  30  0  11  0  1  2  0   78.80   873.00  1
 14924  48  1  27  0  0  1  0   63.39  1710.49  1
 14925  47  1  14  0  0  1  1   72.98  1024.01  0
 14926  20  0  46  0  1  0  2   18.00   825.64  0
 14927  47  0  10  1  0  2  0   64.22   641.14  1
 14928  23  0  24  2  0  1  0   75.46  1801.40  0
 14929  46  1  61  0  1  0  2   18.00  1067.78  0
 14930  25  1  18  0  1  0  2   22.27   372.96  1
 14931  61  1   9  1  0  1  0   58.37   509.30  0
 14932  62  1  17  2  0  1  1   43.72   736.80  0
 14933  60  0  58  0  1  2  1   84.77  4945.95  1
 14934  61  0  13  0  1  1  1   72.27   919.12  0
 14935  50  0  50  0  1  1  1   55.62  2759.15  0
 14936  34  0   6  0  1  1  0   51.22   270.91  1
 14937  65  1  51  0  1  1  0   42.96  2200.98  0
 14938  28  0  36  0  1  2  1   82.39  2961.77  0
 14939  30  0  71  0  1  2  0   77.10  5448.22  1
 14940  67  1  25  1  1  1  0   36.41   909.68  0
 14941  28  1  11  0  1  2  0  102.57  1116.60  1
 14942  48  0  44  0  1  2  0   64.17  2849.38  1
 14943  45  1  14  0  1  2  1   92.41  1280.33  1
 14944  61  0  29  2  1  2  1   83.83  2465.03  0
 14945  23  1  50  2  0  0  2   25.38  1272.44  0
 14946  58  1   5  0  0  1  0   42.68   205.50  1
 14947  33  0  72  0  1  2  1   83.27  5990.30  0
 14948  21  1  69  1  1  1  1   51.63  3568.33  0
 14949  52  0  57  0  1  2  0   48.88  2780.80  0
 14950  65  1  26  0  1  1  1   70.09  1803.83  1
 14951  73  1   6  0  1  2  0   85.48   525.50  0
 14952  43  1  16  2  1  0  2   21.10   357.43  0
 14953  74  1  60  2  0  2  0   97.16  5850.14  0
 14954  29  1  12  1  1  1  0   56.08   669.75  0
 14955  28  0   3  0  1  0  2   18.00    75.84  1
 14956  54  1  63  2  0  0  2   21.30  1348.21  0
 14957  42  0  64  2  0  2  0   77.40  4947.75  1
 14958  35  1  62  2  1  1  1   76.12  4708.22  0
 14959  36  0   6  0  1  2  0   79.57   495.83  1
 14960  40  1  19  0  1  1  0   53.81   988.73  0
 14961  72  0  18  1  1  2  0   94.55  1729.67  1
 14962  55  0  43  0  1  0  2   31.68  1364.76  0
 14963  71  1   3  0  1  2  1   79.67   227.07  1
 14964  35  1  72  0  1  1  0   42.82  3068.74  1
 14965  43  1  38  2  0  1  0   52.55  1988.03  1
 14966  23  0  68  2  0  0  2   18.00  1238.12  0
 14967  21  0  44  0  1  1  1   72.00  3174.23  1
 14968  61  1  63  2  1  2  1   97.96  6162.30  1
 14969  68  1  42  1  1  2  1   78.21  3274.00  0
 14970  46  0  64  2  1  2  0   96.24  6165.64  0
 14971  51  0  54  0  1  1  1   83.48  4562.79  0
 14972  34  1  71  0  0  1  0   47.01  3392.38  0
 14973  60  0  37  0  0  1  0   58.25  2176.27  1
 14974  60  1   4  0  0  2  0   52.08   192.83  1
 14975  70  1   2  1  0  1  0   51.32   117.72  0
 14976  33  1  44  0  0  1  0   58.10  2541.52  0
 14977  19  0  67  2  0  0  2   19.29  1287.85  0
 14978  51  0  68  0  0  1  0   56.13  3844.15  0
 14979  72  0  62  0  1  2  0   73.33  4541.58  1
 14980  25  0   1  0  1  2  0  103.90   103.90  1
 14981  30  1  17  0  1  2  1   88.84  1500.17  1
 14982  59  0  16  0  0  1  1   52.71   827.02  0
 14983  25  1   9  1  1  1  1   64.61   576.25  1
 14984  47  1  53  0  1  2  0   98.84  5253.33  0
 14985  49  1  59  1  1  2  1  103.32  6109.42  0
 14986  53  0   9  1  0  2  0   77.23   700.95  0
 14987  64  1  12  0  1  0  2   28.87   369.97  1
 14988  47  1  41  1  0  2  0   83.88  3404.59  1
 14989  18  0  15  2  0  2  1   69.31  1040.70  0
 14990  60  1  66  0  0  2  0   93.92  6184.54  0
 14991  56  0  11  0  1  2  0   82.94   952.03  1
 14992  34  0   8  2  1  1  0   54.26   428.96  0
 14993  37  0  55  0  1  0  2   24.44  1359.03  0
 14994  41  1   6  0  1  2  0   81.08   506.43  1
 14995  67  0  53  2  1  1  0   52.10  2753.83  0
 14996  39  0  20  0  0  2  1   76.20  1542.59  1
 14997  46  0  39  0  1  0  2   18.00   722.85  0
 14998  39  0  72  2  0  2  1   98.67  7120.04  0
 14999  61  1  34  2  0  2  0   76.18  2579.68  0
 20000  19  0  25  0  1  1  1   82.54  2058.99  0
 20001  24  1  10  0  1  2  0   79.97   764.49  1
 20002  44  1   9  0  0  0  2   19.46   166.64  0
 20003  74  1  62  0  1  2  0   87.62  5431.70  1
 20004  31  1  15  2  1  1  1   61.21   923.75  0
 20005  31  0  24  0  1  2  0   70.29  1696.95  1
 20006  47  0   9  0  0  1  1   58.27   550.09  0
 20007  70  0   9  0  1  2  0   90.82   783.78  1
 20008  46  0  22  0  1  1  0   53.30  1187.67  1
 20009  69  0  18  1  1  2  1   76.54  1379.85  1
 20010  23  1  54  2  1  0  2   21.54  1180.84  0
 20011  30  1  50  1  0  2  1   97.75  4936.31  1
 20012  46  0  69  0  1  2  0   73.68  5103.56  0
 20013  20  0  13  0  1  1  1   49.02   644.96  0
 20014  72  1  33  0  1  1  1   66.99  2214.16  0
 20015  31  0   1  1  1  0  2   23.40    23.40  0
 20016  45  1  69  0  1  2  0   97.55  6721.19  0
 20017  50  0  71  0  1  2  1  104.74  7427.62  0
 20018  25  0  20  2  1  2  0  103.76  2114.14  1
 20019  50  1   2  2  1  2  1   97.60   191.84  1
 20020  25  0  18  1  0  2  0   82.27  1512.63  0
 20021  65  0  38  2  1  1  0   50.79  1940.75  0
 20022  38  1  53  1  0  1  1   56.16  3013.98  0
 20023  51  0  46  0  1  1  0   50.70  2367.80  0
 20024  66  0  66  1  0  1  0   69.56  4591.22  0
 20025  56  0   5  0  0  1  0   40.84   179.51  1
 20026  43  0  26  2  0  1  0   46.92  1172.72  0
 20027  22  0  37  2  1  1  0   53.62  1965.04  0
 20028  69  1  55  1  1  2  0   79.42  4372.23  0
 20029  66  1  46  1  1  1  0   52.06  2406.17  0
 20030  35  0  50  2  1  0  2   18.54   927.65  0
 20031  27  0  56  0  0  0  2   22.69  1281.78  0
 20032  70  0  26  0  0  1  0   62.60  1617.43  1
 20033  65  1  19  0  0  1  0   51.40   981.78  0
 20034  33  1  16  2  0  2  0   83.46  1320.39  1
 20035  47  0  47  1  1  1  1   63.55  2995.22  0
 20036  38  1  24  0  0  2  0   69.49  1669.92  0
 20037  59  1   1  2  1  2  0  111.91   111.91  1
 20038  49  1  59  2  1  0  2   22.80  1352.24  0
 20039  47  1  25  1  1  2  1   85.07  2128.63  0
 20040  24  0  46  1  1  2  1   88.66  4050.50  0
 20041  72  1  15  0  1  1  1   59.83   894.51  1
 20042  58  1  66  0  0  1  1   73.25  4840.45  0
 20043  71  1  28  2  0  1  0   35.33  1019.93  0
 20044  18  1  13  0  0  2  0   83.89  1086.17  0
 20045  33  0  40  1  1  2  1  120.00  4828.59  0
 20046  21  0  31  0  0  1  0   70.48  2159.24  1
 20047  54  1  39  0  1  1  0   51.68  2000.22  0
 20048  51  0  13  1  0  1  0   48.14   649.13  0
 20049  55  0  51  0  0  2  0   76.64  3931.42  1
 20050  27  1   6  2  0  2  0   84.94   496.69  1
 20051  42  1  31  0  1  2  0   86.38  2671.89  1
 20052  67  1  59  1  1  2  1   86.04  5063.11  0
 20053  37  0  57  2  1  1  0   57.06  3282.61  0
 20054  52  0  22  0  1  0  2   19.63   456.89  1
 20055  53  0  43  2  0  1  1   49.16  2134.04  0
 20056  42  0   3  0  0  0  2   19.51    50.79  1
 20057  49  0  39  1  0  1  0   56.79  2207.51  0
 20058  73  0  56  2  1  2  1   94.89  5282.70  0
 20059  21  1  30  0  1  0  2   19.84   588.71  0
 20060  27  1  48  0  1  2  0   87.26  4178.17  1
 20061  56  1  29  0  1  1  0   63.62  1827.83  1
 20062  50  0  26  0  1  0  2   21.61   556.95  0
 20063  63  1  36  0  0  1  0   65.70  2366.33  1
 20064  55  0  19  2  1  1  1   67.25  1224.31  0
 20065  40  0  52  0  1  1  0   51.95  2715.86  0
 20066  42  0  21  0  0  2  0   75.60  1586.81  1
 20067  33  1  17  0  1  2  1  101.59  1715.38  1
 20068  29  0  20  2  0  2  0   82.68  1612.32  1
 20069  29  1  41  1  1  1  0   64.02  2654.96  0
 20070  47  1  67  0  1  0  2   19.46  1291.88  0
 20071  30  1  12  1  1  1  0   58.84   670.75  1
 20072  32  0  41  0  1  0  2   20.10   834.55  1
 20073  25  0  25  0  0  2  1   78.72  1964.19  1
 20074  50  1  24  1  1  1  0   62.21  1495.14  0
 20075  25  0  54  0  1  1  1   59.18  3191.23  1
 20076  20  1  20  0  1  2  0   85.72  1706.60  1
 20077  38  0   6  0  1  1  0   59.42   334.96  1
 20078  54  0  59  0  1  1  1   70.44  4214.37  0
 20079  50  1  41  0  1  1  1   58.89  2423.74  1
 20080  38  0  61  2  0  2  1  111.68  6833.74  0
 20081  51  0   5  2  0  2  0  120.00   574.12  1
 20082  20  1  46  0  1  1  0   47.49  2169.00  0
 20083  33  0  70  0  1  2  1   92.12  6471.65  1
 20084  18  0  15  0  0  2  0   97.95  1463.52  1
 20085  32  0  32  0  1  2  0   91.02  2916.80  1
 20086  61  1  24  0  1  2  0   68.52  1626.81  1
 20087  51  1  39  0  1  2  0  102.42  3980.95  1
 20088  32  0  60  2  0  1  0   76.86  4646.73  0
 20089  48  1  71  0  1  1  0   37.21  2645.04  0
 20090  50  0  71  0  1  1  1   61.24  4384.49  0
 20091  69  1  26  0  0  2  1   94.85  2481.38  1
 20092  69  0  23  0  0  1  0   54.91  1260.13  0
 20093  66  0  53  0  1  1  1   54.37  2868.42  0
 20094  70  1  51  0  1  2  0  102.18  5187.80  1
 20095  21  1  58  0  0  2  0   60.85  3504.02  0
 20096  37  0  56  2  0  2  0   87.64  4893.78  1
 20097  20  1  60  0  0  2  1   77.55  4676.12  0
 20098  43  1  65  0  1  1  1   55.75  3634.58  0
 20099  23  0  58  0  0  2  1  120.00  6946.77  0
 20100  73  1  59  0  1  1  1   76.79  4534.59  0
 20101  55  0  54  0  1  2  0  115.76  6231.61  0
 20102  32  1  33  2  1  1  0   46.22  1526.81  0
 20103  57  0  72  0  1  2  0   71.22  5097.55  0
 20104  62  0  64  0  1  0  2   19.64  1247.45  0
 20105  41  0  49  0  1  1  1   80.22  3925.30  0
 20106  66  1  65  2  0  1  0   58.10  3793.43  0
 20107  21  0  64  2  1  0  2   31.44  2035.08  0
 20108  39  0   7  2  1  2  0   76.50   543.06  0
 20109  51  1   1  1  1  2  1   97.93   100.05  1
 20110  55  1  21  0  1  2  0   95.92  2033.44  1
 20111  47  0  57  1  0  2  1   96.03  5516.11  0
 20112  35  0  57  0  0  0  2   25.83  1461.37  0
 20113  52  0  53  0  0  0  2   18.00   932.54  0
 20114  31  0  72  0  1  2  0   81.40  5826.88  1
 20115  40  0  34  0  1  2  1  109.42  3709.42  1
 20116  67  1  53  0  1  1  1   68.47  3606.87  0
 20117  39  1  27  0  1  0  2   18.00   480.56  0
 20118  53  0  51  1  1  2  1  101.47  5176.96  0
 20119  37  1  13  0  0  1  1   60.71   770.52  0
 20120  26  1  31  0  1  2  0   79.46  2477.83  1
 20121  53  1  62  1  0  2  0   61.60  3823.47  0
 20122  51  0  48  1  1  2  0   82.47  3961.57  1
 20123  32  0  30  0  1  2  1  102.20  3083.79  1
 20124  49  1  72  1  1  2  0   99.04  7144.16  0
 20125  22  1  38  0  1  2  1   91.05  3440.09  1
 20126  56  0  33  0  0  0  2   30.39  1015.54  1
 20127  46  0  39  0  1  1  1   56.98  2223.30  0
 20128  40  1  68  0  0  2  0   81.31  5523.48  0
 20129  52  0  51  0  0  2  0   80.29  4113.13  1
 20130  18  0  31  0  1  2  1  107.54  3365.35  0
 20131  72  1  33  0  0  2  1   83.17  2766.01  1
 20132  72  1  56  0  0  2  0   87.61  4892.78  0
 20133  50  1  25  2  0  1  1   66.91  1679.12  0
 20134  62  1  21  2  1  1  0   44.48   960.50  0
 20135  26  1  53  0  0  2  1  115.68  6155.17  0
 20136  34  1  18  1  1  0  2   20.61   361.00  1
 20137  43  0  58  0  1  1  1   73.58  4263.25  0
 20138  40  1  31  2  0  1  1   64.40  2040.87  0
 20139  61  1  30  2  1  1  0   78.59  2324.54  0
 20140  43  0  32  2  1  2  0   85.63  2747.06  1
 20141  51  1  61  1  0  2  1  105.03  6416.49  0
 20142  22  1  53  2  1  0  2   18.00   956.53  0
 20143  28  0  29  0  1  2  1   85.30  2475.52  1
 20144  35  0  45  1  0  2  0   98.32  4435.75  0
 20145  39  0  63  1  0  1  0   49.34  3076.10  0
 20146  38  0  31  2  1  2  0   77.49  2404.92  0
 20147  24  1  49  0  0  2  0  105.00  5166.70  0
 20148  71  1  26  1  1  0  2   18.00   491.60  0
 20149  69  0  11  2  1  1  0   49.07   546.96  0
 20150  45  0   4  1  0  0  2   18.00    74.12  0
 20151  28  1  59  0  1  2  0   86.30  5070.35  1
 20152  27  1  64  2  1  2  0   94.88  6078.09  1
 20153  41  1  39  1  0  2  0   89.32  3466.53  1
 20154  50  0  34  1  1  2  0  102.16  3503.15  1
 20155  57  0  38  0  1  2  0   80.73  3085.15  1
 20156  18  1  49  0  0  0  2   19.08   908.82  0
 20157  26  1  53  0  0  2  1   55.15  2909.04  0
 20158  66  0  11  2  0  2  1  119.04  1329.96  1
 20159  44  0  67  0  0  1  0   58.84  3902.89  0
 20160  57  1  16  0  1  2  0   98.43  1571.22  1
 20161  23  0   5  1  1  1  0   59.78   282.22  1
 20162  66  1  42  1  1  1  0   62.20  2618.30  1
 20163  47  0  15  0  0  1  0   44.95   687.79  0
 20164  68  0  42  0  0  2  1  115.07  4847.00  0
 20165  24  1  71  1  0  2  1   78.02  5498.96  0
 20166  60  0  71  1  1  2  1   86.74  6144.52  0
 20167  26  1  49  0  1  2  0   78.06  3855.75  1
 20168  43  1   5  0  0  1  0   51.03   244.45  1
 20169  46  0  38  0  1  0  2   19.64   718.12  0
 20170  50  1  29  2  0  1  0   41.94  1256.85  0
 20171  18  1  45  0  0  2  0  102.75  4614.95  1
 20172  56  0  46  1  0  2  1   91.91  4236.99  1
 20173  65  1  18  2  1  2  1  104.13  1885.07  0
 20174  67  0  64  0  1  1  0   50.12  3195.98  1
 20175  41  1  20  2  1  0  2   22.61   425.85  0
 20176  59  1  32  0  1  1  0   45.94  1484.34  0
 20177  35  0  23  0  1  1  0   63.01  1449.90  0
 20178  63  1   7  0  0  0  2   18.00   114.67  1
 20179  32  1  51  0  0  1  0   47.52  2457.19  0
 20180  70  0  20  2  1  0  2   24.92   478.90  0
 20181  46  0  22  2  0  2  1   85.15  1904.90  1
 20182  21  1  35  0  0  0  2   28.22   954.95  0
 20183  31  1  40  1  0  2  1  102.49  4109.08  0
 20184  71  1  49  1  0  2  1  120.00  5887.63  0
 20185  38  0   8  0  1  1  0   64.35   499.20  1
 20186  69  0  42  1  1  1  0   45.20  1936.43  0
 20187  54  0   7  0  1  1  0   35.42   245.25  0
 20188  36  0  10  0  0  1  0   52.74   550.71  0
 20189  19  1   7  0  1  0  2   22.11   140.80  0
 20190  72  1  57  0  1  2  0   83.17  4753.70  0
 20191  43  0  14  1  1  1  0   45.67   635.66  1
 20192  31  1  23  1  1  1  0   60.40  1382.81  0
 20193  50  1  10  0  1  1  1   63.37   619.73  0
 20194  29  1  56  0  1  1  1   58.93  3305.15  1
 20195  58  0  16  2  1  2  0   55.90   900.32  1
 20196  22  0  39  2  1  1  0   48.86  1924.44  0
 20197  54  1  72  2  1  1  0   40.81  2959.94  0
 20198  54  1  20  0  0  0  2   25.18   507.84  1
 20199  69  0  58  0  1  0  2   18.00  1037.63  0
 20200  64  0  50  0  0  1  1   59.55  2981.70  1
 20201  48  0  48  1  1  2  1   77.97  3718.34  0
 20202  51  1  11  0  1  1  0   42.28   485.09  1
 20203  49  0   5  1  0  1  0   63.63   312.58  0
 20204  67  1  28  0  1  1  0   73.78  2035.93  0
 20205  74  0  45  0  1  1  1   78.53  3547.40  0
 20206  49  0  24  0  1  2  0   75.73  1801.01  1
 20207  45  0  67  0  1  1  0   51.87  3492.97  0
 20208  31  1  48  2  1  2  1   87.71  4167.02  0
 20209  24  0  65  0  0  1  0   65.01  4248.09  0
 20210  37  1  70  2  1  1  0   39.89  2796.39  0
 20211  48  0  13  0  1  0  2   22.78   313.79  1
 20212  56  0  45  1  1  2  1   95.65  4317.79  0
 20213  62  1  42  0  1  1  0   67.58  2835.33  0
 20214  72  0  54  0  1  2  0   97.62  5282.24  1
 20215  27  1  49  0  1  0  2   23.31  1145.38  0
 20216  44  1  31  0  1  1  0   46.62  1438.54  0
 20217  58  0  68  0  1  2  0  113.83  7784.95  1
 20218  31  0  28  1  0  1  0   68.64  1912.71  0
 20219  40  1  11  1  0  0  2   18.60   216.98  1
 20220  22  1  27  0  1  0  2   18.00   471.69  0
 20221  38  0  65  2  0  1  0   59.68  3875.61  0
 20222  31  0  59  1  0  2  1  120.00  7100.26  0
 20223  41  0  25  2  1  1  0   36.38   903.10  1
 20224  37  0  43  0  1  1  0   48.02  2065.74  0
 20225  29  0  62  1  1  2  0   57.52  3587.97  0
 20226  36  0  22  1  0  2  0   74.45  1664.86  1
 20227  63  0  49  1  0  2  1  100.95  4902.96  0
 20228  43  0  48  0  0  1  1   70.17  3401.75  0
 20229  49  1  29  0  1  0  2   18.00   520.95  0
 20230  20  1  19  0  1  0  2   26.48   489.05  1
 20231  38  0  65  2  0  1  0   54.00  3448.37  0
 20232  43  1  55  2  1  1  0   56.19  3059.90  0
 20233  45  0  28  2  0  0  2   28.11   798.67  0
 20234  72  1   3  0  0  1  0   34.83   114.20  1
 20235  66  1  62  0  1  2  1  120.00  7417.34  0
 20236  48  0  65  1  1  1  1   74.59  4850.55  0
 20237  31  1  31  1  1  0  2   18.33   534.14  0
 20238  63  1   2  0  1  1  1   61.03   131.79  0
 20239  35  0  60  2  0  1  0   52.15  3154.01  0
 20240  57  1  20  1  1  1  0   39.73   829.82  1
 20241  66  0   1  2  0  1  0   64.90    64.90  0
 20242  69  1  72  2  0  1  1   64.72  4633.22  0
 20243  64  1  51  2  1  2  1   93.68  4756.77  0
 20244  31  1  61  2  0  0  2   18.00  1064.46  0
 20245  26  0   8  0  1  2  0   92.27   751.42  1
 20246  65  0  58  0  0  0  2   24.77  1455.78  1
 20247  57  1   4  2  0  1  0   52.95   205.92  0
 20248  38  1  70  1  1  1  0   61.46  4298.05  0
 20249  33  0  53  1  1  2  1   75.25  3969.88  0
 20250  18  1  69  2  0  0  2   22.60  1562.26  0
 20251  54  0  53  0  1  1  1   67.21  3577.79  0
 20252  57  0  43  1  0  1  0   68.59  2939.43  0
 20253  33  0  66  1  1  2  1  101.26  6669.50  1
 20254  74  0  60  0  0  1  0   54.67  3299.58  0
 20255  57  0   6  2  0  1  1   62.20   348.98  1
 20256  29  1  45  0  0  1  1   77.70  3525.53  1
 20257  32  1  62  2  0  0  2   28.03  1752.88  0
 20258  40  0  66  0  0  2  1  120.00  7923.81  1
 20259  32  0  58  0  0  0  2   23.77  1364.36  0
 20260  74  1  51  0  1  2  0   94.19  4791.71  1
 20261  39  1  63  0  0  1  1   51.31  3212.42  0
 20262  27  1  27  2  1  1  0   55.38  1499.96  0
 20263  53  1  67  0  0  1  0   60.74  4062.94  0
 20264  37  1  60  0  1  1  0   62.43  3757.64  0
 20265  64  1  45  2  1  2  0   80.16  3615.12  0
 20266  58  1   8  2  1  1  0   54.49   444.90  1
 20267  48  0  59  0  1  2  1   79.70  4696.74  1
 20268  52  1  41  0  1  2  0   75.00  3074.00  1
 20269  72  0  69  0  0  2  0   85.13  5892.27  1
 20270  43  1  25  0  1  2  0   65.40  1627.87  0
 20271  70  0  69  0  1  1  0   42.43  2905.97  0
 20272  30  1  28  0  0  2  1  101.41  2867.91  1
 20273  47  1  28  0  1  2  1  103.48  2871.77  1
 20274  39  0  57  1  1  0  2   18.00   999.56  0
 20275  35  1  13  0  0  0  2   20.21   270.07  0
 20276  26  0  60  2  1  2  1   98.43  5902.68  0
 20277  73  1  70  0  1  1  0   52.19  3636.35  0
 20278  33  0   4  0  1  1  0   49.08   190.99  1
 20279  66  1   6  1  1  0  2   19.99   155.12  1
 20280  43  0  33  0  1  1  1   78.02  2597.66  1
 20281  37  1  41  0  1  2  1   77.70  3200.09  0
 20282  54  0  22  0  1  2  0   91.60  1990.98  1
 20283  45  0   8  2  1  1  0   63.18   480.15  0
 20284  31  0  19  1  1  1  1   67.91  1303.09  0
 20285  53  0   9  1  0  2  1   67.50   609.46  1
 20286  63  0  51  1  0  1  0   75.94  3864.84  0
 20287  63  0  43  0  1  0  2   28.17  1221.19  1
 20288  32  0   9  1  0  1  1   74.60   655.31  1
 20289  68  0  66  2  0  0  2   25.33  1684.81  0
 20290  44  1   1  2  1  2  0   81.42    97.48  1
 20291  69  1  13  0  0  2  1   67.14   837.63  1
 20292  27  1  59  0  0  1  0   52.33  3102.36  0
 20293  68  1  60  0  0  1  1   63.68  3877.23  0
 20294  40  0  31  2  0  2  0  102.42  3191.35  1
 20295  47  0  60  1  1  1  0   60.08  3623.64  0
 20296  65  0   6  0  1  2  1   96.89   593.46  1
 20297  49  0  57  2  1  1  1   58.00  3290.27  0
 20298  45  0  36  1  1  0  2   18.00   632.02  1
 20299  27  0  55  0  1  2  0   87.81  4810.41  1
 20300  59  1  15  0  1  1  1   62.70   966.20  1
 20301  19  1  20  0  1  0  2   18.00   352.81  0
 20302  73  0  33  0  0  2  0   76.80  2540.62  0
 20303  19  0  22  2  1  2  0   96.24  2129.51  1
 20304  24  1  39  1  1  2  1  100.79  3903.95  0
 20305  24  1  27  1  0  2  1  112.02  2995.09  1
 20306  27  1  41  0  0  2  1   99.79  4091.05  0
 20307  22  0  48  2  0  1  0   45.63  2167.92  0
 20308  60  1  34  0  1  1  0   48.08  1609.47  0
 20309  70  1  70  0  1  0  2   21.60  1486.01  0
 20310  39  0  37  0  1  2  0   94.27  3502.95  1
 20311  30  0  38  0  1  0  2   18.00   662.00  0
 20312  55  1  64  0  0  1  0   59.24  3814.23  0
 20313  25  1  48  1  1  0  2   24.93  1180.68  0
 20314  67  0  26  1  1  2  0   91.83  2378.43  1
 20315  34  0  41  2  1  1  1   63.83  2613.48  0
 20316  71  0  67  0  1  1  0   72.32  4847.73  0
 20317  70  1   5  1  0  1  0   69.42   348.63  0
 20318  28  0  58  0  0  1  1   79.11  4600.82  1
 20319  61  0  51  1  0  1  0   51.42  2630.76  0
 20320  43  1  38  0  0  1  0   67.34  2550.79  0
 20321  48  0  15  1  1  2  0   58.92   878.84  0
 20322  67  1  22  1  1  0  2   21.45   487.41  0
 20323  57  0  27  0  1  0  2   18.00   510.29  1
 20324  64  1  52  0  0  0  2   26.72  1408.72  0
 20325  63  0  22  0  1  2  0   84.98  1888.29  1
 20326  50  1  62  0  0  1  0   43.47  2697.83  0
 20327  23  0  57  1  0  2  0  102.21  5838.92  0
 20328  23  1  47  0  1  2  0   98.28  4621.04  0
 20329  27  0  66  2  1  0  2   22.40  1481.57  0
 20330  45  0  15  0  1  2  1  107.29  1627.65  1
 20331  68  1  45  2  1  0  2   19.29   866.42  0
 20332  69  1  22  0  1  2  0   57.16  1245.27  1
 20333  18  1   7  1  0  0  2   18.00   133.83  0
 20334  64  1  14  0  0  2  0   89.45  1262.50  1
 20335  74  0  38  0  0  2  1   90.75  3436.54  1
 20336  50  1  41  0  1  2  0   78.99  3219.59  1
 20337  37  0   1  1  0  0  2   23.82    26.27  0
 20338  58  1  41  0  1  0  2   22.68   960.03  0
 20339  70  1  63  0  1  1  0   49.87  3133.47  0
 20340  42  1   9  0  1  2  0  105.87   963.01  1
 20341  52  0  58  0  0  1  1   55.03  3195.95  0
 20342  22  1  44  0  0  1  0   61.95  2708.86  0
 20343  45  1  24  0  1  1  0   64.83  1570.16  1
 20344  74  0  14  2  1  2  1  103.03  1476.42  0
 20345  31  0  12  0  0  2  0   81.11   974.82  1
 20346  63  1  60  1  0  2  1   90.04  5411.39  0
 20347  64  1  58  0  0  2  1   81.81  4767.53  0
 20348  74  1  46  0  1  2  1   95.55  4378.96  1
 20349  40  1  20  0  0  2  0   86.80  1714.23  1
 20350  64  0  34  0  1  2  0   89.19  3037.55  0
 20351  35  1  64  0  0  1  0   62.49  3994.37  0
 20352  63  0  46  0  1  2  0   82.99  3787.86  1
 20353  61  1  51  0  1  0  2   21.08  1092.38  1
 20354  20  1  49  0  0  1  0   61.11  2999.00  1
 20355  74  0  70  2  1  1  1   54.40  3824.11  0
 20356  47  1  43  0  1  2  0   92.43  3998.67  1
 20357  68  0  61  1  1  2  0   62.97  3847.61  0
 20358  28  1  55  0  1  1  0   70.27  3858.41  0
 20359  51  1  13  2  1  2  1   92.24  1227.67  0
 20360  47  1   9  0  0  2  0   96.31   860.09  1
 20361  71  0  23  1  1  2  0   84.00  1927.91  0
 20362  36  0  48  1  1  2  0   91.91  4444.93  0
 20363  56  0  48  2  0  1  0   46.23  2216.56  0
 20364  18  1  45  2  0  1  1   66.44  3012.34  0
 20365  45  1  22  1  0  2  0  109.03  2396.18  1
 20366  39  0  47  1  0  2  0   59.48  2815.67  0
 20367  60  1  49  2  1  2  0   85.43  4147.98  1
 20368  59  0  24  0  1  1  1   52.04  1258.58  1
 20369  35  0  12  0  0  2  0  105.30  1315.10  1
 20370  64  0  55  0  0  1  1   49.99  2744.67  0
 20371  64  0  16  0  1  2  0   99.22  1582.09  1
 20372  37  0  10  0  0  1  0   50.39   480.52  1
 20373  60  1  59  1  1  1  1   71.30  4238.02  0
 20374  23  1  28  0  0  1  1   66.32  1867.22  1
 20375  37  0  12  1  0  0  2   20.89   237.50  1
 20376  42  1  38  0  1  0  2   18.00   645.54  0
 20377  44  1  33  0  1  2  0   75.79  2510.06  1
 20378  57  0  29  1  1  2  0   70.96  2056.66  0
 20379  60  1  28  0  1  2  0   86.91  2432.02  1
 20380  19  0  29  0  0  0  2   21.95   685.96  0
 20381  40  0  13  2  1  1  0   66.74   868.39  0
 20382  47  0  40  1  1  2  0  104.23  4179.03  0
 20383  19  1  49  0  0  2  0   80.87  3954.85  1
 20384  42  1  59  0  0  1  1   63.41  3777.14  0
 20385  27  1  21  0  0  1  1   76.35  1595.88  0
 20386  24  0  71  0  0  2  1   94.24  6694.48  0
 20387  47  1  35  0  1  0  2   18.00   612.02  0
 20388  58  1  50  0  0  1  0   61.38  3084.11  0
 20389  70  1  33  0  1  2  0   82.85  2761.30  0
 20390  45  0  45  2  0  0  2   26.95  1230.92  0
 20391  21  1  16  1  1  1  1   65.55  1032.11  0
 20392  39  1   5  0  0  2  1   99.67   520.59  1
 20393  18  0  11  0  1  2  0  104.04  1135.49  1
 20394  70  1  25  1  1  0  2   21.42   545.10  0
 20395  48  1  24  0  1  2  1  112.29  2679.16  1
 20396  73  1  66  1  0  0  2   18.00  1210.07  0
 20397  23  0  24  1  1  2  0   88.12  2125.22  1
 20398  44  1  13  1  0  1  0   69.15   873.52  1
 20399  43  0  27  0  1  1  1   64.65  1713.13  1
 20400  74  0  13  0  1  2  0   80.82  1056.73  0
 20401  55  1  63  1  0  2  0   80.86  5129.86  0
 20402  28  0   6  0  1  2  0   88.02   572.59  1
 20403  55  0  19  2  1  2  0   93.44  1785.13  1
 20404  51  0  62  0  1  2  0   59.46  3724.67  1
 20405  53  0  53  1  1  2  1  100.97  5348.96  0
 20406  41  1   6  0  0  1  0   42.56   238.17  1
 20407  18  0   6  0  1  1  0   48.74   306.77  1
 20408  34  0  63  1  1  0  2   23.08  1472.22  0
 20409  61  1  62  2  0  1  1   57.11  3528.04  0
 20410  69  1  57  0  0  2  1   82.53  4700.62  1
 20411  50  1  38  2  1  1  0   73.28  2786.09  0
 20412  62  1  44  0  1  1  1   62.69  2765.39  0
 20413  52  1  44  0  1  1  1   57.52  2534.18  0
 20414  29  1  11  2  1  1  0   41.65   440.42  1
 20415  38  0  53  0  1  2  0   72.40  3816.62  1
 20416  35  1  44  1  0  2  0   96.94  4263.11  1
 20417  28  0  28  2  1  1  0   48.31  1369.57  0
 20418  39  1  68  2  1  2  1   65.99  4496.10  0
 20419  34  0  45  1  1  0  2   18.00   801.37  0
 20420  23  0  27  0  1  0  2   18.00   483.92  1
 20421  18  1  42  2  1  2  0   99.10  4150.86  0
 20422  74  0  68  2  0  2  1   95.51  6488.82  0
 20423  28  1  11  2  1  1  0   60.94   655.79  0
 20424  61  1  67  1  1  0  2   20.12  1398.77  0
 20425  30  0  51  0  1  2  0  120.00  6137.02  0
 20426  49  1  13  0  1  1  0   57.43   777.52  1
 20427  26  0  40  0  0  2  0   67.88  2689.94  1
 20428  41  1  56  0  1  2  1   92.78  5221.03  0
 20429  18  0  16  2  0  2  1   78.63  1247.71  0
 20430  62  1  19  0  1  1  0   42.09   797.76  1
 20431  21  0  33  2  0  0  2   22.30   725.16  0
 20432  40  1  49  1  1  2  1  103.58  5052.28  0
 20433  46  0  57  0  1  0  2   18.00  1016.26  0
 20434  24  0  64  0  0  2  0   94.66  6064.43  0
 20435  54  1  44  0  0  2  1   90.43  3992.53  1
 20436  70  1  37  0  0  0  2   21.77   807.63  0
 20437  31  0   6  0  0  1  1   59.78   342.07  1
 20438  58  1  56  0  1  0  2   18.00   989.84  0
 20439  42  0  55  2  1  0  2   20.21  1118.64  0
 20440  53  0  30  0  0  0  2   29.30   866.10  0
 20441  67  0  25  0  0  1  0   68.56  1722.93  1
 20442  74  1  23  1  0  1  0   45.37  1058.85  1
 20443  31  0   3  0  0  2  0   74.13   224.86  1
 20444  21  0  32  2  0  1  0   51.80  1683.32  0
 20445  53  1  34  0  0  1  0   46.52  1579.94  0
 20446  57  0  21  2  0  0  2   19.68   392.93  0
 20447  41  0  35  1  1  2  0   69.64  2438.20  0
 20448  68  0  61  0  1  1  0   53.86  3284.58  0
 20449  59  1  45  0  1  1  1   69.81  3156.44  0
 20450  64  1  27  2  1  2  0   85.79  2337.95  0
 20451  43  0  59  1  1  1  0   68.52  4054.56  0
 20452  71  0   1  1  1  2  1  102.02   147.74  1
 20453  22  0  69  2  0  1  0   60.84  4225.14  0
 20454  49  0  22  0  1  1  0   51.60  1153.09  0
 20455  60  1  23  2  1  2  0   68.28  1567.99  0
 20456  60  0  62  0  0  0  2   18.00  1174.30  0
 20457  30  1  45  1  0  1  0   41.01  1864.09  0
 20458  49  0  63  0  1  2  1   80.04  5011.01  0
 20459  66  1  24  0  1  1  0   55.28  1323.05  0
 20460  42  0   2  0  1  2  0   65.30   122.70  1
 20461  54  1  32  0  1  2  0   68.06  2188.71  1
 20462  30  0  20  1  1  1  1   81.50  1647.04  0
 20463  42  1  49  0  1  2  1   81.19  3973.75  1
 20464  31  0  20  2  0  2  1   85.09  1684.55  0
 20465  24  1  71  2  1  0  2   18.00  1278.35  0
 20466  36  0  30  1  1  1  1   62.86  1873.48  0
 20467  36  0  65  0  1  1  1   68.28  4449.47  0
 20468  58  1  39  1  1  2  0   93.18  3652.57  0
 20469  22  1  26  2  1  2  0   87.27  2298.39  1
 20470  60  1  16  0  0  2  1   97.45  1549.12  1
 20471  48  1  56  2  0  1  0   73.79  4150.37  0
 20472  23  0  30  0  1  2  0   82.62  2467.22  1
 20473  53  0  14  0  0  2  0   89.68  1252.47  1
 20474  47  1  27  0  0  2  1   82.14  2217.90  1
 20475  37  0  39  0  0  2  1   94.95  3705.82  0
 20476  56  0  35  0  0  0  2   18.00   639.39  0
 20477  42  1  41  0  1  2  0   77.07  3122.26  1
 20478  53  0  68  0  1  2  0   71.21  4831.67  0
 20479  40  1  46  0  0  2  0   76.84  3537.41  1
 20480  63  1  57  0  1  2  1   88.71  5059.81  1
 20481  30  0   2  0  1  0  2   20.82    48.55  0
 20482  29  1  40  1  1  1  1   89.56  3568.21  0
 20483  51  0  51  0  1  2  0   99.81  5081.53  1
 20484  28  0  20  0  0  2  1  112.80  2252.07  1
 20485  33  0  42  1  1  1  1   72.82  3089.69  0
 20486  65  1  54  0  0  1  0   58.32  3159.23  0
 20487  42  0  65  1  0  1  0   44.26  2893.62  0
 20488  48  1  20  1  1  1  1   60.25  1234.49  0
 20489  27  1  52  1  1  1  0   50.92  2634.41  0
 20490  59  0  62  0  1  2  0   88.03  5465.50  0
 20491  21  0  33  2  0  2  0   85.64  2850.18  0
 20492  24  0  68  2  0  2  1   83.45  5654.87  0
 20493  66  0  39  0  0  2  1   82.61  3198.66  1
 20494  26  0  38  0  1  1  0   69.00  2628.36  1
 20495  44  1  19  0  1  1  0   44.38   864.19  1
 20496  18  0  35  1  1  0  2   21.52   783.41  0
 20497  56  0   7  0  0  1  0   54.17   391.84  1
 20498  52  1  25  1  1  0  2   26.16   672.58  1
 20499  22  1  48  0  0  2  0   80.38  3847.98  0
 20500  34  0  57  2  1  2  0   80.61  4602.69  0
 20501  67  0  43  1  1  0  2   18.00   774.30  0
 20502  52  0  28  0  0  2  0  104.12  2929.86  1
 20503  38  1  30  1  1  0  2   25.23   745.94  1
 20504  39  0  32  0  0  2  0   81.98  2610.45  1
 20505  18  1  10  0  0  0  2   18.00   199.42  0
 20506  70  1  12  0  0  0  2   18.00   223.25  1
 20507  73  1   8  1  1  1  0   55.35   423.74  1
 20508  30  0  60  0  1  2  1   86.99  5227.27  1
 20509  25  0  18  0  0  2  0   61.24  1080.73  1
 20510  39  0  48  1  0  0  2   18.00   845.61  0
 20511  21  0  11  0  0  2  0   76.25   870.57  1
 20512  60  1  29  0  1  2  0   65.48  1901.83  1
 20513  70  0   7  0  1  2  1   86.31   612.98  1
 20514  30  0  16  2  0  2  0   75.46  1205.13  1
 20515  35  1  46  1  0  0  2   23.37  1051.66  0
 20516  55  1  33  1  0  2  0   73.22  2416.29  0
 20517  22  1  20  2  1  1  0   61.04  1213.21  0
 20518  73  0  18  0  0  2  0   85.11  1534.29  0
 20519  57  1  26  0  1  1  0   36.82   918.65  0
 20520  27  0  35  1  1  2  0   84.85  2997.58  0
 20521  62  1  27  0  0  2  1  113.79  3058.22  1
 20522  36  0  16  0  0  0  2   18.00   266.38  1
 20523  28  1  42  2  0  0  2   27.16  1170.51  0
 20524  71  0  48  0  0  0  2   22.71  1101.15  1
 20525  21  1  33  1  0  0  2   18.00   642.70  0
 20526  38  1  43  0  0  1  0   63.36  2707.29  1
 20527  25  0  37  0  1  2  1   91.08  3367.08  1
 20528  50  0  41  1  0  0  2   18.00   722.66  0
 20529  61  0  21  0  1  1  0   28.30   623.37  0
 20530  55  1  66  0  1  1  1   64.56  4230.93  0
 20531  70  1  27  2  0  2  1  102.71  2755.17  0
 20532  45  0  54  0  1  2  0  100.77  5421.49  0
 20533  55  0   5  1  0  2  1   82.99   390.34  0
 20534  45  1  58  0  0  2  1   83.51  4839.29  1
 20535  65  0  36  0  1  1  0   63.84  2331.33  0
 20536  35  0  61  0  0  0  2   18.00  1135.07  0
 20537  18  1  64  0  0  0  2   26.79  1737.79  0
 20538  19  1  13  0  1  0  2   23.43   272.15  1
 20539  44  1  65  0  1  1  0   61.04  3967.56  0
 20540  63  0  28  0  1  0  2   18.43   502.21  0
 20541  35  1  63  0  0  2  0   82.35  5185.56  0
 20542  74  0  70  2  1  0  2   19.91  1377.34  0
 20543  33  0  28  0  0  1  0   61.11  1693.68  1
 20544  27  1  51  0  1  2  0   80.35  4118.28  1
 20545  41  1  15  1  1  1  0   29.67   484.69  0
 20546  50  0  17  0  0  2  0   88.03  1534.41  1
 20547  27  1   3  1  1  2  0   69.23   223.56  1
 20548  51  0  20  0  1  1  0   53.54  1068.43  1
 20549  29  0  72  2  0  2  0  100.54  7279.83  0
 20550  73  0  51  2  1  1  0   40.93  2133.41  0
 20551  74  0  20  2  1  0  2   21.45   436.78  0
 20552  48  1  68  0  1  0  2   21.40  1466.70  1
 20553  45  0   9  0  1  2  0   86.88   761.38  1
 20554  67  1  11  0  1  1  1   66.61   734.16  1
 20555  63  0   4  0  1  2  0   98.67   378.66  1
 20556  45  0  38  1  1  0  2   18.00   710.65  0
 20557  63  0   6  0  0  0  2   24.80   159.28  0
 20558  56  0  30  2  1  2  0   78.37  2334.48  0
 20559  61  1  23  2  0  2  0   79.21  1796.98  0
 20560  52  1  66  0  0  2  0  100.58  6667.50  0
 20561  21  1  71  0  1  2  0   77.70  5533.16  0
 20562  59  0  31  2  1  0  2   25.66   809.54  0
 20563  73  0  47  0  0  2  1  104.98  4911.72  0
 20564  55  0   1  0  1  0  2   24.12    24.12  0
 20565  70  0  51  0  1  1  0   49.78  2568.83  0
 20566  71  0  48  1  1  1  1   61.97  2926.40  0
 20567  26  0  26  2  1  2  0   75.18  1946.56  0
 20568  52  1  37  0  0  1  0   55.71  2063.71  0
 20569  66  1   8  1  0  2  0   79.95   632.08  0
 20570  40  0  33  1  1  2  1   95.71  3170.11  1
 20571  50  1  15  1  0  1  0   60.91   909.49  0
 20572  38  1  42  0  1  0  2   18.00   771.20  0
 20573  28  0  20  0  0  2  0   86.15  1704.66  1
 20574  23  0  21  1  1  1  0   54.83  1166.39  0
 20575  40  0  62  0  1  1  0   60.92  3775.66  0
 20576  73  1  57  2  0  1  0   55.46  3173.27  0
 20577  48  1   4  0  1  0  2   22.04   116.77  0
 20578  55  1  52  1  0  1  1   65.33  3403.09  0
 20579  32  1  23  0  1  2  1   99.01  2271.67  1
 20580  57  1  12  0  0  1  0   40.86   478.21  1
 20581  58  0  53  0  0  2  0   61.03  3170.65  1
 20582  33  0  32  0  1  2  0  105.03  3379.42  1
 20583  51  0  42  0  1  2  0   87.47  3645.44  1
 20584  53  1  48  0  1  1  0   53.13  2570.83  1
 20585  26  1  63  2  1  1  1   76.47  4835.72  0
 20586  45  0  64  1  1  0  2   20.10  1294.33  0
 20587  22  0  50  0  1  0  2   22.34  1110.96  0
 20588  72  1  22  1  0  1  1   70.52  1529.60  0
 20589  74  0  26  1  0  2  0   83.62  2196.54  1
 20590  50  0  56  0  1  2  0   51.47  2873.37  0
 20591  70  1  27  1  1  1  1   60.87  1622.50  0
 20592  33  1  64  0  1  0  2   23.79  1545.17  0
 20593  47  1   8  2  1  1  0   43.17   362.22  0
 20594  32  1  58  0  1  0  2   18.00  1022.37  0
 20595  60  1  52  1  1  0  2   23.27  1230.20  0
 20596  73  1  29  0  0  0  2   19.95   599.45  0
 20597  21  0  59  0  1  0  2   18.00  1042.73  0
 20598  55  0   1  1  0  0  2   22.07    22.07  0
 20599  70  0  32  2  1  2  0   82.16  2661.76  0
 20600  34  0  67  2  0  2  0  120.00  8041.03  0
 20601  40  1  24  2  1  1  1   83.89  2032.84  0
 20602  35  1  47  0  0  0  2   23.47  1148.05  0
 20603  41  0  51  1  1  2  0   92.38  4714.97  0
 20604  53  0  47  2  0  2  1   85.15  3981.22  1
 20605  72  1  10  0  0  0  2   19.40   167.51  1
 20606  27  1  67  0  0  0  2   24.79  1671.26  0
 20607  65  0  53  2  1  1  0   47.93  2563.68  0
 20608  49  0  45  2  1  1  0   52.15  2346.30  0
 20609  54  0  55  0  0  0  2   18.00   972.84  0
 20610  65  0  64  1  1  1  0   40.67  2585.86  0
 20611  27  0   3  1  1  2  0   82.07   254.27  0
 20612  19  0   2  1  1  1  1   80.08   194.65  1
 20613  36  0  14  1  0  1  0   41.95   600.09  0
 20614  26  1  44  0  1  0  2   18.00   774.32  1
 20615  58  1  27  2  0  1  0   51.12  1424.52  0
 20616  32  0  35  1  1  2  0   73.62  2591.73  0
 20617  43  1  57  2  1  1  1   66.62  3767.69  0
 20618  29  0   8  0  0  0  2   27.89   217.94  1
 20619  50  1  58  0  1  0  2   19.06  1121.09  0
 20620  20  0  61  0  1  0  2   18.82  1151.99  0
 20621  60  1  28  1  1  0  2   21.86   628.23  0
 20622  30  1  18  2  0  0  2   18.00   328.88  0
 20623  24  0  11  0  0  2  0   64.91   696.59  0
 20624  56  0  38  0  0  1  1   75.00  2845.94  1
 20625  44  0  55  2  0  2  0   90.38  5001.35  0
 20626  59  1  42  0  0  2  0   85.16  3578.48  1
 20627  35  1  54  2  1  1  0   51.34  2801.23  1
 20628  28  1   8  0  0  1  1   72.30   559.70  1
 20629  42  0   7  0  1  2  0   97.03   652.79  1
 20630  35  1   2  1  1  2  0   82.14   176.25  1
 20631  45  0  27  1  0  2  0   55.57  1484.67  0
 20632  19  1   5  0  0  1  0   47.63   239.59  1
 20633  19  0  58  0  1  2  1  101.25  5896.55  0
 20634  23  0  10  0  1  0  2   18.51   208.99  0
 20635  31  0  20  0  1  2  1  111.75  2246.71  1
 20636  45  1  72  0  0  2  0   61.28  4390.08  1
 20637  68  1  51  0  1  2  0   70.78  3581.86  1
 20638  40  0  18  0  1  1  1   57.59  1003.82  1
 20639  56  1  51  0  0  2  0   76.91  3898.16  1
 20640  42  1  36  0  1  2  0  103.20  3713.84  1
 20641  26  0  12  1  0  2  0  109.08  1278.32  0
 20642  25  1  19  1  1  2  0  115.76  2214.70  1
 20643  20  1  27  0  1  1  1   66.67  1813.83  0
 20644  45  0  27  2  0  1  0   59.25  1619.73  0
 20645  56  1   9  1  1  1  1   53.58   471.30  0
 20646  41  1  43  1  1  0  2   19.25   826.39  1
 20647  18  1  41  0  0  2  1   90.27  3727.09  1
 20648  53  0  54  2  1  0  2   23.43  1275.69  0
 20649  69  1  12  0  1  2  0  111.67  1333.57  1
 20650  63  0  24  2  1  0  2   24.20   556.53  0
 20651  25  0  21  1  1  2  0   70.42  1468.61  0
 20652  40  1  68  2  0  2  1  107.93  7338.39  0
 20653  28  1  66  0  1  2  0   58.30  3837.84  1
 20654  24  0  64  1  1  2  0   78.96  5043.64  0
 20655  23  0  35  0  1  2  0   79.17  2756.15  1
 20656  63  0  50  1  1  2  0   82.96  4148.75  0
 20657  37  0  45  0  0  2  0  101.52  4545.70  0
 20658  71  1  58  0  1  2  1  120.00  6961.65  0
 20659  35  0   1  0  0  2  0   77.73   124.90  1
 20660  38  1  63  0  1  0  2   20.43  1292.61  1
 20661  20  1   3  2  1  2  1   98.22   284.80  0
 20662  20  0  28  0  0  0  2   18.00   509.09  1
 20663  60  0   8  2  1  2  1  118.29   954.25  0
 20664  71  1  64  1  0  1  0   57.72  3664.57  0
 20665  61  1  59  0  0  1  0   31.29  1839.02  0
 20666  46  1  62  2  1  0  2   27.08  1724.32  0
 20667  64  0  29  1  0  2  1   75.67  2205.47  1
 20668  70  1  68  0  1  1  0   45.15  3061.50  0
 20669  60  1  55  0  1  1  0   52.52  2904.37  0
 20670  21  1  37  0  1  1  0   62.38  2321.04  1
 20671  27  0   2  0  0  2  0  112.00   196.76  1
 20672  30  1  15  1  1  0  2   27.71   406.25  1
 20673  52  0  23  2  0  0  2   18.00   420.91  0
 20674  31  1  28  2  0  2  0   87.22  2450.14  1
 20675  39  1  39  0  0  2  1   77.06  2999.13  1
 20676  50  0   2  2  0  1  1   64.91   130.23  1
 20677  66  1  13  0  0  2  0   72.01   937.02  1
 20678  51  0  17  0  1  0  2   18.00   320.28  1
 20679  51  1   7  2  0  1  1   64.80   459.73  0
 20680  34  1  13  2  0  2  0   77.36  1038.10  1
 20681  40  0  57  1  1  2  1   99.55  5664.13  1
 20682  39  0  34  2  0  2  0   66.17  2222.79  0
 20683  46  1  18  1  1  0  2   18.00   279.99  0
 20684  48  0  31  0  0  2  0  105.44  3250.31  1
 20685  34  0  21  0  1  2  1   90.81  1931.53  0
 20686  66  1  41  0  1  2  0   81.99  3411.60  0
 20687  49  0  21  1  1  2  0   85.75  1800.48  0
 20688  30  0  34  0  1  1  0   50.30  1726.25  0
 20689  67  1   9  0  1  1  1   79.43   699.02  1
 20690  29  1  70  1  1  0  2   18.00  1290.38  0
 20691  39  1  24  0  0  2  0  101.23  2431.90  1
 20692  22  0   1  2  0  2  0   37.17    43.66  0
 20693  22  1  40  1  0  0  2   18.74   762.01  0
 20694  36  1  18  0  0  1  1   69.86  1279.22  1
 20695  72  1  10  1  1  0  2   18.00   171.07  0
 20696  42  0  39  0  1  2  1  116.31  4506.78  1
 20697  41  1   6  0  0  2  0  113.82   683.65  1
 20698  32  1  66  0  1  2  1   90.16  5938.04  0
 20699  71  0  39  1  1  0  2   20.53   800.99  1
 20700  22  0  15  0  1  1  1   85.01  1269.83  0
 20701  53  1  71  0  1  2  1  117.96  8350.77  0
 20702  45  0  58  0  1  1  0   45.47  2635.64  0
 20703  68  0  32  1  1  1  0   43.03  1357.52  0
 20704  62  0  52  0  1  2  0   98.21  5154.07  1
 20705  26  0  66  0  0  1  0   58.55  3886.17  1
 20706  54  0  45  0  1  2  0   93.02  4205.70  0
 20707  33  0  68  1  1  1  1   71.93  4887.98  0
 20708  35  1  27  0  0  2  0   72.69  1956.68  1
 20709  20  0  21  2  0  0  2   22.55   454.57  1
 20710  51  1  38  0  0  1  0   51.45  1948.72  0
 20711  46  0  52  2  1  1  1   61.77  3217.32  0
 20712  69  0  47  1  0  2  0  113.54  5280.17  0
 20713  55  0  57  0  0  1  0   51.08  2938.48  0
 20714  28  0  41  0  1  2  0   79.94  3262.44  0
 20715  27  0  62  0  0  2  1   98.36  6113.40  0
 20716  55  1  67  1  1  0  2   24.20  1610.56  0
 20717  56  0  63  2  1  0  2   23.56  1490.98  0
 20718  47  0  15  0  0  2  1  115.48  1719.15  0
 20719  34  0  10  0  1  1  0   66.68   675.68  1
 20720  51  1  47  2  1  0  2   26.79  1288.64  0
 20721  44  0  41  2  1  1  0   51.71  2113.61  0
 20722  56  0  50  0  1  1  0   45.54  2244.94  0
 20723  40  1  41  0  0  2  1   72.96  2995.06  1
 20724  36  0  53  1  0  0  2   22.99  1169.37  0
 20725  66  1   6  1  1  1  1   69.37   445.36  0
 20726  43  1  63  0  1  1  0   48.35  3074.50  0
 20727  59  1  32  0  1  1  0   53.89  1711.10  1
 20728  53  1  30  1  0  2  0  102.11  3025.55  0
 20729  73  1  63  0  1  2  0  100.04  6310.92  0
 20730  47  0  37  0  1  1  0   66.23  2431.09  1
 20731  42  1  29  1  1  0  2   18.00   506.84  0
 20732  30  0  66  0  0  1  0   59.53  3909.21  0
 20733  29  1  31  0  0  1  0   57.27  1792.42  1
 20734  39  1  45  0  0  1  0   51.27  2321.80  0
 20735  68  0  53  1  0  2  0  101.03  5357.30  0
 20736  26  1  57  2  1  1  1   71.65  4135.85  0
 20737  38  0  72  0  0  1  1   56.62  4061.72  0
 20738  43  1  30  0  0  2  0  106.01  3166.29  1
 20739  51  1  63  2  0  2  1   93.00  5873.74  0
 20740  64  1  35  1  0  1  1   68.28  2385.83  0
 20741  27  1   4  1  1  2  0   86.38   332.00  1
 20742  19  1  31  0  0  2  1   69.24  2145.08  0
 20743  62  0  12  2  1  0  2   18.00   182.74  0
 20744  42  0  56  1  1  0  2   21.81  1230.15  0
 20745  54  0   2  2  0  1  1   72.83   141.46  1
 20746  66  1  27  2  1  1  0   61.96  1679.65  1
 20747  34  1  21  0  0  1  0   51.56  1078.90  0
 20748  57  0  32  2  0  2  0   94.60  3038.08  0
 20749  51  0  15  2  1  2  0   59.94   880.69  0
 20750  53  0  48  0  0  1  0   63.11  3030.67  0
 20751  18  0   7  1  0  2  1   82.27   582.36  0
 20752  58  0  46  2  0  2  1  109.58  5044.94  0
 20753  65  0  67  1  1  2  1  107.84  7272.28  0
 20754  35  0  28  2  1  2  0   99.97  2821.89  0
 20755  40  1  12  0  1  2  1   77.94   939.52  1
 20756  30  1   6  1  0  1  1   65.10   367.10  0
 20757  31  1  35  2  1  2  0   87.04  3051.42  0
 20758  73  0  30  0  0  1  1   96.09  2891.98  1
 20759  31  0  22  1  1  2  0   88.86  1953.29  1
 20760  36  0   4  1  0  1  1   63.54   277.32  1
 20761  39  0  46  0  0  1  0   47.93  2228.97  0
 20762  34  0  37  2  0  1  0   37.18  1378.70  0
 20763  20  1  15  0  1  2  1   90.84  1366.82  0
 20764  33  0   1  2  1  1  1   62.68    62.68  0
 20765  65  1   5  0  1  2  0   90.48   483.95  1
 20766  49  0  53  2  1  0  2   20.61  1064.84  0
 20767  33  1  59  0  1  2  0   92.95  5482.63  0
 20768  32  1  70  1  1  1  0   52.02  3641.49  0
 20769  56  1  17  2  0  1  1   69.24  1153.72  0
 20770  36  0  21  0  1  1  0   44.44   925.53  0
 20771  69  1   2  0  0  1  0   46.75   118.08  1
 20772  23  0  48  0  1  2  0  102.12  4905.80  1
 20773  68  0  53  0  1  0  2   18.00   921.23  0
 20774  34  0  54  0  0  2  0   83.92  4534.89  1
 20775  71  1   8  0  0  1  0   54.76   445.51  0
 20776  71  0  20  0  0  0  2   23.50   461.79  0
 20777  21  1  11  1  1  1  0   72.51   783.86  1
 20778  71  0   1  0  0  2  1   95.09   116.86  1
 20779  65  0   4  0  1  1  0   44.72   182.81  0
 20780  56  0  26  0  1  2  0   74.71  1944.34  0
 20781  18  0  52  1  1  2  0  107.05  5559.39  0
 20782  68  1  50  0  1  2  1  107.93  5402.04  1
 20783  70  0  71  1  0  1  0   55.85  3946.40  0
 20784  73  0  23  1  1  1  0   69.90  1617.43  1
 20785  51  0  27  0  1  1  0   52.65  1431.13  1
 20786  44  0  38  0  1  2  1   80.73  3062.61  1
 20787  32  1  42  2  1  1  0   50.35  2132.88  0
 20788  29  0  27  2  0  1  0   40.96  1093.10  0
 20789  44  0  23  0  0  2  0   93.23  2158.71  1
 20790  48  1  37  0  1  2  0   90.07  3339.51  1
 20791  62  0  42  1  0  0  2   18.00   774.92  0
 20792  18  1  29  0  0  0  2   21.58   618.72  0
 20793  34  1  51  0  0  1  1   65.30  3335.39  0
 20794  61  1  15  1  1  1  0   44.79   690.59  0
 20795  56  1  30  0  1  2  0   79.36  2364.21  0
 20796  22  1  20  0  0  2  1  114.17  2292.46  1
 20797  23  0  25  2  0  0  2   25.20   642.75  0
 20798  39  1  46  2  1  1  0   62.46  2873.46  0
 20799  52  0  34  0  0  2  1  101.54  3464.57  0
 20800  68  1  32  0  1  2  1  112.26  3587.22  1
 20801  44  0  34  1  1  2  0  109.71  3719.68  1
 20802  49  1  36  2  0  1  1   68.06  2436.70  0
 20803  58  0  19  2  0  1  0   50.40   969.55  0
 20804  54  1  50  0  1  2  1   93.49  4695.96  1
 20805  45  1  16  0  0  2  0   62.96  1001.92  0
 20806  57  1  71  1  1  2  0   64.21  4541.74  0
 20807  43  1  71  0  1  1  0   57.93  4143.62  0
 20808  27  1  12  0  0  1  0   61.18   725.43  1
 20809  38  0  56  1  1  2  1  113.06  6324.40  0
 20810  42  1  57  0  0  0  2   18.97  1069.27  0
 20811  57  0  39  0  0  2  0   97.34  3814.03  0
 20812  40  0  58  1  0  1  0   79.36  4616.20  0
 20813  55  0  62  0  0  2  1  112.85  6983.33  0
 20814  34  0  59  1  1  2  0  114.11  6750.63  1
 20815  66  1  66  2  1  0  2   18.00  1187.66  0
 20816  56  1  46  2  1  1  0   50.51  2265.69  0
 20817  66  1  71  0  0  1  0   35.54  2539.57  0
 20818  63  0  11  2  1  1  0   63.47   710.71  0
 20819  74  0  41  1  1  2  0   74.62  3066.02  0
 20820  59  0  35  2  0  2  1  100.05  3500.42  0
 20821  48  1  39  0  0  1  0   62.59  2439.92  0
 20822  49  0  15  0  0  1  0   50.77   811.30  0
 20823  58  0  39  0  0  0  2   25.55   980.82  0
 20824  71  1  32  0  1  0  2   18.00   549.66  1
 20825  26  1  25  1  1  1  0   57.21  1436.98  1
 20826  44  0  10  0  1  1  0   59.22   598.67  1
 20827  34  1  56  0  1  2  1   96.64  5424.30  0
 20828  24  1  59  0  1  1  0   66.25  3911.26  1
 20829  59  0  30  1  0  2  0  103.81  3123.54  0
 20830  21  0  20  1  0  2  0   58.56  1168.65  0
 20831  50  1  68  2  1  1  1   63.20  4298.61  0
 20832  65  1  53  0  0  0  2   23.78  1279.21  0
 20833  21  0   2  1  0  2  0  103.25   187.05  1
 20834  54  1   7  2  1  1  0   33.79   235.65  1
 20835  70  1  35  0  1  2  0   86.62  3031.19  1
 20836  20  0   8  1  1  1  1   62.71   522.01  0
 20837  74  1  37  0  0  1  1   52.94  1972.38  0
 20838  65  1  68  0  0  2  0   69.26  4709.22  0
 20839  46  0  31  0  1  2  0   93.82  2929.67  0
 20840  32  1  14  0  0  1  0   59.73   817.44  1
 20841  44  0  72  1  0  0  2   23.04  1675.69  0
 20842  41  0  57  2  1  2  0   92.64  5267.52  0
 20843  40  0  55  0  0  1  1   66.58  3669.82  0
 20844  19  1  53  0  0  2  0   53.26  2791.76  0
 20845  67  1  51  0  1  1  0   44.52  2264.90  0
 20846  55  0  58  1  0  0  2   30.00  1747.21  0
 20847  20  0  23  2  1  2  1   88.76  2043.66  0
 20848  27  1  70  1  1  2  1   86.58  6072.72  0
 20849  71  0  67  0  1  2  1  103.32  6907.84  1
 20850  44  0  41  2  0  0  2   18.00   734.64  0
 20851  51  1  59  0  1  1  0   55.39  3240.23  0
 20852  27  0  26  0  1  0  2   23.05   611.18  0
 20853  33  0   5  2  0  2  0   86.96   428.38  1
 20854  45  1   8  2  1  2  0   76.91   602.82  1
 20855  24  1  34  1  0  2  0  105.71  3604.65  0
 20856  49  0  32  2  1  1  0   62.99  2043.06  0
 20857  55  1  51  0  1  2  0   63.38  3241.29  1
 20858  18  1  64  0  0  2  1   78.70  5029.05  0
 20859  30  0  10  0  0  2  1  102.46  1032.08  1
 20860  47  1  63  0  0  0  2   23.18  1497.31  0
 20861  53  0   7  1  1  2  1  104.35   711.35  1
 20862  52  0  44  2  1  0  2   18.23   806.01  0
 20863  48  1  33  0  1  2  0  100.15  3298.24  1
 20864  37  0  58  0  1  1  0   46.63  2696.50  0
 20865  22  1  22  0  0  1  1   63.40  1383.29  1
 20866  33  1  33  0  0  0  2   22.92   787.29  0
 20867  38  0  60  0  1  2  1  120.00  7199.06  0
 20868  56  0  10  1  1  0  2   18.00   191.29  1
 20869  27  1  71  2  0  1  0   68.89  4863.47  0
 20870  55  0  26  1  0  2  1   92.39  2400.24  0
 20871  70  0  52  0  1  0  2   18.00   961.13  1
 20872  52  1  53  2  1  1  0   67.55  3569.88  0
 20873  53  0  50  1  1  1  0   62.96  3129.74  0
 20874  46  0  66  1  1  2  1   40.61  2724.44  0
 20875  74  0  51  2  0  0  2   22.55  1119.92  0
 20876  73  1  27  1  1  0  2   28.88   797.15  0
 20877  20  1  33  2  1  1  0   60.08  1966.62  0
 20878  48  0  10  0  1  2  1   84.46   845.63  0
 20879  53  1  24  1  0  0  2   25.64   629.12  0
 20880  45  0  23  0  0  0  2   20.62   479.11  0
 20881  64  1  12  0  1  0  2   18.00   214.71  0
 20882  40  1  39  0  1  2  1  113.07  4408.36  1
 20883  26  1   4  2  1  2  0   67.26   275.04  1
 20884  34  1  21  2  1  1  1   57.81  1188.31  0
 20885  45  1   3  0  1  0  2   18.00    42.52  1
 20886  20  1  10  0  0  2  1  102.35   996.27  1
 20887  72  0  44  1  0  2  1   75.09  3300.03  1
 20888  48  1  71  1  0  2  0   77.08  5444.47  0
 20889  62  0  35  0  0  2  0   65.57  2317.92  1
 20890  55  1  28  0  1  0  2   18.00   488.16  1
 20891  50  1  62  2  0  0  2   18.00  1106.78  0
 20892  39  0  63  2  1  1  1   58.83  3700.16  1
 20893  42  1  69  1  1  2  1  100.88  6985.24  0
 20894  59  1  33  0  0  1  0   44.10  1448.56  1
 20895  60  1  24  0  1  2  1   87.41  2113.26  1
 20896  48  0  70  0  1  0  2   18.00  1273.14  0
 20897  41  1  23  2  0  0  2   25.55   596.31  0
 20898  54  0  67  0  0  0  2   24.53  1587.81  0
 20899  22  0  42  2  1  2  0   99.66  4171.65  0
 20900  69  0  26  0  1  2  1   94.06  2438.79  1
 20901  74  1  42  0  1  0  2   18.00   763.99  1
 20902  68  0  36  1  0  1  0   41.43  1493.72  0
 20903  69  1  18  0  0  1  1   45.48   793.19  0
 20904  32  0  55  1  0  2  1  106.67  5849.63  1
 20905  66  0   1  0  1  0  2   20.32    23.00  1
 20906  67  0  11  1  1  2  0   71.35   836.34  1
 20907  51  1   5  0  0  1  0   40.52   189.65  1
 20908  33  0  21  1  0  1  1   66.06  1361.87  0
 20909  43  1   1  1  0  0  2   18.00    18.00  0
 20910  21  0  20  2  1  2  0   96.13  1918.05  0
 20911  37  1  69  0  1  1  0   54.14  3754.25  0
 20912  24  0  18  1  0  0  2   31.87   573.46  0
 20913  25  0  65  1  1  2  0   89.35  5834.25  1
 20914  24  0  33  1  1  2  1   67.73  2235.53  0
 20915  62  0   3  0  0  2  0   79.90   218.73  1
 20916  36  0  28  0  1  2  1   83.73  2335.72  0
 20917  45  0  64  1  1  2  1   88.35  5659.28  0
 20918  62  0  64  0  1  1  0   37.36  2369.25  0
 20919  22  0   7  1  1  1  1   64.19   468.41  0
 20920  61  1  72  1  1  0  2   18.00  1287.03  0
 20921  37  0  71  0  1  0  2   19.83  1419.08  0
 20922  47  1  51  0  0  1  0   79.77  4070.78  0
 20923  71  1  28  1  1  1  0   65.67  1863.10  1
 20924  32  1  36  2  1  0  2   28.14  1033.63  0
 20925  30  1  68  1  0  0  2   30.22  2044.55  0
 20926  68  0  23  0  0  2  0   70.04  1617.74  0
 20927  34  1   9  0  1  2  0   85.71   783.84  1
 20928  32  0  39  1  1  0  2   20.23   815.80  1
 20929  68  1  43  0  1  1  1   48.06  2064.39  0
 20930  24  0  49  0  1  1  0   49.06  2417.26  0
 20931  47  0   4  0  0  2  0   76.35   303.02  1
 20932  56  1  69  0  0  1  0   50.27  3427.31  0
 20933  72  1  18  2  1  0  2   18.00   302.54  0
 20934  59  1   5  2  0  2  0   87.29   419.58  1
 20935  41  1  55  1  1  2  1  107.75  5907.97  1
 20936  31  1  40  0  1  0  2   22.07   854.87  0
 20937  25  0   4  1  1  0  2   18.00    52.46  0
 20938  49  1  23  1  0  1  1   61.27  1412.06  0
 20939  50  0   1  2  1  2  0   89.71   125.60  0
 20940  68  0  25  0  1  1  0   59.06  1458.18  0
 20941  50  1  69  0  1  1  1   40.74  2806.20  0
 20942  44  1   6  1  1  2  0   42.75   237.15  1
 20943  29  0  65  0  0  2  0   79.72  5198.50  0
 20944  41  1  37  0  1  1  1   63.43  2346.91  0
 20945  53  0  59  0  0  1  0   58.02  3400.29  0
 20946  54  1  54  0  1  1  0   41.65  2270.02  0
 20947  51  0  70  0  0  2  0   81.86  5753.04  0
 20948  69  0  32  0  1  1  0   62.06  1967.95  1
 20949  23  0  42  0  0  1  0   62.33  2619.18  0
 20950  59  1  51  0  1  2  0   74.06  3799.12  1
 20951  71  0  19  0  1  0  2   18.00   336.69  0
 20952  68  0  62  0  1  1  0   48.54  2970.78  1
 20953  56  1   8  0  1  0  2   18.00   132.25  0
 20954  47  1  36  1  0  2  0   70.69  2527.40  1
 20955  64  0  66  1  1  1  0   51.19  3364.15  0
 20956  41  1  18  0  1  2  0   97.99  1783.97  0
 20957  66  0  15  0  1  2  0   79.02  1204.11  1
 20958  61  1  53  0  0  0  2   18.94  1007.89  0
 20959  20  0  41  2  0  2  0   82.45  3374.85  0
 20960  55  1   3  0  0  0  2   22.13    66.10  1
 20961  22  1  56  0  0  0  2   20.28  1124.28  0
 20962  71  0  53  1  1  0  2   18.00   940.08  0
 20963  42  0  15  1  1  2  0   75.34  1160.53  1
 20964  40  0  16  0  1  2  1   98.90  1609.17  1
 20965  44  0  67  1  0  1  0   58.33  3878.34  0
 20966  74  0  14  1  1  2  0   79.62  1119.44  1
 20967  48  0  55  1  1  0  2   18.63  1028.44  0
 20968  31  0  66  2  1  0  2   18.54  1214.09  0
 20969  35  0  65  2  1  1  0   49.02  3147.91  0
 20970  68  0  45  0  0  1  0   46.86  2097.66  1
 20971  63  1  49  1  1  1  1   66.03  3233.28  0
 20972  48  1  16  0  1  2  0   52.59   847.16  0
 20973  20  0  29  0  1  2  1   94.93  2764.35  0
 20974  67  1  41  1  1  2  1  113.69  4637.32  1
 20975  44  1  53  0  1  1  0   44.77  2383.64  1
 20976  18  0  21  0  1  2  0   58.40  1240.86  1
 20977  50  0  42  2  1  1  0   67.21  2861.87  0
 20978  47  0  55  0  0  2  0   98.83  5434.77  0
 20979  64  1   6  1  1  1  0   46.66   255.61  0
 20980  37  0  44  1  1  1  0   53.47  2368.40  0
 20981  69  0  43  1  1  0  2   25.54  1091.69  0
 20982  45  1  22  1  0  2  1   92.26  2012.78  1
 20983  40  0   8  0  1  2  0  108.97   875.35  1
 20984  57  0  31  0  1  2  0   95.29  2951.24  1
 20985  62  1   6  1  1  2  0   91.47   521.50  1
 20986  56  1  43  0  0  2  0   97.22  4175.48  1
 20987  35  1  23  0  1  1  0   51.47  1197.49  1
 20988  55  1   3  0  1  1  1   52.00   158.08  1
 20989  59  0  29  0  1  2  0   73.23  2135.27  1
 20990  43  0  28  0  1  2  0   85.53  2395.77  1
 20991  29  0  71  1  1  0  2   18.00  1313.75  0
 20992  64  0  45  2  0  1  1   58.00  2643.91  0
 20993  46  1  59  1  1  1  1   57.79  3385.72  0
 20994  36  1  61  0  1  2  0  103.79  6345.33  0
 20995  71  1  70  0  1  2  0  112.05  7829.89  0
 20996  32  0   5  0  1  2  0   90.23   407.68  1
 20997  28  0   1  0  1  1  0   50.08    54.59  0
 20998  56  1   4  1  0  1  1   70.80   298.13  0
 20999  21  0  60  0  1  0  2   21.81  1296.15  0
 21000  58  1  62  0  0  1  0   53.01  3307.36  0
 21001  25  1  52  0  0  2  0  111.56  5755.03  0
 21002  63  1  35  0  1  2  1   98.01  3473.81  0
 21003  65  0  40  2  1  2  0  107.29  4319.46  0
 21004  70  0  32  1  1  2  1   97.20  3114.41  0
 21005  22  1  29  1  0  1  0   43.92  1274.52  0
 21006  41  0  35  2  1  2  1   96.44  3337.78  1
 21007  56  1  58  2  1  2  0   99.90  5806.30  0
 21008  46  0  63  1  1  0  2   18.00  1102.38  0
 21009  50  1  71  2  0  1  0   60.53  4287.48  0
 21010  42  1  52  1  0  2  0   67.80  3524.61  0
 21011  52  0  39  0  0  2  0  107.70  4214.43  1
 21012  51  0  66  2  1  1  0   52.13  3436.33  0
 21013  55  0   2  0  0  0  2   18.12    57.30  1
 21014  49  0  31  2  0  2  0   91.70  2832.68  1
 21015  45  1  41  1  0  2  1  115.34  4753.60  1
 21016  36  0  43  0  1  0  2   18.00   760.15  1
 21017  22  0  32  0  1  1  0   50.48  1620.75  0
 21018  39  1  59  1  1  0  2   21.93  1279.28  0
 21019  67  0  41  0  0  2  0   72.95  2957.36  1
 21020  41  1  72  0  1  2  0   70.96  5127.99  1
 21021  33  1  61  1  1  1  1   62.30  3807.75  0
 21022  44  0   9  1  1  1  0   60.75   555.45  1
 21023  38  1  63  0  1  0  2   19.13  1232.48  0
 21024  35  1  44  0  1  0  2   18.00   799.51  0
 21025  29  1  69  2  0  2  0   87.30  6011.41  1
 21026  47  0  57  0  0  0  2   18.00  1025.46  0
 21027  40  0  53  0  1  2  0   60.47  3216.81  0
 21028  69  0  72  0  0  1  0   62.65  4493.68  0
 21029  37  1  38  2  0  2  0  107.55  4116.79  1
 21030  55  1  14  2  0  1  1   60.17   813.15  0
 21031  71  1  25  0  1  0  2   18.00   447.41  1
 21032  43  0  29  0  0  2  1  106.28  3082.34  1
 21033  69  0  70  1  0  2  1   64.19  4470.73  0
 21034  65  0  48  2  0  0  2   18.00   885.11  0
 21035  31  0  60  2  1  1  0   40.75  2426.06  0
 21036  69  0  41  0  1  0  2   24.51  1039.84  1
 21037  18  0  19  2  1  0  2   19.06   355.40  0
 21038  62  0   4  0  1  0  2   21.13    60.75  0
 21039  35  1   7  2  0  2  1   68.14   441.54  0
 21040  35  1  44  1  1  1  1   91.99  4046.96  0
 21041  26  0  42  1  1  0  2   22.67   933.31  0
 21042  64  0  38  0  1  0  2   21.25   799.40  0
 21043  47  1  49  0  1  1  0   45.49  2253.73  1
 21044  46  0  23  0  1  2  0   87.77  1996.63  1
 21045  23  0  12  0  0  2  1   95.23  1146.93  1
 21046  68  1  33  1  0  2  0   83.78  2798.57  1
 21047  66  0  65  0  0  2  0   70.51  4552.31  0
 21048  44  1  29  0  1  2  1   99.35  2893.91  1
 21049  36  0  66  1  0  0  2   18.96  1277.41  0
 21050  68  1  44  0  1  1  0   55.08  2422.70  0
 21051  65  0  14  0  0  1  1   54.74   762.77  1
 21052  55  1  61  0  1  2  1   82.21  5008.77  0
 21053  46  1  45  0  1  0  2   18.00   828.85  0
 21054  30  1  57  1  1  1  0   67.49  3851.98  0
 21055  57  1   4  0  1  2  1  104.89   440.40  1
 21056  37  0  26  0  0  2  0   72.76  1910.74  0
 21057  49  1  46  0  0  1  0   67.01  3068.80  0
 21058  25  1  35  0  1  2  1  110.69  3856.72  1
 21059  55  1  52  0  0  0  2   18.00   940.92  0
 21060  38  0  11  1  1  2  0  112.48  1251.31  0
 21061  71  1   4  0  1  2  0   98.26   389.33  1
 21062  23  1  11  0  1  2  1   91.01   992.84  1
 21063  53  1  25  2  0  2  1   95.64  2387.56  0
 21064  18  0  30  0  1  2  1   98.48  2919.51  0
 21065  66  1  69  1  1  2  0   80.11  5534.85  0
 21066  31  0   2  2  1  0  2   26.66    74.39  0
 21067  67  1  52  0  1  1  0   48.96  2519.27  0
 21068  67  0  42  2  1  1  0   54.55  2337.40  1
 21069  27  1  19  1  1  0  2   24.73   449.45  0
 21070  69  1  44  0  1  2  1  120.00  5225.66  1
 21071  64  1  30  0  0  1  1   65.65  1946.63  0
 21072  21  0  45  0  1  0  2   20.52   912.51  0
 21073  68  0  63  1  1  1  1   71.54  4468.74  1
 21074  24  0  29  0  0  1  1   56.65  1654.40  1
 21075  55  0  41  0  1  1  0   51.07  2114.17  1
 21076  57  0  28  0  0  2  0  106.23  3013.89  1
 21077  69  0  43  2  1  2  0   89.29  3864.30  0
 21078  60  1  51  0  1  2  1   80.39  4112.99  1
 21079  27  0  40  2  1  1  1   59.03  2345.76  0
 21080  66  0  51  1  1  2  0  106.33  5425.17  1
 21081  65  0  29  0  1  2  1   54.95  1593.11  1
 21082  48  1  28  1  1  0  2   18.00   499.82  0
 21083  42  1  64  0  1  0  2   18.30  1183.86  0
 21084  48  1  53  2  0  1  0   64.76  3451.96  0
 21085  36  0  15  0  1  1  0   42.25   638.45  1
 21086  70  0   8  0  0  2  1  120.00   943.28  1
 21087  60  0  64  1  1  0  2   20.32  1274.35  0
 21088  71  0  55  0  1  2  1   97.41  5320.59  0
 21089  65  0   5  2  1  2  0   99.15   480.09  1
 21090  74  0  10  0  1  2  1  112.78  1147.36  1
 21091  70  0  68  0  0  1  0   42.51  2892.44  0
 21092  51  0  37  0  0  1  1   60.55  2226.19  0
 21093  23  0  28  2  1  2  0  108.51  3044.81  1
 21094  19  0  71  0  0  0  2   26.06  1870.26  0
 21095  26  1  15  0  0  2  0   98.18  1465.00  1
 21096  52  0  19  0  0  1  0   69.23  1318.75  0
 21097  70  0   5  0  1  1  0   61.52   304.92  0
 21098  31  0  32  0  0  2  0   82.45  2602.88  0
 21099  37  1  16  0  1  1  0   61.08   982.32  1
 21100  23  1  26  2  1  0  2   23.29   592.30  0
 21101  52  0  12  1  1  1  0   55.13   659.63  1
 21102  52  0  62  2  1  2  0   96.29  5957.02  0
 21103  38  1   1  0  1  2  0   68.24    68.24  1
 21104  24  1  58  1  0  1  0   42.27  2422.91  0
 21105  56  1  51  0  1  2  1  120.00  6111.48  1
 21106  70  1   2  1  1  1  0   46.33   105.08  0
 21107  60  0   4  1  1  1  0   64.15   267.04  0
 21108  71  1   5  0  0  1  1   68.18   344.00  1
 21109  60  0  49  0  0  1  0   65.74  3246.48  0
 21110  34  1  25  0  0  2  0  102.98  2595.86  1
 21111  61  0  15  0  1  0  2   18.00   286.81  1
 21112  29  0  70  0  0  1  0   67.10  4722.12  0
 21113  58  1  69  0  1  1  0   51.25  3532.17  1
 21114  56  1  64  0  0  2  1  110.77  7073.04  1
 21115  31  1   7  0  0  2  1   84.84   601.75  1
 21116  32  1  69  1  1  2  0  107.29  7405.76  0
 21117  28  1  56  0  1  1  1   68.34  3812.87  0
 21118  64  1  59  0  0  2  0   94.60  5578.61  0
 21119  49  0   8  0  0  1  1   64.63   520.10  0
 21120  54  0  13  0  0  2  1  108.30  1393.99  1
 21121  53  0  35  0  1  2  0   84.08  2960.15  1
 21122  45  1  29  0  0  2  1   80.71  2339.69  0
 21123  35  0   9  1  0  2  0   95.65   929.23  1
 21124  28  1  62  0  0  1  0   55.61  3460.37  0
 21125  67  0  10  0  1  2  1  104.03  1054.65  1
 21126  30  0  15  1  0  1  1   55.75   829.83  0
 21127  19  0  35  0  0  1  0   54.77  1936.67  0
 21128  39  0  39  0  1  1  0   52.09  2020.24  0
 21129  64  0  37  1  0  2  0   94.88  3498.71  1
 21130  45  1  24  0  1  2  1   69.71  1654.28  0
 21131  41  0   5  2  1  1  1   60.87   313.52  0
 21132  20  0  47  0  0  0  2   22.55  1017.96  0
 21133  22  0  61  1  1  2  0   95.53  5797.93  1
 21134  52  0  59  0  0  2  0  102.11  5997.39  1
 21135  63  1  59  0  0  0  2   18.00  1059.31  0
 21136  31  0   7  1  1  1  1   62.07   405.42  0
 21137  54  0  41  0  0  1  1   52.23  2118.10  1
 21138  61  1  13  0  1  0  2   18.00   235.51  0
 21139  20  0  70  0  0  1  0   60.43  4233.73  0
 21140  39  0  68  1  1  2  1  118.39  8033.49  0
 21141  42  1  53  1  1  1  1   55.69  2950.14  0
 21142  18  1  69  1  0  2  0  102.95  7074.04  0
 21143  42  0  13  2  0  2  0   83.20  1073.66  0
 21144  63  1  69  1  0  2  1   83.88  5780.86  1
 21145  35  1  72  0  1  1  0   49.53  3566.82  0
 21146  69  1  29  2  0  1  0   62.97  1846.17  1
 21147  21  1  15  2  1  1  1   79.07  1154.55  0
 21148  34  1   1  0  1  2  1  120.00   140.44  1
 21149  66  1  24  0  0  1  0   47.72  1125.45  1
 21150  68  0  14  0  0  2  0   59.70   837.74  1
 21151  25  1  27  1  0  1  1   63.66  1723.13  0
 21152  21  1  13  0  1  2  0   90.37  1178.56  1
 21153  35  0  48  1  1  1  1   73.85  3584.06  0
 21154  34  1  25  0  0  2  0   90.05  2256.26  1
 21155  58  0  41  0  0  2  0   74.72  3069.55  1
 21156  41  1  10  0  1  2  0   58.62   597.87  0
 21157  68  1   7  2  0  2  0  120.00   855.56  1
 21158  64  1   1  1  0  1  1   64.79    88.82  1
 21159  40  0  53  0  0  1  0   35.38  1898.64  0
 21160  27  0  55  1  1  2  0   77.59  4257.31  1
 21161  51  1  12  0  0  1  0   52.30   624.15  0
 21162  50  0  37  2  1  0  2   22.84   846.62  0
 21163  48  0  47  0  1  1  0   65.20  3050.31  1
 21164  26  0  11  1  1  2  0   68.71   761.82  1
 21165  63  0  65  1  1  1  0   47.34  3091.21  0
 21166  53  1  15  2  0  1  0   52.44   782.36  0
 21167  26  1  16  1  1  0  2   28.35   445.14  1
 21168  40  1  55  0  1  2  0   79.84  4382.56  1
 21169  36  0  69  0  1  2  1   77.59  5361.91  0
 21170  33  1  44  0  0  0  2   18.00   777.66  0
 21171  28  0  39  2  1  1  0   62.75  2461.03  1
 21172  41  0  46  0  1  0  2   18.28   786.78  1
 21173  41  0  43  0  0  1  1   76.56  3312.09  1
 21174  61  1  24  2  1  2  0   78.86  1915.98  1
 21175  45  0  55  0  0  1  0   34.42  1905.12  0
 21176  40  1  34  1  1  1  0   63.41  2145.26  0
 21177  21  0  11  2  1  1  1   55.74   640.37  0
 21178  72  0  26  1  1  0  2   22.67   566.16  1
 21179  72  0  65  0  1  2  1   92.97  6051.30  0
 21180  27  0  31  1  1  0  2   19.27   582.33  0
 21181  45  1   7  0  1  0  2   18.21   139.62  1
 21182  35  0  21  0  0  0  2   19.00   377.82  0
 21183  65  1  35  1  1  1  0   47.93  1659.62  0
 21184  55  0  21  2  1  1  0   49.60  1036.93  1
 21185  53  1  66  1  0  0  2   18.00  1158.01  0
 21186  24  1  23  0  1  2  0   66.49  1546.72  0
 21187  59  1   3  0  1  1  0   50.80   161.73  1
 21188  68  1   8  0  0  1  0   67.96   524.28  1
 21189  45  0  43  2  1  1  0   69.20  2980.22  0
 21190  33  1  13  0  1  1  1   71.96   931.11  1
 21191  71  1  49  1  0  1  0   58.25  2868.16  0
 21192  30  0  71  2  0  2  0   95.44  6805.27  0
 21193  27  0  57  0  0  1  0   71.73  4082.40  0
 21194  71  0  55  2  1  1  0   50.77  2766.15  1
 21195  73  0  55  2  1  2  0   87.91  4825.30  0
 21196  63  0   4  0  0  1  1   62.89   246.91  0
 21197  41  0  45  1  1  1  0   64.25  2893.57  0
 21198  62  0   8  1  1  1  0   48.50   386.84  0
 21199  66  1  49  2  1  2  0   92.19  4507.79  0
 21200  64  1  36  0  0  2  1  101.61  3641.50  0
 21201  67  0  54  0  1  1  0   60.49  3278.66  0
 21202  42  0   9  1  1  1  1   62.23   587.82  0
 21203  33  1  35  0  1  1  1   55.83  1928.69  0
 21204  39  1  43  2  1  0  2   19.74   827.90  0
 21205  31  1  15  1  1  1  0   62.06   946.09  0
 21206  44  1  56  0  0  0  2   18.00  1026.83  1
 21207  38  0  29  2  1  1  0   68.34  1958.12  0
 21208  35  0  34  0  1  0  2   30.29  1024.62  0
 21209  68  1  19  1  0  2  0   87.44  1645.13  0
 21210  32  0  48  1  1  2  1   89.21  4284.13  0
 21211  57  1   2  1  0  1  0   74.28   123.98  0
 21212  39  1  14  0  0  2  0   75.93  1083.26  1
 21213  71  1  55  0  0  1  0   51.57  2838.33  0
 21214  44  1  69  0  1  2  1   75.68  5242.54  0
 21215  29  1  26  2  0  2  1  107.39  2783.02  0
 21216  54  0  55  0  1  2  1  103.10  5659.21  1
 21217  31  0  68  0  0  1  0   47.89  3249.94  0
 21218  30  1  41  2  0  2  1   97.06  3985.69  0
 21219  46  1  57  1  1  2  1   74.59  4237.06  0
 21220  21  0  42  0  1  2  0   75.28  3147.23  0
 21221  73  0  22  0  0  1  0   69.02  1495.30  1
 21222  58  0  43  2  1  0  2   21.52   911.28  0
 21223  26  0  29  0  1  2  1  115.11  3328.49  0
 21224  30  0  37  0  1  2  1  102.03  3753.22  1
 21225  25  1  52  0  1  0  2   29.87  1531.91  0
 21226  33  1  71  0  1  2  0   92.04  6541.11  1
 21227  69  1  61  0  1  2  0   76.87  4643.27  1
 21228  29  0  23  0  0  0  2   18.00   423.94  1
 21229  32  1  38  2  0  2  0   73.29  2797.68  0
 21230  32  0  55  1  0  2  0   51.96  2846.08  0
 21231  68  1  33  0  1  0  2   18.00   580.33  0
 21232  65  0   1  1  1  0  2   21.75    21.75  1
 21233  37  0   5  0  1  2  0   94.62   471.95  1
 21234  25  0  40  0  1  0  2   24.31   979.79  0
 21235  60  0  48  0  0  0  2   18.00   873.42  0
 21236  25  0  71  2  1  1  0   51.86  3661.89  0
 21237  32  0  26  0  0  2  0   85.34  2202.19  1
 21238  51  1  19  0  1  1  0   62.79  1174.49  0
 21239  24  1   4  2  1  2  1   78.87   320.70  0
 21240  67  0   1  0  1  2  1   63.46    76.31  0
 21241  70  1  48  0  1  1  1   40.39  1913.84  0
 21242  29  0  67  0  1  2  1   95.22  6376.36  0
 21243  25  1  32  0  0  2  0  113.41  3606.08  1
 21244  26  1   9  2  0  1  0   58.23   486.50  0
 21245  61  0  18  0  1  1  0   51.46   913.05  1
 21246  43  0  63  2  0  1  1   69.13  4326.12  0
 21247  37  0  21  0  1  0  2   18.00   373.39  0
 21248  64  0  61  0  1  0  2   18.00  1096.01  1
 21249  60  1  37  0  0  2  0   95.44  3524.12  1
 21250  45  0   6  1  1  1  0   77.51   455.68  1
 21251  47  1  41  1  1  2  0   70.36  2871.91  0
 21252  21  1  35  0  1  2  0   81.29  2838.50  1
 21253  22  0  42  0  1  0  2   22.62   895.31  0
 21254  32  1  67  1  0  2  0   94.36  6308.67  0
 21255  63  1   2  2  0  1  0   48.86   120.97  1
 21256  60  0  62  0  0  1  1   77.79  4824.69  0
 21257  24  0  70  0  1  0  2   22.40  1576.43  0
 21258  31  1  67  0  1  0  2   18.00  1192.51  0
 21259  38  1  46  2  0  1  1   58.59  2677.88  0
 21260  68  1  29  0  0  2  1   95.37  2766.14  1
 21261  59  0  43  0  0  0  2   21.43   890.07  0
 21262  36  1  36  0  0  1  0   62.80  2233.19  0
 21263  52  1  42  2  1  2  1  117.98  4971.72  0
 21264  57  1  61  2  1  2  0   89.53  5439.00  1
 21265  74  1  34  2  0  0  2   18.00   602.35  0
 21266  18  1  65  1  1  0  2   26.21  1678.85  0
 21267  71  1  30  1  1  1  0   47.48  1411.12  0
 21268  50  0  37  0  1  1  0   77.24  2850.73  0
 21269  69  0  30  0  0  1  1   65.12  1949.25  0
 21270  23  0  35  2  0  1  0   63.57  2214.51  1
 21271  74  0  30  0  0  2  0   87.77  2632.24  1
 21272  71  1  44  0  0  1  0   73.73  3276.55  0
 21273  20  0  24  1  1  0  2   25.68   641.98  0
 21274  18  1   8  0  1  1  0   45.53   386.55  1
 21275  19  0  53  0  1  0  2   23.01  1207.57  0
 21276  60  1  13  0  0  1  0   50.62   658.22  1
 21277  54  0  31  0  1  2  0   87.04  2686.62  1
 21278  28  0  15  0  0  2  1   85.82  1315.44  1
 21279  22  0  60  0  1  0  2   30.13  1784.76  1
 21280  49  1  48  0  1  1  0   67.20  3202.59  1
 21281  68  1  70  0  1  2  1  100.37  7030.97  0
 21282  29  0  30  0  1  1  0   80.73  2441.88  1
 21283  22  0  32  0  0  2  0  117.07  3731.61  1
 21284  36  0  37  0  1  2  0   99.82  3730.61  0
 21285  29  1  64  0  0  1  0   55.87  3556.08  0
 21286  53  1   4  0  0  1  0   71.34   285.29  0
 21287  32  0  52  0  0  2  0   44.70  2318.70  0
 21288  36  1  65  0  0  0  2   18.00  1184.20  1
 21289  42  1  10  2  0  1  0   70.76   709.70  0
 21290  37  1  14  1  1  1  0   63.57   876.00  1
 21291  44  1  60  0  0  1  1   60.77  3630.05  0
 21292  65  0  35  0  1  2  1  100.41  3510.67  1
 21293  45  0   5  2  1  2  0   90.87   435.74  1
 21294  53  1   6  1  1  1  1   79.23   464.27  1
 21295  62  1  10  0  1  0  2   18.00   176.09  1
 21296  62  0  38  0  1  1  0   63.16  2449.76  1
 21297  20  0  30  1  0  1  0   56.53  1676.44  0
 21298  46  0  35  2  1  2  0  102.12  3543.99  1
 21299  23  0  22  1  1  1  0   57.65  1257.44  1
 21300  74  0  54  0  1  1  1   72.30  3915.95  0
 21301  40  0  26  0  1  1  0   51.06  1330.65  1
 21302  53  0  13  1  1  2  0   91.37  1207.26  1
 21303  54  1  59  1  0  2  0   78.04  4595.33  1
 21304  63  0  51  1  1  0  2   18.00   947.32  0
 21305  61  0  45  0  1  2  0   78.48  3530.90  0
 21306  55  1  14  1  1  1  0   88.58  1244.18  1
 21307  43  1  50  0  1  2  0   80.78  4029.12  0
 21308  56  0  60  1  0  1  1   67.62  4051.25  0
 21309  56  1  18  0  1  0  2   18.00   336.89  1
 21310  45  0  37  0  1  2  1   92.99  3429.65  1
 21311  41  0  36  1  0  1  1   52.30  1925.47  0
 21312  53  0  31  2  1  1  1   66.98  2061.21  0
 21313  38  1   7  0  1  2  0   73.87   530.87  1
 21314  62  1   8  2  1  2  0   98.81   774.33  1
 21315  35  0  58  0  1  0  2   24.69  1416.71  0
 21316  50  1  33  0  1  0  2   18.00   589.37  0
 21317  53  0   8  0  1  1  0   46.24   381.21  0
 21318  41  0   9  0  0  2  1   79.43   748.19  1
 21319  26  1  21  0  1  1  0   47.01   991.02  1
 21320  19  0  28  2  1  2  0   73.64  2072.08  0
 21321  46  0  50  0  1  2  1   90.75  4557.05  0
 21322  18  0  34  0  1  0  2   20.02   667.64  1
 21323  41  1  39  0  0  2  1   85.91  3341.00  0
 21324  23  1  33  2  1  0  2   18.00   574.25  0
 21325  40  1  33  0  0  0  2   19.62   664.44  1
 21326  20  1  64  0  1  2  0   85.42  5463.24  0
 21327  45  1  53  2  0  0  2   20.10  1072.26  0
 21328  65  1  32  2  1  2  0   85.25  2730.76  0
 21329  29  0  68  0  0  2  1  103.62  7027.89  1
 21330  51  0  58  0  1  2  1   91.36  5316.07  0
 21331  28  0  17  1  1  2  1   94.14  1543.11  0
 21332  25  1  42  1  1  0  2   18.49   746.19  0
 21333  36  1  32  1  1  1  1   68.58  2181.74  0
 21334  57  1  48  1  0  1  1   71.81  3467.19  0
 21335  72  1  45  0  1  1  0   45.36  2028.54  0
 21336  61  0   9  0  1  2  0   72.56   679.31  1
 21337  48  0  69  0  1  2  1   84.62  5804.20  0
 21338  26  0   9  1  0  2  0   89.19   821.57  1
 21339  61  0  37  2  1  1  0   46.96  1750.83  0
 21340  71  0  14  0  1  0  2   18.00   260.79  0
 21341  66  1  23  0  1  2  0   93.60  2149.70  1
 21342  73  1  38  0  0  2  0   89.92  3459.86  1
 21343  43  1  52  0  0  2  0   75.40  3912.06  1
 21344  39  1  63  0  0  1  0   52.89  3320.33  0
 21345  36  1  66  1  1  0  2   23.26  1505.74  0
 21346  56  1  36  0  1  0  2   19.43   668.55  1
 21347  69  1  17  2  0  2  0   75.39  1259.10  1
 21348  45  0  64  0  1  0  2   18.00  1130.73  0
 21349  44  0  36  1  1  2  0   92.08  3332.81  1
 21350  57  1  26  0  0  1  0   47.07  1201.70  0
 21351  60  0   4  0  0  0  2   18.82    83.09  1
 21352  30  0  12  1  1  2  0   97.97  1184.23  1
 21353  68  1  56  0  1  1  1   69.71  3939.81  0
 21354  42  1  52  1  1  2  0   86.29  4477.04  0
 21355  39  0   6  1  1  2  0  104.15   610.44  1
 21356  33  1  25  1  1  2  0   81.30  2068.12  1
 21357  40  0  12  1  0  0  2   24.05   298.55  0
 21358  70  0  28  2  1  1  0   61.52  1717.15  0
 21359  72  0  43  0  0  2  1   89.17  3835.04  1
 21360  68  1  72  2  1  2  0   79.09  5709.68  0
 21361  53  1  23  2  1  2  0   64.81  1482.28  0
 21362  64  0  57  0  0  2  0   75.94  4346.92  1
 21363  62  0   8  2  0  2  0   56.16   458.59  0
 21364  18  1   7  0  0  1  1   63.55   439.84  0
 21365  68  1  15  1  1  2  0  105.28  1590.53  1
 21366  23  1  24  0  1  1  0   69.85  1629.77  0
 21367  36  0  22  2  0  0  2   21.17   475.52  0
 21368  50  1  12  1  1  1  0   66.34   798.39  0
 21369  43  0  11  1  0  2  1  101.10  1065.49  1
 21370  26  1  28  2  1  1  0   47.18  1327.79  0
 21371  55  0  42  1  1  1  1   36.97  1550.80  0
 21372  52  1   5  0  0  1  1   57.12   278.51  1
 21373  24  0   1  0  1  0  2   18.00    28.17  0
 21374  32  1  27  1  1  0  2   18.00   510.07  0
 21375  63  0  71  1  1  1  0   53.53  3781.00  0
 21376  28  0  23  0  1  2  1   99.84  2263.79  0
 21377  45  0  56  0  1  1  0   51.02  2853.54  0
 21378  27  1  70  0  1  1  0   72.02  5013.45  0
 21379  40  1  38  2  0  2  0   75.02  2871.23  0
 21380  45  0  42  2  0  2  0  101.20  4273.61  0
 21381  28  1  42  0  0  1  1   53.89  2269.89  0
 21382  47  1  16  1  1  1  0   63.46   986.01  0
 21383  54  1  29  2  0  0  2   23.47   704.77  0
 21384  73  0  59  0  1  2  0   69.62  4104.79  1
 21385  57  1  43  2  0  0  2   18.00   774.44  0
 21386  74  1  17  0  1  2  1   90.50  1487.06  1
 21387  59  0  21  0  1  2  0   92.41  1944.72  1
 21388  38  1  55  2  1  0  2   18.76  1024.94  0
 21389  40  1  56  0  1  1  1   60.64  3388.62  0
 21390  45  1  51  0  0  2  0   97.82  4988.79  0
 21391  57  1  53  0  1  1  0   40.49  2149.94  0
 21392  44  0  25  0  1  2  1   91.52  2260.20  1
 21393  65  1  24  0  0  0  2   18.00   429.08  1
 21394  40  1  71  0  0  2  0   64.52  4623.30  0
 21395  21  0   9  0  1  1  0   73.15   638.69  1
 21396  23  0   2  0  1  2  0  105.39   189.38  1
 21397  49  0  64  2  1  0  2   18.78  1247.06  0
 21398  71  1  50  1  1  0  2   25.67  1310.70  0
 21399  67  1  60  2  1  1  0   48.17  2891.09  0
 21400  51  0  45  1  1  1  1   73.38  3331.72  0
 21401  61  0  48  2  1  2  1   87.44  4188.07  0
 21402  65  1  64  0  1  2  1  100.19  6444.25  0
 21403  66  0  53  0  1  2  0   94.81  5061.23  0
 21404  63  1  67  0  1  0  2   23.52  1586.05  0
 21405  49  0   1  1  0  1  1   74.79    86.30  0
 21406  52  1  11  0  0  2  0   73.18   785.42  1
 21407  27  0  40  0  0  2  1   91.56  3673.71  0
 21408  58  1  22  1  1  1  0   55.03  1201.50  0
 21409  54  0  34  1  1  1  0   70.30  2369.95  0
 21410  19  0  67  1  1  1  0   58.10  3882.53  0
 21411  52  1  64  0  0  1  1   71.52  4593.60  0
 21412  60  0  54  0  1  1  1   55.71  3007.47  0
 21413  19  1  19  0  1  2  1  115.91  2235.06  1
 21414  35  1   6  0  0  1  0   58.68   368.75  1
 21415  24  1  41  1  0  1  0   56.47  2344.80  0
 21416  74  1  42  1  1  2  0   98.46  4101.19  0
 21417  66  1  69  0  1  1  1   52.96  3645.98  0
 21418  66  1  16  2  1  2  1   82.53  1332.97  1
 21419  31  1  68  0  0  2  0   85.60  5812.08  1
 21420  60  0   2  0  0  1  0   57.59    77.93  1
 21421  52  1  15  0  1  0  2   24.58   381.48  1
 21422  41  1  45  1  1  2  0  101.11  4546.20  1
 21423  30  0  34  0  1  2  0   98.27  3329.35  1
 21424  63  0  33  1  1  2  0  110.23  3642.40  0
 21425  32  0  30  0  1  1  0   52.02  1544.48  1
 21426  26  0  35  1  0  1  0   64.75  2232.45  0
 21427  28  0  59  0  0  2  0  106.76  6315.06  0
 21428  24  0  27  0  0  1  1   75.75  2049.52  1
 21429  45  1  21  1  1  2  0   78.10  1670.02  1
 21430  74  1  43  2  0  0  2   22.00   931.17  0
 21431  51  1  48  0  1  2  0   76.10  3643.50  1
 21432  52  1  46  1  0  0  2   26.12  1197.86  0
 21433  47  1  71  0  1  0  2   18.00  1263.17  0
 21434  63  1  53  0  1  0  2   19.91  1044.00  0
 21435  65  1  69  0  1  2  0   73.50  5091.69  0
 21436  67  0  62  0  1  1  0   56.41  3458.78  1
 21437  68  1  65  0  1  2  0   77.31  5024.94  1
 21438  36  1  54  0  1  2  1   81.37  4359.77  1
 21439  51  0   5  0  1  1  0   72.57   361.62  1
 21440  60  0  54  2  0  2  0   72.03  3904.19  0
 21441  48  0  16  0  1  2  0   74.10  1209.47  1
 21442  21  0  43  1  1  2  0   79.46  3383.45  1
 21443  64  1  42  0  1  1  0   59.24  2485.27  1
 21444  33  0  72  0  1  1  0   54.83  3948.39  0
 21445  18  1  33  2  1  2  0   83.43  2740.86  0
 21446  29  0  37  0  1  1  1   53.77  1981.78  0
 21447  30  1  12  1  0  0  2   18.00   180.28  1
 21448  72  1  57  0  0  0  2   18.00  1023.66  0
 21449  37  0  25  0  1  2  0   88.11  2228.94  0
 21450  44  1  26  1  0  2  0   66.36  1698.85  0
 21451  74  0  65  2  0  1  0   45.12  2943.96  0
 21452  38  0  17  2  0  2  1   77.59  1273.30  1
 21453  21  1  63  0  0  1  0   48.46  3063.15  0
 21454  71  0  52  0  1  1  0   61.12  3168.84  0
 21455  48  1  69  0  1  1  1   66.93  4601.22  0
 21456  26  0  34  0  1  1  0   59.40  1990.14  1
 21457  42  1  23  2  0  0  2   18.00   397.79  0
 21458  59  1   7  0  0  0  2   18.00   137.07  1
 21459  65  0  45  1  1  1  0   58.03  2639.48  0
 21460  55  0  16  0  0  1  0   54.98   892.83  1
 21461  72  1  19  2  1  1  1   80.28  1515.43  0
 21462  41  0  59  2  1  0  2   19.26  1110.77  0
 21463  38  0  60  1  0  0  2   22.23  1369.93  0
 21464  47  0   9  2  0  2  0   86.34   770.30  1
 21465  74  0  24  1  1  1  1   69.24  1697.75  1
 21466  36  0  33  0  0  1  1   41.85  1399.00  0
 21467  49  0  52  0  0  1  1   68.09  3532.88  0
 21468  34  0  12  0  1  2  0  105.57  1281.96  1
 21469  22  0  67  0  0  1  0   59.32  3956.33  0
 21470  28  1   8  0  1  1  0   42.95   344.29  1
 21471  26  0  41  0  0  2  0   81.00  3321.26  1
 21472  70  0  19  2  1  2  1  107.67  2034.48  0
 21473  43  1  59  2  1  2  0  102.84  6039.65  1
 21474  63  1  60  0  1  2  0   80.58  4820.98  0
 21475  46  0  68  1  1  0  2   18.00  1207.24  0
 21476  41  0  11  0  1  1  0   50.82   522.14  0
 21477  45  0  46  0  1  2  0   85.09  3913.83  1
 21478  29  0  29  0  1  0  2   23.43   646.16  1
 21479  48  0  16  1  1  2  0   59.32   966.10  0
 21480  49  0  39  1  0  1  0   58.51  2287.68  0
 21481  32  1  42  2  1  0  2   21.40   919.94  0
 21482  54  1  48  2  1  2  1   96.71  4663.44  0
 21483  74  0   6  2  1  2  0   82.22   524.36  1
 21484  74  0  16  0  1  2  0  103.09  1664.35  1
 21485  23  0  67  2  1  2  0   76.40  5129.77  0
 21486  42  0  16  0  0  0  2   18.00   290.81  1
 21487  26  0  49  1  1  2  0   83.03  4105.56  0
 21488  28  0   8  0  0  2  0   99.52   842.66  0
 21489  25  0  36  1  1  1  0   49.88  1764.25  0
 21490  55  0  39  1  0  1  1   59.31  2293.44  0
 21491  56  1   2  2  0  2  0  100.47   184.56  1
 21492  72  0  56  0  0  1  0   46.46  2589.81  0
 21493  37  0  40  2  0  1  0   50.41  2017.37  0
 21494  34  0  67  1  1  0  2   18.00  1175.19  0
 21495  50  0  29  1  0  2  0   87.71  2553.27  1
 21496  72  0  40  2  0  2  1   87.57  3486.57  0
 21497  67  0  15  0  1  2  1  104.78  1581.40  1
 21498  67  1  12  0  1  0  2   20.17   259.95  0
 21499  71  0  50  2  1  0  2   18.00   874.64  0
 21500  63  0  44  0  0  2  1   67.59  2979.14  1
 21501  65  0  11  2  1  1  1   62.04   659.51  0
 21502  40  0  33  2  0  1  1   71.79  2393.98  0
 21503  34  1  13  1  0  1  1   71.35   928.23  0
 21504  31  0  60  0  0  1  0   62.80  3768.42  0
 21505  70  0  56  1  0  1  0   69.17  3899.33  0
 21506  32  1  35  1  1  0  2   21.05   727.92  0
 21507  73  1  52  0  1  1  1   73.48  3840.58  0
 21508  44  0  15  1  1  2  0   65.49   955.46  1
 21509  49  1  41  2  1  2  0   94.57  3876.05  1
 21510  44  0  51  1  1  1  1   59.75  3075.04  0
 21511  42  1  56  2  1  1  0   56.02  3142.43  0
 21512  49  1  65  0  0  0  2   23.90  1541.97  1
 21513  43  1  45  1  1  1  1   39.33  1770.68  0
 21514  45  0  35  0  1  2  0   93.58  3288.55  1
 21515  25  1  54  1  1  2  0  106.07  5779.24  0
 21516  71  0  19  0  0  2  1   75.58  1461.20  1
 21517  45  0  36  0  1  1  0   51.93  1852.86  0
 21518  22  0  10  0  0  2  0   99.91   951.75  1
 21519  70  0  14  1  1  1  0   60.98   835.26  1
 21520  64  1  64  2  1  1  0   55.82  3590.24  0
 21521  72  1  22  2  0  1  1   66.64  1474.20  1
 21522  31  0  53  2  0  2  1   84.64  4514.71  0
 21523  45  0  41  2  1  2  0   72.36  2976.50  0
 21524  56  0  48  1  1  2  1   74.69  3581.33  0
 21525  56  0  32  0  1  2  0   71.74  2279.17  1
 21526  54  1  16  2  1  1  0   65.37  1078.38  0
 21527  24  1  51  1  0  0  2   18.00   924.63  0
 21528  30  1  59  0  1  2  0   64.06  3775.99  1
 21529  28  0  53  1  1  1  0   45.71  2396.75  0
 21530  21  0  40  2  1  1  0   54.22  2180.37  0
 21531  23  0  20  0  0  1  0   63.72  1257.45  1
 21532  25  0  24  1  1  2  0   93.69  2247.48  1
 21533  21  0  64  0  0  1  0   53.84  3439.83  0
 21534  74  1  15  1  1  2  0   95.74  1444.57  1
 21535  47  0   6  0  0  2  0   87.14   575.04  1
 21536  29  1  61  1  0  2  1  111.32  6797.58  0
 21537  41  1  67  0  1  2  1  111.31  7442.17  0
 21538  64  0  17  0  0  0  2   20.28   336.34  0
 21539  53  0  31  2  0  2  0   77.49  2447.10  0
 21540  33  0  65  1  0  0  2   29.14  1875.55  0
 21541  54  0  31  0  0  1  0   59.69  1842.58  1
 21542  27  1  71  0  0  0  2   23.45  1652.78  0
 21543  65  1  30  1  0  1  1   78.07  2344.60  0
 21544  22  0  11  1  1  2  0   85.48   957.74  1
 21545  70  0  52  2  1  0  2   18.00   969.56  0
 21546  34  0  50  1  1  1  0   56.66  2844.66  0
 21547  20  1  16  2  1  2  1  110.18  1792.37  0
 21548  51  0  51  0  1  1  0   62.29  3152.31  0
 21549  39  0  47  2  1  2  0   84.10  3945.86  0
 21550  36  0  63  2  0  1  0   75.59  4800.47  0
 21551  19  1  24  2  1  1  0   48.15  1156.20  0
 21552  54  1  69  0  0  1  0   51.88  3566.64  0
 21553  19  1  25  1  0  0  2   33.81   848.37  1
 21554  21  1  59  0  0  2  0   75.49  4493.93  0
 21555  69  0  56  0  0  1  0   70.11  3937.30  0
 21556  21  1  67  0  1  1  0   57.27  3850.16  0
 21557  62  0  54  1  1  1  1   50.49  2717.56  0
 21558  27  0  50  2  1  2  1   86.26  4329.71  0
 21559  23  0  17  1  0  2  1  112.10  1907.69  1
 21560  19  0  54  0  0  2  1   88.42  4752.36  0
 21561  33  1  39  0  1  2  0   87.44  3442.93  1
 21562  60  0  50  0  1  1  1   44.97  2238.01  0
 21563  38  1  27  0  1  2  0   87.05  2356.52  1
 21564  58  1  11  1  0  2  0   81.14   888.08  1
 21565  44  0  59  1  0  0  2   18.13  1080.53  0
 21566  43  0  43  0  0  1  0   71.05  3085.51  0
 21567  21  1  67  0  0  2  0   74.72  5003.46  0
 21568  25  0  28  1  0  2  1  108.72  3031.85  0
 21569  41  1  54  2  1  2  0   91.96  4936.89  0
 21570  50  0  54  2  1  0  2   18.00   931.64  0
 21571  18  1  14  1  1  2  0  111.71  1526.57  1
 21572  52  0   5  0  1  1  1   75.29   393.84  1
 21573  63  1  33  2  0  1  1   59.19  1931.64  0
 21574  18  0  60  0  1  2  0   63.13  3804.71  0
 21575  58  0  14  1  0  2  1   91.72  1312.73  1
 21576  41  1  70  0  1  1  0   43.75  3047.91  1
 21577  24  0  45  0  0  1  0   67.46  3037.89  0
 21578  73  0  38  0  1  1  0   59.64  2257.61  0
 21579  45  1  56  0  0  2  0   85.82  4807.67  1
 21580  26  1  46  2  0  0  2   18.00   852.81  0
 21581  42  1  10  2  1  2  0   90.54   913.83  1
 21582  37  0  59  0  1  0  2   22.62  1336.56  0
 21583  23  1  28  0  1  0  2   22.99   653.06  0
 21584  68  0  66  0  1  1  1   68.79  4552.61  0
 21585  18  0  19  0  0  0  2   22.75   487.09  1
 21586  22  0  27  2  1  2  0   81.83  2203.43  1
 21587  39  0  56  1  0  0  2   19.56  1075.23  0
 21588  61  0  19  2  1  2  0   71.85  1402.69  0
 21589  19  1  59  1  0  1  1   53.51  3155.58  0
 21590  22  1  29  1  0  0  2   22.88   665.40  0
 21591  59  1  20  1  1  1  0   78.79  1585.91  1
 21592  20  0  22  0  0  2  0   73.43  1589.62  1
 21593  39  1   7  0  0  1  0   61.82   420.60  1
 21594  44  0  44  0  1  2  1   85.10  3733.03  1
 21595  66  0  33  2  0  1  0   67.11  2185.60  0
 21596  50  0  26  0  1  0  2   18.00   491.42  0
 21597  61  1  17  1  1  0  2   23.97   387.09  0
 21598  55  1  19  1  1  1  1   55.90  1014.45  1
 21599  70  0   2  0  0  2  1   96.61   217.94  1
 21600  55  1  60  0  1  1  1   60.72  3666.85  0
 21601  43  1  30  0  0  1  0   61.02  1848.73  0
 21602  73  0  63  0  1  2  1   99.58  6244.16  1
 21603  54  0  55  0  0  2  1  103.78  5699.67  0
 21604  23  1  23  2  1  2  0   81.72  1898.32  0
 21605  50  0  71  0  0  2  0   94.43  6715.75  1
 21606  54  1  32  2  0  2  1  105.03  3396.00  0
 21607  28  0  17  0  0  2  0   73.41  1262.86  1
 21608  57  0  44  0  0  0  2   19.11   828.62  0
 21609  39  1  18  0  0  2  0   80.07  1452.77  1
 21610  67  1  44  1  1  1  1   77.39  3419.67  0
 21611  35  1  72  2  0  2  0   83.45  6004.63  0
 21612  65  1  58  1  0  0  2   24.70  1424.40  0
 21613  51  1  44  0  1  1  0   68.57  3027.96  1
 21614  60  1  34  0  0  2  0  107.46  3644.24  1
 21615  29  0  26  0  1  0  2   21.81   598.08  1
 21616  34  0  23  2  1  2  0   79.69  1816.60  1
 21617  69  0  35  2  0  0  2   20.30   738.03  0
 21618  61  0   8  0  0  1  0   63.66   509.81  1
 21619  47  0  23  0  0  1  0   55.69  1250.13  0
 21620  24  1  19  0  1  1  0   59.67  1142.98  1
 21621  30  0  50  1  0  1  1   66.03  3310.39  0
 21622  58  1  18  2  1  2  0   87.80  1581.87  0
 21623  47  0  70  1  0  2  1   90.52  6339.07  1
 21624  22  1  29  1  1  2  1  112.86  3260.19  1
 21625  47  1  68  1  0  1  0   49.70  3377.40  0
 21626  32  0  60  0  1  2  1   85.64  5121.89  0
 21627  58  1  24  0  0  0  2   22.81   537.02  1
 21628  32  1  55  2  0  1  0   51.68  2810.87  0
 21629  50  0  37  1  0  2  0   82.11  3020.33  0
 21630  64  0   3  0  1  2  0   71.77   219.28  1
 21631  68  0   8  0  1  2  1  101.69   825.73  1
 21632  72  1  46  2  0  2  0   77.02  3539.12  0
 21633  46  1  60  0  1  2  0   85.28  5128.48  0
 21634  74  1  37  0  0  1  1   57.89  2132.15  1
 21635  73  0  44  0  0  2  1   96.92  4248.52  1
 21636  30  0  37  1  0  2  1  103.60  3820.07  1
 21637  54  0  57  1  0  0  2   22.76  1288.29  0
 21638  21  1  36  0  0  2  1   90.11  3250.14  1
 21639  18  0   2  0  1  1  0   56.63   110.79  1
 21640  33  1  29  0  1  1  1   75.62  2197.03  0
 21641  71  1  46  1  1  1  1   64.64  2955.54  0
 21642  19  0  43  0  1  1  1   69.06  2965.50  0
 21643  48  0  26  0  1  0  2   18.88   468.51  0
 21644  38  0  52  0  1  2  0   77.17  4002.73  0
 21645  45  1  51  2  1  0  2   18.00   921.35  0
 21646  57  0  71  1  0  1  0   34.64  2429.29  0
 21647  74  1  14  0  1  1  1   64.21   895.11  0
 21648  67  1  23  0  1  0  2   22.44   549.86  0
 21649  50  0  27  2  1  1  1   72.10  1924.44  0
 21650  58  1  44  0  0  1  0   57.62  2520.36  1
 21651  21  1  12  0  1  2  0   99.52  1176.45  1
 21652  49  0  71  0  0  1  0   47.07  3327.43  0
 21653  18  1  61  1  0  2  1   80.44  4939.03  0
 21654  58  1   9  0  0  2  0   97.45   899.53  1
 21655  59  0  67  0  0  1  1   55.47  3701.91  0
 21656  66  1   9  1  1  2  0  103.58   910.74  0
 21657  53  0  35  1  0  2  1   83.88  2917.94  0
 21658  32  0  30  1  0  1  0   43.11  1292.51  0
 21659  54  1  33  0  1  1  0   43.92  1447.57  1
 21660  32  0  44  2  1  2  1   80.12  3525.24  0
 21661  30  0   2  1  1  0  2   18.00    78.61  1
 21662  41  0  62  0  1  2  1  114.69  7085.29  1
 21663  59  0   4  1  0  2  0   95.74   379.31  1
 21664  34  0  31  1  0  2  0   85.09  2658.16  1
 21665  50  0  17  0  1  2  1   65.70  1102.77  0
 21666  55  1  40  2  1  1  0   50.27  1995.46  0
 21667  41  0  63  0  1  2  0   94.61  5956.74  0
 21668  48  0  23  1  0  2  0  112.45  2587.26  1
 21669  71  0   5  2  0  2  0   87.73   465.98  1
 21670  70  0  48  1  1  1  0   45.29  2156.96  0
 21671  54  0  47  2  0  2  1   95.44  4459.75  0
 21672  63  1  46  0  1  1  0   60.41  2760.23  0
 21673  32  1   2  2  0  2  0   83.26   143.34  1
 21674  26  0  38  0  1  1  0   46.57  1782.92  0
 21675  50  0  12  1  1  0  2   18.00   212.06  1
 21676  23  0  23  2  0  2  1   94.16  2160.82  0
 21677  50  1  57  0  1  1  1   74.68  4217.74  0
 21678  55  1  72  0  1  2  1   96.77  6979.52  0
 21679  65  1   4  1  0  2  1  117.49   469.34  1
 21680  42  1  60  0  1  0  2   33.19  1981.86  0
 21681  37  0  15  1  1  1  1   62.66   937.78  0
 21682  50  1  49  0  0  2  1   97.89  4760.77  1
 21683  69  0  66  0  1  2  0   59.69  3937.97  0
 21684  23  0  65  2  1  2  0   61.72  4024.30  0
 21685  66  0  22  0  1  1  1   70.07  1534.75  0
 21686  22  1  61  0  1  0  2   27.46  1650.81  0
 21687  59  1  42  0  0  1  0   43.55  1814.46  0
 21688  40  0  46  1  0  2  0   80.17  3688.54  1
 21689  71  0  65  1  0  1  1   71.56  4643.58  0
 21690  32  1  52  0  1  1  0   33.58  1723.19  0
 21691  59  0  25  2  1  1  1   71.05  1792.26  0
 21692  66  0  51  1  1  1  1   59.00  2995.54  0
 21693  24  1  55  0  1  1  1   62.86  3446.61  0
 21694  61  0  53  1  1  2  0  103.27  5461.19  0
 21695  28  1  37  1  1  0  2   18.00   673.87  0
 21696  35  0  37  2  0  0  2   18.00   681.07  0
 21697  39  0  29  0  1  1  1   58.79  1691.60  1
 21698  61  0  51  2  0  0  2   23.15  1184.87  0
 21699  55  1  47  0  0  1  1   79.55  3756.00  1
 21700  71  0  29  2  1  2  0   72.58  2111.15  0
 21701  20  0  17  0  0  1  0   62.84  1072.26  1
 21702  34  1   1  0  1  0  2   18.48    30.96  1
 21703  52  0  13  0  0  1  0   37.15   509.10  1
 21704  38  1  69  2  1  2  0   72.99  5041.61  0
 21705  52  0  27  0  1  2  0  120.00  3263.01  1
 21706  20  1  62  2  1  2  0   99.40  6135.38  0
 21707  69  0  11  0  0  2  0   87.87   961.40  1
 21708  43  0  39  0  1  2  0  105.13  4091.49  1
 21709  60  0  46  0  1  2  1   91.97  4242.24  1
 21710  45  0  11  0  0  2  1  100.12  1119.40  1
 21711  65  1  61  0  1  2  0   83.11  5076.55  0
 21712  47  0  71  1  1  1  1   61.04  4333.02  0
 21713  25  0  61  0  1  2  0   96.68  5893.76  1
 21714  41  0  38  2  1  0  2   18.00   678.90  0
 21715  41  1  32  1  0  1  1   49.70  1544.70  0
 21716  58  0  41  1  0  1  0   38.19  1549.17  0
 21717  41  0  23  1  1  1  0   62.89  1431.38  0
 21718  34  0  69  1  0  1  1   71.76  4977.98  1
 21719  68  1  23  0  1  0  2   18.00   375.56  0
 21720  50  1  71  1  0  0  2   23.89  1698.58  0
 21721  44  1  71  0  1  1  1   57.13  4068.68  0
 21722  71  0  26  0  0  0  2   19.31   510.28  1
 21723  57  1  42  0  0  2  0   85.07  3584.40  0
 21724  24  0  70  0  1  0  2   21.97  1533.41  0
 21725  24  0  57  0  1  1  0   48.13  2739.54  0
 21726  23  1  27  2  0  0  2   18.02   503.12  0
 21727  32  0  11  0  1  2  1   99.87  1085.77  0
 21728  70  1  21  1  1  2  0   76.30  1590.95  1
 21729  29  1  13  2  0  0  2   23.06   270.43  1
 21730  69  0   1  1  0  1  0   79.59    83.02  1
 21731  37  0  35  1  1  2  0   56.98  1995.31  1
 21732  24  0  28  0  1  1  1   56.84  1618.26  1
 21733  54  0  23  2  1  2  0   75.12  1729.58  0
 21734  74  1  12  2  1  0  2   18.55   232.80  0
 21735  67  0   6  2  0  1  0   49.34   304.04  1
 21736  34  1  60  2  0  1  0   29.41  1777.08  0
 21737  53  1  40  1  0  1  1   57.51  2305.95  0
 21738  46  0  52  0  1  1  0   60.23  3129.19  0
 21739  48  1  27  1  1  1  0   56.22  1519.53  1
 21740  30  1  25  0  1  0  2   18.00   454.50  0
 21741  32  1  20  1  0  1  0   58.92  1191.99  1
 21742  23  1  66  0  1  1  1   55.54  3663.57  0
 21743  53  1   1  0  1  1  0   45.24    45.83  1
 21744  39  0   3  0  1  1  0   50.17   162.11  0
 21745  19  0  10  0  1  0  2   18.00   171.06  1
 21746  38  0  58  0  1  1  0   66.97  3900.51  0
 21747  39  1  41  0  1  1  0   77.26  3157.64  0
 21748  50  0  27  0  1  2  0   86.78  2342.49  1
 21749  23  0  41  0  1  2  1   92.32  3791.83  0
 21750  49  0  70  1  1  0  2   18.00  1246.33  0
 21751  18  1  29  0  1  2  0   70.79  2055.83  1
 21752  56  0  72  0  0  2  1   64.48  4625.47  0
 21753  51  1  72  1  0  2  1  120.00  8647.52  0
 21754  49  0  49  2  0  1  0   57.89  2844.46  0
 21755  18  1  56  2  1  2  0   54.47  3064.49  0
 21756  33  0  40  0  0  1  1   54.97  2200.42  0
 21757  38  1  55  0  1  2  0  111.71  6148.70  1
 21758  59  0  63  0  0  0  2   23.10  1481.37  0
 21759  49  1  72  1  1  2  0   74.39  5375.39  0
 21760  52  1  59  2  1  2  1   76.62  4528.90  0
 21761  38  0  39  2  0  2  0   75.13  2937.13  0
 21762  49  1  48  0  0  1  0   42.51  2057.90  0
 21763  32  0  29  0  1  1  0   58.00  1639.55  0
 21764  37  1  19  1  1  1  0   51.06   949.21  0
 21765  73  0  55  0  0  0  2   24.26  1310.08  0
 21766  60  0  58  0  1  1  0   50.35  2893.50  0
 21767  47  0  12  0  0  0  2   18.00   243.29  1
 21768  71  0  33  1  1  2  0   88.14  2934.66  1
 21769  60  1  58  0  1  2  0   81.00  4679.30  0
 21770  19  1  68  0  1  1  1   63.57  4336.34  0
 21771  51  0  36  0  1  0  2   18.00   655.02  1
 21772  24  0  21  2  0  1  0   40.68   846.77  0
 21773  59  1  66  2  1  1  0   62.09  4083.48  0
 21774  62  0  64  0  0  2  0   94.46  6054.62  1
 21775  56  1  37  2  0  1  0   54.50  2002.59  0
 21776  27  1   7  1  0  2  0   80.61   562.55  1
 21777  39  1  61  2  0  1  0   60.41  3669.76  0
 21778  28  1  59  2  1  0  2   19.33  1107.07  0
 21779  60  1  36  1  0  1  0   57.13  2041.89  0
 21780  24  0  72  2  1  2  0   85.94  6177.40  0
 21781  28  1  63  1  0  1  0   41.37  2612.34  0
 21782  41  1  34  1  0  2  0   89.49  3039.98  0
 21783  51  1  22  0  0  2  1  102.38  2256.35  1
 21784  60  0  67  0  0  0  2   25.42  1716.00  0
 21785  22  1  51  0  1  2  1   98.70  5029.65  1
 21786  24  1  59  0  1  0  2   24.12  1396.12  0
 21787  53  0  40  0  1  1  1   62.61  2472.53  1
 21788  71  1   9  1  1  0  2   18.00   163.15  0
 21789  22  1  68  0  1  0  2   24.23  1648.17  0
 21790  55  1  27  0  0  2  0   84.37  2279.35  1
 21791  31  0  64  0  1  2  0   86.26  5505.27  0
 21792  29  0  10  0  1  1  0   66.86   632.41  1
 21793  62  1  61  2  1  2  0   68.65  4187.93  0
 21794  36  0  13  0  1  1  0   57.60   717.33  1
 21795  44  0  32  1  0  2  0   89.11  2867.35  1
 21796  51  0  38  0  1  2  1   96.33  3657.85  1
 21797  56  0  59  0  1  0  2   18.30  1056.11  0
 21798  39  0  10  0  1  2  0   76.93   758.49  1
 21799  70  1  49  1  1  2  1   74.14  3612.58  0
 21800  36  1  62  1  0  1  1   67.18  4156.58  0
 21801  35  1   5  0  1  1  0   63.45   334.33  1
 21802  37  0   8  1  1  0  2   18.00   129.85  0
 21803  64  1  25  2  0  0  2   19.19   480.98  0
 21804  18  1  27  1  1  1  1   69.91  1913.59  0
 21805  19  1  39  0  1  2  0   70.96  2769.91  0
 21806  53  0  38  1  1  2  0   80.77  3098.01  0
 21807  70  0  43  2  0  1  1   74.95  3220.92  0
 21808  46  0  58  0  0  1  0   57.75  3346.77  0
 21809  31  0  38  0  1  1  1   64.63  2437.87  0
 21810  54  1   9  0  0  2  0   96.62   869.77  1
 21811  27  0  55  0  0  0  2   23.24  1280.05  0
 21812  51  0   4  0  0  0  2   23.30    99.76  1
 21813  43  0  48  2  1  1  0   55.34  2616.55  0
 21814  43  0  58  1  0  2  1  112.08  6487.92  0
 21815  48  0  34  2  1  1  0   50.08  1692.40  0
 21816  50  0  44  0  0  1  0   48.82  2177.63  0
 21817  37  1   5  2  0  2  0   94.63   443.48  1
 21818  69  0  19  2  1  1  0   55.83  1062.02  1
 21819  42  1  23  0  0  2  1  100.12  2331.61  0
 21820  73  1  50  1  0  1  1   76.29  3805.69  0
 21821  71  1  22  0  1  1  0   66.07  1433.93  1
 21822  45  0  33  0  1  2  1   76.82  2536.52  1
 21823  45  0  12  2  1  2  0   88.49  1062.85  1
 21824  64  0  27  1  0  2  1   77.03  2071.65  0
 21825  62  1  33  0  0  2  0   96.91  3176.67  1
 21826  71  0  15  0  0  0  2   18.86   287.10  1
 21827  27  0  18  0  0  0  2   22.78   418.86  1
 21828  39  1  69  1  1  1  0   46.06  3164.16  0
 21829  60  0  21  2  1  2  1   95.63  2014.84  0
 21830  48  1  42  0  1  2  0  103.50  4347.87  1
 21831  56  0   4  1  0  2  0   91.40   341.37  1
 21832  69  1  14  1  1  0  2   18.00   266.69  0
 21833  53  1  52  0  1  2  0   81.31  4235.57  1
 21834  64  0  10  1  1  1  0   48.24   496.71  1
 21835  35  0  66  1  1  2  0  120.00  7949.99  1
 21836  71  0  59  2  0  1  0   69.59  4083.81  0
 21837  74  1  30  1  0  1  1   82.95  2483.89  0
 21838  23  1  63  1  1  2  0   68.14  4281.85  0
 21839  73  0  38  2  0  1  0   61.04  2334.68  1
 21840  57  0  67  1  1  0  2   18.71  1250.14  0
 21841  45  0  19  2  0  0  2   18.00   349.19  0
 21842  51  0   6  2  1  1  0   32.70   172.36  1
 21843  69  0  34  1  0  2  1   95.50  3197.26  1
 21844  71  0  35  0  1  0  2   18.00   629.34  0
 21845  50  0  59  1  1  2  0   58.84  3482.21  0
 21846  26  0  20  2  1  2  0   64.87  1285.82  0
 21847  37  1  22  1  1  2  0   86.31  1873.95  0
 21848  46  1  54  0  0  1  0   58.45  3123.14  1
 21849  56  0  66  0  1  0  2   29.19  1916.22  0
 21850  55  1  65  2  0  1  0   51.07  3327.38  0
 21851  47  1  15  0  0  1  1   79.36  1201.64  1
 21852  29  0   1  1  1  2  1   98.71    98.71  0
 21853  29  0  42  0  0  2  1  117.81  4926.84  1
 21854  51  0  64  1  0  0  2   21.12  1336.86  0
 21855  72  0  19  0  0  1  0   51.19  1016.87  1
 21856  73  0   2  0  1  2  1   60.64    95.02  1
 21857  25  1  61  2  0  2  0   77.99  4778.14  1
 21858  25  1  61  0  0  2  1   81.21  4969.31  1
 21859  49  1   2  1  0  2  0  100.54   207.07  1
 21860  46  0  59  2  1  0  2   18.57  1112.26  0
 21861  39  1   7  1  0  2  0   73.30   496.84  1
 21862  43  0  67  1  0  2  0   68.70  4637.06  0
 21863  52  0  63  0  1  1  0   32.39  2058.88  0
 21864  49  1  61  0  0  0  2   21.98  1296.19  0
 21865  42  0  49  0  0  2  1  115.75  5679.50  1
 21866  36  0  55  1  0  2  0   92.49  5067.49  0
 21867  40  1  38  2  0  2  0   83.62  3153.45  0
 21868  64  1  14  0  1  1  0   65.78   878.99  1
 21869  34  1  42  0  0  1  0   62.85  2662.29  1
 21870  25  1  63  1  0  2  0   97.87  6159.19  0
 21871  37  0  11  0  1  0  2   18.00   212.46  0
 21872  38  1  35  0  1  2  0   87.13  3079.62  1
 21873  30  1  59  0  1  2  1   88.07  5190.42  1
 21874  57  0  11  2  1  1  1   77.46   849.24  1
 21875  31  0  43  1  1  2  0   72.56  3111.77  0
 21876  54  0  69  1  1  2  0   95.97  6625.65  0
 21877  40  0  57  0  1  1  0   59.65  3441.58  0
 21878  47  0  15  0  0  2  1  112.15  1676.05  0
 21879  38  1  17  1  1  2  0  101.52  1711.07  0
 21880  36  0  72  1  1  0  2   20.17  1447.42  0
 21881  64  0  31  0  1  1  0   56.28  1712.61  1
 21882  74  1  32  0  1  1  0   59.22  1906.90  1
 21883  45  0  69  2  1  1  1   54.08  3769.59  0
 21884  70  1  12  0  0  2  0   94.75  1129.54  1
 21885  59  1  19  0  0  0  2   19.73   391.97  1
 21886  53  1  20  1  1  2  0  101.01  2023.86  0
 21887  31  1  17  2  1  2  0   95.92  1636.51  0
 21888  47  0  60  0  1  2  0   87.00  5192.63  1
 21889  67  1   1  0  0  0  2   23.28    26.61  0
 21890  56  1   7  0  1  0  2   23.81   205.46  1
 21891  72  1   5  0  1  2  0   85.28   403.96  1
 21892  39  0  31  0  0  2  0   71.41  2170.79  1
 21893  73  1  48  0  0  1  0   49.29  2367.23  1
 21894  73  0  14  0  0  2  0   71.13   979.08  1
 21895  27  1   3  1  0  1  0   50.38   152.00  1
 21896  28  0  60  0  1  1  0   29.36  1799.36  0
 21897  27  0  35  2  0  1  0   43.62  1540.81  0
 21898  61  0  67  1  1  2  0   74.88  5025.57  0
 21899  33  0  65  2  1  0  2   20.44  1328.78  0
 21900  73  0  23  1  0  2  0   94.20  2146.72  0
 21901  54  1  58  1  1  2  1   89.20  5182.14  0
 21902  47  0  13  2  1  1  0   57.09   777.41  0
 21903  73  1   9  1  1  2  1   92.39   851.52  1
 21904  63  0   7  2  1  2  0   73.49   511.61  1
 21905  44  1  55  1  0  2  1   68.10  3778.16  0
 21906  60  1  39  0  0  2  0   86.70  3355.72  1
 21907  37  1  11  2  0  1  0   51.49   549.36  0
 21908  67  1  27  1  0  1  1   53.74  1444.40  0
 21909  24  1   8  2  1  2  0   90.72   726.85  1
 21910  29  0  53  0  1  2  1  111.29  5884.72  1
 21911  68  0  33  1  0  1  1   74.12  2445.26  0
 21912  64  1  32  0  0  1  1   65.83  2119.39  1
 21913  32  0   5  0  1  0  2   18.00   119.90  1
 21914  32  0   3  1  1  1  0   60.72   170.08  0
 21915  42  1  40  0  0  2  0   97.33  3886.71  1
 21916  60  1  31  0  0  2  1   90.28  2816.31  1
 21917  54  0  16  2  0  2  1   88.68  1434.29  1
 21918  24  0  58  0  0  1  0   63.57  3707.27  1
 21919  54  1  19  1  1  0  2   18.61   336.73  0
 21920  69  1  61  0  1  2  0   60.66  3678.11  0
 21921  42  0  41  2  0  2  1  106.86  4386.03  0
 21922  61  1  69  1  1  2  1   86.50  5953.32  1
 21923  34  0  60  0  1  2  0   79.21  4750.55  0
 21924  73  0  38  0  0  1  1   58.48  2222.27  1
 21925  60  1  41  0  1  1  0   53.33  2159.07  0
 21926  28  0  63  2  1  2  1   93.81  5868.20  0
 21927  65  1  50  0  0  1  1   73.68  3671.45  0
 21928  50  0  41  0  1  1  1   68.95  2852.28  0
 21929  33  0  36  2  1  2  0  102.81  3722.46  0
 21930  54  1   1  0  1  2  0   75.29    83.93  1
 21931  24  1  40  0  1  2  0  102.42  4082.83  1
 21932  25  0  58  1  0  1  1   65.90  3837.32  0
 21933  42  0  57  2  0  1  1   54.72  3109.03  0
 21934  42  1  43  2  1  2  0   61.70  2657.46  0
 21935  60  1  35  1  0  2  0   81.31  2826.02  1
 21936  58  1  66  1  1  0  2   18.85  1286.38  0
 21937  18  0  35  1  0  0  2   18.00   595.54  0
 21938  63  1  33  2  1  1  1   67.21  2221.09  0
 21939  61  0  13  1  1  2  1   97.16  1237.83  1
 21940  64  1  29  2  1  2  0   90.57  2646.01  0
 21941  27  1  21  0  0  2  0  105.21  2224.73  1
 21942  53  1  71  0  0  1  0   49.90  3526.68  0
 21943  33  0  62  0  1  2  0   72.03  4495.99  1
 21944  70  1   5  0  1  1  0   58.87   289.77  1
 21945  48  0  46  1  0  1  0   60.65  2781.29  0
 21946  59  1  23  0  1  2  0   91.89  2122.83  0
 21947  41  1  52  0  1  2  1  120.00  6244.15  1
 21948  74  0  63  0  1  2  1  107.96  6821.45  1
 21949  63  0  70  1  0  2  1   91.77  6408.44  0
 21950  34  0  60  0  1  2  1  117.77  7031.84  0
 21951  42  0  45  2  1  2  1  103.70  4692.67  0
 21952  72  0   3  0  0  1  0   53.01   173.78  1
 21953  46  0  36  0  0  0  2   19.57   703.05  0
 21954  23  1  17  0  0  2  0   69.45  1193.56  1
 21955  27  1  36  1  0  2  0   97.37  3467.33  0
 21956  71  1   9  0  1  2  0  102.40   932.25  1
 21957  41  1  71  0  0  2  1  103.57  7333.21  0
 21958  51  1  20  0  1  2  1  115.93  2314.36  1
 21959  25  1  47  0  1  1  1   62.11  2883.54  1
 21960  31  0  65  2  1  0  2   21.66  1383.41  0
 21961  55  1  61  0  1  0  2   20.16  1223.56  0
 21962  65  1  12  2  1  1  0   62.18   753.80  1
 21963  33  0  58  0  1  2  1   77.11  4478.07  1
 21964  40  1   3  0  1  1  0   61.35   188.22  1
 21965  72  0  24  0  0  2  0   84.79  2061.63  1
 21966  51  1  19  0  1  2  1   97.59  1836.46  1
 21967  31  1  53  0  0  1  1   58.81  3115.10  0
 21968  72  1  11  0  1  2  0   92.38  1007.01  1
 21969  58  0   5  0  0  0  2   24.82   127.61  0
 21970  35  1  40  1  1  2  0   93.03  3722.66  1
 21971  23  1   1  0  1  2  0   66.10   100.09  1
 21972  38  0  33  0  0  2  0   82.98  2731.52  1
 21973  66  0  67  2  1  2  0   86.82  5804.31  0
 21974  42  0  15  0  1  1  1   54.27   829.84  1
 21975  65  1  42  0  1  1  0   57.16  2423.71  0
 21976  21  0  64  0  1  2  0   90.92  5839.78  1
 21977  34  0  47  1  1  0  2   19.44   910.78  0
 21978  68  1  16  1  0  2  0   84.19  1411.60  1
 21979  50  1  20  0  0  2  0   77.60  1533.26  1
 21980  60  1  53  0  0  1  0   43.32  2285.72  1
 21981  25  0  72  0  1  0  2   23.22  1698.38  1
 21982  41  1  33  0  1  2  0   69.32  2306.16  0
 21983  41  1  39  0  0  2  1  120.00  4678.42  1
 21984  59  1  27  2  1  2  1   80.49  2167.54  0
 21985  69  0  19  0  0  1  1   55.74  1044.10  1
 21986  65  0  24  1  0  1  0   67.34  1583.58  0
 21987  30  0  42  2  1  1  1   49.08  2069.18  0
 21988  56  0  47  2  1  2  0   50.80  2405.89  0
 21989  56  0  42  1  1  0  2   21.49   899.11  0
 21990  37  1  26  0  1  1  1   82.72  2148.49  0
 21991  65  1  49  0  1  0  2   18.00   893.91  1
 21992  21  1  32  2  0  2  1  120.00  3811.41  1
 21993  35  1  49  0  1  0  2   18.30   874.60  0
 21994  67  0  69  2  0  2  1   76.40  5305.14  0
 21995  25  0  28  0  0  0  2   26.40   761.26  0
 21996  63  1  67  0  1  2  1   97.78  6556.76  0
 21997  30  1  49  1  1  1  0   67.45  3282.03  0
 21998  56  1  51  0  1  0  2   19.48   979.33  0
 21999  42  1  27  2  1  2  1   77.17  2101.45  0
 22000  54  1  22  0  1  1  0   62.61  1371.79  0
 22001  29  1   9  0  1  2  0   84.49   761.54  1
 22002  33  0  26  2  0  2  0   77.89  2015.76  0
 22003  23  1  36  0  1  2  1  109.40  3936.40  1
 22004  32  0  10  0  1  1  0   72.73   729.91  0
 22005  66  0  31  0  1  1  1   68.85  2127.96  0
 22006  64  1  71  0  1  2  1  120.00  8536.85  1
 22007  66  0  72  2  1  2  0   74.70  5353.33  0
 22008  50  1  64  0  1  2  0  120.00  7679.46  0
 22009  52  0  42  0  0  2  0   77.04  3244.45  0
 22010  67  0  62  2  1  2  1   70.37  4349.99  0
 22011  42  1  58  2  0  2  0   82.82  4775.11  0
 22012  31  0   2  2  0  1  0   52.91    98.93  0
 22013  34  1  16  1  0  1  0   41.53   672.10  1
 22014  61  1  34  0  0  2  0   86.07  2910.82  0
 22015  53  1  46  0  1  1  1   63.82  2965.83  0
 22016  37  1  40  0  0  2  0   67.88  2710.45  1
 22017  64  1  10  1  1  1  0   54.67   531.91  1
 22018  20  0  72  0  0  1  1   61.74  4462.80  0
 22019  50  1  14  0  0  1  1   63.65   881.54  0
 22020  30  1  59  2  1  2  0   99.79  5907.79  0
 22021  41  1  49  0  1  2  0  108.93  5395.31  0
 22022  29  1  54  1  0  2  0  106.69  5773.41  0
 22023  42  1  66  0  0  2  0  108.26  7122.20  1
 22024  54  1   2  0  1  1  1   51.71   113.92  1
 22025  29  1  27  0  1  1  1   70.23  1935.60  1
 22026  22  1  19  1  0  2  1   85.67  1600.94  1
 22027  42  0  46  1  1  2  0   88.38  4044.34  1
 22028  38  1  30  0  0  2  0   79.85  2394.57  1
 22029  57  0  32  0  0  1  0   59.11  1909.61  1
 22030  54  0  65  0  0  2  1   89.73  5820.44  0
 22031  18  1   3  2  0  2  0  100.78   336.48  1
 22032  37  1  24  1  1  1  0   58.30  1380.30  1
 22033  64  1  52  0  1  0  2   21.76  1143.35  1
 22034  32  1  65  1  0  1  0   56.42  3711.06  1
 22035  49  1  15  0  1  1  0   43.01   604.83  0
 22036  61  0  49  0  1  2  1   99.53  4904.32  0
 22037  48  0  61  1  1  2  1  102.79  6245.63  0
 22038  40  0  27  0  1  1  0   53.62  1424.90  1
 22039  45  1  55  1  1  1  0   51.70  2842.84  0
 22040  69  1  62  0  1  0  2   18.00  1096.10  0
 22041  53  0   6  2  1  2  0  114.44   699.35  1
 22042  54  1  19  2  0  1  0   64.85  1255.57  0
 22043  36  0   4  0  1  1  0   55.92   222.04  1
 22044  40  0  35  2  0  2  0   83.21  2948.50  0
 22045  51  0  12  0  0  2  0   71.22   851.96  0
 22046  52  0   6  0  1  2  1   84.45   508.92  1
 22047  68  1  48  1  1  0  2   27.11  1314.34  0
 22048  54  1  63  0  0  2  0   91.05  5715.75  0
 22049  44  1  58  1  1  0  2   18.00  1039.44  0
 22050  58  1  16  1  1  0  2   18.00   268.82  0
 22051  55  1  60  0  1  0  2   23.91  1422.19  0
 22052  69  1  69  1  0  1  0   59.80  4156.50  0
 22053  33  1  72  1  1  2  0   89.32  6408.45  1
 22054  41  1  64  1  1  1  0   43.01  2753.84  0
 22055  21  1  40  0  1  2  0   91.37  3694.40  0
 22056  47  1  70  0  0  1  1   63.12  4424.89  0
 22057  36  1  50  0  0  2  0  100.22  5048.81  1
 22058  44  1  65  0  1  2  0   64.76  4194.20  0
 22059  36  0  47  1  1  1  0   71.23  3362.40  0
 22060  54  1  65  1  1  1  1   64.11  4202.30  0
 22061  62  1  57  0  1  1  0   57.36  3272.22  0
 22062  71  1  53  0  0  0  2   23.00  1227.01  0
 22063  65  1  31  0  0  1  0   50.12  1546.79  0
 22064  21  0  25  0  0  1  0   57.26  1442.45  0
 22065  63  0  33  0  1  2  0   97.62  3215.44  1
 22066  64  0  28  2  1  2  0   89.35  2464.84  0
 22067  40  0  68  1  0  1  1   61.66  4209.87  0
 22068  39  1  68  0  0  1  0   52.25  3543.19  0
 22069  22  0  21  2  1  1  1   39.81   829.44  0
 22070  39  1  37  2  1  2  0  101.24  3735.20  1
 22071  29  1  20  2  1  2  1   78.97  1594.34  0
 22072  53  0   5  0  0  0  2   18.00    78.39  0
 22073  48  1  69  0  0  1  0   55.19  3794.09  0
 22074  23  0  10  1  0  2  0   72.59   724.99  1
 22075  22  1  53  2  0  2  0   64.44  3422.35  0
 22076  18  1  63  0  0  1  1   74.75  4689.17  0
 22077  27  1  67  0  0  1  0   46.10  3104.71  0
 22078  53  0  37  1  1  2  0   96.30  3562.31  0
 22079  57  1  46  1  1  1  1   70.79  3279.55  0
 22080  69  0  44  1  1  2  1   85.79  3776.30  0
 22081  69  0  12  0  0  2  0   91.95  1062.52  1
 22082  62  1  34  0  1  1  0   40.93  1398.95  0
 22083  73  1   4  1  1  1  0   55.50   253.24  0
 22084  61  0  42  0  1  1  0   53.02  2229.67  0
 22085  49  0  60  0  1  2  1  120.00  7229.04  1
 22086  65  1   3  2  1  1  1   44.87   156.14  0
 22087  60  1  29  0  1  1  1   54.23  1547.84  0
 22088  65  0  31  0  0  1  1   69.10  2126.36  1
 22089  55  1  46  0  0  2  1  105.32  4869.65  0
 22090  67  0  17  1  0  0  2   26.34   461.49  0
 22091  70  1  35  0  1  0  2   18.95   658.76  0
 22092  34  1   7  0  0  2  1   66.27   458.80  0
 22093  29  1  17  0  1  2  1   91.25  1545.11  1
 22094  39  0  36  0  0  0  2   21.88   824.66  0
 22095  34  1   2  0  0  2  1   84.14   182.71  1
 22096  21  1  37  2  1  2  0   82.09  3029.89  0
 22097  42  0  38  2  1  2  0   74.05  2806.26  1
 22098  61  0  20  1  0  0  2   18.00   356.43  0
 22099  58  1  32  0  0  1  0   64.20  2051.51  1
 22100  50  1  17  0  1  2  0   83.34  1389.74  1
 22101  37  0  13  2  1  2  0  120.00  1530.18  0
 22102  48  1   9  0  0  2  0   62.22   566.69  1
 22103  20  1  29  0  0  2  1   90.62  2618.24  1
 22104  20  1  23  2  0  2  0   73.89  1680.50  1
 22105  30  0  69  0  1  1  0   42.56  2911.69  1
 22106  51  1  27  0  1  1  0   50.73  1383.54  0
 22107  25  1  65  0  1  2  1   60.97  3964.59  0
 22108  44  0  71  0  1  2  1   73.03  5178.04  0
 22109  42  1  72  0  1  2  1   81.74  5910.06  0
 22110  28  0   7  0  0  1  0   61.50   432.26  1
 22111  56  1  42  1  1  2  0   75.87  3214.63  0
 22112  21  1  21  0  0  1  0   56.29  1193.89  1
 22113  27  1  35  2  0  1  0   57.19  2009.16  0
 22114  54  0  59  0  1  1  0   67.25  3954.44  0
 22115  54  0  61  1  1  2  0   97.07  5912.96  0
 22116  42  0  26  2  1  0  2   18.22   479.18  0
 22117  26  0  23  2  0  2  1  117.32  2702.61  1
 22118  47  0   2  1  0  1  1   50.26    97.44  1
 22119  36  0  53  0  0  2  0  106.80  5691.30  1
 22120  24  0  54  0  1  0  2   18.00   951.88  0
 22121  53  1  43  2  1  0  2   20.16   869.44  0
 22122  59  0  57  0  0  2  0   78.37  4457.70  0
 22123  72  0  71  0  1  1  0   55.83  3951.36  0
 22124  58  0  50  2  1  1  0   74.78  3755.60  0
 22125  32  0   6  1  1  1  0   53.56   307.31  0
 22126  74  1  28  1  1  1  0   54.33  1507.49  0
 22127  45  1  12  1  1  1  0   52.09   644.02  1
 22128  41  1  53  0  1  2  0   78.42  4133.32  1
 22129  25  1  28  0  0  0  2   22.67   649.65  1
 22130  63  1  21  0  1  2  0   67.79  1424.74  1
 22131  50  0  60  0  0  2  0   80.14  4811.60  1
 22132  20  0  28  1  0  2  0  103.67  2905.96  0
 22133  27  1   3  0  0  1  0   48.09   122.91  1
 22134  71  0  70  0  1  0  2   22.41  1569.26  0
 22135  45  1  49  0  1  2  0   83.95  4111.55  0
 22136  68  0  26  0  0  2  0  100.05  2632.86  1
 22137  32  1  15  2  0  2  0  103.97  1571.32  1
 22138  52  0  41  0  0  2  0   84.84  3462.79  1
 22139  66  1  27  2  1  2  1  120.00  3253.13  0
 22140  70  0  37  1  1  1  0   52.94  1957.79  0
 22141  72  0   3  0  1  1  1   56.23   162.82  1
 22142  67  1  67  0  1  0  2   20.41  1350.60  0
 22143  34  0  26  0  1  1  0   57.73  1532.17  0
 22144  57  0  59  1  0  1  1   59.74  3547.07  0
 22145  47  0  67  0  1  2  1  110.81  7408.05  1
 22146  51  0  18  0  0  2  0   77.20  1378.57  0
 22147  40  0  16  2  0  1  0   69.56  1110.28  1
 22148  29  0  46  0  1  1  0   44.31  2074.16  0
 22149  70  1  52  1  1  2  0   80.67  4177.62  0
 22150  41  0  67  0  0  0  2   19.13  1269.49  0
 22151  57  0  39  2  1  2  0  107.22  4167.73  0
 22152  69  1  35  0  0  2  0   81.17  2796.28  1
 22153  31  0  31  0  0  1  1   67.47  2061.66  1
 22154  73  0  48  0  1  2  0   52.40  2523.64  0
 22155  23  0  30  0  1  0  2   18.00   554.76  0
 22156  30  1  26  0  0  2  1  113.00  2933.93  1
 22157  37  0  68  0  1  2  0   69.61  4744.57  0
 22158  19  0  32  0  1  0  2   18.00   554.35  0
 22159  31  0  45  1  1  1  0   80.30  3609.93  1
 22160  43  0  18  0  1  2  0   85.49  1551.30  1
 22161  55  1  59  0  0  1  1   69.20  4072.94  0
 22162  38  0  23  2  1  2  0   88.07  2024.57  0
 22163  39  0  24  0  1  1  1   57.08  1355.16  0
 22164  62  0  60  1  1  2  0   93.61  5615.25  0
 22165  41  0  59  0  0  1  1   75.53  4475.56  0
 22166  61  1  29  0  1  2  0   68.51  1978.37  1
 22167  69  1  65  0  0  2  0   71.62  4619.31  1
 22168  68  0  10  2  0  1  0   53.76   525.36  0
 22169  55  1  25  1  1  0  2   23.91   581.82  0
 22170  48  0  23  0  1  2  0   99.39  2332.46  1
 22171  66  0  22  0  1  2  0  106.97  2324.46  0
 22172  21  0  16  0  1  1  1   78.42  1252.44  1
 22173  23  0   1  0  1  2  1   92.77    92.77  1
 22174  49  1  67  1  1  1  1   75.24  5035.65  0
 22175  19  0  55  0  1  1  1   40.42  2218.99  1
 22176  63  1  27  0  1  1  0   55.89  1502.55  1
 22177  40  1  21  0  0  2  0   83.32  1746.67  0
 22178  72  1  48  2  0  1  1   64.40  3117.43  0
 22179  41  0   4  0  0  0  2   27.87    70.11  0
 22180  48  0  11  0  1  2  1  116.68  1279.26  1
 22181  38  1  29  0  1  0  2   27.09   778.26  0
 22182  72  1  52  0  1  2  0   88.28  4578.15  0
 22183  19  0  68  2  1  2  0   62.66  4262.86  0
 22184  28  0  70  0  1  2  0   83.82  5857.48  0
 22185  57  0  26  1  0  2  1   84.89  2230.82  1
 22186  30  0  20  0  1  1  1   57.18  1149.81  1
 22187  22  0  37  0  0  1  0   55.54  2070.41  0
 22188  30  0  70  2  0  2  0   82.19  5746.24  0
 22189  20  0  45  2  0  0  2   18.00   821.58  0
 22190  42  1  48  0  1  1  1   64.68  3130.83  0
 22191  56  0  59  0  1  0  2   18.00  1019.41  0
 22192  30  0  64  1  0  2  0   97.79  6265.56  0
 22193  73  0  11  2  0  2  0  106.11  1172.45  1
 22194  61  0  36  2  1  2  0   97.10  3479.54  0
 22195  33  1  36  1  1  2  1  100.56  3638.16  1
 22196  44  1  25  1  1  1  0   54.19  1354.80  0
 22197  41  0  11  0  1  2  0   79.72   907.41  1
 22198  64  1   6  0  1  1  0   60.43   352.41  1
 22199  41  1  46  0  1  1  1   70.20  3239.54  0
 22200  59  1  19  0  0  2  1   79.95  1527.20  1
 22201  73  0  32  1  1  2  0   82.87  2702.06  1
 22202  25  0  64  0  0  2  0   87.69  5592.85  0
 22203  66  1  64  0  0  2  0   88.36  5675.69  1
 22204  46  0  30  2  1  1  1   69.88  2088.17  0
 22205  24  1  22  0  1  2  0  103.07  2248.03  1
 22206  69  1  52  0  0  1  0   58.05  3017.15  0
 22207  52  1  12  2  0  1  0   39.55   484.14  0
 22208  52  1   1  2  0  2  0  109.23   139.68  0
 22209  47  0  55  0  0  2  0   71.82  3931.91  0
 22210  31  1  66  0  1  1  1   74.87  4965.30  0
 22211  34  0  58  0  0  2  0  110.91  6429.94  1
 22212  31  0  14  1  1  2  0   81.50  1149.89  1
 22213  25  0  28  2  1  2  0   79.18  2202.89  0
 22214  33  1   3  0  0  1  0   68.30   196.47  1
 22215  58  0  54  0  1  1  0   63.11  3416.61  0
 22216  21  1   5  2  1  2  0   61.35   280.48  0
 22217  53  0  19  1  0  2  1  101.89  1928.63  0
 22218  19  0  50  0  1  2  1   67.19  3371.38  1
 22219  32  1  53  0  1  1  1   76.89  4079.89  1
 22220  40  1  68  0  0  2  0  103.79  7094.46  0
 22221  66  0  20  1  1  1  1   42.85   860.98  0
 22222  68  1   2  2  0  0  2   24.72    45.27  0
 22223  74  1  14  0  1  2  0   41.47   588.56  1
 22224  40  0   2  2  1  2  0  100.52   180.92  0
 22225  28  1  68  0  0  1  1   51.67  3538.72  0
 22226  31  0  20  0  1  2  0   78.79  1519.95  1
 22227  53  0  24  0  1  2  1   92.55  2181.87  1
 22228  41  0  35  1  1  2  0   98.25  3430.82  0
 22229  44  1  32  2  1  2  1  120.00  3841.44  1
 22230  52  1  40  2  1  1  1   66.55  2687.99  0
 22231  19  1  34  0  0  1  1   77.83  2662.68  0
 22232  27  0  34  0  0  2  0  109.62  3745.49  1
 22233  37  1  36  0  1  2  1  120.00  4303.33  0
 22234  47  0  14  0  1  1  0   46.01   609.04  1
 22235  58  1  58  0  0  0  2   21.25  1242.16  0
 22236  40  1  36  0  1  2  1  120.00  4291.38  1
 22237  70  0  47  0  0  2  0   75.94  3554.64  1
 22238  69  1  40  1  0  0  2   18.84   741.09  0
 22239  42  1  67  2  1  1  0   69.76  4654.30  0
 22240  40  1  57  2  1  1  1   60.06  3390.51  0
 22241  42  1  63  1  0  0  2   24.60  1564.27  0
 22242  62  0  19  0  1  2  1   86.90  1644.63  0
 22243  56  0  60  0  0  2  0   65.16  3920.16  0
 22244  28  1  49  0  0  1  0   49.59  2405.13  1
 22245  38  1  17  0  1  2  1   98.68  1711.78  1
 22246  72  0  53  1  1  1  1   62.32  3307.76  0
 22247  31  0  61  0  1  2  0   87.82  5374.10  1
 22248  28  1  13  1  0  1  1   65.16   880.87  0
 22249  65  0  14  1  0  2  0   87.67  1254.98  1
 22250  23  0  38  0  0  2  0   86.09  3255.33  1
 22251  70  0  28  2  1  2  0   61.20  1716.44  1
 22252  26  0  31  2  1  2  0   74.61  2344.02  0
 22253  42  0  37  0  1  2  0   71.18  2649.15  1
 22254  46  1   8  2  0  1  0   61.22   458.01  0
 22255  39  1  12  2  1  2  0   70.50   836.82  0
 22256  42  0  24  2  1  2  0   93.49  2254.39  1
 22257  73  1   5  0  1  2  0   76.34   367.50  1
 22258  49  0  23  0  0  0  2   20.00   443.92  0
 22259  43  0  39  0  1  1  0   52.24  2055.12  0
 22260  61  0  68  2  1  1  0   72.40  4905.63  0
 22261  64  0  33  2  1  1  0   51.52  1651.65  0
 22262  49  1  54  0  0  2  1  110.66  5966.83  1
 22263  52  0  60  1  0  1  0   58.32  3524.12  0
 22264  26  1  57  2  0  0  2   27.03  1507.51  0
 22265  71  1  59  1  1  0  2   18.50  1070.72  0
 22266  64  1  59  1  0  2  0   82.11  4831.25  0
 22267  20  0  62  2  1  2  0  105.01  6527.94  0
 22268  31  1  31  0  1  1  0   41.16  1280.29  0
 22269  38  0  22  1  0  2  1   95.21  2115.35  1
 22270  31  1  33  0  0  2  1  110.99  3696.83  0
 22271  59  1  58  1  1  1  0   77.46  4477.94  0
 22272  45  0   5  0  0  1  0   65.37   306.01  0
 22273  36  0  38  0  1  2  0   85.85  3262.16  0
 22274  56  0  51  0  1  0  2   26.50  1345.71  0
 22275  47  0  27  0  1  0  2   23.77   661.92  0
 22276  18  0  22  0  1  1  0   54.00  1163.03  1
 22277  30  1   1  2  0  1  0   56.15    58.76  0
 22278  45  0  61  0  1  2  0   99.52  6066.19  1
 22279  58  1  53  2  0  2  0   75.09  3972.88  0
 22280  69  0  10  1  0  0  2   22.87   228.25  0
 22281  57  0  35  1  0  1  0   58.27  2071.21  0
 22282  36  1   9  1  0  0  2   18.00   164.14  1
 22283  38  1   6  1  1  2  0   76.40   481.78  1
 22284  24  0  11  0  0  0  2   18.00   198.27  0
 22285  29  1  65  1  1  2  0   85.12  5503.36  0
 22286  73  1  41  0  1  0  2   20.87   835.78  0
 22287  49  0   9  0  0  0  2   18.00   144.71  0
 22288  43  1  32  1  1  2  0  105.59  3364.50  0
 22289  59  1   6  1  1  0  2   22.88   150.93  1
 22290  74  0  22  1  1  0  2   33.22   714.22  0
 22291  42  0  41  0  1  2  1  118.79  4880.28  0
 22292  70  1  66  0  0  1  0   43.24  2827.77  0
 22293  26  1  32  2  0  1  1   78.39  2495.40  0
 22294  66  1  45  0  1  1  0   39.56  1764.62  0
 22295  36  1  23  0  0  1  1   61.15  1400.66  1
 22296  64  0  12  0  1  2  0   84.47  1012.69  1
 22297  37  0   3  1  1  2  0   88.12   262.98  1
 22298  31  0  44  0  1  1  1   63.02  2806.12  0
 22299  69  1  66  1  1  2  0   80.97  5353.86  0
 22300  40  1  66  2  0  2  1   94.42  6240.95  0
 22301  71  1   7  2  1  1  0   62.33   412.74  1
 22302  61  1  33  1  1  2  0   77.86  2573.99  0
 22303  46  0  52  0  1  2  0  119.89  6257.48  0
 22304  47  1   5  0  0  0  2   18.00    69.90  1
 22305  61  1   5  0  1  1  0   41.09   186.72  1
 22306  42  0  71  2  1  2  0   80.41  5737.61  0
 22307  30  0  33  0  0  2  0   84.34  2788.60  1
 22308  33  1  11  0  1  0  2   28.66   308.34  1
 22309  46  0  46  0  1  2  0   83.91  3896.42  0
 22310  39  0  44  0  1  0  2   18.00   767.43  0
 22311  55  1  15  1  1  2  0   82.98  1207.45  1
 22312  52  1  68  0  0  1  1   60.23  4076.59  0
 22313  38  0   1  0  1  0  2   18.00    18.00  1
 22314  34  0  18  1  0  2  0  100.49  1828.24  1
 22315  29  0  33  1  1  2  0   82.52  2683.98  0
 22316  32  0  56  1  1  2  1   82.27  4639.86  0
 22317  38  1  49  1  1  2  0   66.87  3256.09  0
 22318  43  1  60  1  1  2  0   73.09  4385.86  0
 22319  59  0  63  0  1  2  0   74.02  4675.54  1
 22320  19  1  69  0  1  1  0   61.45  4230.49  0
 22321  50  0   3  2  1  2  1   91.17   265.22  1
 22322  70  0  70  2  1  2  1   93.29  6514.78  0
 22323  71  0  33  0  1  1  1   50.69  1679.52  0
 22324  32  0  72  2  0  2  1   96.48  6923.55  0
 22325  60  0  30  1  1  2  0  105.06  3188.46  0
 22326  30  1  43  0  1  1  1   56.29  2384.19  0
 22327  42  1   7  0  1  1  1   50.78   346.83  0
 22328  48  0  72  0  1  0  2   21.25  1542.35  0
 22329  48  1  26  0  1  1  1   55.49  1418.86  0
 22330  71  1  14  0  0  2  1  104.41  1443.96  1
 22331  55  1  36  0  0  2  1   99.87  3616.21  1
 22332  22  1   9  1  0  1  0   41.87   347.98  1
 22333  71  0   3  2  1  1  0   53.45   134.17  1
 22334  45  0  71  2  1  2  0   85.55  6087.13  0
 22335  64  0  28  0  1  2  0   59.90  1662.40  0
 22336  50  1  69  0  1  2  1   94.93  6558.80  0
 22337  36  1  66  0  0  1  0   57.01  3763.87  0
 22338  22  0  46  2  1  0  2   18.00   830.17  0
 22339  21  0  43  0  0  2  1   99.65  4233.75  0
 22340  49  0  16  1  1  1  0   71.08  1085.40  1
 22341  53  0  38  2  0  1  1   63.64  2450.64  0
 22342  64  0  23  0  1  2  0   71.97  1656.34  1
 22343  39  1  47  0  1  1  0   74.62  3531.01  1
 22344  74  0  53  0  0  1  0   54.06  2888.77  0
 22345  66  1  26  1  1  2  1   94.83  2436.91  0
 22346  55  1  54  0  1  2  1   83.58  4512.95  1
 22347  56  0  42  1  1  2  0   82.75  3481.37  0
 22348  46  0  10  0  1  1  1   56.49   586.94  1
 22349  61  1  37  0  0  1  1   61.95  2279.92  0
 22350  26  1  14  1  1  1  0   59.81   819.22  1
 22351  21  1  51  1  0  2  0  107.72  5484.18  0
 22352  32  1  67  0  1  2  0  100.95  6761.39  1
 22353  53  1  50  1  1  1  1   65.39  3292.09  0
 22354  45  1  27  0  0  2  1   60.62  1638.78  0
 22355  38  1  35  0  1  2  0   73.41  2563.70  1
 22356  68  0  67  2  1  0  2   19.25  1304.49  0
 22357  59  1   6  1  1  0  2   25.79   130.81  0
 22358  38  1  59  1  1  1  0   72.41  4265.54  0
 22359  26  0  36  0  0  2  1   95.87  3451.01  1
 22360  21  1   3  0  0  2  0   97.00   307.19  1
 22361  40  1  35  0  1  2  1   75.62  2614.82  1
 22362  48  1  19  0  1  2  1   95.81  1807.01  1
 22363  48  0  56  1  1  1  0   54.17  3009.88  1
 22364  23  0  59  0  1  2  1   86.49  5063.47  0
 22365  61  1  32  1  1  1  0   62.61  2018.46  0
 22366  61  1  32  0  1  2  1   89.58  2846.77  1
 22367  26  0  24  1  0  1  1   49.24  1208.26  0
 22368  50  0  64  1  1  1  0   50.83  3281.68  1
 22369  38  0  68  1  1  1  0   79.17  5423.18  1
 22370  57  1  30  0  1  2  1  105.39  3167.09  1
 22371  38  1  10  1  1  1  1   76.05   784.79  0
 22372  23  0  69  0  0  0  2   25.57  1776.23  0
 22373  70  1   3  0  0  2  0   85.95   275.01  1
 22374  26  0  64  0  0  2  0   93.60  5976.96  1
 22375  27  0   2  0  0  2  0   73.70   129.46  1
 22376  20  0  52  0  0  1  0   67.31  3479.05  0
 22377  52  1  14  0  1  2  0   52.58   723.00  0
 22378  69  1   5  2  1  2  0   87.34   428.97  1
 22379  68  1  55  0  1  2  0   40.01  2215.43  1
 22380  31  0  71  2  0  1  0   47.01  3321.53  0
 22381  43  0  12  0  1  1  0   61.46   778.02  1
 22382  53  1  48  0  1  2  1   62.30  2993.26  0
 22383  26  1  38  1  0  1  0   31.79  1222.49  0
 22384  38  1  40  0  1  2  1   80.39  3210.17  0
 22385  73  0  70  0  1  2  0   86.30  6044.55  1
 22386  59  1  31  2  0  0  2   20.74   661.25  0
 22387  63  1  30  0  1  1  0   43.44  1314.75  1
 22388  44  0   6  0  0  0  2   18.00   119.73  1
 22389  32  1  20  1  1  2  1   91.24  1837.14  0
 22390  40  0  21  1  1  2  0   65.78  1375.00  0
 22391  45  1  63  1  0  2  0  112.91  7119.12  0
 22392  47  0  23  1  0  2  0   93.32  2144.66  1
 22393  71  0  56  1  1  1  0   60.28  3412.82  0
 22394  40  1  65  0  1  2  0   81.68  5306.14  0
 22395  33  0  53  0  0  0  2   18.78  1020.25  1
 22396  60  0  48  0  1  1  0   46.34  2224.13  0
 22397  25  1   5  0  1  2  1   80.55   377.74  1
 22398  67  1  22  2  0  1  0   40.19   881.92  0
 22399  41  0  12  1  0  2  0   88.08  1063.21  1
 22400  21  0  38  1  1  1  0   58.43  2209.51  0
 22401  32  0  15  0  0  0  2   19.48   317.48  0
 22402  48  1  39  0  1  0  2   18.86   759.03  0
 22403  36  0   4  1  1  1  0   73.65   289.65  1
 22404  28  1  24  1  1  2  0   82.45  1987.22  1
 22405  37  1  30  2  1  2  0   92.62  2800.25  1
 22406  63  0  20  1  1  1  0   57.00  1142.89  1
 22407  52  0  45  1  1  1  0   55.46  2519.90  0
 22408  30  1  65  0  1  0  2   18.00  1169.86  0
 22409  47  0   9  0  1  1  1   81.36   703.74  1
 22410  65  0  49  1  0  2  0   88.95  4347.54  0
 22411  74  0  20  1  1  1  1   64.20  1285.94  0
 22412  43  1  48  2  1  2  0   75.74  3604.03  1
 22413  19  0  68  0  1  0  2   19.62  1310.13  0
 22414  26  1  22  2  1  1  1   66.91  1434.57  0
 22415  53  0  43  0  1  1  1   58.37  2500.52  0
 22416  66  0  32  2  1  2  1  100.21  3235.58  0
 22417  74  1  68  1  0  1  0   61.01  4140.95  0
 22418  37  1  14  0  0  2  1  112.61  1568.22  1
 22419  30  0   4  0  0  2  0   79.18   326.89  1
 22420  28  0  65  0  1  2  0   94.59  6163.16  1
 22421  30  0  10  2  1  2  1   93.86   986.26  1
 22422  31  0  61  0  1  2  1   96.37  5905.28  0
 22423  74  0  51  0  0  1  0   63.98  3304.87  0
 22424  27  1  69  2  1  2  0   75.72  5253.53  0
 22425  24  0  72  0  0  2  1   93.80  6726.06  0
 22426  73  0   2  0  1  2  1   84.58   171.74  1
 22427  40  1  46  0  1  2  0   68.60  3168.30  1
 22428  44  1  24  2  1  2  1  114.48  2794.76  1
 22429  30  1  22  1  0  2  0  109.66  2400.63  1
 22430  32  0  12  0  1  1  0   46.63   555.83  1
 22431  44  1  59  0  1  0  2   24.56  1413.80  0
 22432  30  1  67  0  1  1  0   50.56  3390.31  1
 22433  29  1  41  0  1  2  0   71.82  2930.37  0
 22434  56  0  64  1  1  0  2   18.00  1142.23  0
 22435  45  1  20  0  0  1  0   75.19  1529.92  0
 22436  21  1  69  0  1  2  1   99.27  6861.17  0
 22437  48  0   3  0  1  1  1   76.94   219.92  0
 22438  18  1  15  2  0  2  0   75.20  1137.07  0
 22439  32  1  15  0  0  1  0   61.82   964.99  1
 22440  48  1  33  2  1  2  1   99.55  3295.48  0
 22441  24  1  66  0  1  0  2   18.00  1173.71  0
 22442  29  0  19  0  0  0  2   18.00   326.47  0
 22443  67  1  63  1  0  2  0   93.09  5863.10  1
 22444  21  0  45  1  1  2  0   99.40  4484.96  0
 22445  71  0   8  0  1  1  0   29.26   231.01  1
 22446  70  0  12  0  0  2  1   85.36   994.53  1
 22447  71  1  64  0  0  2  0   88.85  5684.23  0
 22448  22  1   3  0  0  1  1   57.32   190.66  1
 22449  35  1  30  0  0  0  2   18.00   549.67  0
 22450  46  1  53  2  1  1  1   50.47  2680.39  0
 22451  32  1  44  1  1  0  2   23.09  1009.37  0
 22452  73  1  34  0  1  2  0   96.78  3298.53  1
 22453  54  0  14  0  1  2  0  104.87  1488.88  1
 22454  56  0  36  0  1  2  0   79.78  2905.04  0
 22455  21  1  39  1  0  2  0   90.99  3561.32  0
 22456  30  1  70  1  0  0  2   18.00  1241.27  0
 22457  50  1  59  1  0  0  2   19.61  1138.80  0
 22458  27  0  36  0  1  2  0   85.63  3087.30  0
 22459  23  0  49  0  1  1  0   75.07  3711.58  1
 22460  28  0  47  0  1  2  0   59.04  2747.74  1
 22461  71  1  10  1  1  1  0   44.20   431.46  0
 22462  57  1  14  2  0  1  0   53.23   751.33  0
 22463  73  0  22  1  1  2  0   75.78  1662.70  1
 22464  34  1  40  0  1  0  2   21.56   880.72  0
 22465  31  0  28  0  1  2  0   65.90  1820.29  1
 22466  41  0   4  0  1  1  0   65.86   267.66  0
 22467  62  0  51  0  1  2  1   83.75  4234.39  0
 22468  37  1  35  1  1  1  1   53.38  1859.42  1
 22469  18  0  43  0  0  0  2   25.47  1113.59  0
 22470  70  0  37  0  1  1  0   47.22  1783.10  1
 22471  32  1  47  0  0  2  0  104.36  4938.73  1
 22472  57  0  26  2  1  1  1   73.32  1902.85  0
 22473  74  0  65  0  0  2  0   61.94  4003.02  1
 22474  41  0  23  0  1  1  0   50.40  1170.83  1
 22475  68  1  43  0  0  1  0   45.30  1958.34  1
 22476  18  1  28  2  1  2  1  107.57  3026.05  1
 22477  52  1   5  0  1  2  0   81.19   426.39  1
 22478  32  1  20  0  0  2  1   99.71  2030.21  1
 22479  34  0   6  0  1  2  0  109.71   641.63  1
 22480  64  0  67  1  1  0  2   18.60  1232.81  0
 22481  66  0  38  0  1  2  0   87.13  3297.13  0
 22482  20  0  55  1  0  0  2   18.00   964.99  0
 22483  57  0  14  0  0  2  0   98.76  1390.30  1
 22484  19  1  32  0  0  1  1   57.91  1854.62  0
 22485  23  1   9  1  1  1  0   46.45   471.48  0
 22486  21  1  40  0  1  0  2   21.15   869.67  0
 22487  43  1  58  2  0  1  1   68.09  3934.92  0
 22488  30  0  56  0  1  2  1   79.83  4485.10  0
 22489  68  1  42  1  1  1  0   62.23  2654.36  0
 22490  48  1  17  0  1  1  1   56.05   989.23  1
 22491  47  1  60  1  0  1  0   49.78  2975.77  0
 22492  67  0  64  0  0  1  0   59.15  3779.60  0
 22493  36  0  56  0  1  2  1   86.35  4871.38  0
 22494  65  0  19  0  1  1  0   54.53  1063.96  1
 22495  53  0  11  2  1  2  1   90.01   987.12  1
 22496  60  1  71  0  0  2  1  120.00  8530.49  0
 22497  34  0  61  1  1  1  0   64.91  3957.28  0
 22498  24  0  33  1  1  1  1   76.00  2520.05  0
 22499  32  1  72  0  1  2  0   83.99  6068.32  1
 22500  25  0  37  0  1  1  0   58.28  2151.72  0
 22501  62  0  21  2  0  1  0   53.13  1147.11  0
 22502  25  0  12  1  0  1  0   68.20   805.47  0
 22503  23  0  59  0  0  0  2   22.82  1367.35  0
 22504  50  0  69  2  1  2  0   87.61  6064.54  0
 22505  37  0  63  2  1  1  0   43.65  2729.72  0
 22506  23  0  44  0  0  2  0   46.96  2015.23  1
 22507  59  1  11  0  1  2  0   95.22  1054.47  1
 22508  46  0  26  2  0  2  0   87.70  2268.16  0
 22509  21  0  57  1  0  1  0   36.31  2054.05  0
 22510  32  0  50  1  1  2  1   87.22  4342.53  0
 22511  22  0   6  0  1  2  0   90.52   516.85  1
 22512  22  1   1  0  1  2  1  110.81   110.81  1
 22513  22  0  28  2  1  1  1   64.50  1813.61  0
 22514  61  0  21  1  0  2  0   92.17  1958.45  1
 22515  53  0  26  0  1  2  1  101.98  2625.84  0
 22516  54  1   3  0  0  1  0   52.01   152.04  1
 22517  42  0  41  0  1  2  0   93.80  3834.60  1
 22518  35  0  40  2  1  1  0   56.61  2291.46  0
 22519  18  1  70  1  1  0  2   18.00  1266.39  0
 22520  22  1  36  0  1  1  0   45.98  1631.71  1
 22521  65  1  42  1  1  2  1   75.88  3179.08  0
 22522  18  0  69  1  1  2  1   89.82  6171.84  1
 22523  28  1  42  0  1  1  0   63.58  2701.71  0
 22524  40  0  61  0  1  2  0   99.73  6094.43  0
 22525  50  0  60  0  1  0  2   18.00  1066.81  1
 22526  24  0  55  1  0  1  1   82.13  4516.40  0
 22527  43  0  12  2  1  0  2   18.00   189.36  0
 22528  58  1  24  0  0  0  2   18.00   446.29  1
 22529  30  1  36  0  1  1  0   42.05  1483.35  0
 22530  47  0  68  0  0  0  2   18.00  1228.27  0
 22531  29  0  48  1  1  2  1  100.68  4828.54  0
 22532  36  1  39  2  1  2  0   73.45  2838.04  0
 22533  49  0   6  1  0  2  1  110.96   675.99  1
 22534  40  1  22  0  1  0  2   18.00   370.35  1
 22535  29  1   6  1  0  1  1   48.80   271.84  1
 22536  69  1  68  0  1  2  1   93.59  6347.60  0
 22537  49  0  65  0  1  1  0   43.25  2812.35  0
 22538  19  0  70  1  1  1  0   69.92  4898.66  0
 22539  38  1   5  0  0  2  0   95.59   479.67  1
 22540  68  1  68  2  1  1  1   74.42  5071.26  0
 22541  29  0  64  2  1  2  0   76.50  4923.80  0
 22542  24  0  46  2  0  1  0   42.48  1994.29  0
 22543  46  0   9  1  1  1  1   52.78   457.18  0
 22544  19  1  45  2  1  2  1  108.02  4831.50  0
 22545  70  0  20  0  1  1  1   57.19  1144.56  1
 22546  21  0  51  0  1  2  1  102.34  5227.26  0
 22547  53  0  57  0  0  1  0   59.42  3403.14  0
 22548  72  0  33  0  1  2  1  113.92  3791.27  0
 22549  61  0   5  0  1  0  2   18.71    99.97  0
 22550  25  0  65  0  1  0  2   18.00  1188.23  0
 22551  62  0   8  0  0  0  2   24.23   233.71  0
 22552  34  1  37  2  0  2  0  118.36  4389.96  0
 22553  50  0   6  2  1  1  1   59.35   371.91  1
 22554  70  0  19  0  0  1  0   55.42  1043.10  0
 22555  59  0  30  1  1  0  2   21.70   657.06  0
 22556  58  1  51  1  1  2  0   98.85  5008.16  0
 22557  53  0  12  0  1  2  0   92.65  1061.91  1
 22558  67  1  59  1  0  1  0   59.59  3505.80  0
 22559  34  1  22  0  0  2  0  120.00  2641.88  1
 22560  59  1  23  0  1  2  0  100.87  2305.89  1
 22561  53  0  54  0  0  0  2   26.95  1470.46  1
 22562  66  1  36  0  1  0  2   19.21   703.73  0
 22563  69  1  60  2  1  1  1   66.76  4021.58  0
 22564  35  1  31  0  0  0  2   22.63   722.91  0
 22565  59  0   4  0  1  1  1   79.31   348.74  1
 22566  40  1  52  1  1  2  0   70.64  3706.13  0
 22567  62  1   5  0  1  2  0   86.23   452.29  1
 22568  25  1   1  2  1  1  0   50.73    71.77  0
 22569  62  0  16  0  0  2  0   56.20   895.43  1
 22570  23  0  26  0  1  1  0   38.18  1002.93  0
 22571  73  0  55  2  0  2  0   82.03  4498.31  0
 22572  61  0  40  1  0  2  1   92.19  3695.78  1
 22573  69  0  34  0  1  1  0   46.65  1557.96  0
 22574  52  0  54  1  0  1  0   64.08  3473.64  0
 22575  28  1  27  0  0  2  1  100.37  2725.45  1
 22576  56  1  27  2  1  1  0   42.78  1132.37  0
 22577  50  1  39  1  1  2  0   68.99  2682.68  0
 22578  27  0  27  1  1  2  1  111.01  2984.84  0
 22579  64  1  48  0  0  2  0   56.79  2716.35  1
 22580  30  1   7  0  1  2  0   68.91   507.37  1
 22581  28  1  60  0  1  0  2   19.66  1192.35  0
 22582  64  1   7  0  0  0  2   18.00    98.40  0
 22583  23  0   7  0  0  2  0   68.33   472.93  1
 22584  70  1  64  0  1  0  2   21.09  1387.94  0
 22585  61  0  17  1  0  1  0   61.80  1059.98  0
 22586  74  1  37  1  0  1  0   46.72  1743.49  0
 22587  44  0  43  0  1  1  1   70.69  3034.79  0
 22588  25  1  23  0  0  1  1   62.37  1450.95  0
 22589  57  0  61  0  1  2  1  120.00  7318.69  1
 22590  27  0  52  0  1  2  0   75.51  3950.14  1
 22591  27  0   4  0  1  2  0   59.20   278.33  1
 22592  58  1  10  0  1  2  0   51.92   504.86  0
 22593  62  0  14  0  1  0  2   18.00   229.75  1
 22594  72  0  67  2  1  2  0  105.76  7071.56  0
 22595  35  0  68  0  0  1  0   61.16  4135.30  1
 22596  74  0  67  0  1  2  0   78.22  5190.52  0
 22597  43  0  42  2  0  2  0   94.18  3958.01  0
 22598  67  0  40  1  0  2  0   66.19  2645.07  0
 22599  59  1  20  0  1  1  1   76.86  1513.22  0
 22600  44  0  48  0  1  1  1   59.01  2832.29  0
 22601  28  1  28  0  1  2  0  120.00  3379.60  1
 22602  23  0  50  0  0  0  2   18.00   891.82  0
 22603  50  0  54  0  0  1  0   63.14  3406.77  1
 22604  43  1  36  0  1  2  0   63.02  2254.35  0
 22605  18  1  26  0  1  2  1   97.13  2532.51  1
 22606  19  0  15  1  1  2  1   94.52  1399.26  0
 22607  43  0  16  0  1  1  0   54.44   861.76  0
 22608  39  1   8  2  1  2  1  113.55   901.87  1
 22609  43  0   6  0  1  1  0   59.99   369.72  0
 22610  45  0  60  1  0  1  0   56.06  3354.75  0
 22611  19  0  29  2  0  0  2   22.19   688.85  0
 22612  35  0  62  0  0  0  2   22.08  1365.55  1
 22613  62  1  63  0  1  2  0   73.62  4612.64  0
 22614  46  1  37  2  0  2  1   85.40  3192.29  0
 22615  20  1   6  2  1  2  0   80.48   492.23  0
 22616  19  0  38  0  1  2  0   73.43  2763.55  0
 22617  55  0  50  2  1  0  2   30.73  1534.34  0
 22618  22  1  46  1  0  2  0   89.58  4110.75  1
 22619  60  0   7  0  1  2  0  101.31   698.50  1
 22620  26  1  11  0  0  2  0   94.61  1047.58  1
 22621  59  1  21  1  0  2  0   94.56  2007.60  1
 22622  71  1   7  1  1  2  0   74.17   501.55  0
 22623  40  1  35  0  1  0  2   18.00   622.76  1
 22624  39  1  27  0  0  2  0   99.20  2658.01  1
 22625  49  0  43  0  1  2  0   99.91  4331.56  1
 22626  27  1  14  1  1  0  2   24.73   360.40  1
 22627  53  1  11  0  1  0  2   19.07   237.83  1
 22628  51  0  35  0  0  1  0   40.92  1436.27  1
 22629  42  0  48  0  0  2  0   94.49  4513.06  0
 22630  71  1  36  2  1  2  0   69.71  2509.98  0
 22631  47  1  41  2  0  1  1   93.21  3824.29  0
 22632  26  0  61  1  1  0  2   18.00  1100.67  0
 22633  30  0  31  2  1  0  2   18.00   530.12  1
 22634  58  0  20  1  1  1  0   57.75  1118.24  0
 22635  56  1  23  2  0  2  0   94.33  2136.82  1
 22636  18  0  14  1  1  1  1   62.32   875.46  0
 22637  34  1  44  0  1  2  1   89.56  3958.07  1
 22638  19  0  19  0  1  1  0   59.16  1123.42  0
 22639  51  0  64  1  1  1  1   64.09  4088.18  0
 22640  55  1  31  2  0  2  0   90.09  2786.57  0
 22641  18  0  71  0  1  2  1   82.48  5846.22  1
 22642  66  1  66  0  1  1  1   75.13  4929.24  0
 22643  71  0  29  1  0  1  0   53.86  1546.80  0
 22644  40  0  30  1  0  1  0   44.61  1321.49  0
 22645  35  0  56  2  1  2  0   86.82  4830.59  0
 22646  29  1  37  1  1  1  0   69.78  2584.44  0
 22647  26  0  31  0  0  2  0   90.34  2827.23  1
 22648  28  0   1  1  1  1  0   46.19    57.98  0
 22649  21  1  12  2  0  2  1   88.99  1048.80  1
 22650  67  0  38  1  1  2  0   78.19  2934.12  0
 22651  49  0  26  0  0  1  0   54.85  1459.19  1
 22652  40  1  13  1  1  1  0   70.35   935.01  0
 22653  67  1  44  0  0  0  2   18.00   801.13  0
 22654  32  0  65  0  1  2  0   82.04  5366.25  0
 22655  21  1  41  1  1  2  1   78.15  3212.95  0
 22656  46  1  25  0  1  0  2   25.28   645.66  1
 22657  71  0  23  0  1  0  2   22.80   561.77  1
 22658  20  1  31  0  0  1  1   63.74  1980.52  0
 22659  58  1  69  2  0  0  2   23.09  1602.49  0
 22660  71  1   7  1  0  2  0   71.70   498.23  0
 22661  70  1  37  0  1  2  0   84.02  3112.74  1
 22662  51  0  64  1  1  2  0   72.43  4625.47  0
 22663  54  0   4  1  0  1  1   68.03   293.25  0
 22664  53  1  61  1  0  2  0  114.49  6972.14  0
 22665  66  1  60  0  0  2  0   70.88  4227.87  0
 22666  55  0   4  0  1  0  2   20.00    68.76  1
 22667  37  1  26  0  1  2  0   94.33  2428.97  1
 22668  52  0  70  0  1  1  0   50.60  3567.74  0
 22669  62  1  46  0  1  2  0   85.45  3893.86  0
 22670  63  1  64  0  0  2  1   67.25  4320.60  1
 22671  44  0  67  1  1  2  0   58.07  3902.80  0
 22672  49  0  39  0  1  0  2   18.00   714.62  0
 22673  47  0  21  1  0  1  1   51.61  1072.74  0
 22674  24  0  23  2  1  0  2   18.00   374.59  0
 22675  68  1  16  2  1  0  2   19.93   321.95  0
 22676  28  1  51  0  0  2  0   89.89  4550.30  0
 22677  38  0  33  2  0  2  1  108.14  3562.67  1
 22678  55  1   1  0  0  2  1   91.32   100.97  1
 22679  36  1  34  1  0  1  0   68.16  2324.41  0
 22680  35  1  10  0  0  2  1   85.73   870.90  1
 22681  56  1  18  0  0  2  0   75.48  1373.02  1
 22682  71  1  42  0  1  2  1  103.63  4336.57  1
 22683  44  1  36  0  1  2  1   95.96  3434.50  1
 22684  52  1   2  2  1  1  0   68.96   146.73  0
 22685  19  1  30  2  1  1  1   71.47  2138.08  0
 22686  22  1  27  2  1  2  1   91.30  2491.04  1
 22687  72  1  67  2  0  0  2   22.48  1482.27  0
 22688  34  0  59  2  0  2  0   77.24  4529.96  0
 22689  61  1  42  0  0  0  2   18.00   755.24  1
 22690  21  0  42  2  1  1  0   61.79  2574.52  0
 22691  72  1  65  1  1  2  0   81.04  5264.02  0
 22692  33  1  65  0  0  0  2   18.00  1145.99  1
 22693  62  0  50  1  0  2  1  102.32  5133.34  0
 22694  71  0  36  2  1  1  0   48.50  1753.92  0
 22695  63  0  55  2  1  2  0   47.20  2626.34  0
 22696  60  0  45  0  1  0  2   27.60  1212.04  0
 22697  51  1  41  0  1  2  1   99.22  4080.94  1
 22698  71  0  64  0  1  0  2   18.00  1093.84  0
 22699  41  1  60  2  1  0  2   23.87  1445.10  0
 22700  72  1  50  2  1  1  0   48.43  2444.17  1
 22701  44  1  65  1  1  1  0   57.03  3716.95  0
 22702  40  1  22  2  1  1  1   81.05  1785.48  0
 22703  44  0  26  1  1  1  1   57.52  1479.75  0
 22704  21  1  60  0  1  0  2   30.67  1815.49  1
 22705  42  1  64  1  1  2  1  102.78  6557.33  0
 22706  39  1  66  0  0  2  0  103.67  6808.67  0
 22707  51  0  17  1  1  1  0   45.10   772.56  0
 22708  36  0  59  0  0  2  0   65.53  3892.97  0
 22709  37  1  34  2  0  1  0   70.41  2377.76  0
 22710  30  0  54  0  1  1  0   78.24  4240.91  1
 22711  27  0  61  1  1  1  0   61.48  3755.43  0
 22712  62  0  64  0  1  0  2   18.00  1154.57  1
 22713  58  0   2  2  0  1  1   77.61   164.55  0
 22714  61  0  62  2  1  2  1   82.67  5149.68  0
 22715  49  0  36  0  0  2  1   91.44  3299.95  1
 22716  59  1  12  1  1  2  0  104.01  1272.69  1
 22717  42  1  10  2  0  1  0   46.27   473.97  0
 22718  35  0  38  0  1  2  1  115.41  4353.70  1
 22719  70  1  58  0  0  2  1   95.82  5537.61  1
 22720  56  0  36  0  0  0  2   18.00   633.09  1
 22721  54  1   8  1  1  0  2   22.10   179.78  1
 22722  50  1  28  0  1  2  0   82.31  2315.07  1
 22723  57  1  44  0  0  2  0  114.28  5021.43  1
 22724  40  0  61  0  1  2  1   93.38  5690.24  0
 22725  42  1  69  1  0  2  0   80.09  5542.37  0
 22726  52  0  21  0  1  2  0   88.51  1867.16  0
 22727  58  1  51  0  1  0  2   18.00   935.05  0
 22728  53  0  16  2  1  2  1   98.58  1594.09  0
 22729  70  0   1  0  0  2  0   75.09    91.77  1
 22730  70  1   3  0  0  2  0  120.00   364.80  1
 22731  55  1   6  1  1  2  0   77.28   435.05  1
 22732  73  0  11  1  1  1  0   48.27   528.89  0
 22733  22  1  47  0  1  2  0  117.96  5535.54  0
 22734  33  0  64  0  1  1  0   41.88  2692.92  0
 22735  71  1   5  0  1  0  2   18.74    84.32  0
 22736  60  0  68  0  1  2  1   82.12  5574.94  0
 22737  60  0  26  1  0  2  0   77.52  1999.91  1
 22738  64  1  12  0  0  1  0   49.12   587.01  1
 22739  73  0  10  0  0  1  1   45.20   449.82  0
 22740  74  1  18  1  1  0  2   18.00   293.33  0
 22741  35  0  16  1  1  2  0   79.07  1232.03  0
 22742  26  0  36  1  1  2  1  110.25  3983.09  0
 22743  70  0  26  0  0  2  1   80.02  2076.18  1
 22744  66  0  65  1  1  0  2   27.09  1780.80  0
 22745  70  1  40  0  1  2  1  104.08  4142.34  0
 22746  52  1  16  0  0  2  1   85.22  1348.51  1
 22747  50  1   6  1  0  2  0   94.04   543.39  0
 22748  70  0  49  2  1  2  0   61.09  3004.10  0
 22749  54  0  43  0  1  2  0   65.37  2814.06  0
 22750  33  1  33  0  1  0  2   24.07   797.33  0
 22751  46  0  15  0  0  2  0   79.29  1195.00  1
 22752  56  0   6  0  0  1  0   52.19   336.42  1
 22753  44  0  11  0  1  1  0   51.81   559.82  1
 22754  72  1  36  2  0  2  0   89.19  3222.95  0
 22755  34  1   7  2  1  1  1   58.67   401.84  1
 22756  73  0  15  2  1  2  1  118.60  1786.64  0
 22757  70  1  38  2  1  2  0   69.98  2665.78  0
 22758  66  1  18  0  0  2  0   80.62  1475.21  1
 22759  54  0  65  1  1  2  1   82.15  5349.22  0
 22760  31  1  26  2  1  2  0   73.66  1903.57  0
 22761  29  1  13  2  1  2  0   82.89  1112.48  1
 22762  59  0  33  0  0  0  2   18.00   588.41  0
 22763  46  1  29  1  0  0  2   20.08   585.81  0
 22764  39  0  44  0  0  0  2   18.00   791.09  0
 22765  64  1  12  1  1  0  2   22.20   274.81  0
 22766  42  0  52  0  1  0  2   18.00   929.46  0
 22767  65  0  72  0  0  0  2   24.68  1783.75  0
 22768  49  0  61  0  0  2  0  106.11  6437.98  0
 22769  63  1  60  2  0  0  2   23.86  1369.24  0
 22770  47  1  28  0  1  1  0   53.97  1527.36  0
 22771  52  0  12  0  1  2  0  101.19  1191.91  1
 22772  45  1  47  0  1  1  0   76.98  3647.96  1
 22773  63  0  64  2  1  1  0   61.59  3964.15  0
 22774  53  1  67  0  1  1  1   52.31  3536.36  0
 22775  43  1  64  1  1  2  0   80.57  5137.02  0
 22776  63  0  14  2  1  1  1   58.44   822.87  1
 22777  42  0  72  0  1  1  1   57.88  4188.49  0
 22778  29  1  63  1  1  0  2   23.61  1487.00  0
 22779  41  1  40  1  0  1  0   60.25  2415.33  0
 22780  39  1  45  0  1  0  2   24.58  1130.34  0
 22781  35  0  45  0  0  1  0   69.51  3117.83  0
 22782  67  1  30  1  1  0  2   24.39   739.49  0
 22783  19  1  31  0  1  2  1  100.43  3140.00  1
 22784  22  0  20  2  1  1  0   43.40   865.24  1
 22785  50  1  35  0  1  2  0   78.79  2782.78  1
 22786  54  0  14  1  1  2  0  101.39  1400.47  1
 22787  23  0  57  2  1  2  1  102.03  5812.53  0
 22788  67  0  48  2  0  2  0   83.15  4027.60  1
 22789  38  1  64  1  0  2  1  112.07  7179.12  0
 22790  22  0  61  0  0  2  0   72.40  4404.46  0
 22791  52  1  37  1  1  1  0   49.73  1863.64  0
 22792  36  0  14  0  0  1  0   36.17   520.63  0
 22793  47  1  10  0  1  2  0   72.84   691.38  0
 22794  25  1   1  2  1  0  2   18.00    18.00  0
 22795  25  1  10  0  1  0  2   23.51   251.96  0
 22796  62  1  33  1  0  2  0   67.75  2262.09  1
 22797  62  1  34  0  0  2  0   66.77  2274.28  1
 22798  68  0  24  2  1  1  0   46.96  1143.53  0
 22799  22  1  17  1  1  1  0   59.65  1057.96  0
 22800  55  0  15  0  1  2  0   55.73   834.91  1
 22801  20  1   1  2  1  1  1   62.06    92.14  1
 22802  43  1   7  0  0  1  1   65.82   489.46  1
 22803  67  0   8  1  1  1  1   60.66   476.61  1
 22804  39  0  66  0  1  2  0   74.89  4935.30  0
 22805  40  0  67  1  0  2  0   92.49  6158.42  0
 22806  70  1   2  0  1  0  2   19.27    19.27  1
 22807  26  0  40  1  0  2  0  102.86  4068.45  0
 22808  61  1  50  0  0  2  0   93.82  4699.84  0
 22809  64  0  70  0  0  0  2   19.75  1388.80  0
 22810  63  1   2  0  1  1  1   58.31   172.43  1
 22811  67  1  51  0  1  2  0  115.84  5923.96  0
 22812  74  1  30  1  0  0  2   18.00   556.83  0
 22813  59  0  62  1  0  0  2   20.41  1264.38  0
 22814  41  1  45  1  1  2  0   93.48  4198.76  0
 22815  51  1  29  1  1  0  2   20.37   626.47  0
 22816  66  1  27  1  0  2  1   90.66  2469.51  0
 22817  27  1   3  1  0  0  2   18.00    66.26  0
 22818  28  1  67  1  1  2  1  107.51  7201.53  0
 22819  29  0  22  2  1  0  2   18.00   388.50  0
 22820  24  0  10  1  0  1  1   68.56   677.52  1
 22821  29  1   6  0  1  1  0   56.25   331.68  0
 22822  30  0  55  1  0  2  0   78.30  4322.89  0
 22823  38  1  57  0  1  0  2   18.00  1016.93  0
 22824  51  1  20  0  1  0  2   18.63   351.08  0
 22825  54  0  30  0  0  2  1   72.54  2167.70  1
 22826  43  0  16  2  0  2  0   74.98  1208.98  0
 22827  24  1  70  0  0  1  0   50.32  3538.40  0
 22828  28  1  39  0  1  0  2   18.00   709.69  0
 22829  32  0  30  0  1  0  2   24.21   742.23  0
 22830  42  1  31  0  1  1  0   43.19  1329.71  1
 22831  40  1   7  1  1  0  2   18.00   128.46  1
 22832  52  0  27  0  0  1  0   55.26  1483.33  0
 22833  64  0  12  2  1  2  0   90.64  1065.71  0
 22834  36  0  59  0  0  1  1   74.82  4444.00  0
 22835  25  0  51  2  1  1  0   46.54  2390.09  0
 22836  43  0  67  0  1  1  1   86.94  5779.87  0
 22837  55  0  58  0  0  1  0   35.40  2030.46  0
 22838  47  1  11  2  0  2  1   92.86  1037.92  0
 22839  63  1  64  0  1  1  1   78.73  5049.03  1
 22840  51  1  50  0  0  0  2   24.42  1228.70  0
 22841  51  1  10  1  1  0  2   26.15   255.91  0
 22842  56  0  64  0  1  1  0   43.36  2772.24  0
 22843  73  1  67  0  1  1  0   49.46  3332.60  0
 22844  54  0  53  0  0  0  2   21.52  1145.71  0
 22845  57  1   7  0  1  2  0   65.32   484.19  1
 22846  71  1  43  0  1  0  2   21.98   985.11  0
 22847  28  1  45  0  0  1  0   48.54  2158.51  0
 22848  74  0  61  1  1  2  1  102.23  6250.70  0
 22849  22  1  59  0  0  2  1   72.25  4246.65  0
 22850  63  0  21  1  0  2  0   71.28  1485.69  0
 22851  59  1  21  0  1  2  0   86.79  1824.54  1
 22852  45  0  46  1  1  0  2   19.80   906.19  0
 22853  35  1  62  1  1  0  2   18.00  1132.93  0
 22854  38  0  61  0  1  1  0   60.96  3694.07  0
 22855  43  1  19  0  1  1  0   57.32  1045.34  0
 22856  44  1  44  2  0  0  2   20.04   887.00  0
 22857  19  1  24  0  0  2  0   84.90  2028.69  0
 22858  67  1  67  0  1  2  0   92.02  6152.95  1
 22859  54  0   3  2  0  2  0   92.05   295.89  1
 22860  72  1  12  1  1  1  1   82.82  1065.61  0
 22861  42  0  72  2  1  0  2   23.44  1691.97  0
 22862  32  1  60  2  1  1  0   59.36  3592.14  0
 22863  68  0  62  0  0  2  1   80.10  4997.92  1
 22864  72  0  36  2  0  2  1  118.70  4272.44  0
 22865  19  1   7  1  0  2  0   86.03   607.05  1
 22866  21  1  50  1  1  0  2   20.99  1039.26  0
 22867  58  0  34  0  1  2  0   81.32  2736.18  0
 22868  31  0   8  0  0  2  0   82.24   633.54  1
 22869  41  1  53  2  0  0  2   18.00   978.72  0
 22870  22  1  29  0  1  2  0   61.46  1781.29  1
 22871  29  1   7  1  1  0  2   18.00   108.72  1
 22872  19  1  58  0  1  0  2   26.60  1542.00  0
 22873  56  1  52  1  1  2  0   70.61  3670.54  1
 22874  59  1  35  1  1  1  1   70.18  2435.17  0
 22875  36  0  44  1  1  1  1   62.83  2796.65  0
 22876  68  0   6  1  0  2  0  115.03   674.71  1
 22877  28  0  27  1  1  0  2   21.52   573.61  1
 22878  19  1  46  0  0  2  1   78.33  3564.25  0
 22879  35  0  27  0  1  2  1   98.79  2699.31  1
 22880  18  1  63  2  1  2  0   81.86  5156.16  0
 22881  26  0  13  2  1  0  2   18.00   221.09  0
 22882  58  1  17  2  1  0  2   22.37   348.78  1
 22883  63  0  36  0  1  2  0   82.69  2973.19  1
 22884  62  0  55  0  1  0  2   24.04  1316.62  1
 22885  46  0  46  0  1  1  0   75.55  3456.37  0
 22886  54  0  25  0  1  1  0   43.74  1084.77  0
 22887  44  0  42  1  1  1  0   68.16  2850.95  0
 22888  61  1   2  0  0  1  0   62.03   143.69  0
 22889  34  1  48  0  1  0  2   27.12  1318.45  0
 22890  67  1  57  1  1  0  2   19.26  1116.61  0
 22891  71  0  66  0  0  1  0   42.59  2837.20  0
 22892  35  0  11  0  1  2  1   93.25  1025.91  1
 22893  33  1  15  2  1  2  1   82.48  1213.95  1
 22894  49  1  70  0  0  2  1  100.89  7051.70  0
 22895  64  0  59  1  0  2  1  115.95  6853.70  0
 22896  52  0  30  0  0  1  0   45.83  1376.36  1
 22897  43  0  53  0  0  2  1   86.38  4579.99  1
 22898  49  0  31  1  0  1  0   54.52  1688.42  0
 22899  45  1  37  2  1  2  1  107.12  3972.83  0
 22900  58  0  45  2  1  0  2   21.33   944.78  0
 22901  67  0  12  0  0  2  0   75.79   936.43  1
 22902  55  0  15  0  1  2  1  113.26  1684.06  1
 22903  40  0  71  1  1  2  0   87.02  6141.90  0
 22904  31  1  16  2  1  0  2   18.00   272.03  0
 22905  41  1   9  1  1  1  0   54.16   497.23  0
 22906  30  1  21  1  1  2  0   88.81  1856.67  1
 22907  23  1  47  0  1  2  0   81.64  3834.02  0
 22908  59  1   3  1  1  1  0   35.14    79.88  1
 22909  66  1  39  0  1  2  0   92.77  3637.12  1
 22910  22  0  36  0  1  1  1   73.59  2640.27  0
 22911  71  0  43  0  0  1  0   55.20  2363.93  0
 22912  45  0  41  0  0  2  0   95.42  3891.98  1
 22913  71  1   6  1  0  1  0   54.64   295.57  0
 22914  20  1  39  2  1  2  0   89.33  3487.74  0
 22915  20  1  16  0  1  2  1   82.86  1339.17  1
 22916  33  1  32  2  1  2  1   73.85  2360.57  0
 22917  37  1  64  0  0  2  0   87.20  5555.59  1
 22918  36  0  71  2  1  1  0   54.32  3834.63  0
 22919  18  0  48  2  0  0  2   23.42  1120.98  0
 22920  24  1  34  0  1  1  0   39.82  1355.06  0
 22921  18  0   9  0  0  0  2   30.14   297.78  1
 22922  62  0  26  1  0  2  1  111.84  2915.87  1
 22923  50  1   6  0  1  1  1   50.23   331.80  1
 22924  29  0  43  2  1  2  0   88.56  3804.19  0
 22925  26  1  59  0  0  2  0   95.60  5641.96  1
 22926  50  1  28  1  1  2  0  107.14  3010.15  1
 22927  30  0  60  1  1  1  0   56.58  3418.23  0
 22928  54  1  39  1  1  1  0   57.67  2264.14  0
 22929  37  0   8  2  1  2  0   62.09   521.45  1
 22930  62  0  34  2  0  2  0   79.07  2684.40  0
 22931  19  1  71  1  1  2  0  102.12  7278.78  0
 22932  62  1   3  2  1  1  0   53.25   170.23  0
 22933  70  1  52  0  1  2  1   71.00  3679.32  0
 22934  73  1  29  0  1  0  2   23.28   628.36  0
 22935  26  1  54  1  1  1  0   65.69  3585.58  0
 22936  37  1  67  2  0  2  1  105.66  7022.08  0
 22937  21  0  67  0  1  0  2   18.00  1200.73  0
 22938  53  1  59  2  1  1  0   56.63  3345.30  0
 22939  26  1  18  2  1  2  0   71.89  1323.02  1
 22940  25  0  17  2  0  1  0   65.09  1068.23  1
 22941  38  1  58  1  1  1  1   58.59  3369.51  0
 22942  64  0  70  0  1  1  0   61.25  4278.46  0
 22943  67  1  25  1  1  1  1   60.86  1533.01  0
 22944  69  0  16  2  0  2  0   85.20  1345.75  0
 22945  29  0  41  1  1  1  1   82.73  3377.42  0
 22946  34  1  38  1  1  0  2   18.00   695.00  0
 22947  61  0  33  2  1  1  1   61.21  1985.23  0
 22948  24  1  20  1  1  1  0   61.94  1224.57  0
 22949  19  0  70  0  1  2  1  103.45  7271.21  1
 22950  63  0   3  0  0  1  1   53.38   189.82  1
 22951  21  0  54  0  1  0  2   21.46  1128.83  0
 22952  59  1  26  2  0  1  0   66.10  1733.16  1
 22953  26  0   1  0  1  1  1   65.00    65.00  1
 22954  66  0  59  0  1  1  0   64.06  3766.31  0
 22955  18  0  50  1  0  2  1  112.62  5623.24  0
 22956  52  0  10  0  0  2  1  102.79  1036.55  1
 22957  61  0  42  0  1  2  0   82.97  3477.48  1
 22958  53  0  14  0  1  0  2   19.94   281.90  0
 22959  68  0  31  0  0  1  0   52.62  1581.95  1
 22960  35  1  48  0  1  0  2   28.67  1367.22  0
 22961  57  1  41  0  0  2  1  112.76  4639.28  1
 22962  45  0  61  0  0  1  0   51.45  3145.89  0
 22963  47  1  52  2  0  0  2   24.05  1220.70  0
 22964  53  0  23  0  0  1  0   58.01  1283.00  1
 22965  23  0   7  0  1  1  1   76.72   577.81  1
 22966  49  1  55  2  0  1  1   59.81  3300.83  0
 22967  46  0  57  0  1  0  2   18.00   989.52  0
 22968  41  1  68  1  1  2  1  100.33  6839.83  0
 22969  20  0  62  1  0  2  0   56.46  3487.84  0
 22970  65  0  22  0  1  0  2   21.91   494.46  1
 22971  39  1  51  2  1  2  1   92.38  4693.87  0
 22972  30  0  63  0  0  2  0   88.55  5569.81  0
 22973  45  1   9  0  0  2  0   78.03   690.54  1
 22974  24  1  34  0  1  2  0   96.14  3260.57  1
 22975  43  1  36  1  1  2  0   92.88  3332.38  0
 22976  29  0  31  2  1  1  0   68.09  2087.34  0
 22977  40  0  52  0  1  1  1   73.07  3778.09  1
 22978  74  1   1  1  1  1  0   46.91    53.81  0
 22979  57  0  47  0  0  2  1  106.23  5025.99  1
 22980  26  1  37  0  0  2  0   84.11  3104.90  1
 22981  74  0  60  0  0  0  2   23.47  1413.30  0
 22982  38  0  15  0  1  2  0   77.82  1191.09  1
 22983  53  1   4  2  1  1  0   56.45   229.56  1
 22984  65  1  24  1  0  2  1  116.39  2773.77  1
 22985  24  1  42  0  0  1  0   42.57  1762.30  0
 22986  72  1  26  1  1  2  1   87.10  2248.01  1
 22987  61  1   8  0  0  0  2   18.00   162.59  1
 22988  47  0  49  0  0  0  2   18.00   914.24  0
 22989  51  0  17  2  1  1  0   81.02  1358.78  0
 22990  35  1  61  1  1  2  1  101.58  6197.40  0
 22991  29  1  61  1  1  2  0   91.06  5550.57  0
 22992  20  1   1  2  1  2  0  118.37   130.27  1
 22993  28  1  15  0  1  0  2   22.14   328.00  1
 22994  37  1  46  1  1  0  2   26.55  1235.73  0
 22995  35  0  72  0  1  1  0   34.98  2578.59  0
 22996  66  1  58  0  1  1  1   55.05  3178.64  0
 22997  20  1  38  0  1  2  1  107.70  4082.58  0
 22998  71  1  66  0  1  2  0   70.27  4630.38  0
 22999  47  0  10  1  0  0  2   18.00   197.79  1
 23000  34  1  21  0  0  1  1   60.84  1276.10  1
 23001  62  0  34  0  1  1  0   50.73  1740.83  1
 23002  49  0  31  0  1  2  0   82.83  2547.97  1
 23003  72  1  54  0  0  0  2   18.00   964.59  0
 23004  26  1  53  1  0  1  0   61.60  3282.00  0
 23005  48  0  10  0  1  2  1   88.26   881.48  1
 23006  60  1  59  0  0  2  0  101.72  6006.47  1
 23007  21  1  55  1  0  1  1   62.50  3417.42  0
 23008  43  0  14  0  0  1  0   53.67   745.16  1
 23009  18  0  42  0  1  2  0   83.17  3494.31  1
 23010  21  1  65  1  1  2  0   74.85  4876.34  0
 23011  63  0  22  0  0  0  2   20.04   448.82  1
 23012  27  1   3  2  1  2  0   86.38   252.53  0
 23013  65  1  43  0  1  2  0   98.45  4243.04  1
 23014  63  0  22  0  1  0  2   32.16   707.53  1
 23015  67  0  45  2  1  2  0   96.66  4328.78  0
 23016  69  0  32  2  0  2  1   65.20  2084.75  0
 23017  71  0  23  1  1  2  0  111.96  2604.26  0
 23018  65  1  44  0  1  2  1   94.33  4139.10  0
 23019  60  0  71  0  1  2  0   94.75  6730.27  1
 23020  74  0   3  1  1  2  0   71.32   195.69  1
 23021  36  1  28  1  0  2  0   77.20  2134.23  1
 23022  63  1  58  0  1  1  1   67.57  3906.56  0
 23023  35  0  28  2  1  1  0   66.31  1855.10  1
 23024  24  1  69  1  1  2  1   85.92  5930.18  0
 23025  34  1  32  2  1  2  0   96.90  3128.55  0
 23026  70  0  14  0  1  1  0   56.84   773.15  0
 23027  20  0  70  0  1  0  2   22.65  1595.63  0
 23028  40  1  31  0  0  1  0   47.38  1433.13  1
 23029  68  1  60  1  0  2  1   84.84  5115.66  0
 23030  73  1  69  0  1  2  1   60.22  4131.81  0
 23031  46  1   8  1  0  2  1   94.50   761.68  1
 23032  67  0  48  2  0  1  1   72.22  3473.38  1
 23033  62  1  35  0  0  2  0   87.26  3036.53  0
 23034  53  0  46  2  0  1  1   65.23  2971.54  0
 23035  36  1  31  1  1  1  1   75.01  2314.57  0
 23036  67  1  48  0  0  0  2   21.68  1024.32  1
 23037  72  0  42  1  0  2  1  106.47  4499.29  0
 23038  51  0  28  0  1  1  0   51.88  1438.72  0
 23039  39  1   5  0  1  2  0   88.16   438.06  1
 23040  46  0  72  0  0  2  1   61.06  4376.79  0
 23041  25  1  50  1  0  2  1   87.12  4359.18  0
 23042  70  1  54  2  0  1  1   69.14  3736.56  0
 23043  23  1  45  0  1  2  0   66.29  2989.07  0
 23044  46  1  67  0  0  2  0   81.68  5440.93  0
 23045  26  0  22  0  1  2  0   96.59  2133.60  1
 23046  57  0   8  0  1  0  2   25.22   223.47  0
 23047  36  1  17  0  1  0  2   26.86   420.96  0
 23048  67  1  30  2  1  2  1   90.05  2678.13  0
 23049  55  0  49  0  1  2  0   84.46  4126.32  0
 23050  24  1  22  1  1  1  0   63.95  1412.39  0
 23051  27  0  17  1  1  2  0   85.57  1478.17  1
 23052  67  1  20  0  1  1  1   59.79  1196.05  0
 23053  29  0   6  1  0  2  1  106.54   648.79  1
 23054  65  0  16  0  1  0  2   18.00   299.30  0
 23055  73  0  34  0  1  1  0   47.77  1612.37  0
 23056  64  0  47  0  1  0  2   18.00   848.52  0
 23057  65  0  56  2  1  0  2   29.16  1622.84  0
 23058  70  1  53  2  0  1  0   61.67  3312.26  0
 23059  73  1  26  0  0  2  0   83.66  2175.05  0
 23060  23  0  62  2  0  2  0   68.91  4243.94  0
 23061  21  0  17  0  1  2  1   79.10  1351.06  1
 23062  42  1  21  2  1  2  0   86.43  1793.98  0
 23063  30  0  50  0  0  2  0   85.85  4260.47  1
 23064  37  1  59  0  0  0  2   18.00  1024.83  1
 23065  18  0  54  2  0  2  1   88.42  4786.96  1
 23066  68  0  58  0  1  2  0  100.47  5835.08  1
 23067  29  0   3  2  1  2  0   81.98   229.28  0
 23068  44  0  41  2  1  2  0   81.77  3326.93  1
 23069  64  1  10  0  0  2  0   95.28   961.14  1
 23070  55  0  48  1  1  1  0   65.81  3156.11  1
 23071  54  1  48  2  0  1  1   64.64  3107.44  0
 23072  42  0  24  1  1  1  0   59.57  1411.72  1
 23073  21  0  54  1  1  1  0   60.82  3257.23  0
 23074  26  1  63  0  0  0  2   18.00  1133.30  0
 23075  53  1  56  2  1  0  2   18.00  1002.31  0
 23076  26  0  60  0  1  0  2   18.98  1147.80  1
 23077  47  1   1  2  1  2  1   91.23    91.23  1
 23078  34  0  55  2  0  2  1  120.00  6617.81  0
 23079  35  1  39  2  0  2  0   98.01  3822.15  0
 23080  54  0  68  1  1  2  0   92.30  6296.23  0
 23081  24  1  58  2  1  0  2   21.44  1244.21  0
 23082  68  0  27  2  0  0  2   18.00   459.31  0
 23083  42  0  69  2  0  1  0   56.71  3958.60  0
 23084  43  0  67  0  0  2  1  120.00  8037.80  0
 23085  24  1   4  1  0  2  0   96.61   354.18  0
 23086  48  0  39  0  1  1  1   67.65  2642.63  1
 23087  42  0  24  0  0  2  1   90.63  2168.88  0
 23088  19  1  42  1  1  0  2   18.00   744.15  0
 23089  51  1  33  0  1  1  0   46.00  1550.24  1
 23090  39  1  22  0  1  2  0   99.97  2217.04  1
 23091  58  0   2  0  1  2  0   87.64   180.22  1
 23092  47  1   7  0  0  0  2   27.90   189.96  1
 23093  68  1  46  0  1  2  1  108.42  4974.16  1
 23094  51  0  19  0  1  2  1   91.35  1710.83  1
 23095  66  0  25  2  0  1  1   63.79  1605.40  0
 23096  54  0  60  0  1  0  2   18.00  1029.14  0
 23097  40  0  45  0  0  0  2   18.35   855.26  1
 23098  51  1  53  0  1  1  0   43.16  2324.51  0
 23099  39  1   7  0  0  2  0   78.73   532.98  1
 23100  50  0  68  0  1  2  1   78.83  5330.76  1
 23101  21  1  14  0  0  1  0   47.84   671.12  1
 23102  73  0  37  0  1  0  2   18.00   690.39  0
 23103  51  0  47  1  1  0  2   18.00   858.02  0
 23104  60  0  70  0  0  1  0   47.24  3300.87  0
 23105  24  1  63  0  0  2  1  103.07  6478.81  0
 23106  62  1  66  0  1  2  0  103.93  6887.55  0
 23107  61  0  57  0  1  1  0   63.05  3576.45  0
 23108  53  0  26  1  0  1  0   60.65  1561.04  0
 23109  29  1  70  1  0  1  0   49.19  3476.06  0
 23110  55  0  38  1  0  2  1   98.14  3700.07  1
 23111  73  0  64  0  1  2  0  112.58  7162.53  0
 23112  74  1  13  1  0  2  0   84.03  1117.74  1
 23113  38  0  44  1  1  2  0  109.19  4825.31  0
 23114  28  1  29  0  1  1  1   58.05  1692.27  1
 23115  52  0  31  1  0  1  0   50.07  1563.71  0
 23116  36  0  49  0  1  1  1   49.54  2430.72  1
 23117  71  1  11  0  0  1  0   55.04   647.91  1
 23118  58  1  66  0  1  2  0   81.12  5343.35  0
 23119  46  1  69  2  1  1  1   75.62  5269.18  0
 23120  65  1  49  0  1  2  0   98.63  4854.37  1
 23121  22  0  17  0  0  2  0   90.14  1527.08  1
 23122  72  1  20  0  0  2  1   95.08  1922.88  1
 23123  52  0  25  0  1  2  0   60.68  1522.02  1
 23124  39  1  27  2  1  1  1   79.09  2147.86  0
 23125  58  1  14  1  1  2  1  114.30  1566.10  1
 23126  65  0  45  2  0  2  0  109.60  4936.06  0
 23127  74  0  71  0  1  2  0   91.34  6478.18  0
 23128  36  1  64  1  0  1  0   50.70  3243.38  0
 23129  51  0  66  0  0  2  1  120.00  7979.20  0
 23130  52  0  52  0  0  2  1   80.10  4154.46  1
 23131  50  1  52  1  1  1  1   78.32  4112.57  0
 23132  20  0  42  2  1  1  0   66.23  2760.63  0
 23133  47  0  23  0  0  2  0   83.74  1904.65  1
 23134  20  1  66  0  1  1  1   57.17  3769.58  0
 23135  37  0  32  1  0  2  0   63.38  2036.18  1
 23136  60  0  52  0  0  0  2   21.03  1078.36  0
 23137  30  1  71  1  1  0  2   20.77  1477.04  0
 23138  46  0  68  0  0  2  0   96.42  6560.69  1
 23139  29  0  54  2  1  1  1   58.96  3197.25  0
 23140  24  1  18  0  0  0  2   18.00   314.57  0
 23141  63  1   7  2  0  2  0   89.72   633.35  1
 23142  32  1  45  1  0  1  0   52.02  2328.54  0
 23143  45  1  10  2  0  1  0   65.67   689.62  1
 23144  45  0  56  0  1  2  0   59.25  3320.44  0
 23145  32  0  61  0  0  1  1   85.00  5176.66  0
 23146  64  1   8  0  0  1  0   62.55   514.06  1
 23147  36  0  66  1  0  2  0   76.46  5048.37  0
 23148  23  1  48  1  1  2  1   84.46  4094.30  0
 23149  36  1   9  0  1  2  0  107.14   958.57  1
 23150  68  0  60  2  0  2  0   94.71  5665.06  0
 23151  26  0  67  0  1  0  2   22.20  1491.80  0
 23152  19  0  29  0  1  2  0   94.35  2744.71  1
 23153  26  0  57  2  0  0  2   31.29  1752.56  0
 23154  31  1  21  2  0  1  0   56.07  1172.45  1
 23155  28  1  53  0  1  1  0   69.20  3682.13  0
 23156  33  1  37  2  0  1  1   69.07  2570.56  0
 23157  54  1  53  0  1  1  1   78.49  4191.96  0
 23158  71  0  42  0  0  1  1   78.19  3298.22  1
 23159  55  1  11  0  0  1  0   53.02   605.25  0
 23160  60  1   3  2  1  2  1   80.32   214.42  1
 23161  73  1  70  2  1  0  2   24.41  1717.00  0
 23162  34  0  60  1  0  0  2   22.22  1330.65  0
 23163  35  0  34  0  1  0  2   18.00   639.97  0
 23164  54  1  69  0  1  0  2   18.00  1242.11  0
 23165  21  1  68  0  1  1  1   57.50  3908.83  0
 23166  47  1  44  0  1  0  2   20.71   896.41  0
 23167  43  1  21  0  1  2  1   96.90  2014.86  1
 23168  22  0  52  2  1  0  2   21.48  1135.34  0
 23169  46  0   5  1  1  2  1  102.49   518.48  1
 23170  26  1  65  2  1  2  0   80.19  5158.68  0
 23171  54  0  39  0  0  2  1   89.37  3516.74  0
 23172  63  0  10  2  1  2  0  111.41  1109.12  1
 23173  34  0  10  2  1  1  0   63.54   629.37  0
 23174  24  1   2  1  0  1  1   52.96    67.26  1
 23175  61  0   1  1  0  0  2   18.00    18.00  0
 23176  66  0  45  0  1  1  1   68.00  3043.42  0
 23177  73  1  65  2  0  2  1   71.43  4644.86  1
 23178  50  0  20  0  1  2  1   76.53  1520.59  1
 23179  39  1  69  0  1  2  0   96.66  6643.78  0
 23180  42  1  56  0  1  1  0   48.55  2715.05  1
 23181  57  1  64  0  1  2  1   92.68  5912.49  0
 23182  56  1  43  0  1  1  0   67.29  2897.08  0
 23183  67  0  22  0  1  2  0   60.23  1320.72  1
 23184  27  0  34  1  1  2  0   86.58  2930.26  0
 23185  22  0  32  1  1  2  0   62.35  2016.50  1
 23186  70  1  45  0  1  1  1   64.79  2959.67  0
 23187  18  1  56  0  1  0  2   27.64  1496.02  0
 23188  70  0  27  0  1  1  0   48.14  1269.48  1
 23189  66  0  54  0  1  2  1   99.06  5333.08  1
 23190  35  0  57  0  1  1  1   69.69  3994.29  0
 23191  45  0   5  0  0  0  2   18.00   115.56  1
 23192  57  1  32  1  0  1  1   68.10  2204.13  0
 23193  56  1  72  2  0  0  2   18.00  1303.30  0
 23194  44  1  33  2  0  1  0   58.58  1927.95  0
 23195  24  0  26  1  0  0  2   18.18   496.56  1
 23196  41  0  38  0  1  1  1   55.87  2147.31  0
 23197  64  1  55  0  1  0  2   21.96  1186.36  0
 23198  72  1  13  0  1  2  0   90.57  1190.95  1
 23199  68  0  58  1  1  1  0   58.36  3370.13  0
 23200  71  1   2  0  0  1  1   52.31   123.36  0
 23201  19  0  53  0  0  0  2   18.70   978.74  0
 23202  44  1   6  1  1  1  1   76.23   462.45  0
 23203  24  0  58  2  0  1  0   59.85  3472.90  0
 23204  61  1  35  1  0  2  1   94.86  3334.87  0
 23205  55  1  60  0  0  1  0   45.10  2698.73  0
 23206  60  0  28  0  1  0  2   18.00   531.32  0
 23207  26  0  28  1  1  1  0   43.85  1253.62  0
 23208  58  0   9  0  1  2  0   80.68   717.75  1
 23209  65  1  21  0  0  1  0   58.57  1197.18  1
 23210  32  1   6  1  1  2  0   78.63   440.87  1
 23211  33  0   5  0  1  2  0   85.33   426.77  1
 23212  28  0  57  0  1  0  2   25.06  1429.00  0
 23213  35  1  16  0  1  2  0   72.99  1165.46  0
 23214  29  1  69  1  0  2  0   63.09  4374.42  0
 23215  57  1  29  2  1  1  1   74.12  2145.00  0
 23216  68  1  54  1  1  2  0   93.15  5013.80  0
 23217  73  1  45  0  1  2  1   84.10  3768.53  1
 23218  41  0  56  1  0  1  0   46.55  2615.39  0
 23219  28  1   5  2  0  1  0   68.07   346.03  1
 23220  26  0  12  0  0  1  0   66.58   819.63  1
 23221  52  1   3  0  0  0  2   18.85    45.18  1
 23222  50  0  64  0  1  1  0   46.62  2986.89  1
 23223  69  1  52  0  1  2  1   86.08  4436.75  1
 23224  47  1  49  1  0  1  0   55.15  2691.93  0
 23225  48  1  48  2  0  1  0   62.27  2971.43  1
 23226  31  0  22  0  1  2  1   90.19  2012.81  1
 23227  55  1  21  0  0  2  1  103.10  2169.40  1
 23228  46  0   9  0  1  1  1   73.83   704.48  1
 23229  27  0  22  0  0  1  1   61.34  1344.47  0
 23230  29  0  57  2  0  1  0   32.43  1868.16  0
 23231  52  1   8  0  1  2  1  108.16   891.86  1
 23232  65  1  59  1  0  1  0   47.62  2850.01  0
 23233  20  1  62  1  1  2  1   87.78  5416.86  0
 23234  49  0  16  0  1  0  2   18.00   313.75  1
 23235  71  1  60  0  0  1  0   64.99  3899.07  0
 23236  24  1  62  2  1  1  0   48.73  3003.65  0
 23237  42  1  59  1  1  2  0   97.35  5736.69  0
 23238  36  1  64  0  0  1  0   57.36  3668.19  0
 23239  31  1  53  0  0  1  1   84.82  4483.13  1
 23240  38  1  41  0  1  0  2   18.00   746.14  0
 23241  56  0  63  1  0  1  0   65.77  4163.54  0
 23242  25  0  35  1  0  2  0   61.59  2152.39  0
 23243  48  0  27  2  1  1  0   60.41  1638.27  0
 23244  64  0  44  0  1  1  0   55.97  2473.42  0
 23245  40  0  58  2  0  2  0   88.41  5153.76  0
 23246  43  0  57  1  0  0  2   21.63  1211.16  0
 23247  43  1  21  0  0  0  2   23.44   477.28  1
 23248  40  1  33  1  0  2  0   72.23  2392.17  0
 23249  42  0  72  2  1  2  0   84.05  6074.72  0
 23250  70  0  23  0  0  2  0   96.82  2233.03  1
 23251  33  1  32  1  0  2  1   75.33  2388.32  0
 23252  40  1  41  0  0  2  0   77.50  3172.23  1
 23253  71  1  45  1  1  2  0   91.14  4088.07  1
 23254  74  0  19  0  1  1  0   37.43   689.08  1
 23255  48  1  50  0  1  0  2   18.00   908.73  0
 23256  51  1  71  0  1  2  1   99.38  7043.68  0
 23257  45  1  24  0  1  2  1  110.64  2678.01  0
 23258  52  1  12  0  1  2  0   73.49   921.84  1
 23259  66  1  59  0  1  0  2   23.99  1419.68  1
 23260  71  0  38  1  0  1  0   59.01  2235.72  0
 23261  37  0  63  0  1  1  0   63.81  4050.57  0
 23262  74  1  48  2  1  2  0   97.44  4657.85  0
 23263  50  0  12  1  0  2  0   91.80  1091.84  1
 23264  71  0  37  0  1  0  2   20.50   728.77  1
 23265  32  0  15  0  0  2  0   98.86  1457.31  1
 23266  46  0  70  2  0  2  1   98.91  6937.26  0
 23267  56  1  58  0  0  1  0   38.44  2256.15  0
 23268  74  1  20  0  1  1  0   53.94  1085.08  1
 23269  51  0  53  0  1  2  0   82.14  4351.63  0
 23270  20  0  22  1  1  2  0  102.48  2297.95  1
 23271  48  0   4  1  1  2  1   88.38   349.92  1
 23272  38  1  69  2  1  2  0  100.77  6936.84  0
 23273  26  0  44  2  0  0  2   18.00   779.67  0
 23274  23  1  46  1  0  0  2   23.08  1080.03  0
 23275  41  1  41  2  0  0  2   20.89   872.39  0
 23276  25  0   9  1  0  2  1   78.11   715.82  0
 23277  28  1  29  0  1  2  0   72.06  2080.42  1
 23278  23  1  11  0  1  1  0   49.85   519.44  1
 23279  61  0  64  0  1  1  1   68.43  4374.68  0
 23280  34  1  51  1  0  0  2   21.72  1121.98  1
 23281  23  0  60  1  1  2  1   79.70  4801.87  0
 23282  42  0   8  0  0  1  0   58.17   468.39  0
 23283  71  0  31  1  1  2  0   80.81  2492.14  0
 23284  34  0  29  0  0  0  2   19.29   545.61  0
 23285  20  0   7  0  0  2  1  104.43   757.86  1
 23286  54  0  53  0  0  0  2   18.00   949.64  0
 23287  49  1  34  1  0  2  0   98.71  3357.32  1
 23288  31  1  65  0  0  0  2   18.00  1159.92  0
 23289  71  0  13  0  1  0  2   19.81   272.37  0
 23290  34  0  56  0  0  2  0   84.07  4692.89  0
 23291  50  1  57  1  0  2  1   96.21  5502.33  0
 23292  43  1  32  1  0  2  1   97.82  3148.90  0
 23293  56  0   6  1  0  2  0   80.78   524.42  1
 23294  44  0  37  1  1  1  1   62.48  2304.52  1
 23295  45  0  32  2  1  1  0   42.19  1376.08  0
 23296  26  0  37  0  0  1  1   63.78  2382.16  0
 23297  33  1  20  0  0  0  2   18.00   369.47  1
 23298  61  1  50  1  1  1  1   81.46  4091.81  0
 23299  37  1  48  1  1  0  2   22.93  1096.61  0
 23300  66  1  12  0  1  1  0   60.96   756.89  1
 23301  45  0  66  2  1  1  1   58.39  3857.97  0
 23302  33  1  65  1  0  1  0   42.03  2756.40  0
 23303  57  0  30  1  0  1  0   54.69  1619.97  1
 23304  50  0  54  0  1  0  2   18.00   995.98  1
 23305  54  0  17  0  1  2  0   94.99  1588.93  1
 23306  64  0  56  2  0  2  1   77.70  4337.07  0
 23307  61  0  20  0  1  2  0   83.44  1656.97  1
 23308  30  1  31  0  0  1  0   60.14  1890.92  1
 23309  55  0  44  0  1  2  0   77.24  3406.87  0
 23310  24  1  57  0  1  2  1   86.57  4923.05  1
 23311  48  1  13  0  1  2  1   69.68   915.35  1
 23312  67  1  50  1  1  2  0   69.53  3499.45  0
 23313  20  0  21  0  0  2  1   92.14  1945.22  1
 23314  47  1  52  2  1  2  1   94.57  4908.63  0
 23315  37  0  45  0  0  2  0   86.31  3874.85  1
 23316  44  0  21  2  1  0  2   18.00   393.08  0
 23317  43  1  17  1  0  2  0   88.08  1467.31  0
 23318  24  1  29  1  0  2  1   99.76  2877.56  1
 23319  52  1  72  2  0  1  1   70.82  5123.05  0
 23320  58  0  19  0  1  1  0   65.58  1239.50  0
 23321  68  1  16  0  1  0  2   18.00   304.37  1
 23322  60  0  15  1  0  1  0   43.15   676.40  0
 23323  20  1  66  0  0  1  1   56.23  3726.09  1
 23324  36  0  67  0  0  0  2   18.00  1229.24  0
 23325  20  1   9  2  0  1  1   61.32   538.16  0
 23326  59  1  62  2  1  1  0   54.90  3378.56  0
 23327  61  0  10  0  0  1  1   62.24   623.52  1
 23328  44  1   4  1  0  1  0   53.37   179.29  1
 23329  60  0   3  0  1  0  2   21.90    73.24  1
 23330  45  1  36  1  1  1  1   77.10  2782.93  0
 23331  54  1  69  0  1  2  1   94.21  6507.61  0
 23332  40  1  63  0  1  2  0   74.84  4697.94  0
 23333  40  0  36  0  1  1  0   46.25  1645.50  0
 23334  65  0  11  0  0  2  1   84.91   937.47  1
 23335  54  1  24  1  1  1  1   68.02  1613.22  0
 23336  66  1   1  0  1  0  2   18.00    36.62  1
 23337  27  0   9  0  1  2  1  108.07  1006.29  1
 23338  46  0  34  0  1  1  1   65.04  2187.77  1
 23339  71  1  37  2  1  2  0   90.44  3344.65  0
 23340  34  1   4  0  1  1  1   64.58   264.56  1
 23341  68  0  35  1  1  1  1   68.29  2384.19  0
 23342  26  0  61  2  0  2  0  101.48  6181.79  0
 23343  37  0  50  0  1  0  2   26.41  1322.15  0
 23344  25  0  56  2  1  1  1   70.02  3908.75  0
 23345  26  0  44  2  1  2  1   88.30  3831.50  0
 23346  60  0  35  1  0  1  0   43.13  1487.40  0
 23347  65  0  52  2  0  0  2   25.06  1326.20  0
 23348  48  1  59  0  1  1  1   54.10  3174.66  0
 23349  74  0  35  0  0  2  0   90.30  3137.83  0
 23350  48  0  39  1  1  2  0   80.86  3153.04  0
 23351  23  0  29  2  1  1  0   66.93  1925.22  0
 23352  44  1  35  2  1  2  0   97.64  3396.95  0
 23353  69  1  22  0  1  2  1  105.04  2310.67  1
 23354  47  1  64  0  1  0  2   19.68  1293.35  0
 23355  63  1  47  0  1  2  1  101.76  4791.82  1
 23356  34  1  59  2  1  2  0   99.88  5866.82  0
 23357  31  1  34  0  1  1  0   51.48  1751.33  0
 23358  36  0  49  0  0  1  0   59.91  2924.08  1
 23359  40  0  39  0  1  0  2   30.03  1157.38  0
 23360  59  0  17  0  1  2  1  112.17  1945.48  1
 23361  70  1  37  0  1  2  1  114.73  4267.52  0
 23362  29  1  69  0  1  0  2   23.78  1654.21  0
 23363  51  0  65  0  0  1  0   44.95  2922.77  1
 23364  74  0  47  1  0  1  1   72.09  3384.28  0
 23365  22  1  30  0  1  2  1   72.46  2136.93  1
 23366  56  1  62  2  0  1  0   49.70  3098.01  0
 23367  39  1   1  0  1  2  1   71.85   109.37  0
 23368  34  0   3  1  0  2  0   72.11   202.51  1
 23369  68  1  71  0  0  2  0   94.69  6725.60  1
 23370  39  1  72  0  1  0  2   28.19  2027.30  0
 23371  72  0  20  1  1  1  0   45.02   936.89  0
 23372  65  1  22  2  1  0  2   23.80   532.10  0
 23373  56  1  61  0  1  2  0  111.26  6775.29  1
 23374  45  0  43  0  1  0  2   22.40   954.01  0
 23375  68  0  59  0  1  1  0   58.44  3420.67  0
 23376  32  1  60  1  1  0  2   22.55  1379.23  0
 23377  30  1  58  0  1  1  0   68.68  3993.16  1
 23378  50  1  23  2  1  0  2   26.15   589.26  0
 23379  40  0  23  1  1  1  0   50.29  1164.10  0
 23380  51  0  66  0  1  2  0   81.27  5347.42  0
 23381  59  0  72  1  0  2  0  105.28  7586.00  0
 23382  41  1  40  0  0  1  0   56.04  2249.87  0
 23383  20  0  54  1  1  1  0   48.28  2609.90  0
 23384  28  1  61  2  0  2  0   69.53  4262.75  1
 23385  36  1  53  0  0  2  0   82.70  4391.67  1
 23386  24  1  53  0  0  2  1  110.25  5842.51  0
 23387  28  1  31  1  0  2  1   99.55  3081.84  0
 23388  61  1  24  0  1  1  0   49.93  1186.50  1
 23389  66  1  61  0  1  2  1  118.69  7217.05  1
 23390  67  0  34  2  1  0  2   18.00   598.11  0
 23391  23  0  66  0  1  2  0  101.59  6690.86  0
 23392  26  0  14  1  1  1  0   44.78   650.27  0
 23393  57  1  13  0  0  2  0   77.05  1028.85  1
 23394  29  0  57  0  1  0  2   18.00   999.50  0
 23395  53  1  17  0  1  1  0   45.15   765.16  1
 23396  38  1   7  0  1  1  0   55.74   398.48  1
 23397  36  0  67  1  1  0  2   21.72  1433.86  0
 23398  66  1  41  1  1  1  0   57.52  2405.90  0
 23399  40  1  22  0  1  1  0   55.41  1273.04  1
 23400  34  0   1  0  1  2  0   81.64    81.64  1
 23401  55  0  40  0  0  1  1   65.19  2613.88  0
 23402  31  0  67  2  1  2  1   99.52  6671.05  0
 23403  20  1  59  0  0  1  1   75.85  4486.73  0
 23404  56  0  46  1  0  1  0   63.30  2923.49  0
 23405  66  0  57  0  1  2  0  110.16  6277.47  1
 23406  60  1  70  2  0  2  1  108.55  7585.03  0
 23407  46  1  57  1  1  1  1   58.47  3369.92  0
 23408  37  1  18  2  1  2  0   83.96  1530.85  1
 23409  60  0  47  2  0  2  0  105.19  4948.39  0
 23410  54  1  52  1  0  1  1   72.43  3772.36  0
 23411  35  0  54  1  0  1  1   73.23  3923.13  0
 23412  72  0  27  1  1  0  2   22.93   620.76  0
 23413  37  0  55  2  1  0  2   18.00   954.74  0
 23414  36  1  42  2  1  2  0   86.47  3646.48  0
 23415  31  0  37  0  1  2  1   77.01  2848.11  0
 23416  66  0  20  1  1  2  0   92.51  1869.50  1
 23417  49  0  66  0  0  1  0   68.72  4561.30  0
 23418  42  1  11  1  1  0  2   30.57   312.49  0
 23419  63  0  45  0  0  1  0   55.53  2479.49  0
 23420  61  0  57  1  0  0  2   25.40  1415.84  0
 23421  62  1  22  0  0  2  1   81.66  1731.16  1
 23422  56  1  36  0  0  0  2   18.12   625.71  0
 23423  54  0  68  0  1  2  0  102.61  7000.08  0
 23424  24  1   2  0  0  1  1   79.21   155.02  0
 23425  32  0  58  0  1  0  2   18.35  1095.42  0
 23426  41  1  57  0  1  0  2   18.00  1002.85  0
 23427  54  1  53  1  1  1  0   48.03  2540.04  0
 23428  70  0  31  0  0  2  0   82.04  2567.38  1
 23429  57  0   6  0  1  2  0   90.75   529.55  1
 23430  20  0  51  0  1  2  0   78.84  4035.82  0
 23431  24  1   2  1  0  0  2   18.39    39.62  0
 23432  30  1  58  1  1  2  0  108.81  6333.30  0
 23433  58  1  15  1  0  2  1   85.85  1287.85  1
 23434  24  1  15  0  1  1  0   53.73   789.85  1
 23435  69  1  50  0  1  1  1   63.67  3197.85  0
 23436  26  0  62  0  0  1  0   36.58  2250.73  0
 23437  27  0  45  1  0  1  0   55.52  2530.74  0
 23438  50  1  71  0  0  2  0   85.14  6038.02  1
 23439  74  0  72  0  1  2  0   89.42  6447.78  1
 23440  39  1  26  1  1  2  0   62.64  1636.10  1
 23441  20  0   7  0  0  2  1  110.04   739.95  1
 23442  57  0  20  0  0  1  1   63.98  1257.63  1
 23443  52  0  38  0  1  1  1   55.95  2140.19  1
 23444  68  1  53  2  1  2  1   94.44  4981.75  0
 23445  22  1  21  0  1  0  2   23.00   459.76  1
 23446  18  1   3  0  1  1  0   53.89   159.49  1
 23447  53  1  29  0  0  1  1   65.20  1913.97  1
 23448  28  0  70  0  1  0  2   25.16  1775.35  0
 23449  66  0  42  0  0  0  2   18.00   760.75  1
 23450  67  1  22  2  1  0  2   18.00   390.94  1
 23451  67  1   6  0  1  1  0   60.70   396.84  1
 23452  51  1  51  1  1  1  0   61.56  3140.60  0
 23453  72  1  51  1  1  1  1   58.88  2979.20  0
 23454  49  0  23  0  0  1  1   56.70  1268.25  0
 23455  56  0   6  0  0  2  0   88.15   530.25  1
 23456  46  0  62  2  1  0  2   18.00  1096.06  0
 23457  52  1  63  0  1  1  1   67.72  4242.28  1
 23458  20  1  43  2  0  1  0   76.71  3339.93  0
 23459  46  0  18  2  1  1  0   55.71  1010.16  0
 23460  32  0  49  1  1  1  1   66.21  3248.31  0
 23461  50  1   4  0  1  2  0   79.68   314.46  1
 23462  57  0  33  0  1  0  2   18.00   617.60  1
 23463  42  0  58  1  1  2  0   84.82  4899.09  0
 23464  43  1  40  1  1  1  0   40.23  1595.48  0
 23465  59  0  72  0  1  2  0  111.29  8017.23  0
 23466  72  1  54  2  0  2  1  113.30  6108.64  0
 23467  18  0  22  0  1  2  0   77.77  1714.37  1
 23468  36  0  17  0  0  0  2   18.00   291.23  1
 23469  74  0  27  0  1  1  1   69.26  1877.13  0
 23470  68  0  49  1  0  0  2   19.92   965.03  0
 23471  44  1  55  1  0  1  0   58.07  3209.03  0
 23472  19  0  14  1  0  2  1   89.26  1272.34  0
 23473  49  0  48  2  1  2  0   89.44  4298.40  0
 23474  38  1  29  1  1  2  1   72.76  2111.41  0
 23475  45  0  41  1  0  0  2   18.00   745.12  0
 23476  34  1  45  0  1  1  1   87.79  3978.69  1
 23477  44  0  14  0  1  1  1   57.07   778.48  1
 23478  26  1  25  0  1  0  2   18.35   480.68  0
 23479  54  0  58  0  0  2  0   73.02  4253.15  1
 23480  25  0  19  0  0  2  0  103.69  1927.37  1
 23481  20  0  52  1  0  2  0   65.65  3430.43  0
 23482  45  0  22  0  1  1  0   71.57  1574.89  1
 23483  68  0  39  1  1  2  0   91.10  3558.13  1
 23484  43  0  15  1  1  2  0   96.59  1474.98  1
 23485  26  0  47  0  0  0  2   20.46   954.26  0
 23486  49  1   1  1  1  0  2   18.00    36.54  1
 23487  62  0  43  0  0  2  0   81.53  3466.94  1
 23488  63  0  14  2  1  0  2   18.00   212.24  0
 23489  59  1  48  2  1  1  0   69.44  3316.95  0
 23490  30  1  37  0  1  2  0   82.50  3029.29  1
 23491  21  0  70  1  1  0  2   18.00  1264.68  0
 23492  32  0  68  1  1  0  2   27.31  1862.12  0
 23493  66  1  52  0  0  0  2   25.65  1331.30  0
 23494  19  1   7  0  1  1  0   56.84   392.16  1
 23495  57  1  22  2  1  1  0   64.46  1426.03  0
 23496  58  0  51  0  0  1  0   38.68  1943.01  0
 23497  55  1   5  0  0  1  0   46.60   199.72  1
 23498  41  1  45  0  1  2  0   74.69  3387.09  0
 23499  22  0  64  0  0  1  1   60.22  3851.68  0
 23500  39  0  40  1  0  2  0   71.76  2888.45  1
 23501  49  1  37  0  0  1  0   74.13  2745.56  0
 23502  63  1  38  2  1  2  0   73.55  2800.38  0
 23503  68  0  10  0  0  0  2   20.06   231.36  0
 23504  65  1   8  1  1  2  0   75.53   592.50  1
 23505  52  0  38  1  0  1  0   67.41  2600.31  0
 23506  37  0   3  1  0  1  0   58.86   154.48  1
 23507  48  0  50  1  1  1  1   71.03  3532.49  0
 23508  56  1  38  0  1  1  0   37.27  1401.69  0
 23509  23  0  44  0  1  2  1  120.00  5245.77  1
 23510  47  1   4  2  1  1  0   54.70   197.35  0
 23511  68  0  36  0  0  2  1   78.74  2818.11  1
 23512  60  0  20  1  1  2  0   70.37  1441.13  0
 23513  26  0  33  0  1  2  1  105.35  3460.20  1
 23514  33  0  38  0  0  2  1   98.96  3748.37  1
 23515  62  1  49  0  0  2  0   88.92  4353.55  1
 23516  60  1  53  2  1  2  1   92.91  4942.42  0
 23517  25  1  56  0  0  1  0   72.92  4101.55  1
 23518  52  1  46  2  1  2  0   97.47  4468.23  0
 23519  44  0  71  0  1  1  0   48.76  3481.54  0
 23520  33  0  31  2  0  2  0   93.60  2930.63  0
 23521  32  1  22  2  0  2  0   67.05  1434.40  0
 23522  32  1  25  0  0  1  0   50.83  1246.67  1
 23523  54  0  54  0  1  1  1   69.19  3730.26  1
 23524  35  1  51  0  1  2  0   83.15  4270.24  1
 23525  27  1  32  0  1  2  0   62.97  2015.82  1
 23526  34  1   1  0  1  0  2   24.23    24.23  1
 23527  22  1  36  0  1  1  1   49.48  1787.62  0
 23528  56  1   3  2  1  0  2   24.76    79.56  0
 23529  23  0  24  1  1  2  0  102.94  2466.32  1
 23530  50  0  33  0  1  2  0   76.53  2492.57  0
 23531  35  0  58  0  1  2  0   57.06  3318.95  0
 23532  64  0  23  0  0  2  0   93.84  2153.81  1
 23533  64  1   1  2  0  0  2   25.73    35.49  1
 23534  52  0  16  1  1  2  1  120.00  1938.47  1
 23535  21  1  57  0  0  0  2   26.67  1490.00  0
 23536  51  0  63  1  0  1  0   59.33  3712.91  0
 23537  41  1  36  0  1  0  2   22.39   792.07  0
 23538  41  1  59  1  0  2  1  100.38  5912.53  0
 23539  45  1  43  0  0  0  2   22.34   922.42  0
 23540  33  1  66  0  1  2  0   75.89  4994.13  0
 23541  33  0   7  2  1  0  2   19.32   142.97  0
 23542  32  1  69  2  1  2  0   94.42  6526.64  0
 23543  31  1  20  2  1  2  0  115.44  2357.15  1
 23544  24  0  43  2  1  2  0   82.24  3542.88  0
 23545  58  0  69  1  1  0  2   21.70  1481.02  0
 23546  53  0  43  0  1  2  0   67.69  2882.41  1
 23547  61  0  34  0  1  2  1   89.97  3064.69  1
 23548  27  1  18  1  1  2  1   72.30  1286.66  1
 23549  21  0  20  1  1  2  0   79.92  1569.21  1
 23550  26  1  31  2  0  2  0   81.91  2541.67  0
 23551  47  1  50  2  0  2  0   80.55  4055.63  0
 23552  29  1  21  0  1  0  2   24.53   504.61  1
 23553  48  0  23  1  0  1  1   78.79  1787.89  0
 23554  26  1  71  1  1  1  1   64.89  4584.69  0
 23555  32  0  21  0  1  1  1   66.13  1409.01  0
 23556  30  0  46  0  0  1  0   60.79  2788.33  0
 23557  74  1   6  0  1  2  0   77.91   460.82  1
 23558  71  0  35  0  0  0  2   21.78   750.24  0
 23559  26  0  26  1  0  1  0   51.02  1357.75  0
 23560  57  1  25  0  1  1  0   54.84  1327.56  1
 23561  68  1  64  1  0  1  1   65.30  4178.46  0
 23562  47  0  55  0  0  1  0   37.71  2073.53  0
 23563  59  1  29  0  0  1  0   49.25  1424.78  0
 23564  23  1   9  2  1  1  0   45.75   416.93  0
 23565  66  0  19  0  1  1  0   53.75  1047.02  1
 23566  68  0  51  2  1  1  0   67.77  3474.24  0
 23567  18  0  62  0  0  2  1   99.20  6143.16  1
 23568  60  0  43  2  1  1  0   40.20  1745.91  0
 23569  37  1  40  1  0  2  0   76.70  3051.77  0
 23570  41  1  65  2  1  2  0   68.32  4472.82  0
 23571  72  0  12  1  1  2  1   71.81   879.52  1
 23572  24  0  63  0  0  1  1   66.69  4217.98  1
 23573  50  0  45  1  1  2  0   82.52  3690.15  0
 23574  58  0   5  2  1  1  1   60.76   325.04  0
 23575  33  0  66  1  1  1  0   61.79  4048.60  0
 23576  41  1  62  0  0  1  1   62.04  3845.12  0
 23577  72  0   5  2  0  1  0   57.56   266.60  0
 23578  47  1  54  0  0  2  1   84.30  4569.73  1
 23579  66  1   5  0  1  2  0   78.81   422.00  1
 23580  62  1  56  0  0  0  2   22.19  1271.77  0
 23581  74  0  34  2  1  0  2   27.37   924.92  0
 23582  60  1  27  0  1  0  2   18.00   478.95  0
 23583  64  0  67  2  1  1  0   56.93  3813.62  0
 23584  25  1  26  0  1  2  0   84.71  2220.20  1
 23585  29  1  70  0  0  0  2   18.00  1234.45  0
 23586  25  0   5  2  1  2  1   80.56   384.21  0
 23587  74  1  52  0  1  1  1   66.01  3418.78  0
 23588  41  0  60  2  0  1  0   64.31  3823.85  0
 23589  20  0  32  0  1  1  0   64.99  2111.00  0
 23590  43  0  68  0  0  2  0  110.57  7523.31  0
 23591  46  1   2  0  1  2  0   83.33   178.43  1
 23592  30  0  21  0  0  1  1   68.76  1418.59  1
 23593  47  1   1  2  1  2  0   90.45   104.02  0
 23594  26  1  13  2  1  1  0   56.51   761.64  0
 23595  53  0  59  2  1  1  1   45.03  2650.29  0
 23596  19  0  36  0  1  2  0   94.59  3394.90  1
 23597  41  0  47  2  1  1  1   56.85  2663.14  0
 23598  24  1  72  1  1  2  1  105.56  7570.33  0
 23599  70  0   2  1  1  1  0   51.78   113.09  1
 23600  67  0  16  0  1  0  2   18.00   282.72  0
 23601  62  0  21  1  1  1  1   44.04   868.85  1
 23602  30  1  19  1  1  1  0   54.49  1030.58  1
 23603  66  1  71  2  1  1  0   61.19  4351.22  0
 23604  47  1  36  2  0  2  0   77.82  2803.93  0
 23605  41  1  49  1  0  1  0   43.78  2149.69  0
 23606  69  0  60  2  1  1  1   80.17  4838.10  0
 23607  36  1  14  0  1  0  2   24.22   373.91  0
 23608  30  1  11  0  1  2  0   64.01   703.77  1
 23609  57  0  49  0  1  1  1   61.95  3056.63  0
 23610  39  1  12  1  1  2  0   80.34   952.38  1
 23611  67  0  31  0  1  1  0   67.62  2108.01  0
 23612  42  0  20  1  0  2  0  107.61  2177.15  0
 23613  55  0  58  2  1  1  1   52.90  3050.24  0
 23614  51  0  65  1  0  2  0  101.31  6575.67  1
 23615  64  0  51  0  1  1  0   61.39  3181.72  1
 23616  43  0  24  2  1  2  0   68.30  1655.15  1
 23617  59  0  22  0  0  1  0   55.70  1193.29  0
 23618  38  0  16  0  1  1  0   42.87   649.42  1
 23619  41  1  50  1  1  2  1   91.97  4591.77  0
 23620  30  0   8  2  0  1  0   57.21   437.80  1
 23621  30  1  37  1  1  0  2   21.96   803.49  0
 23622  34  0  36  2  1  1  0   58.43  2065.50  1
 23623  51  0  32  1  1  2  0  120.00  3826.84  1
 23624  58  1  23  2  0  0  2   18.00   369.02  0
 23625  35  0  20  0  1  1  1   52.64  1069.12  1
 23626  27  1   5  0  0  2  1  120.00   606.14  1
 23627  65  1  65  0  1  1  0   36.99  2399.28  0
 23628  37  0   5  0  0  1  0   71.09   342.06  1
 23629  25  0   3  0  1  2  0   80.94   255.17  1
 23630  37  0  14  2  1  1  0   73.36  1053.83  0
 23631  73  1  32  2  1  1  0   46.30  1510.58  0
 23632  64  0  13  0  1  1  1   52.95   689.65  0
 23633  53  0  32  1  1  1  0   60.20  1964.06  1
 23634  18  0  53  1  1  1  1   76.90  4071.40  0
 23635  50  1  33  0  0  2  0   95.74  3127.70  1
 23636  43  0  64  0  1  1  1   78.23  4993.11  0
 23637  64  1  36  0  0  0  2   22.52   758.26  0
 23638  74  0  58  0  1  0  2   28.91  1686.02  0
 23639  31  1  27  0  1  2  0   67.93  1844.12  1
 23640  69  0   1  0  0  1  0   78.22    81.97  1
 23641  37  1  10  1  1  2  0   85.02   829.73  1
 23642  42  1   9  0  1  1  0   50.65   454.79  1
 23643  27  1  50  0  0  2  0   68.93  3436.03  1
 23644  27  1  42  1  0  1  0   53.15  2245.27  0
 23645  73  0  10  0  1  2  0   76.30   719.30  1
 23646  43  1  59  0  0  1  0   54.44  3246.97  0
 23647  31  0  72  0  0  2  0   80.01  5740.77  0
 23648  28  1  47  1  1  0  2   23.07  1089.98  0
 23649  68  1  72  2  1  2  0   68.82  4973.84  0
 23650  47  1  32  2  1  1  0   53.01  1704.99  0
 23651  21  0   9  0  0  2  1   92.99   834.93  1
 23652  35  1  52  0  0  2  1  106.17  5516.90  0
 23653  55  0  44  0  1  1  1   59.36  2594.64  0
 23654  20  1  24  0  0  0  2   35.49   813.32  1
 23655  32  0  18  0  1  0  2   21.18   357.82  1
 23656  35  0  62  0  1  1  1   66.18  4091.38  0
 23657  59  1   3  0  0  1  0   52.16   158.49  1
 23658  46  0  15  2  0  2  0  107.53  1611.28  0
 23659  25  0  29  0  0  0  2   19.94   569.26  0
 23660  30  0  37  1  1  2  1   72.80  2672.98  1
 23661  71  0  10  0  0  1  0   60.45   591.16  0
 23662  20  1  65  0  0  1  0   55.69  3617.06  0
 23663  55  1  61  1  0  2  0   97.38  5953.36  1
 23664  69  0  16  0  0  1  1   59.95   972.89  1
 23665  29  1  19  1  0  2  1   63.98  1230.55  0
 23666  18  0  15  0  1  2  0   68.11   999.80  0
 23667  39  1   9  2  0  2  0   93.49   830.40  1
 23668  25  1  34  0  1  1  1   77.73  2644.20  1
 23669  26  1  60  2  0  0  2   18.00  1096.59  0
 23670  54  0  16  2  1  2  0   81.30  1286.52  1
 23671  35  0   8  1  1  1  0   48.33   369.44  1
 23672  31  1   8  0  1  0  2   26.65   215.00  1
 23673  65  0  48  2  0  2  1   95.36  4586.85  0
 23674  22  0  71  0  1  0  2   22.40  1554.68  0
 23675  43  0  72  1  0  1  1   45.88  3274.25  0
 23676  67  0  63  0  1  1  1   61.15  3860.36  0
 23677  64  1  25  0  1  1  1   63.46  1591.80  0
 23678  59  0  36  0  0  1  0   61.80  2270.38  0
 23679  63  1  55  0  0  2  0   89.47  4911.25  1
 23680  23  0  59  2  1  1  0   53.51  3153.71  0
 23681  33  0   5  0  0  2  0  104.83   514.46  1
 23682  52  0   1  2  1  0  2   22.32    22.32  0
 23683  36  1  57  2  1  1  1   77.85  4446.97  0
 23684  55  1  34  1  1  1  0   57.12  1939.66  0
 23685  41  0  69  0  0  1  1   66.42  4575.99  0
 23686  38  1  21  1  1  1  0   44.63   926.02  0
 23687  18  0  45  2  0  2  0  106.25  4782.04  1
 23688  57  1  20  0  0  2  0  104.42  2084.38  1
 23689  45  0  29  0  1  0  2   18.67   542.94  0
 23690  21  1  38  0  0  0  2   18.00   697.11  0
 23691  60  0  57  0  0  1  1   77.08  4377.88  1
 23692  43  1  53  0  1  1  1   55.28  2937.02  0
 23693  55  1  28  0  1  0  2   27.06   734.80  0
 23694  39  1   3  0  1  2  0   99.25   295.64  1
 23695  25  1  27  0  1  2  0  117.71  3180.52  1
 23696  45  0  69  0  0  2  0   73.63  5057.00  1
 23697  44  1  50  1  1  1  0   59.16  2994.11  0
 23698  44  1  56  2  1  1  0   53.83  3027.40  0
 23699  40  1  70  0  1  1  0   75.69  5286.72  0
 23700  69  0  26  0  1  1  1   70.66  1874.35  0
 23701  23  1  39  1  0  1  1   69.65  2703.25  1
 23702  49  1  32  2  1  2  1  107.38  3437.53  0
 23703  36  0  11  1  1  1  0   45.95   504.60  0
 23704  41  1  32  2  0  1  0   51.71  1649.79  0
 23705  25  1  48  0  1  1  0   54.69  2624.44  1
 23706  71  0  27  0  1  0  2   18.00   482.30  1
 23707  18  0   9  2  0  0  2   18.00   172.79  0
 23708  43  0  65  0  0  0  2   18.00  1173.96  1
 23709  56  1  36  0  1  2  1   90.28  3246.29  0
 23710  63  1  60  0  1  0  2   18.00  1077.03  0
 23711  53  1  46  0  1  1  0   41.59  1950.72  0
 23712  27  0   4  0  1  2  1  113.68   456.32  1
 23713  52  1  29  1  1  1  0   68.99  2009.28  1
 23714  30  1  61  0  1  1  0   64.92  3976.28  0
 23715  38  1  67  2  0  1  1   59.62  4009.68  0
 23716  53  1  21  0  0  1  1   60.70  1256.70  1
 23717  54  1  61  1  1  2  0   90.76  5540.88  0
 23718  48  0  46  1  0  2  0   89.04  4095.27  0
 23719  27  1   9  1  1  2  0   78.50   719.39  0
 23720  55  1   4  0  0  0  2   18.00    61.81  0
 23721  54  0  51  0  1  2  1  110.28  5620.78  1
 23722  25  0   6  0  0  0  2   18.00   126.95  1
 23723  24  1  40  1  1  1  1   64.18  2568.12  0
 23724  53  1  30  0  0  1  1   67.52  2022.75  0
 23725  19  0  44  1  1  2  0   72.79  3201.07  0
 23726  37  1  22  2  0  1  0   36.69   786.01  0
 23727  60  0  34  0  1  1  1   69.29  2405.43  1
 23728  57  1   4  2  1  0  2   21.85    93.27  0
 23729  66  0  57  0  1  2  1   86.58  4955.66  0
 23730  45  1  56  2  1  2  0   96.07  5351.50  0
 23731  33  1  64  2  0  0  2   23.43  1510.78  0
 23732  71  0   2  0  1  1  1   65.89    92.22  1
 23733  38  1  47  2  0  1  0   51.91  2410.94  0
 23734  22  1  67  2  1  1  0   52.17  3495.90  0
 23735  49  1  52  0  0  1  1   76.51  3956.30  1
 23736  24  0  34  0  0  2  1   88.53  2981.82  1
 23737  36  1  15  0  0  0  2   18.00   271.86  1
 23738  20  0   8  1  0  2  0   54.88   427.81  1
 23739  29  0  53  1  0  2  1   83.98  4473.38  0
 23740  73  0  21  1  1  1  1   77.78  1681.13  1
 23741  47  1  56  0  1  2  0   82.10  4603.74  0
 23742  30  0  54  2  1  2  1   85.19  4602.70  0
 23743  55  1  66  0  1  1  1   63.99  4251.85  1
 23744  54  0  31  2  1  2  0   85.83  2616.55  0
 23745  23  0  12  0  0  2  1   81.73   999.82  1
 23746  50  0  72  0  0  2  0   79.83  5753.45  1
 23747  72  1  17  1  1  2  0  107.05  1810.74  1
 23748  37  1  58  0  0  1  0   49.44  2904.97  0
 23749  43  1  20  0  0  0  2   29.92   610.28  0
 23750  23  0  25  0  0  2  1   87.88  2193.31  0
 23751  23  1  44  0  0  2  1  114.93  5044.15  1
 23752  43  0   5  0  1  2  0   95.06   503.84  1
 23753  62  1  41  0  1  2  1   72.44  2989.87  0
 23754  32  1  57  1  1  1  1   65.48  3722.58  0
 23755  22  1   5  0  0  2  0   79.14   438.91  1
 23756  27  0  17  0  1  1  0   65.30  1098.73  1
 23757  36  0  41  0  1  2  1   99.59  4104.00  0
 23758  41  1  11  0  1  1  0   44.57   489.23  0
 23759  45  1  55  1  0  2  0   89.24  4919.60  0
 23760  55  1  19  0  1  1  0   58.97  1105.10  0
 23761  46  1  16  0  1  2  0   81.49  1297.45  0
 23762  26  0  51  0  0  1  1   54.50  2780.44  0
 23763  50  0  14  0  1  0  2   25.01   355.42  0
 23764  56  0  38  1  1  0  2   18.33   694.83  0
 23765  33  0  10  1  1  2  0   88.33   855.24  1
 23766  19  0  56  0  1  2  0   71.86  4000.31  0
 23767  48  0  22  0  1  2  0   79.67  1745.60  1
 23768  29  0  57  0  0  1  0   56.01  3181.40  0
 23769  38  1  12  0  0  1  0   53.11   641.26  1
 23770  72  0  64  0  1  1  0   55.27  3565.05  0
 23771  28  1  52  2  1  1  0   70.14  3636.16  0
 23772  60  0  41  0  0  2  0   90.22  3692.29  1
 23773  71  0  36  2  0  2  1  118.08  4255.48  0
 23774  57  1   2  1  0  1  0   65.14   104.25  0
 23775  29  0  67  0  1  1  0   49.55  3304.99  0
 23776  62  1  22  0  1  1  1   71.94  1573.29  0
 23777  38  0  10  0  1  2  0   84.03   857.25  1
 23778  31  1  69  2  1  2  0   92.46  6357.62  0
 23779  37  1  22  1  0  1  0   54.89  1199.22  0
 23780  18  0  31  2  0  2  0   70.84  2176.61  1
 23781  69  1  52  0  1  2  0   91.95  4784.41  1
 23782  34  1  17  2  1  1  0   43.01   741.99  1
 23783  70  0  48  2  1  1  0   73.04  3475.39  0
 23784  46  0   1  1  1  2  0   89.45   111.35  1
 23785  35  0  49  0  1  2  0   77.87  3833.22  0
 23786  73  1   9  0  0  1  0   70.23   662.63  1
 23787  26  0  25  1  1  1  1   59.45  1502.86  1
 23788  20  1  41  1  1  1  1   68.19  2826.73  0
 23789  54  1  21  0  1  0  2   21.23   449.58  0
 23790  23  1  55  0  1  1  0   57.83  3166.50  0
 23791  61  0  26  0  1  1  0   80.77  2099.79  1
 23792  71  0  32  0  1  1  0   59.59  1910.60  0
 23793  73  0  64  0  1  0  2   18.00  1145.52  0
 23794  51  1   6  0  0  2  0   59.48   369.17  1
 23795  18  0  35  0  0  2  1   95.73  3348.74  1
 23796  32  0  41  0  1  2  1   92.27  3755.63  0
 23797  59  1   5  0  1  1  0   39.78   206.70  1
 23798  24  1  65  2  1  2  1  106.71  6914.98  0
 23799  49  0  25  2  0  1  1   53.78  1342.87  0
 23800  31  1  45  0  1  1  0   64.47  2875.55  0
 23801  68  0  28  2  1  2  0   72.09  2008.84  1
 23802  22  1  14  0  1  1  0   47.35   681.06  0
 23803  65  0  48  2  1  1  0   62.20  2958.10  0
 23804  27  0  58  0  1  0  2   18.00  1029.60  0
 23805  30  1  45  2  1  2  1   76.97  3459.87  0
 23806  21  1  51  0  0  0  2   23.83  1230.00  0
 23807  19  0  70  0  0  1  1   54.97  3846.79  0
 23808  43  0  45  0  0  2  1   94.39  4243.81  1
 23809  59  0   6  0  1  2  0   78.39   467.12  1
 23810  46  1  48  0  0  0  2   21.05  1021.14  0
 23811  32  0  36  2  1  0  2   24.69   873.10  0
 23812  70  1  20  2  1  1  0   44.49   912.68  0
 23813  53  0   9  0  0  0  2   18.00   157.06  0
 23814  54  0  57  0  1  2  0  112.87  6424.12  0
 23815  59  1  33  1  1  2  0  107.92  3554.19  1
 23816  59  0  19  2  1  2  0   63.90  1213.90  0
 23817  29  1   3  0  0  2  0   81.57   242.25  1
 23818  66  0  55  0  1  1  0   53.06  2871.96  0
 23819  46  1  15  2  0  2  0   56.40   849.03  0
 23820  62  0  53  1  1  1  0   41.56  2163.22  0
 23821  70  1  41  0  1  1  0   61.55  2501.21  1
 23822  29  1   6  0  1  2  1   93.50   574.85  1
 23823  64  1  10  0  1  1  0   66.76   677.75  1
 23824  42  0  56  0  1  1  0   60.43  3355.63  0
 23825  58  0  62  2  1  2  1   81.31  5070.31  0
 23826  21  0  11  1  1  2  0   85.46   980.79  1
 23827  59  1  33  0  1  0  2   22.89   747.78  0
 23828  67  0   5  0  1  2  0  115.74   577.06  1
 23829  72  1  41  0  0  2  0   92.50  3787.67  1
 23830  42  1   9  0  0  1  0   40.44   332.99  1
 23831  41  0  31  1  1  1  0   70.52  2203.92  0
 23832  35  1  26  0  0  1  0   39.51  1022.86  1
 23833  22  1  52  0  1  1  1   68.41  3550.27  0
 23834  25  0  41  1  0  2  0   73.46  3024.68  0
 23835  71  1  53  0  1  2  0   90.90  4827.25  0
 23836  58  1  41  0  0  2  0   63.59  2581.75  0
 23837  35  0  70  2  1  2  1   85.65  5987.79  0
 23838  34  1  69  1  0  1  1   61.01  4208.11  1
 23839  19  0  63  0  1  0  2   21.91  1348.89  0
 23840  48  0   1  2  1  1  0   51.92    67.22  1
 23841  73  0   3  2  1  1  1   61.69   220.98  1
 23842  72  1  25  0  1  1  0   51.83  1278.88  1
 23843  22  0  62  0  0  1  0   60.59  3756.39  0
 23844  22  1  62  2  0  2  0   71.91  4476.08  0
 23845  55  1  67  2  1  2  0   55.20  3680.73  0
 23846  27  1  51  1  1  1  0   65.41  3360.27  0
 23847  71  0  43  0  1  2  1   70.72  3084.33  1
 23848  22  1  69  0  1  2  0   90.53  6248.58  0
 23849  51  0  12  1  0  1  0   60.66   740.60  1
 23850  28  1  28  0  0  0  2   18.00   497.84  1
 23851  74  1  54  0  1  1  0   54.48  2944.21  1
 23852  61  0  42  0  0  1  0   47.58  1969.77  0
 23853  70  0  56  1  0  2  0   89.59  4993.73  0
 23854  43  0  16  1  0  0  2   18.00   340.72  0
 23855  44  0  10  0  0  1  0   57.20   575.21  1
 23856  72  1  59  0  0  1  1   69.96  4084.15  0
 23857  49  1  25  1  1  1  0   43.97  1093.10  0
 23858  32  1  31  0  1  2  1   88.12  2739.27  1
 23859  45  1   3  0  1  0  2   23.53    82.50  0
 23860  20  1  17  1  1  0  2   23.87   383.00  0
 23861  45  1  61  0  1  2  1   84.03  5134.33  1
 23862  42  0  32  0  1  2  1  110.93  3580.87  1
 23863  18  0  29  0  0  2  1  109.85  3236.30  1
 23864  52  1   3  0  0  1  0   34.40    65.33  0
 23865  50  1   8  0  0  0  2   21.14   133.64  1
 23866  23  1  36  0  1  1  0   55.06  2016.19  1
 23867  30  0   7  0  0  2  0   44.90   314.00  1
 23868  42  1  22  0  0  2  0   56.67  1234.65  1
 23869  59  0   9  1  1  2  0   92.93   840.80  1
 23870  42  0  17  1  1  1  0   40.56   673.74  1
 23871  52  1  42  0  1  2  0   70.79  2958.40  0
 23872  64  1  53  2  1  2  0   83.74  4438.89  0
 23873  28  1   7  1  0  1  0   46.88   342.33  0
 23874  40  1  64  0  0  2  1  105.70  6712.02  0
 23875  74  1   4  1  0  2  1   82.97   333.43  1
 23876  73  1  16  0  1  1  0   80.96  1296.91  1
 23877  27  0  67  0  1  1  1   53.63  3571.38  0
 23878  54  1  13  1  0  2  0   91.62  1171.07  1
 23879  54  0  51  0  1  0  2   30.62  1578.70  0
 23880  33  0  12  0  1  1  0   62.27   712.84  1
 23881  31  1   7  2  0  2  0   89.42   645.39  1
 23882  26  0  13  2  0  2  1  105.10  1360.44  0
 23883  25  1  72  0  1  0  2   18.00  1322.88  0
 23884  18  0   6  0  1  0  2   25.52   120.03  1
 23885  42  1  67  0  0  0  2   21.28  1447.16  0
 23886  74  1  12  0  1  2  0   84.89  1010.97  1
 23887  63  0  60  0  1  0  2   21.18  1270.09  0
 23888  21  1  52  0  0  2  0   74.85  3878.04  1
 23889  38  1  67  0  1  2  0   96.00  6420.09  0
 23890  49  1   4  0  1  1  0   49.61   224.20  1
 23891  47  1  11  1  1  1  0   35.73   393.05  0
 23892  64  1  65  1  0  1  0   47.93  3112.61  0
 23893  48  0  49  0  0  0  2   18.00   871.50  0
 23894  67  0  37  0  1  1  0   55.35  2000.20  0
 23895  48  0  35  1  1  1  0   57.43  2009.45  0
 23896  20  1  57  2  0  2  0   93.18  5324.32  0
 23897  58  0  11  2  0  1  0   52.73   592.53  0
 23898  65  0  42  0  1  2  1  105.65  4402.39  0
 23899  19  0  64  2  0  0  2   18.00  1156.22  0
 23900  38  0  18  0  0  1  1   76.86  1382.72  0
 23901  25  0  71  0  1  2  0   88.00  6268.45  0
 23902  43  1  38  2  1  1  1   60.47  2293.80  0
 23903  37  0   6  1  0  1  0   52.91   304.65  0
 23904  54  1  42  1  1  0  2   18.00   735.02  0
 23905  36  1  64  2  1  1  0   44.04  2817.22  0
 23906  44  0  26  2  0  0  2   18.00   472.57  0
 23907  45  1  70  0  0  1  1   73.68  5153.82  0
 23908  35  1  66  2  1  2  0   74.72  4949.30  0
 23909  37  1  67  0  1  0  2   21.40  1388.53  0
 23910  51  0   5  0  0  2  0   73.89   352.51  1
 23911  26  0  25  0  0  0  2   25.42   632.80  0
 23912  57  0  19  0  1  0  2   18.00   364.02  0
 23913  56  1   5  1  1  0  2   24.93   101.69  0
 23914  50  1  55  1  0  1  1   50.28  2787.29  0
 23915  30  1  30  0  1  1  0   54.97  1641.50  1
 23916  43  0   1  0  0  1  1   62.28    80.70  1
 23917  39  1  60  0  1  2  0  107.53  6471.84  0
 23918  62  0  44  2  1  0  2   18.00   791.09  0
 23919  40  0  66  0  1  2  1   88.49  5838.30  1
 23920  26  0  67  2  1  2  0   62.29  4182.21  0
 23921  31  0  42  2  1  1  0   62.20  2628.97  0
 23922  52  0  69  1  1  0  2   18.66  1262.11  0
 23923  72  1  10  0  1  1  1   64.03   626.09  1
 23924  29  1  50  0  1  0  2   22.37  1135.27  0
 23925  61  1  40  0  0  1  1   58.91  2350.36  0
 23926  62  1  37  0  1  2  0  101.85  3788.14  1
 23927  48  1  60  2  1  0  2   20.66  1240.25  0
 23928  25  0  24  1  1  1  0   62.19  1478.14  0
 23929  73  1  35  0  1  0  2   24.99   890.42  1
 23930  37  0  42  0  1  2  1   85.84  3589.07  1
 23931  70  1  44  1  1  0  2   18.00   812.97  0
 23932  42  1  56  1  1  0  2   22.19  1236.63  0
 23933  37  1   8  0  0  2  1   94.03   774.64  1
 23934  30  1  11  0  1  2  1   83.46   930.12  1
 23935  24  0  34  0  0  2  0   79.64  2681.88  1
 23936  64  0  15  1  0  2  1  106.42  1624.20  0
 23937  29  1  25  0  1  2  0  110.17  2724.14  1
 23938  35  0  69  2  0  1  1   62.20  4277.97  0
 23939  49  0  70  0  0  0  2   28.36  1985.21  1
 23940  23  1  19  0  0  1  1   67.53  1299.32  1
 23941  46  0  57  2  0  2  0   85.42  4865.67  0
 23942  34  1   7  0  1  2  1  111.17   764.44  1
 23943  66  1  53  2  0  1  1   61.23  3212.61  0
 23944  19  0   1  0  0  2  1   73.87    77.11  1
 23945  57  0  44  0  1  0  2   18.00   789.59  0
 23946  33  1  14  0  1  2  0   64.16   902.68  1
 23947  26  1  47  1  1  1  0   65.69  3088.26  0
 23948  23  1  71  0  0  2  1   96.12  6804.47  0
 23949  19  0  43  1  1  1  0   48.48  2069.90  0
 23950  44  1  47  0  1  2  1  120.00  5631.78  1
 23951  48  0  60  0  0  1  0   48.38  2911.99  1
 23952  70  0  63  0  1  1  1   64.86  4091.55  0
 23953  57  0  10  0  0  2  0   61.75   606.49  1
 23954  18  1  22  0  0  1  0   53.43  1180.62  0
 23955  72  0   9  0  1  0  2   18.00   158.41  1
 23956  22  0   4  2  0  1  0   46.76   167.39  0
 23957  28  1   4  0  0  1  0   66.03   278.48  1
 23958  32  1  45  0  0  2  1  107.90  4813.21  0
 23959  43  0  41  2  1  1  1   54.39  2234.88  0
 23960  62  0  48  0  0  2  1   75.95  3662.34  0
 23961  52  0  71  0  1  1  1   57.73  4117.01  0
 23962  51  0  48  0  0  2  1  102.78  4913.86  1
 23963  47  0  18  0  0  2  1   96.15  1739.74  0
 23964  42  1  21  2  0  0  2   18.00   365.03  0
 23965  32  0   4  2  1  1  0   51.29   184.47  1
 23966  38  0  19  0  0  2  0   61.95  1148.50  1
 23967  51  0  36  0  1  2  0   64.74  2346.02  0
 23968  66  0  63  1  1  2  0   99.77  6309.96  0
 23969  47  0  71  2  0  2  0   86.87  6173.16  0
 23970  50  1  61  0  1  2  1   85.16  5215.46  1
 23971  22  0  52  2  1  1  0   60.49  3159.91  0
 23972  40  1  57  1  1  1  0   47.78  2718.40  0
 23973  57  0  67  0  1  1  1   66.02  4401.96  0
 23974  24  1   4  1  0  1  0   51.50   231.31  1
 23975  46  0  47  2  0  2  0   96.55  4502.10  0
 23976  24  0  46  0  1  2  0  101.78  4718.93  1
 23977  35  0  12  0  1  2  0   77.11   950.16  1
 23978  28  0  11  1  0  2  1   84.52   910.90  1
 23979  67  0  20  0  1  1  0   54.50  1100.16  1
 23980  66  0  44  2  1  2  0   97.60  4292.82  0
 23981  59  0  71  0  1  2  0   67.59  4806.88  0
 23982  43  1   5  2  1  2  0   99.49   500.67  0
 23983  24  1  33  0  1  1  0   70.71  2299.11  0
 23984  58  1  30  1  1  0  2   18.00   518.52  1
 23985  67  0  33  0  1  2  0  102.82  3402.90  1
 23986  57  0  48  0  1  0  2   18.00   897.36  1
 23987  30  1  43  0  0  0  2   28.28  1210.12  0
 23988  61  1  47  0  1  1  0   58.78  2731.43  1
 23989  63  0  17  1  0  0  2   32.52   544.04  0
 23990  32  1  30  0  1  2  1   97.94  2918.15  1
 23991  59  1  40  0  0  2  0   81.59  3276.93  0
 23992  74  0  42  1  0  2  0   71.68  3001.65  0
 23993  38  1   1  1  1  2  0  104.57   115.22  1
 23994  21  0   9  1  1  2  1  106.56   953.87  1
 23995  35  0  61  0  0  0  2   18.00  1132.60  0
 23996  39  0  38  0  0  1  0   38.90  1459.44  0
 23997  63  0  37  0  0  1  0   72.47  2642.88  0
 23998  53  0  61  1  1  0  2   25.51  1533.47  1
 23999  22  1  13  0  0  1  1   71.48   914.04  0